[2025-10-14T10:55:32.320+0300][0.012s][info][gc,init] CardTable entry size: 512
[2025-10-14T10:55:32.320+0300][0.012s][info][gc     ] Using G1
[2025-10-14T10:55:32.321+0300][0.012s][info][gc,init] Version: 25+36-LTS (release)
[2025-10-14T10:55:32.321+0300][0.012s][info][gc,init] CPUs: 10 total, 10 available
[2025-10-14T10:55:32.321+0300][0.012s][info][gc,init] Memory: 32768M
[2025-10-14T10:55:32.321+0300][0.012s][info][gc,init] Large Page Support: Disabled
[2025-10-14T10:55:32.321+0300][0.012s][info][gc,init] NUMA Support: Disabled
[2025-10-14T10:55:32.321+0300][0.012s][info][gc,init] Compressed Oops: Enabled (Zero based)
[2025-10-14T10:55:32.321+0300][0.012s][info][gc,init] Heap Region Size: 4M
[2025-10-14T10:55:32.321+0300][0.012s][info][gc,init] Heap Min Capacity: 8M
[2025-10-14T10:55:32.321+0300][0.012s][info][gc,init] Heap Initial Capacity: 512M
[2025-10-14T10:55:32.321+0300][0.012s][info][gc,init] Heap Max Capacity: 8G
[2025-10-14T10:55:32.321+0300][0.012s][info][gc,init] Pre-touch: Disabled
[2025-10-14T10:55:32.321+0300][0.012s][info][gc,init] Parallel Workers: 9
[2025-10-14T10:55:32.321+0300][0.012s][info][gc,init] Concurrent Workers: 2
[2025-10-14T10:55:32.321+0300][0.012s][info][gc,init] Concurrent Refinement Workers: 9
[2025-10-14T10:55:32.321+0300][0.012s][info][gc,init] Periodic GC: Disabled
[2025-10-14T10:55:32.323+0300][0.015s][info][gc,metaspace] CDS archive(s) mapped at: [0x00001ffc00000000-0x00001ffc00d94000-0x00001ffc00d94000), size 14237696, SharedBaseAddress: 0x00001ffc00000000, ArchiveRelocationMode: 1.
[2025-10-14T10:55:32.323+0300][0.015s][info][gc,metaspace] Compressed class space mapped at: 0x00001ffc01000000-0x00001ffc41000000, reserved size: 1073741824
[2025-10-14T10:55:32.323+0300][0.015s][info][gc,metaspace] UseCompressedClassPointers 1, UseCompactObjectHeaders 0
[2025-10-14T10:55:32.323+0300][0.015s][info][gc,metaspace] Narrow klass pointer bits 32, Max shift 3
[2025-10-14T10:55:32.323+0300][0.015s][info][gc,metaspace] Narrow klass base: 0x00001ffc00000000, Narrow klass shift: 0
[2025-10-14T10:55:32.323+0300][0.015s][info][gc,metaspace] Encoding Range: [0x00001ffc00000000 - 0x00001ffd00000000), (4294967296 bytes)
[2025-10-14T10:55:32.323+0300][0.015s][info][gc,metaspace] Klass Range:    [0x00001ffc00004000 - 0x00001ffc41000000), (1090502656 bytes)
[2025-10-14T10:55:32.323+0300][0.015s][info][gc,metaspace] Klass ID Range:  [16384 - 1090519033) (1090502649)
[2025-10-14T10:55:32.323+0300][0.015s][info][gc,metaspace] Protection zone: [0x00001ffc00000000 - 0x00001ffc00004000), (16384 bytes)
[2025-10-14T10:55:32.508+0300][0.199s][info][gc,start    ] GC(0) Pause Young (Normal) (G1 Evacuation Pause)
[2025-10-14T10:55:32.508+0300][0.200s][info][gc,task     ] GC(0) Using 9 workers of 9 for evacuation
[2025-10-14T10:55:32.514+0300][0.206s][info][gc,phases   ] GC(0)   Pre Evacuate Collection Set: 0.06ms
[2025-10-14T10:55:32.514+0300][0.206s][info][gc,phases   ] GC(0)   Merge Heap Roots: 0.05ms
[2025-10-14T10:55:32.514+0300][0.206s][info][gc,phases   ] GC(0)   Evacuate Collection Set: 5.30ms
[2025-10-14T10:55:32.514+0300][0.206s][info][gc,phases   ] GC(0)   Post Evacuate Collection Set: 0.37ms
[2025-10-14T10:55:32.514+0300][0.206s][info][gc,phases   ] GC(0)   Other: 0.50ms
[2025-10-14T10:55:32.514+0300][0.206s][info][gc,heap     ] GC(0) Eden regions: 12->0(48)
[2025-10-14T10:55:32.514+0300][0.206s][info][gc,heap     ] GC(0) Survivor regions: 0->2(2)
[2025-10-14T10:55:32.514+0300][0.206s][info][gc,heap     ] GC(0) Old regions: 1->7
[2025-10-14T10:55:32.514+0300][0.206s][info][gc,heap     ] GC(0) Humongous regions: 0->0
[2025-10-14T10:55:32.514+0300][0.206s][info][gc,metaspace] GC(0) Metaspace: 3753K(3904K)->3753K(3904K) NonClass: 3342K(3392K)->3342K(3392K) Class: 411K(512K)->411K(512K)
[2025-10-14T10:55:32.514+0300][0.206s][info][gc          ] GC(0) Pause Young (Normal) (G1 Evacuation Pause) 49M->30M(516M) 6.655ms
[2025-10-14T10:55:32.514+0300][0.206s][info][gc,cpu      ] GC(0) User=0.00s Sys=0.02s Real=0.01s
[2025-10-14T10:55:32.551+0300][0.243s][info][gc,start    ] GC(1) Pause Young (Normal) (G1 Evacuation Pause)
[2025-10-14T10:55:32.551+0300][0.243s][info][gc,task     ] GC(1) Using 9 workers of 9 for evacuation
[2025-10-14T10:55:32.577+0300][0.269s][info][gc,phases   ] GC(1)   Pre Evacuate Collection Set: 0.08ms
[2025-10-14T10:55:32.577+0300][0.269s][info][gc,phases   ] GC(1)   Merge Heap Roots: 0.06ms
[2025-10-14T10:55:32.577+0300][0.269s][info][gc,phases   ] GC(1)   Evacuate Collection Set: 25.47ms
[2025-10-14T10:55:32.577+0300][0.269s][info][gc,phases   ] GC(1)   Post Evacuate Collection Set: 0.28ms
[2025-10-14T10:55:32.577+0300][0.269s][info][gc,phases   ] GC(1)   Other: 0.10ms
[2025-10-14T10:55:32.577+0300][0.269s][info][gc,heap     ] GC(1) Eden regions: 48->0(30)
[2025-10-14T10:55:32.578+0300][0.269s][info][gc,heap     ] GC(1) Survivor regions: 2->7(7)
[2025-10-14T10:55:32.578+0300][0.269s][info][gc,heap     ] GC(1) Old regions: 7->39
[2025-10-14T10:55:32.578+0300][0.269s][info][gc,heap     ] GC(1) Humongous regions: 0->0
[2025-10-14T10:55:32.578+0300][0.269s][info][gc,metaspace] GC(1) Metaspace: 3754K(3904K)->3754K(3904K) NonClass: 3342K(3392K)->3342K(3392K) Class: 411K(512K)->411K(512K)
[2025-10-14T10:55:32.578+0300][0.269s][info][gc          ] GC(1) Pause Young (Normal) (G1 Evacuation Pause) 222M->179M(516M) 26.253ms
[2025-10-14T10:55:32.578+0300][0.269s][info][gc,cpu      ] GC(1) User=0.03s Sys=0.09s Real=0.02s
[2025-10-14T10:55:32.580+0300][0.272s][info][gc,start    ] GC(2) Pause Young (Normal) (G1 Evacuation Pause)
[2025-10-14T10:55:32.580+0300][0.272s][info][gc,task     ] GC(2) Using 9 workers of 9 for evacuation
[2025-10-14T10:55:32.595+0300][0.287s][info][gc,phases   ] GC(2)   Pre Evacuate Collection Set: 0.06ms
[2025-10-14T10:55:32.595+0300][0.287s][info][gc,phases   ] GC(2)   Merge Heap Roots: 0.04ms
[2025-10-14T10:55:32.595+0300][0.287s][info][gc,phases   ] GC(2)   Evacuate Collection Set: 14.60ms
[2025-10-14T10:55:32.595+0300][0.287s][info][gc,phases   ] GC(2)   Post Evacuate Collection Set: 0.24ms
[2025-10-14T10:55:32.595+0300][0.287s][info][gc,phases   ] GC(2)   Other: 0.06ms
[2025-10-14T10:55:32.595+0300][0.287s][info][gc,heap     ] GC(2) Eden regions: 30->0(22)
[2025-10-14T10:55:32.595+0300][0.287s][info][gc,heap     ] GC(2) Survivor regions: 7->5(5)
[2025-10-14T10:55:32.595+0300][0.287s][info][gc,heap     ] GC(2) Old regions: 39->64
[2025-10-14T10:55:32.595+0300][0.287s][info][gc,heap     ] GC(2) Humongous regions: 0->0
[2025-10-14T10:55:32.595+0300][0.287s][info][gc,metaspace] GC(2) Metaspace: 3754K(3904K)->3754K(3904K) NonClass: 3343K(3392K)->3343K(3392K) Class: 411K(512K)->411K(512K)
[2025-10-14T10:55:32.595+0300][0.287s][info][gc          ] GC(2) Pause Young (Normal) (G1 Evacuation Pause) 299M->271M(516M) 15.243ms
[2025-10-14T10:55:32.595+0300][0.287s][info][gc,cpu      ] GC(2) User=0.02s Sys=0.07s Real=0.01s
[2025-10-14T10:55:32.601+0300][0.292s][info][gc,start    ] GC(3) Pause Young (Concurrent Start) (G1 Evacuation Pause)
[2025-10-14T10:55:32.601+0300][0.292s][info][gc,task     ] GC(3) Using 9 workers of 9 for evacuation
[2025-10-14T10:55:32.607+0300][0.299s][info][gc,phases   ] GC(3)   Pre Evacuate Collection Set: 0.11ms
[2025-10-14T10:55:32.607+0300][0.299s][info][gc,phases   ] GC(3)   Merge Heap Roots: 0.04ms
[2025-10-14T10:55:32.607+0300][0.299s][info][gc,phases   ] GC(3)   Evacuate Collection Set: 5.80ms
[2025-10-14T10:55:32.607+0300][0.299s][info][gc,phases   ] GC(3)   Post Evacuate Collection Set: 0.21ms
[2025-10-14T10:55:32.607+0300][0.299s][info][gc,phases   ] GC(3)   Other: 0.06ms
[2025-10-14T10:55:32.607+0300][0.299s][info][gc,heap     ] GC(3) Eden regions: 22->0(16)
[2025-10-14T10:55:32.607+0300][0.299s][info][gc,heap     ] GC(3) Survivor regions: 5->4(4)
[2025-10-14T10:55:32.607+0300][0.299s][info][gc,heap     ] GC(3) Old regions: 64->82
[2025-10-14T10:55:32.607+0300][0.299s][info][gc,heap     ] GC(3) Humongous regions: 0->0
[2025-10-14T10:55:32.607+0300][0.299s][info][gc,metaspace] GC(3) Metaspace: 3755K(3904K)->3755K(3904K) NonClass: 3344K(3392K)->3344K(3392K) Class: 411K(512K)->411K(512K)
[2025-10-14T10:55:32.607+0300][0.299s][info][gc          ] GC(3) Pause Young (Concurrent Start) (G1 Evacuation Pause) 359M->339M(516M) 6.423ms
[2025-10-14T10:55:32.607+0300][0.299s][info][gc,cpu      ] GC(3) User=0.01s Sys=0.02s Real=0.00s
[2025-10-14T10:55:32.607+0300][0.299s][info][gc          ] GC(4) Concurrent Mark Cycle
[2025-10-14T10:55:32.607+0300][0.299s][info][gc,marking  ] GC(4) Concurrent Scan Root Regions
[2025-10-14T10:55:32.618+0300][0.310s][info][gc,marking  ] GC(4) Concurrent Scan Root Regions 11.078ms
[2025-10-14T10:55:32.618+0300][0.310s][info][gc,marking  ] GC(4) Concurrent Mark
[2025-10-14T10:55:32.618+0300][0.310s][info][gc,marking  ] GC(4) Concurrent Mark From Roots
[2025-10-14T10:55:32.618+0300][0.310s][info][gc,task     ] GC(4) Using 2 workers of 2 for marking
[2025-10-14T10:55:32.622+0300][0.314s][info][gc,marking  ] GC(4) Concurrent Mark From Roots 4.129ms
[2025-10-14T10:55:32.622+0300][0.314s][info][gc,marking  ] GC(4) Concurrent Preclean
[2025-10-14T10:55:32.622+0300][0.314s][info][gc,marking  ] GC(4) Concurrent Preclean 0.021ms
[2025-10-14T10:55:32.623+0300][0.314s][info][gc,start    ] GC(4) Pause Remark
[2025-10-14T10:55:32.624+0300][0.315s][info][gc          ] GC(4) Pause Remark 351M->343M(560M) 0.989ms
[2025-10-14T10:55:32.624+0300][0.315s][info][gc,cpu      ] GC(4) User=0.00s Sys=0.00s Real=0.00s
[2025-10-14T10:55:32.624+0300][0.315s][info][gc,marking  ] GC(4) Concurrent Mark 5.363ms
[2025-10-14T10:55:32.624+0300][0.315s][info][gc,marking  ] GC(4) Concurrent Rebuild Remembered Sets and Scrub Regions
[2025-10-14T10:55:32.626+0300][0.317s][info][gc,marking  ] GC(4) Concurrent Rebuild Remembered Sets and Scrub Regions 1.839ms
[2025-10-14T10:55:32.626+0300][0.317s][info][gc,start    ] GC(4) Pause Cleanup
[2025-10-14T10:55:32.626+0300][0.317s][info][gc          ] GC(4) Pause Cleanup 359M->359M(560M) 0.047ms
[2025-10-14T10:55:32.626+0300][0.317s][info][gc,cpu      ] GC(4) User=0.00s Sys=0.00s Real=0.00s
[2025-10-14T10:55:32.626+0300][0.317s][info][gc,marking  ] GC(4) Concurrent Clear Claimed Marks
[2025-10-14T10:55:32.626+0300][0.318s][info][gc,marking  ] GC(4) Concurrent Clear Claimed Marks 0.144ms
[2025-10-14T10:55:32.626+0300][0.318s][info][gc,marking  ] GC(4) Concurrent Cleanup for Next Mark
[2025-10-14T10:55:32.627+0300][0.318s][info][gc,marking  ] GC(4) Concurrent Cleanup for Next Mark 0.664ms
[2025-10-14T10:55:32.627+0300][0.318s][info][gc          ] GC(4) Concurrent Mark Cycle 19.570ms
[2025-10-14T10:55:32.630+0300][0.321s][info][gc,start    ] GC(5) Pause Young (Prepare Mixed) (G1 Evacuation Pause)
[2025-10-14T10:55:32.630+0300][0.321s][info][gc,task     ] GC(5) Using 9 workers of 9 for evacuation
[2025-10-14T10:55:32.633+0300][0.325s][info][gc,phases   ] GC(5)   Pre Evacuate Collection Set: 0.10ms
[2025-10-14T10:55:32.633+0300][0.325s][info][gc,phases   ] GC(5)   Merge Heap Roots: 0.04ms
[2025-10-14T10:55:32.633+0300][0.325s][info][gc,phases   ] GC(5)   Evacuate Collection Set: 2.80ms
[2025-10-14T10:55:32.633+0300][0.325s][info][gc,phases   ] GC(5)   Post Evacuate Collection Set: 0.20ms
[2025-10-14T10:55:32.633+0300][0.325s][info][gc,phases   ] GC(5)   Other: 0.09ms
[2025-10-14T10:55:32.633+0300][0.325s][info][gc,heap     ] GC(5) Eden regions: 16->0(16)
[2025-10-14T10:55:32.633+0300][0.325s][info][gc,heap     ] GC(5) Survivor regions: 4->3(3)
[2025-10-14T10:55:32.633+0300][0.325s][info][gc,heap     ] GC(5) Old regions: 80->93
[2025-10-14T10:55:32.633+0300][0.325s][info][gc,heap     ] GC(5) Humongous regions: 0->0
[2025-10-14T10:55:32.633+0300][0.325s][info][gc,metaspace] GC(5) Metaspace: 3741K(3904K)->3741K(3904K) NonClass: 3333K(3392K)->3333K(3392K) Class: 407K(512K)->407K(512K)
[2025-10-14T10:55:32.633+0300][0.325s][info][gc          ] GC(5) Pause Young (Prepare Mixed) (G1 Evacuation Pause) 395M->380M(560M) 3.479ms
[2025-10-14T10:55:32.633+0300][0.325s][info][gc,cpu      ] GC(5) User=0.02s Sys=0.01s Real=0.00s
[2025-10-14T10:55:32.639+0300][0.331s][info][gc,start    ] GC(6) Pause Young (Mixed) (G1 Evacuation Pause)
[2025-10-14T10:55:32.639+0300][0.331s][info][gc,task     ] GC(6) Using 9 workers of 9 for evacuation
[2025-10-14T10:55:32.642+0300][0.333s][info][gc,phases   ] GC(6)   Pre Evacuate Collection Set: 0.10ms
[2025-10-14T10:55:32.642+0300][0.333s][info][gc,phases   ] GC(6)   Merge Heap Roots: 0.04ms
[2025-10-14T10:55:32.642+0300][0.333s][info][gc,phases   ] GC(6)   Evacuate Collection Set: 1.53ms
[2025-10-14T10:55:32.642+0300][0.333s][info][gc,phases   ] GC(6)   Post Evacuate Collection Set: 0.69ms
[2025-10-14T10:55:32.642+0300][0.333s][info][gc,phases   ] GC(6)   Other: 0.06ms
[2025-10-14T10:55:32.642+0300][0.333s][info][gc,heap     ] GC(6) Eden regions: 16->0(118)
[2025-10-14T10:55:32.642+0300][0.333s][info][gc,heap     ] GC(6) Survivor regions: 3->3(3)
[2025-10-14T10:55:32.642+0300][0.333s][info][gc,heap     ] GC(6) Old regions: 93->105
[2025-10-14T10:55:32.642+0300][0.333s][info][gc,heap     ] GC(6) Humongous regions: 0->0
[2025-10-14T10:55:32.642+0300][0.333s][info][gc,metaspace] GC(6) Metaspace: 3741K(3904K)->3741K(3904K) NonClass: 3333K(3392K)->3333K(3392K) Class: 407K(512K)->407K(512K)
[2025-10-14T10:55:32.642+0300][0.333s][info][gc          ] GC(6) Pause Young (Mixed) (G1 Evacuation Pause) 444M->426M(1680M) 2.646ms
[2025-10-14T10:55:32.642+0300][0.333s][info][gc,cpu      ] GC(6) User=0.01s Sys=0.00s Real=0.01s
[2025-10-14T10:55:32.762+0300][0.453s][info][gc,start    ] GC(7) Pause Young (Normal) (G1 Evacuation Pause)
[2025-10-14T10:55:32.762+0300][0.454s][info][gc,task     ] GC(7) Using 9 workers of 9 for evacuation
[2025-10-14T10:55:32.807+0300][0.498s][info][gc,phases   ] GC(7)   Pre Evacuate Collection Set: 0.10ms
[2025-10-14T10:55:32.807+0300][0.498s][info][gc,phases   ] GC(7)   Merge Heap Roots: 0.05ms
[2025-10-14T10:55:32.807+0300][0.498s][info][gc,phases   ] GC(7)   Evacuate Collection Set: 44.32ms
[2025-10-14T10:55:32.807+0300][0.498s][info][gc,phases   ] GC(7)   Post Evacuate Collection Set: 0.27ms
[2025-10-14T10:55:32.807+0300][0.498s][info][gc,phases   ] GC(7)   Other: 0.08ms
[2025-10-14T10:55:32.807+0300][0.498s][info][gc,heap     ] GC(7) Eden regions: 118->0(81)
[2025-10-14T10:55:32.807+0300][0.499s][info][gc,heap     ] GC(7) Survivor regions: 3->16(16)
[2025-10-14T10:55:32.807+0300][0.499s][info][gc,heap     ] GC(7) Old regions: 105->168
[2025-10-14T10:55:32.807+0300][0.499s][info][gc,heap     ] GC(7) Humongous regions: 0->0
[2025-10-14T10:55:32.807+0300][0.499s][info][gc,metaspace] GC(7) Metaspace: 3741K(3904K)->3741K(3904K) NonClass: 3333K(3392K)->3333K(3392K) Class: 407K(512K)->407K(512K)
[2025-10-14T10:55:32.807+0300][0.499s][info][gc          ] GC(7) Pause Young (Normal) (G1 Evacuation Pause) 898M->729M(1680M) 45.120ms
[2025-10-14T10:55:32.807+0300][0.499s][info][gc,cpu      ] GC(7) User=0.05s Sys=0.14s Real=0.04s
[2025-10-14T10:55:32.836+0300][0.528s][info][gc,start    ] GC(8) Pause Young (Normal) (G1 Evacuation Pause)
[2025-10-14T10:55:32.836+0300][0.528s][info][gc,task     ] GC(8) Using 9 workers of 9 for evacuation
[2025-10-14T10:55:32.884+0300][0.575s][info][gc,phases   ] GC(8)   Pre Evacuate Collection Set: 0.07ms
[2025-10-14T10:55:32.884+0300][0.575s][info][gc,phases   ] GC(8)   Merge Heap Roots: 0.05ms
[2025-10-14T10:55:32.884+0300][0.575s][info][gc,phases   ] GC(8)   Evacuate Collection Set: 47.11ms
[2025-10-14T10:55:32.884+0300][0.575s][info][gc,phases   ] GC(8)   Post Evacuate Collection Set: 0.23ms
[2025-10-14T10:55:32.884+0300][0.575s][info][gc,phases   ] GC(8)   Other: 0.06ms
[2025-10-14T10:55:32.884+0300][0.575s][info][gc,heap     ] GC(8) Eden regions: 81->0(65)
[2025-10-14T10:55:32.884+0300][0.576s][info][gc,heap     ] GC(8) Survivor regions: 16->13(13)
[2025-10-14T10:55:32.884+0300][0.576s][info][gc,heap     ] GC(8) Old regions: 168->220
[2025-10-14T10:55:32.884+0300][0.576s][info][gc,heap     ] GC(8) Humongous regions: 0->0
[2025-10-14T10:55:32.884+0300][0.576s][info][gc,metaspace] GC(8) Metaspace: 3741K(3904K)->3741K(3904K) NonClass: 3333K(3392K)->3333K(3392K) Class: 407K(512K)->407K(512K)
[2025-10-14T10:55:32.884+0300][0.576s][info][gc          ] GC(8) Pause Young (Normal) (G1 Evacuation Pause) 1053M->926M(1680M) 47.783ms
[2025-10-14T10:55:32.884+0300][0.576s][info][gc,cpu      ] GC(8) User=0.02s Sys=0.11s Real=0.05s
[2025-10-14T10:55:32.902+0300][0.594s][info][gc,start    ] GC(9) Pause Young (Concurrent Start) (G1 Evacuation Pause)
[2025-10-14T10:55:32.903+0300][0.594s][info][gc,task     ] GC(9) Using 9 workers of 9 for evacuation
[2025-10-14T10:55:32.943+0300][0.635s][info][gc,phases   ] GC(9)   Pre Evacuate Collection Set: 0.17ms
[2025-10-14T10:55:32.943+0300][0.635s][info][gc,phases   ] GC(9)   Merge Heap Roots: 0.04ms
[2025-10-14T10:55:32.943+0300][0.635s][info][gc,phases   ] GC(9)   Evacuate Collection Set: 40.10ms
[2025-10-14T10:55:32.943+0300][0.635s][info][gc,phases   ] GC(9)   Post Evacuate Collection Set: 0.17ms
[2025-10-14T10:55:32.943+0300][0.635s][info][gc,phases   ] GC(9)   Other: 0.06ms
[2025-10-14T10:55:32.943+0300][0.635s][info][gc,heap     ] GC(9) Eden regions: 65->0(51)
[2025-10-14T10:55:32.943+0300][0.635s][info][gc,heap     ] GC(9) Survivor regions: 13->10(10)
[2025-10-14T10:55:32.943+0300][0.635s][info][gc,heap     ] GC(9) Old regions: 220->268
[2025-10-14T10:55:32.943+0300][0.635s][info][gc,heap     ] GC(9) Humongous regions: 0->0
[2025-10-14T10:55:32.943+0300][0.635s][info][gc,metaspace] GC(9) Metaspace: 3741K(3904K)->3741K(3904K) NonClass: 3333K(3392K)->3333K(3392K) Class: 407K(512K)->407K(512K)
[2025-10-14T10:55:32.943+0300][0.635s][info][gc          ] GC(9) Pause Young (Concurrent Start) (G1 Evacuation Pause) 1186M->1105M(1680M) 40.821ms
[2025-10-14T10:55:32.943+0300][0.635s][info][gc,cpu      ] GC(9) User=0.02s Sys=0.11s Real=0.04s
[2025-10-14T10:55:32.943+0300][0.635s][info][gc          ] GC(10) Concurrent Mark Cycle
[2025-10-14T10:55:32.943+0300][0.635s][info][gc,marking  ] GC(10) Concurrent Scan Root Regions
[2025-10-14T10:55:32.947+0300][0.639s][info][gc,marking  ] GC(10) Concurrent Scan Root Regions 3.807ms
[2025-10-14T10:55:32.947+0300][0.639s][info][gc,marking  ] GC(10) Concurrent Mark
[2025-10-14T10:55:32.947+0300][0.639s][info][gc,marking  ] GC(10) Concurrent Mark From Roots
[2025-10-14T10:55:32.947+0300][0.639s][info][gc,task     ] GC(10) Using 2 workers of 2 for marking
[2025-10-14T10:55:32.953+0300][0.644s][info][gc,marking  ] GC(10) Concurrent Mark From Roots 5.385ms
[2025-10-14T10:55:32.953+0300][0.644s][info][gc,marking  ] GC(10) Concurrent Preclean
[2025-10-14T10:55:32.953+0300][0.644s][info][gc,marking  ] GC(10) Concurrent Preclean 0.022ms
[2025-10-14T10:55:32.953+0300][0.644s][info][gc,start    ] GC(10) Pause Remark
[2025-10-14T10:55:32.956+0300][0.647s][info][gc          ] GC(10) Pause Remark 1114M->466M(1548M) 3.144ms
[2025-10-14T10:55:32.956+0300][0.648s][info][gc,cpu      ] GC(10) User=0.00s Sys=0.00s Real=0.00s
[2025-10-14T10:55:32.956+0300][0.648s][info][gc,marking  ] GC(10) Concurrent Mark 8.773ms
[2025-10-14T10:55:32.956+0300][0.648s][info][gc,marking  ] GC(10) Concurrent Rebuild Remembered Sets and Scrub Regions
[2025-10-14T10:55:32.958+0300][0.650s][info][gc,marking  ] GC(10) Concurrent Rebuild Remembered Sets and Scrub Regions 2.535ms
[2025-10-14T10:55:32.959+0300][0.650s][info][gc,start    ] GC(10) Pause Cleanup
[2025-10-14T10:55:32.959+0300][0.650s][info][gc          ] GC(10) Pause Cleanup 503M->503M(1548M) 0.069ms
[2025-10-14T10:55:32.959+0300][0.650s][info][gc,cpu      ] GC(10) User=0.00s Sys=0.00s Real=0.00s
[2025-10-14T10:55:32.959+0300][0.650s][info][gc,marking  ] GC(10) Concurrent Clear Claimed Marks
[2025-10-14T10:55:32.959+0300][0.650s][info][gc,marking  ] GC(10) Concurrent Clear Claimed Marks 0.014ms
[2025-10-14T10:55:32.959+0300][0.650s][info][gc,marking  ] GC(10) Concurrent Cleanup for Next Mark
[2025-10-14T10:55:32.960+0300][0.652s][info][gc,marking  ] GC(10) Concurrent Cleanup for Next Mark 1.628ms
[2025-10-14T10:55:32.960+0300][0.652s][info][gc          ] GC(10) Concurrent Mark Cycle 17.085ms
[2025-10-14T10:55:32.970+0300][0.662s][info][gc,start    ] GC(11) Pause Young (Prepare Mixed) (G1 Evacuation Pause)
[2025-10-14T10:55:32.970+0300][0.662s][info][gc,task     ] GC(11) Using 9 workers of 9 for evacuation
[2025-10-14T10:55:32.977+0300][0.668s][info][gc,phases   ] GC(11)   Pre Evacuate Collection Set: 0.06ms
[2025-10-14T10:55:32.977+0300][0.668s][info][gc,phases   ] GC(11)   Merge Heap Roots: 0.05ms
[2025-10-14T10:55:32.977+0300][0.668s][info][gc,phases   ] GC(11)   Evacuate Collection Set: 6.03ms
[2025-10-14T10:55:32.977+0300][0.668s][info][gc,phases   ] GC(11)   Post Evacuate Collection Set: 0.14ms
[2025-10-14T10:55:32.977+0300][0.668s][info][gc,phases   ] GC(11)   Other: 0.07ms
[2025-10-14T10:55:32.977+0300][0.668s][info][gc,heap     ] GC(11) Eden regions: 51->0(84)
[2025-10-14T10:55:32.977+0300][0.668s][info][gc,heap     ] GC(11) Survivor regions: 10->8(8)
[2025-10-14T10:55:32.977+0300][0.668s][info][gc,heap     ] GC(11) Old regions: 106->148
[2025-10-14T10:55:32.977+0300][0.668s][info][gc,heap     ] GC(11) Humongous regions: 0->0
[2025-10-14T10:55:32.977+0300][0.668s][info][gc,metaspace] GC(11) Metaspace: 3741K(3904K)->3741K(3904K) NonClass: 3333K(3392K)->3333K(3392K) Class: 407K(512K)->407K(512K)
[2025-10-14T10:55:32.977+0300][0.668s][info][gc          ] GC(11) Pause Young (Prepare Mixed) (G1 Evacuation Pause) 661M->615M(1548M) 6.580ms
[2025-10-14T10:55:32.977+0300][0.669s][info][gc,cpu      ] GC(11) User=0.03s Sys=0.02s Real=0.00s
[2025-10-14T10:55:33.001+0300][0.693s][info][gc,start    ] GC(12) Pause Young (Mixed) (G1 Evacuation Pause)
[2025-10-14T10:55:33.001+0300][0.693s][info][gc,task     ] GC(12) Using 9 workers of 9 for evacuation
[2025-10-14T10:55:33.012+0300][0.704s][info][gc,phases   ] GC(12)   Pre Evacuate Collection Set: 0.06ms
[2025-10-14T10:55:33.012+0300][0.704s][info][gc,phases   ] GC(12)   Merge Heap Roots: 0.06ms
[2025-10-14T10:55:33.012+0300][0.704s][info][gc,phases   ] GC(12)   Evacuate Collection Set: 9.64ms
[2025-10-14T10:55:33.012+0300][0.704s][info][gc,phases   ] GC(12)   Post Evacuate Collection Set: 1.32ms
[2025-10-14T10:55:33.012+0300][0.704s][info][gc,phases   ] GC(12)   Other: 0.07ms
[2025-10-14T10:55:33.012+0300][0.704s][info][gc,heap     ] GC(12) Eden regions: 84->0(309)
[2025-10-14T10:55:33.012+0300][0.704s][info][gc,heap     ] GC(12) Survivor regions: 8->12(12)
[2025-10-14T10:55:33.012+0300][0.704s][info][gc,heap     ] GC(12) Old regions: 148->187
[2025-10-14T10:55:33.012+0300][0.704s][info][gc,heap     ] GC(12) Humongous regions: 0->0
[2025-10-14T10:55:33.012+0300][0.704s][info][gc,metaspace] GC(12) Metaspace: 3741K(3904K)->3741K(3904K) NonClass: 3333K(3392K)->3333K(3392K) Class: 407K(512K)->407K(512K)
[2025-10-14T10:55:33.012+0300][0.704s][info][gc          ] GC(12) Pause Young (Mixed) (G1 Evacuation Pause) 951M->789M(4208M) 11.371ms
[2025-10-14T10:55:33.012+0300][0.704s][info][gc,cpu      ] GC(12) User=0.04s Sys=0.02s Real=0.01s
[2025-10-14T10:55:33.282+0300][0.973s][info][gc,start    ] GC(13) Pause Young (Normal) (G1 Evacuation Pause)
[2025-10-14T10:55:33.282+0300][0.973s][info][gc,task     ] GC(13) Using 9 workers of 9 for evacuation
[2025-10-14T10:55:33.340+0300][1.031s][info][gc,phases   ] GC(13)   Pre Evacuate Collection Set: 0.14ms
[2025-10-14T10:55:33.340+0300][1.032s][info][gc,phases   ] GC(13)   Merge Heap Roots: 0.07ms
[2025-10-14T10:55:33.340+0300][1.032s][info][gc,phases   ] GC(13)   Evacuate Collection Set: 57.28ms
[2025-10-14T10:55:33.340+0300][1.032s][info][gc,phases   ] GC(13)   Post Evacuate Collection Set: 0.28ms
[2025-10-14T10:55:33.340+0300][1.032s][info][gc,phases   ] GC(13)   Other: 0.46ms
[2025-10-14T10:55:33.340+0300][1.032s][info][gc,heap     ] GC(13) Eden regions: 309->0(270)
[2025-10-14T10:55:33.340+0300][1.032s][info][gc,heap     ] GC(13) Survivor regions: 12->41(41)
[2025-10-14T10:55:33.340+0300][1.032s][info][gc,heap     ] GC(13) Old regions: 187->225
[2025-10-14T10:55:33.340+0300][1.032s][info][gc,heap     ] GC(13) Humongous regions: 0->0
[2025-10-14T10:55:33.340+0300][1.032s][info][gc,metaspace] GC(13) Metaspace: 3741K(3904K)->3741K(3904K) NonClass: 3333K(3392K)->3333K(3392K) Class: 407K(512K)->407K(512K)
[2025-10-14T10:55:33.340+0300][1.032s][info][gc          ] GC(13) Pause Young (Normal) (G1 Evacuation Pause) 2025M->1056M(4208M) 58.485ms
[2025-10-14T10:55:33.340+0300][1.032s][info][gc,cpu      ] GC(13) User=0.05s Sys=0.14s Real=0.06s
[2025-10-14T10:55:33.427+0300][1.119s][info][gc,start    ] GC(14) Pause Young (Normal) (G1 Evacuation Pause)
[2025-10-14T10:55:33.427+0300][1.119s][info][gc,task     ] GC(14) Using 9 workers of 9 for evacuation
[2025-10-14T10:55:33.493+0300][1.184s][info][gc,phases   ] GC(14)   Pre Evacuate Collection Set: 1.07ms
[2025-10-14T10:55:33.493+0300][1.184s][info][gc,phases   ] GC(14)   Merge Heap Roots: 0.07ms
[2025-10-14T10:55:33.493+0300][1.184s][info][gc,phases   ] GC(14)   Evacuate Collection Set: 61.88ms
[2025-10-14T10:55:33.493+0300][1.184s][info][gc,phases   ] GC(14)   Post Evacuate Collection Set: 0.21ms
[2025-10-14T10:55:33.493+0300][1.184s][info][gc,phases   ] GC(14)   Other: 2.17ms
[2025-10-14T10:55:33.493+0300][1.184s][info][gc,heap     ] GC(14) Eden regions: 270->0(311)
[2025-10-14T10:55:33.493+0300][1.184s][info][gc,heap     ] GC(14) Survivor regions: 41->39(39)
[2025-10-14T10:55:33.493+0300][1.184s][info][gc,heap     ] GC(14) Old regions: 225->265
[2025-10-14T10:55:33.493+0300][1.184s][info][gc,heap     ] GC(14) Humongous regions: 0->0
[2025-10-14T10:55:33.493+0300][1.184s][info][gc,metaspace] GC(14) Metaspace: 3741K(3904K)->3741K(3904K) NonClass: 3333K(3392K)->3333K(3392K) Class: 407K(512K)->407K(512K)
[2025-10-14T10:55:33.493+0300][1.184s][info][gc          ] GC(14) Pause Young (Normal) (G1 Evacuation Pause) 2136M->1207M(4208M) 65.645ms
[2025-10-14T10:55:33.493+0300][1.184s][info][gc,cpu      ] GC(14) User=0.03s Sys=0.19s Real=0.07s
[2025-10-14T10:55:33.570+0300][1.262s][info][gc,start    ] GC(15) Pause Young (Normal) (G1 Evacuation Pause)
[2025-10-14T10:55:33.571+0300][1.262s][info][gc,task     ] GC(15) Using 9 workers of 9 for evacuation
[2025-10-14T10:55:33.687+0300][1.378s][info][gc,phases   ] GC(15)   Pre Evacuate Collection Set: 0.11ms
[2025-10-14T10:55:33.687+0300][1.378s][info][gc,phases   ] GC(15)   Merge Heap Roots: 0.08ms
[2025-10-14T10:55:33.687+0300][1.378s][info][gc,phases   ] GC(15)   Evacuate Collection Set: 115.56ms
[2025-10-14T10:55:33.687+0300][1.378s][info][gc,phases   ] GC(15)   Post Evacuate Collection Set: 0.27ms
[2025-10-14T10:55:33.687+0300][1.378s][info][gc,phases   ] GC(15)   Other: 0.09ms
[2025-10-14T10:55:33.687+0300][1.378s][info][gc,heap     ] GC(15) Eden regions: 311->0(330)
[2025-10-14T10:55:33.687+0300][1.378s][info][gc,heap     ] GC(15) Survivor regions: 39->44(44)
[2025-10-14T10:55:33.687+0300][1.378s][info][gc,heap     ] GC(15) Old regions: 265->300
[2025-10-14T10:55:33.687+0300][1.378s][info][gc,heap     ] GC(15) Humongous regions: 0->0
[2025-10-14T10:55:33.687+0300][1.378s][info][gc,metaspace] GC(15) Metaspace: 3741K(3904K)->3741K(3904K) NonClass: 3333K(3392K)->3333K(3392K) Class: 407K(512K)->407K(512K)
[2025-10-14T10:55:33.687+0300][1.378s][info][gc          ] GC(15) Pause Young (Normal) (G1 Evacuation Pause) 2451M->1366M(4208M) 116.334ms
[2025-10-14T10:55:33.687+0300][1.378s][info][gc,cpu      ] GC(15) User=0.03s Sys=0.28s Real=0.11s
[2025-10-14T10:55:33.772+0300][1.463s][info][gc,start    ] GC(16) Pause Young (Normal) (G1 Evacuation Pause)
[2025-10-14T10:55:33.772+0300][1.463s][info][gc,task     ] GC(16) Using 9 workers of 9 for evacuation
[2025-10-14T10:55:33.882+0300][1.573s][info][gc,phases   ] GC(16)   Pre Evacuate Collection Set: 0.12ms
[2025-10-14T10:55:33.882+0300][1.573s][info][gc,phases   ] GC(16)   Merge Heap Roots: 0.09ms
[2025-10-14T10:55:33.882+0300][1.573s][info][gc,phases   ] GC(16)   Evacuate Collection Set: 108.53ms
[2025-10-14T10:55:33.882+0300][1.573s][info][gc,phases   ] GC(16)   Post Evacuate Collection Set: 0.96ms
[2025-10-14T10:55:33.882+0300][1.573s][info][gc,phases   ] GC(16)   Other: 0.08ms
[2025-10-14T10:55:33.882+0300][1.573s][info][gc,heap     ] GC(16) Eden regions: 330->0(609)
[2025-10-14T10:55:33.882+0300][1.573s][info][gc,heap     ] GC(16) Survivor regions: 44->47(47)
[2025-10-14T10:55:33.882+0300][1.573s][info][gc,heap     ] GC(16) Old regions: 300->331
[2025-10-14T10:55:33.882+0300][1.573s][info][gc,heap     ] GC(16) Humongous regions: 0->0
[2025-10-14T10:55:33.882+0300][1.573s][info][gc,metaspace] GC(16) Metaspace: 3741K(3904K)->3741K(3904K) NonClass: 3333K(3392K)->3333K(3392K) Class: 407K(512K)->407K(512K)
[2025-10-14T10:55:33.882+0300][1.573s][info][gc          ] GC(16) Pause Young (Normal) (G1 Evacuation Pause) 2686M->1505M(5804M) 110.019ms
[2025-10-14T10:55:33.882+0300][1.573s][info][gc,cpu      ] GC(16) User=0.04s Sys=0.25s Real=0.11s
[2025-10-14T10:55:34.326+0300][2.017s][info][gc,start    ] GC(17) Pause Young (Normal) (G1 Evacuation Pause)
[2025-10-14T10:55:34.326+0300][2.017s][info][gc,task     ] GC(17) Using 9 workers of 9 for evacuation
[2025-10-14T10:55:34.337+0300][2.029s][info][gc,phases   ] GC(17)   Pre Evacuate Collection Set: 0.30ms
[2025-10-14T10:55:34.337+0300][2.029s][info][gc,phases   ] GC(17)   Merge Heap Roots: 0.10ms
[2025-10-14T10:55:34.337+0300][2.029s][info][gc,phases   ] GC(17)   Evacuate Collection Set: 10.06ms
[2025-10-14T10:55:34.337+0300][2.029s][info][gc,phases   ] GC(17)   Post Evacuate Collection Set: 0.50ms
[2025-10-14T10:55:34.337+0300][2.029s][info][gc,phases   ] GC(17)   Other: 0.13ms
[2025-10-14T10:55:34.337+0300][2.029s][info][gc,heap     ] GC(17) Eden regions: 609->0(742)
[2025-10-14T10:55:34.337+0300][2.029s][info][gc,heap     ] GC(17) Survivor regions: 47->79(82)
[2025-10-14T10:55:34.337+0300][2.029s][info][gc,heap     ] GC(17) Old regions: 331->331
[2025-10-14T10:55:34.337+0300][2.029s][info][gc,heap     ] GC(17) Humongous regions: 0->0
[2025-10-14T10:55:34.337+0300][2.029s][info][gc,metaspace] GC(17) Metaspace: 3741K(3904K)->3741K(3904K) NonClass: 3333K(3392K)->3333K(3392K) Class: 407K(512K)->407K(512K)
[2025-10-14T10:55:34.337+0300][2.029s][info][gc          ] GC(17) Pause Young (Normal) (G1 Evacuation Pause) 3941M->1632M(5804M) 11.336ms
[2025-10-14T10:55:34.337+0300][2.029s][info][gc,cpu      ] GC(17) User=0.04s Sys=0.01s Real=0.01s
[2025-10-14T10:55:34.998+0300][2.690s][info][gc,start    ] GC(18) Pause Young (Normal) (G1 Evacuation Pause)
[2025-10-14T10:55:34.998+0300][2.690s][info][gc,task     ] GC(18) Using 9 workers of 9 for evacuation
[2025-10-14T10:55:35.089+0300][2.780s][info][gc,phases   ] GC(18)   Pre Evacuate Collection Set: 0.11ms
[2025-10-14T10:55:35.089+0300][2.781s][info][gc,phases   ] GC(18)   Merge Heap Roots: 0.17ms
[2025-10-14T10:55:35.089+0300][2.781s][info][gc,phases   ] GC(18)   Evacuate Collection Set: 90.04ms
[2025-10-14T10:55:35.089+0300][2.781s][info][gc,phases   ] GC(18)   Post Evacuate Collection Set: 0.44ms
[2025-10-14T10:55:35.089+0300][2.781s][info][gc,phases   ] GC(18)   Other: 0.10ms
[2025-10-14T10:55:35.089+0300][2.781s][info][gc,heap     ] GC(18) Eden regions: 742->0(768)
[2025-10-14T10:55:35.090+0300][2.781s][info][gc,heap     ] GC(18) Survivor regions: 79->79(103)
[2025-10-14T10:55:35.090+0300][2.781s][info][gc,heap     ] GC(18) Old regions: 331->331
[2025-10-14T10:55:35.090+0300][2.781s][info][gc,heap     ] GC(18) Humongous regions: 0->0
[2025-10-14T10:55:35.090+0300][2.781s][info][gc,metaspace] GC(18) Metaspace: 3741K(3904K)->3741K(3904K) NonClass: 3333K(3392K)->3333K(3392K) Class: 407K(512K)->407K(512K)
[2025-10-14T10:55:35.090+0300][2.782s][info][gc          ] GC(18) Pause Young (Normal) (G1 Evacuation Pause) 4600M->1632M(5804M) 91.996ms
[2025-10-14T10:55:35.090+0300][2.782s][info][gc,cpu      ] GC(18) User=0.03s Sys=0.18s Real=0.10s
[2025-10-14T10:55:35.303+0300][2.995s][info][gc,start    ] GC(19) Pause Young (Normal) (G1 Evacuation Pause)
[2025-10-14T10:55:35.303+0300][2.995s][info][gc,task     ] GC(19) Using 9 workers of 9 for evacuation
[2025-10-14T10:55:35.339+0300][3.030s][info][gc,phases   ] GC(19)   Pre Evacuate Collection Set: 0.16ms
[2025-10-14T10:55:35.339+0300][3.031s][info][gc,phases   ] GC(19)   Merge Heap Roots: 0.15ms
[2025-10-14T10:55:35.339+0300][3.031s][info][gc,phases   ] GC(19)   Evacuate Collection Set: 34.85ms
[2025-10-14T10:55:35.339+0300][3.031s][info][gc,phases   ] GC(19)   Post Evacuate Collection Set: 0.43ms
[2025-10-14T10:55:35.339+0300][3.031s][info][gc,phases   ] GC(19)   Other: 0.10ms
[2025-10-14T10:55:35.339+0300][3.031s][info][gc,heap     ] GC(19) Eden regions: 768->0(789)
[2025-10-14T10:55:35.339+0300][3.031s][info][gc,heap     ] GC(19) Survivor regions: 79->79(106)
[2025-10-14T10:55:35.339+0300][3.031s][info][gc,heap     ] GC(19) Old regions: 331->331
[2025-10-14T10:55:35.339+0300][3.031s][info][gc,heap     ] GC(19) Humongous regions: 0->0
[2025-10-14T10:55:35.339+0300][3.031s][info][gc,metaspace] GC(19) Metaspace: 3741K(3904K)->3741K(3904K) NonClass: 3333K(3392K)->3333K(3392K) Class: 407K(512K)->407K(512K)
[2025-10-14T10:55:35.339+0300][3.031s][info][gc          ] GC(19) Pause Young (Normal) (G1 Evacuation Pause) 4704M->1632M(5804M) 35.961ms
[2025-10-14T10:55:35.339+0300][3.031s][info][gc,cpu      ] GC(19) User=0.04s Sys=0.06s Real=0.03s
[2025-10-14T10:55:35.556+0300][3.247s][info][gc,start    ] GC(20) Pause Young (Normal) (G1 Evacuation Pause)
[2025-10-14T10:55:35.556+0300][3.248s][info][gc,task     ] GC(20) Using 9 workers of 9 for evacuation
[2025-10-14T10:55:35.583+0300][3.275s][info][gc,phases   ] GC(20)   Pre Evacuate Collection Set: 0.13ms
[2025-10-14T10:55:35.584+0300][3.275s][info][gc,phases   ] GC(20)   Merge Heap Roots: 0.19ms
[2025-10-14T10:55:35.584+0300][3.275s][info][gc,phases   ] GC(20)   Evacuate Collection Set: 26.63ms
[2025-10-14T10:55:35.584+0300][3.275s][info][gc,phases   ] GC(20)   Post Evacuate Collection Set: 0.46ms
[2025-10-14T10:55:35.584+0300][3.275s][info][gc,phases   ] GC(20)   Other: 0.18ms
[2025-10-14T10:55:35.584+0300][3.275s][info][gc,heap     ] GC(20) Eden regions: 789->0(791)
[2025-10-14T10:55:35.584+0300][3.275s][info][gc,heap     ] GC(20) Survivor regions: 79->79(109)
[2025-10-14T10:55:35.584+0300][3.275s][info][gc,heap     ] GC(20) Old regions: 331->331
[2025-10-14T10:55:35.584+0300][3.275s][info][gc,heap     ] GC(20) Humongous regions: 0->0
[2025-10-14T10:55:35.584+0300][3.275s][info][gc,metaspace] GC(20) Metaspace: 3741K(3904K)->3741K(3904K) NonClass: 3333K(3392K)->3333K(3392K) Class: 407K(512K)->407K(512K)
[2025-10-14T10:55:35.584+0300][3.275s][info][gc          ] GC(20) Pause Young (Normal) (G1 Evacuation Pause) 4788M->1632M(5804M) 27.828ms
[2025-10-14T10:55:35.584+0300][3.275s][info][gc,cpu      ] GC(20) User=0.05s Sys=0.08s Real=0.03s
[2025-10-14T10:55:35.816+0300][3.508s][info][gc,start    ] GC(21) Pause Young (Normal) (G1 Evacuation Pause)
[2025-10-14T10:55:35.816+0300][3.508s][info][gc,task     ] GC(21) Using 9 workers of 9 for evacuation
[2025-10-14T10:55:35.828+0300][3.520s][info][gc,phases   ] GC(21)   Pre Evacuate Collection Set: 0.13ms
[2025-10-14T10:55:35.828+0300][3.520s][info][gc,phases   ] GC(21)   Merge Heap Roots: 0.16ms
[2025-10-14T10:55:35.828+0300][3.520s][info][gc,phases   ] GC(21)   Evacuate Collection Set: 11.20ms
[2025-10-14T10:55:35.828+0300][3.520s][info][gc,phases   ] GC(21)   Post Evacuate Collection Set: 0.63ms
[2025-10-14T10:55:35.828+0300][3.520s][info][gc,phases   ] GC(21)   Other: 0.10ms
[2025-10-14T10:55:35.828+0300][3.520s][info][gc,heap     ] GC(21) Eden regions: 791->0(883)
[2025-10-14T10:55:35.828+0300][3.520s][info][gc,heap     ] GC(21) Survivor regions: 79->79(109)
[2025-10-14T10:55:35.828+0300][3.520s][info][gc,heap     ] GC(21) Old regions: 331->331
[2025-10-14T10:55:35.828+0300][3.520s][info][gc,heap     ] GC(21) Humongous regions: 0->0
[2025-10-14T10:55:35.828+0300][3.520s][info][gc,metaspace] GC(21) Metaspace: 3741K(3904K)->3741K(3904K) NonClass: 3333K(3392K)->3333K(3392K) Class: 407K(512K)->407K(512K)
[2025-10-14T10:55:35.828+0300][3.520s][info][gc          ] GC(21) Pause Young (Normal) (G1 Evacuation Pause) 4796M->1632M(6416M) 12.510ms
[2025-10-14T10:55:35.828+0300][3.520s][info][gc,cpu      ] GC(21) User=0.04s Sys=0.02s Real=0.01s
[2025-10-14T10:55:36.185+0300][3.877s][info][gc,start    ] GC(22) Pause Young (Normal) (G1 Evacuation Pause)
[2025-10-14T10:55:36.185+0300][3.877s][info][gc,task     ] GC(22) Using 9 workers of 9 for evacuation
[2025-10-14T10:55:36.193+0300][3.884s][info][gc,phases   ] GC(22)   Pre Evacuate Collection Set: 0.11ms
[2025-10-14T10:55:36.193+0300][3.885s][info][gc,phases   ] GC(22)   Merge Heap Roots: 0.16ms
[2025-10-14T10:55:36.193+0300][3.885s][info][gc,phases   ] GC(22)   Evacuate Collection Set: 6.72ms
[2025-10-14T10:55:36.193+0300][3.885s][info][gc,phases   ] GC(22)   Post Evacuate Collection Set: 0.43ms
[2025-10-14T10:55:36.193+0300][3.885s][info][gc,phases   ] GC(22)   Other: 0.11ms
[2025-10-14T10:55:36.193+0300][3.885s][info][gc,heap     ] GC(22) Eden regions: 883->0(883)
[2025-10-14T10:55:36.193+0300][3.885s][info][gc,heap     ] GC(22) Survivor regions: 79->79(121)
[2025-10-14T10:55:36.193+0300][3.885s][info][gc,heap     ] GC(22) Old regions: 331->331
[2025-10-14T10:55:36.193+0300][3.885s][info][gc,heap     ] GC(22) Humongous regions: 0->0
[2025-10-14T10:55:36.193+0300][3.885s][info][gc,metaspace] GC(22) Metaspace: 3741K(3904K)->3741K(3904K) NonClass: 3333K(3392K)->3333K(3392K) Class: 407K(512K)->407K(512K)
[2025-10-14T10:55:36.193+0300][3.885s][info][gc          ] GC(22) Pause Young (Normal) (G1 Evacuation Pause) 5164M->1632M(6416M) 7.801ms
[2025-10-14T10:55:36.193+0300][3.885s][info][gc,cpu      ] GC(22) User=0.05s Sys=0.00s Real=0.01s
[2025-10-14T10:55:36.421+0300][4.113s][info][gc,start    ] GC(23) Pause Young (Normal) (G1 Evacuation Pause)
[2025-10-14T10:55:36.421+0300][4.113s][info][gc,task     ] GC(23) Using 9 workers of 9 for evacuation
[2025-10-14T10:55:36.430+0300][4.121s][info][gc,phases   ] GC(23)   Pre Evacuate Collection Set: 0.26ms
[2025-10-14T10:55:36.430+0300][4.121s][info][gc,phases   ] GC(23)   Merge Heap Roots: 0.17ms
[2025-10-14T10:55:36.430+0300][4.121s][info][gc,phases   ] GC(23)   Evacuate Collection Set: 7.65ms
[2025-10-14T10:55:36.430+0300][4.121s][info][gc,phases   ] GC(23)   Post Evacuate Collection Set: 0.50ms
[2025-10-14T10:55:36.430+0300][4.121s][info][gc,phases   ] GC(23)   Other: 0.11ms
[2025-10-14T10:55:36.430+0300][4.121s][info][gc,heap     ] GC(23) Eden regions: 883->0(883)
[2025-10-14T10:55:36.430+0300][4.121s][info][gc,heap     ] GC(23) Survivor regions: 79->79(121)
[2025-10-14T10:55:36.430+0300][4.121s][info][gc,heap     ] GC(23) Old regions: 331->331
[2025-10-14T10:55:36.430+0300][4.121s][info][gc,heap     ] GC(23) Humongous regions: 0->0
[2025-10-14T10:55:36.430+0300][4.121s][info][gc,metaspace] GC(23) Metaspace: 3741K(3904K)->3741K(3904K) NonClass: 3333K(3392K)->3333K(3392K) Class: 407K(512K)->407K(512K)
[2025-10-14T10:55:36.430+0300][4.121s][info][gc          ] GC(23) Pause Young (Normal) (G1 Evacuation Pause) 5164M->1632M(6416M) 8.912ms
[2025-10-14T10:55:36.430+0300][4.121s][info][gc,cpu      ] GC(23) User=0.04s Sys=0.00s Real=0.01s
[2025-10-14T10:55:36.708+0300][4.399s][info][gc,start    ] GC(24) Pause Young (Normal) (G1 Evacuation Pause)
[2025-10-14T10:55:36.708+0300][4.399s][info][gc,task     ] GC(24) Using 9 workers of 9 for evacuation
[2025-10-14T10:55:36.716+0300][4.408s][info][gc,phases   ] GC(24)   Pre Evacuate Collection Set: 0.21ms
[2025-10-14T10:55:36.716+0300][4.408s][info][gc,phases   ] GC(24)   Merge Heap Roots: 0.20ms
[2025-10-14T10:55:36.716+0300][4.408s][info][gc,phases   ] GC(24)   Evacuate Collection Set: 7.38ms
[2025-10-14T10:55:36.716+0300][4.408s][info][gc,phases   ] GC(24)   Post Evacuate Collection Set: 0.48ms
[2025-10-14T10:55:36.716+0300][4.408s][info][gc,phases   ] GC(24)   Other: 0.11ms
[2025-10-14T10:55:36.716+0300][4.408s][info][gc,heap     ] GC(24) Eden regions: 883->0(883)
[2025-10-14T10:55:36.716+0300][4.408s][info][gc,heap     ] GC(24) Survivor regions: 79->79(121)
[2025-10-14T10:55:36.716+0300][4.408s][info][gc,heap     ] GC(24) Old regions: 331->331
[2025-10-14T10:55:36.716+0300][4.408s][info][gc,heap     ] GC(24) Humongous regions: 0->0
[2025-10-14T10:55:36.716+0300][4.408s][info][gc,metaspace] GC(24) Metaspace: 3741K(3904K)->3741K(3904K) NonClass: 3333K(3392K)->3333K(3392K) Class: 407K(512K)->407K(512K)
[2025-10-14T10:55:36.716+0300][4.408s][info][gc          ] GC(24) Pause Young (Normal) (G1 Evacuation Pause) 5164M->1632M(6416M) 8.603ms
[2025-10-14T10:55:36.716+0300][4.408s][info][gc,cpu      ] GC(24) User=0.04s Sys=0.00s Real=0.01s
[2025-10-14T10:55:36.961+0300][4.653s][info][gc,start    ] GC(25) Pause Young (Normal) (G1 Evacuation Pause)
[2025-10-14T10:55:36.962+0300][4.653s][info][gc,task     ] GC(25) Using 9 workers of 9 for evacuation
[2025-10-14T10:55:36.971+0300][4.662s][info][gc,phases   ] GC(25)   Pre Evacuate Collection Set: 0.23ms
[2025-10-14T10:55:36.971+0300][4.662s][info][gc,phases   ] GC(25)   Merge Heap Roots: 0.20ms
[2025-10-14T10:55:36.971+0300][4.662s][info][gc,phases   ] GC(25)   Evacuate Collection Set: 7.99ms
[2025-10-14T10:55:36.971+0300][4.662s][info][gc,phases   ] GC(25)   Post Evacuate Collection Set: 0.48ms
[2025-10-14T10:55:36.971+0300][4.662s][info][gc,phases   ] GC(25)   Other: 0.10ms
[2025-10-14T10:55:36.971+0300][4.662s][info][gc,heap     ] GC(25) Eden regions: 883->0(883)
[2025-10-14T10:55:36.971+0300][4.662s][info][gc,heap     ] GC(25) Survivor regions: 79->79(121)
[2025-10-14T10:55:36.971+0300][4.662s][info][gc,heap     ] GC(25) Old regions: 331->331
[2025-10-14T10:55:36.971+0300][4.662s][info][gc,heap     ] GC(25) Humongous regions: 0->0
[2025-10-14T10:55:36.971+0300][4.662s][info][gc,metaspace] GC(25) Metaspace: 3741K(3904K)->3741K(3904K) NonClass: 3333K(3392K)->3333K(3392K) Class: 407K(512K)->407K(512K)
[2025-10-14T10:55:36.971+0300][4.662s][info][gc          ] GC(25) Pause Young (Normal) (G1 Evacuation Pause) 5164M->1632M(6416M) 9.239ms
[2025-10-14T10:55:36.971+0300][4.662s][info][gc,cpu      ] GC(25) User=0.04s Sys=0.00s Real=0.01s
[2025-10-14T10:55:37.220+0300][4.912s][info][gc,start    ] GC(26) Pause Young (Normal) (G1 Evacuation Pause)
[2025-10-14T10:55:37.220+0300][4.912s][info][gc,task     ] GC(26) Using 9 workers of 9 for evacuation
[2025-10-14T10:55:37.228+0300][4.919s][info][gc,phases   ] GC(26)   Pre Evacuate Collection Set: 0.11ms
[2025-10-14T10:55:37.228+0300][4.919s][info][gc,phases   ] GC(26)   Merge Heap Roots: 0.17ms
[2025-10-14T10:55:37.228+0300][4.919s][info][gc,phases   ] GC(26)   Evacuate Collection Set: 6.82ms
[2025-10-14T10:55:37.228+0300][4.919s][info][gc,phases   ] GC(26)   Post Evacuate Collection Set: 0.40ms
[2025-10-14T10:55:37.228+0300][4.919s][info][gc,phases   ] GC(26)   Other: 0.10ms
[2025-10-14T10:55:37.228+0300][4.919s][info][gc,heap     ] GC(26) Eden regions: 883->0(883)
[2025-10-14T10:55:37.228+0300][4.919s][info][gc,heap     ] GC(26) Survivor regions: 79->79(121)
[2025-10-14T10:55:37.228+0300][4.919s][info][gc,heap     ] GC(26) Old regions: 331->331
[2025-10-14T10:55:37.228+0300][4.919s][info][gc,heap     ] GC(26) Humongous regions: 0->0
[2025-10-14T10:55:37.228+0300][4.919s][info][gc,metaspace] GC(26) Metaspace: 3741K(3904K)->3741K(3904K) NonClass: 3333K(3392K)->3333K(3392K) Class: 407K(512K)->407K(512K)
[2025-10-14T10:55:37.228+0300][4.919s][info][gc          ] GC(26) Pause Young (Normal) (G1 Evacuation Pause) 5164M->1632M(6416M) 7.814ms
[2025-10-14T10:55:37.228+0300][4.919s][info][gc,cpu      ] GC(26) User=0.04s Sys=0.00s Real=0.00s
[2025-10-14T10:55:37.475+0300][5.167s][info][gc,start    ] GC(27) Pause Young (Normal) (G1 Evacuation Pause)
[2025-10-14T10:55:37.475+0300][5.167s][info][gc,task     ] GC(27) Using 9 workers of 9 for evacuation
[2025-10-14T10:55:37.529+0300][5.220s][info][gc,phases   ] GC(27)   Pre Evacuate Collection Set: 0.16ms
[2025-10-14T10:55:37.529+0300][5.220s][info][gc,phases   ] GC(27)   Merge Heap Roots: 0.21ms
[2025-10-14T10:55:37.529+0300][5.221s][info][gc,phases   ] GC(27)   Evacuate Collection Set: 25.89ms
[2025-10-14T10:55:37.529+0300][5.221s][info][gc,phases   ] GC(27)   Post Evacuate Collection Set: 0.54ms
[2025-10-14T10:55:37.529+0300][5.221s][info][gc,phases   ] GC(27)   Other: 26.52ms
[2025-10-14T10:55:37.529+0300][5.221s][info][gc,heap     ] GC(27) Eden regions: 883->0(883)
[2025-10-14T10:55:37.529+0300][5.221s][info][gc,heap     ] GC(27) Survivor regions: 79->79(121)
[2025-10-14T10:55:37.529+0300][5.221s][info][gc,heap     ] GC(27) Old regions: 331->331
[2025-10-14T10:55:37.529+0300][5.221s][info][gc,heap     ] GC(27) Humongous regions: 0->0
[2025-10-14T10:55:37.529+0300][5.221s][info][gc,metaspace] GC(27) Metaspace: 3741K(3904K)->3741K(3904K) NonClass: 3333K(3392K)->3333K(3392K) Class: 407K(512K)->407K(512K)
[2025-10-14T10:55:37.529+0300][5.221s][info][gc          ] GC(27) Pause Young (Normal) (G1 Evacuation Pause) 5164M->1632M(6416M) 53.649ms
[2025-10-14T10:55:37.529+0300][5.221s][info][gc,cpu      ] GC(27) User=0.05s Sys=0.03s Real=0.05s
[2025-10-14T10:55:37.977+0300][5.669s][info][gc,start    ] GC(28) Pause Young (Normal) (G1 Evacuation Pause)
[2025-10-14T10:55:37.977+0300][5.669s][info][gc,task     ] GC(28) Using 9 workers of 9 for evacuation
[2025-10-14T10:55:38.025+0300][5.717s][info][gc,phases   ] GC(28)   Pre Evacuate Collection Set: 0.23ms
[2025-10-14T10:55:38.025+0300][5.717s][info][gc,phases   ] GC(28)   Merge Heap Roots: 0.18ms
[2025-10-14T10:55:38.025+0300][5.717s][info][gc,phases   ] GC(28)   Evacuate Collection Set: 46.81ms
[2025-10-14T10:55:38.025+0300][5.717s][info][gc,phases   ] GC(28)   Post Evacuate Collection Set: 0.53ms
[2025-10-14T10:55:38.025+0300][5.717s][info][gc,phases   ] GC(28)   Other: 0.11ms
[2025-10-14T10:55:38.025+0300][5.717s][info][gc,heap     ] GC(28) Eden regions: 883->0(883)
[2025-10-14T10:55:38.025+0300][5.717s][info][gc,heap     ] GC(28) Survivor regions: 79->79(121)
[2025-10-14T10:55:38.025+0300][5.717s][info][gc,heap     ] GC(28) Old regions: 331->331
[2025-10-14T10:55:38.025+0300][5.717s][info][gc,heap     ] GC(28) Humongous regions: 0->0
[2025-10-14T10:55:38.025+0300][5.717s][info][gc,metaspace] GC(28) Metaspace: 3741K(3904K)->3741K(3904K) NonClass: 3333K(3392K)->3333K(3392K) Class: 407K(512K)->407K(512K)
[2025-10-14T10:55:38.025+0300][5.717s][info][gc          ] GC(28) Pause Young (Normal) (G1 Evacuation Pause) 5164M->1632M(6416M) 48.091ms
[2025-10-14T10:55:38.025+0300][5.717s][info][gc,cpu      ] GC(28) User=0.04s Sys=0.12s Real=0.05s
[2025-10-14T10:55:39.236+0300][6.927s][info][gc,start    ] GC(29) Pause Young (Normal) (G1 Evacuation Pause)
[2025-10-14T10:55:39.236+0300][6.927s][info][gc,task     ] GC(29) Using 9 workers of 9 for evacuation
[2025-10-14T10:55:39.472+0300][7.163s][info][gc,mmu      ] GC(29) MMU target violated: 201.0ms (200.0ms/201.0ms)
[2025-10-14T10:55:39.472+0300][7.163s][info][gc,phases   ] GC(29)   Pre Evacuate Collection Set: 0.30ms
[2025-10-14T10:55:39.472+0300][7.163s][info][gc,phases   ] GC(29)   Merge Heap Roots: 0.18ms
[2025-10-14T10:55:39.472+0300][7.163s][info][gc,phases   ] GC(29)   Evacuate Collection Set: 233.22ms
[2025-10-14T10:55:39.472+0300][7.163s][info][gc,phases   ] GC(29)   Post Evacuate Collection Set: 1.99ms
[2025-10-14T10:55:39.472+0300][7.163s][info][gc,phases   ] GC(29)   Other: 0.21ms
[2025-10-14T10:55:39.472+0300][7.163s][info][gc,heap     ] GC(29) Eden regions: 883->0(883)
[2025-10-14T10:55:39.472+0300][7.163s][info][gc,heap     ] GC(29) Survivor regions: 79->79(121)
[2025-10-14T10:55:39.472+0300][7.163s][info][gc,heap     ] GC(29) Old regions: 331->331
[2025-10-14T10:55:39.472+0300][7.163s][info][gc,heap     ] GC(29) Humongous regions: 0->0
[2025-10-14T10:55:39.472+0300][7.163s][info][gc,metaspace] GC(29) Metaspace: 3741K(3904K)->3741K(3904K) NonClass: 3333K(3392K)->3333K(3392K) Class: 407K(512K)->407K(512K)
[2025-10-14T10:55:39.472+0300][7.163s][info][gc          ] GC(29) Pause Young (Normal) (G1 Evacuation Pause) 5164M->1632M(6416M) 236.121ms
[2025-10-14T10:55:39.472+0300][7.163s][info][gc,cpu      ] GC(29) User=0.03s Sys=0.18s Real=0.24s
[2025-10-14T10:55:39.883+0300][7.575s][info][gc,start    ] GC(30) Pause Young (Normal) (G1 Evacuation Pause)
[2025-10-14T10:55:39.883+0300][7.575s][info][gc,task     ] GC(30) Using 9 workers of 9 for evacuation
[2025-10-14T10:55:39.964+0300][7.656s][info][gc,phases   ] GC(30)   Pre Evacuate Collection Set: 0.93ms
[2025-10-14T10:55:39.964+0300][7.656s][info][gc,phases   ] GC(30)   Merge Heap Roots: 0.48ms
[2025-10-14T10:55:39.966+0300][7.658s][info][gc,phases   ] GC(30)   Evacuate Collection Set: 78.51ms
[2025-10-14T10:55:39.968+0300][7.659s][info][gc,phases   ] GC(30)   Post Evacuate Collection Set: 0.62ms
[2025-10-14T10:55:39.969+0300][7.661s][info][gc,phases   ] GC(30)   Other: 0.20ms
[2025-10-14T10:55:39.969+0300][7.661s][info][gc,heap     ] GC(30) Eden regions: 883->0(883)
[2025-10-14T10:55:39.969+0300][7.661s][info][gc,heap     ] GC(30) Survivor regions: 79->79(121)
[2025-10-14T10:55:39.969+0300][7.661s][info][gc,heap     ] GC(30) Old regions: 331->331
[2025-10-14T10:55:39.969+0300][7.661s][info][gc,heap     ] GC(30) Humongous regions: 0->0
[2025-10-14T10:55:39.969+0300][7.661s][info][gc,metaspace] GC(30) Metaspace: 3741K(3904K)->3741K(3904K) NonClass: 3333K(3392K)->3333K(3392K) Class: 407K(512K)->407K(512K)
[2025-10-14T10:55:39.969+0300][7.661s][info][gc          ] GC(30) Pause Young (Normal) (G1 Evacuation Pause) 5164M->1632M(6416M) 85.981ms
[2025-10-14T10:55:39.969+0300][7.661s][info][gc,cpu      ] GC(30) User=0.04s Sys=0.11s Real=0.08s
[2025-10-14T10:55:40.473+0300][8.165s][info][gc,start    ] GC(31) Pause Young (Normal) (G1 Evacuation Pause)
[2025-10-14T10:55:40.473+0300][8.165s][info][gc,task     ] GC(31) Using 9 workers of 9 for evacuation
[2025-10-14T10:55:40.494+0300][8.186s][info][gc,phases   ] GC(31)   Pre Evacuate Collection Set: 0.72ms
[2025-10-14T10:55:40.494+0300][8.186s][info][gc,phases   ] GC(31)   Merge Heap Roots: 0.69ms
[2025-10-14T10:55:40.494+0300][8.186s][info][gc,phases   ] GC(31)   Evacuate Collection Set: 15.20ms
[2025-10-14T10:55:40.494+0300][8.186s][info][gc,phases   ] GC(31)   Post Evacuate Collection Set: 4.54ms
[2025-10-14T10:55:40.495+0300][8.186s][info][gc,phases   ] GC(31)   Other: 0.15ms
[2025-10-14T10:55:40.495+0300][8.186s][info][gc,heap     ] GC(31) Eden regions: 883->0(934)
[2025-10-14T10:55:40.495+0300][8.187s][info][gc,heap     ] GC(31) Survivor regions: 79->79(121)
[2025-10-14T10:55:40.495+0300][8.187s][info][gc,heap     ] GC(31) Old regions: 331->331
[2025-10-14T10:55:40.495+0300][8.187s][info][gc,heap     ] GC(31) Humongous regions: 0->0
[2025-10-14T10:55:40.495+0300][8.187s][info][gc,metaspace] GC(31) Metaspace: 3741K(3904K)->3741K(3904K) NonClass: 3333K(3392K)->3333K(3392K) Class: 407K(512K)->407K(512K)
[2025-10-14T10:55:40.495+0300][8.187s][info][gc          ] GC(31) Pause Young (Normal) (G1 Evacuation Pause) 5164M->1632M(6756M) 22.134ms
[2025-10-14T10:55:40.495+0300][8.187s][info][gc,cpu      ] GC(31) User=0.04s Sys=0.00s Real=0.02s
[2025-10-14T10:55:41.233+0300][8.925s][info][gc,start    ] GC(32) Pause Young (Normal) (G1 Evacuation Pause)
[2025-10-14T10:55:41.234+0300][8.925s][info][gc,task     ] GC(32) Using 9 workers of 9 for evacuation
[2025-10-14T10:55:41.480+0300][9.171s][info][gc,mmu      ] GC(32) MMU target violated: 201.0ms (200.0ms/201.0ms)
[2025-10-14T10:55:41.480+0300][9.171s][info][gc,phases   ] GC(32)   Pre Evacuate Collection Set: 7.48ms
[2025-10-14T10:55:41.480+0300][9.171s][info][gc,phases   ] GC(32)   Merge Heap Roots: 0.29ms
[2025-10-14T10:55:41.480+0300][9.171s][info][gc,phases   ] GC(32)   Evacuate Collection Set: 229.98ms
[2025-10-14T10:55:41.480+0300][9.171s][info][gc,phases   ] GC(32)   Post Evacuate Collection Set: 2.80ms
[2025-10-14T10:55:41.480+0300][9.171s][info][gc,phases   ] GC(32)   Other: 5.64ms
[2025-10-14T10:55:41.480+0300][9.171s][info][gc,heap     ] GC(32) Eden regions: 934->0(934)
[2025-10-14T10:55:41.480+0300][9.172s][info][gc,heap     ] GC(32) Survivor regions: 79->79(127)
[2025-10-14T10:55:41.480+0300][9.172s][info][gc,heap     ] GC(32) Old regions: 331->331
[2025-10-14T10:55:41.480+0300][9.172s][info][gc,heap     ] GC(32) Humongous regions: 0->0
[2025-10-14T10:55:41.480+0300][9.172s][info][gc,metaspace] GC(32) Metaspace: 3741K(3904K)->3741K(3904K) NonClass: 3333K(3392K)->3333K(3392K) Class: 407K(512K)->407K(512K)
[2025-10-14T10:55:41.480+0300][9.172s][info][gc          ] GC(32) Pause Young (Normal) (G1 Evacuation Pause) 5368M->1632M(6756M) 247.055ms
[2025-10-14T10:55:41.480+0300][9.172s][info][gc,cpu      ] GC(32) User=0.03s Sys=0.11s Real=0.25s
[2025-10-14T10:55:42.826+0300][10.517s][info][gc,start    ] GC(33) Pause Young (Normal) (G1 Evacuation Pause)
[2025-10-14T10:55:42.826+0300][10.518s][info][gc,task     ] GC(33) Using 9 workers of 9 for evacuation
[2025-10-14T10:55:42.979+0300][10.671s][info][gc,phases   ] GC(33)   Pre Evacuate Collection Set: 0.43ms
[2025-10-14T10:55:42.979+0300][10.671s][info][gc,phases   ] GC(33)   Merge Heap Roots: 0.23ms
[2025-10-14T10:55:42.979+0300][10.671s][info][gc,phases   ] GC(33)   Evacuate Collection Set: 151.42ms
[2025-10-14T10:55:42.979+0300][10.671s][info][gc,phases   ] GC(33)   Post Evacuate Collection Set: 0.69ms
[2025-10-14T10:55:42.979+0300][10.671s][info][gc,phases   ] GC(33)   Other: 0.24ms
[2025-10-14T10:55:42.979+0300][10.671s][info][gc,heap     ] GC(33) Eden regions: 934->0(934)
[2025-10-14T10:55:42.979+0300][10.671s][info][gc,heap     ] GC(33) Survivor regions: 79->79(127)
[2025-10-14T10:55:42.979+0300][10.671s][info][gc,heap     ] GC(33) Old regions: 331->331
[2025-10-14T10:55:42.979+0300][10.671s][info][gc,heap     ] GC(33) Humongous regions: 0->0
[2025-10-14T10:55:42.979+0300][10.671s][info][gc,metaspace] GC(33) Metaspace: 3784K(3968K)->3784K(3968K) NonClass: 3366K(3456K)->3366K(3456K) Class: 418K(512K)->418K(512K)
[2025-10-14T10:55:42.979+0300][10.671s][info][gc          ] GC(33) Pause Young (Normal) (G1 Evacuation Pause) 5368M->1632M(6756M) 153.342ms
[2025-10-14T10:55:42.979+0300][10.671s][info][gc,cpu      ] GC(33) User=0.03s Sys=0.25s Real=0.15s
[2025-10-14T10:55:44.054+0300][11.746s][info][gc,start    ] GC(34) Pause Young (Normal) (G1 Evacuation Pause)
[2025-10-14T10:55:44.054+0300][11.746s][info][gc,task     ] GC(34) Using 9 workers of 9 for evacuation
[2025-10-14T10:55:44.202+0300][11.893s][info][gc,phases   ] GC(34)   Pre Evacuate Collection Set: 0.59ms
[2025-10-14T10:55:44.202+0300][11.893s][info][gc,phases   ] GC(34)   Merge Heap Roots: 0.58ms
[2025-10-14T10:55:44.202+0300][11.894s][info][gc,phases   ] GC(34)   Evacuate Collection Set: 145.13ms
[2025-10-14T10:55:44.202+0300][11.894s][info][gc,phases   ] GC(34)   Post Evacuate Collection Set: 1.17ms
[2025-10-14T10:55:44.202+0300][11.894s][info][gc,phases   ] GC(34)   Other: 0.23ms
[2025-10-14T10:55:44.202+0300][11.894s][info][gc,heap     ] GC(34) Eden regions: 934->0(934)
[2025-10-14T10:55:44.202+0300][11.894s][info][gc,heap     ] GC(34) Survivor regions: 79->79(127)
[2025-10-14T10:55:44.202+0300][11.894s][info][gc,heap     ] GC(34) Old regions: 331->332
[2025-10-14T10:55:44.202+0300][11.894s][info][gc,heap     ] GC(34) Humongous regions: 0->0
[2025-10-14T10:55:44.202+0300][11.894s][info][gc,metaspace] GC(34) Metaspace: 3784K(3968K)->3784K(3968K) NonClass: 3366K(3456K)->3366K(3456K) Class: 418K(512K)->418K(512K)
[2025-10-14T10:55:44.202+0300][11.894s][info][gc          ] GC(34) Pause Young (Normal) (G1 Evacuation Pause) 5368M->1632M(6756M) 148.006ms
[2025-10-14T10:55:44.202+0300][11.894s][info][gc,cpu      ] GC(34) User=0.03s Sys=0.32s Real=0.15s
[2025-10-14T10:55:45.234+0300][12.925s][info][gc,start    ] GC(35) Pause Young (Normal) (G1 Evacuation Pause)
[2025-10-14T10:55:45.234+0300][12.925s][info][gc,task     ] GC(35) Using 9 workers of 9 for evacuation
[2025-10-14T10:55:45.412+0300][13.104s][info][gc,phases   ] GC(35)   Pre Evacuate Collection Set: 0.16ms
[2025-10-14T10:55:45.413+0300][13.104s][info][gc,phases   ] GC(35)   Merge Heap Roots: 0.17ms
[2025-10-14T10:55:45.413+0300][13.104s][info][gc,phases   ] GC(35)   Evacuate Collection Set: 177.18ms
[2025-10-14T10:55:45.413+0300][13.104s][info][gc,phases   ] GC(35)   Post Evacuate Collection Set: 1.04ms
[2025-10-14T10:55:45.413+0300][13.104s][info][gc,phases   ] GC(35)   Other: 0.12ms
[2025-10-14T10:55:45.413+0300][13.104s][info][gc,heap     ] GC(35) Eden regions: 934->0(934)
[2025-10-14T10:55:45.413+0300][13.104s][info][gc,heap     ] GC(35) Survivor regions: 79->79(127)
[2025-10-14T10:55:45.413+0300][13.104s][info][gc,heap     ] GC(35) Old regions: 332->332
[2025-10-14T10:55:45.413+0300][13.104s][info][gc,heap     ] GC(35) Humongous regions: 0->0
[2025-10-14T10:55:45.413+0300][13.104s][info][gc,metaspace] GC(35) Metaspace: 3784K(3968K)->3784K(3968K) NonClass: 3366K(3456K)->3366K(3456K) Class: 418K(512K)->418K(512K)
[2025-10-14T10:55:45.413+0300][13.104s][info][gc          ] GC(35) Pause Young (Normal) (G1 Evacuation Pause) 5368M->1632M(6756M) 178.999ms
[2025-10-14T10:55:45.413+0300][13.104s][info][gc,cpu      ] GC(35) User=0.03s Sys=0.44s Real=0.18s
[2025-10-14T10:55:45.743+0300][13.435s][info][gc,start    ] GC(36) Pause Young (Normal) (G1 Evacuation Pause)
[2025-10-14T10:55:45.743+0300][13.435s][info][gc,task     ] GC(36) Using 9 workers of 9 for evacuation
[2025-10-14T10:55:45.752+0300][13.444s][info][gc,phases   ] GC(36)   Pre Evacuate Collection Set: 0.35ms
[2025-10-14T10:55:45.752+0300][13.444s][info][gc,phases   ] GC(36)   Merge Heap Roots: 0.16ms
[2025-10-14T10:55:45.752+0300][13.444s][info][gc,phases   ] GC(36)   Evacuate Collection Set: 7.19ms
[2025-10-14T10:55:45.752+0300][13.444s][info][gc,phases   ] GC(36)   Post Evacuate Collection Set: 0.74ms
[2025-10-14T10:55:45.752+0300][13.444s][info][gc,phases   ] GC(36)   Other: 0.22ms
[2025-10-14T10:55:45.752+0300][13.444s][info][gc,heap     ] GC(36) Eden regions: 934->0(977)
[2025-10-14T10:55:45.752+0300][13.444s][info][gc,heap     ] GC(36) Survivor regions: 79->79(127)
[2025-10-14T10:55:45.752+0300][13.444s][info][gc,heap     ] GC(36) Old regions: 332->332
[2025-10-14T10:55:45.752+0300][13.444s][info][gc,heap     ] GC(36) Humongous regions: 0->0
[2025-10-14T10:55:45.752+0300][13.444s][info][gc,metaspace] GC(36) Metaspace: 3784K(3968K)->3784K(3968K) NonClass: 3366K(3456K)->3366K(3456K) Class: 418K(512K)->418K(512K)
[2025-10-14T10:55:45.752+0300][13.444s][info][gc          ] GC(36) Pause Young (Normal) (G1 Evacuation Pause) 5368M->1632M(7044M) 8.910ms
[2025-10-14T10:55:45.752+0300][13.444s][info][gc,cpu      ] GC(36) User=0.04s Sys=0.00s Real=0.01s
[2025-10-14T10:55:46.158+0300][13.850s][info][gc,start    ] GC(37) Pause Young (Normal) (G1 Evacuation Pause)
[2025-10-14T10:55:46.158+0300][13.850s][info][gc,task     ] GC(37) Using 9 workers of 9 for evacuation
[2025-10-14T10:55:46.169+0300][13.860s][info][gc,phases   ] GC(37)   Pre Evacuate Collection Set: 0.25ms
[2025-10-14T10:55:46.169+0300][13.860s][info][gc,phases   ] GC(37)   Merge Heap Roots: 0.23ms
[2025-10-14T10:55:46.169+0300][13.860s][info][gc,phases   ] GC(37)   Evacuate Collection Set: 9.46ms
[2025-10-14T10:55:46.169+0300][13.860s][info][gc,phases   ] GC(37)   Post Evacuate Collection Set: 0.56ms
[2025-10-14T10:55:46.169+0300][13.860s][info][gc,phases   ] GC(37)   Other: 0.16ms
[2025-10-14T10:55:46.169+0300][13.860s][info][gc,heap     ] GC(37) Eden regions: 977->0(977)
[2025-10-14T10:55:46.169+0300][13.860s][info][gc,heap     ] GC(37) Survivor regions: 79->79(132)
[2025-10-14T10:55:46.169+0300][13.860s][info][gc,heap     ] GC(37) Old regions: 332->332
[2025-10-14T10:55:46.169+0300][13.860s][info][gc,heap     ] GC(37) Humongous regions: 0->0
[2025-10-14T10:55:46.169+0300][13.860s][info][gc,metaspace] GC(37) Metaspace: 3784K(3968K)->3784K(3968K) NonClass: 3366K(3456K)->3366K(3456K) Class: 418K(512K)->418K(512K)
[2025-10-14T10:55:46.169+0300][13.860s][info][gc          ] GC(37) Pause Young (Normal) (G1 Evacuation Pause) 5540M->1632M(7044M) 10.917ms
[2025-10-14T10:55:46.169+0300][13.860s][info][gc,cpu      ] GC(37) User=0.03s Sys=0.00s Real=0.01s
[2025-10-14T10:55:46.561+0300][14.253s][info][gc,start    ] GC(38) Pause Young (Normal) (G1 Evacuation Pause)
[2025-10-14T10:55:46.561+0300][14.253s][info][gc,task     ] GC(38) Using 9 workers of 9 for evacuation
[2025-10-14T10:55:46.859+0300][14.551s][info][gc,mmu      ] GC(38) MMU target violated: 201.0ms (200.0ms/201.0ms)
[2025-10-14T10:55:46.860+0300][14.551s][info][gc,phases   ] GC(38)   Pre Evacuate Collection Set: 0.78ms
[2025-10-14T10:55:46.860+0300][14.551s][info][gc,phases   ] GC(38)   Merge Heap Roots: 0.17ms
[2025-10-14T10:55:46.860+0300][14.551s][info][gc,phases   ] GC(38)   Evacuate Collection Set: 291.30ms
[2025-10-14T10:55:46.860+0300][14.551s][info][gc,phases   ] GC(38)   Post Evacuate Collection Set: 0.75ms
[2025-10-14T10:55:46.860+0300][14.551s][info][gc,phases   ] GC(38)   Other: 5.40ms
[2025-10-14T10:55:46.860+0300][14.551s][info][gc,heap     ] GC(38) Eden regions: 977->0(97)
[2025-10-14T10:55:46.860+0300][14.551s][info][gc,heap     ] GC(38) Survivor regions: 79->79(132)
[2025-10-14T10:55:46.860+0300][14.551s][info][gc,heap     ] GC(38) Old regions: 332->332
[2025-10-14T10:55:46.860+0300][14.551s][info][gc,heap     ] GC(38) Humongous regions: 0->0
[2025-10-14T10:55:46.860+0300][14.551s][info][gc,metaspace] GC(38) Metaspace: 3784K(3968K)->3784K(3968K) NonClass: 3366K(3456K)->3366K(3456K) Class: 418K(512K)->418K(512K)
[2025-10-14T10:55:46.860+0300][14.551s][info][gc          ] GC(38) Pause Young (Normal) (G1 Evacuation Pause) 5540M->1632M(7044M) 298.707ms
[2025-10-14T10:55:46.860+0300][14.551s][info][gc,cpu      ] GC(38) User=0.04s Sys=0.47s Real=0.30s
[2025-10-14T10:55:46.889+0300][14.580s][info][gc,start    ] GC(39) Pause Young (Normal) (G1 Evacuation Pause)
[2025-10-14T10:55:46.889+0300][14.580s][info][gc,task     ] GC(39) Using 9 workers of 9 for evacuation
[2025-10-14T10:55:46.999+0300][14.691s][info][gc,phases   ] GC(39)   Pre Evacuate Collection Set: 0.22ms
[2025-10-14T10:55:47.000+0300][14.691s][info][gc,phases   ] GC(39)   Merge Heap Roots: 0.06ms
[2025-10-14T10:55:47.000+0300][14.691s][info][gc,phases   ] GC(39)   Evacuate Collection Set: 109.98ms
[2025-10-14T10:55:47.000+0300][14.691s][info][gc,phases   ] GC(39)   Post Evacuate Collection Set: 0.27ms
[2025-10-14T10:55:47.000+0300][14.691s][info][gc,phases   ] GC(39)   Other: 0.12ms
[2025-10-14T10:55:47.000+0300][14.691s][info][gc,heap     ] GC(39) Eden regions: 97->0(113)
[2025-10-14T10:55:47.000+0300][14.691s][info][gc,heap     ] GC(39) Survivor regions: 79->22(22)
[2025-10-14T10:55:47.000+0300][14.691s][info][gc,heap     ] GC(39) Old regions: 332->388
[2025-10-14T10:55:47.000+0300][14.691s][info][gc,heap     ] GC(39) Humongous regions: 0->0
[2025-10-14T10:55:47.000+0300][14.691s][info][gc,metaspace] GC(39) Metaspace: 3784K(3968K)->3784K(3968K) NonClass: 3366K(3456K)->3366K(3456K) Class: 418K(512K)->418K(512K)
[2025-10-14T10:55:47.000+0300][14.691s][info][gc          ] GC(39) Pause Young (Normal) (G1 Evacuation Pause) 2020M->1632M(7044M) 110.904ms
[2025-10-14T10:55:47.000+0300][14.691s][info][gc,cpu      ] GC(39) User=0.03s Sys=0.19s Real=0.12s
[2025-10-14T10:55:47.032+0300][14.724s][info][gc,start    ] GC(40) Pause Young (Normal) (G1 Evacuation Pause)
[2025-10-14T10:55:47.033+0300][14.724s][info][gc,task     ] GC(40) Using 9 workers of 9 for evacuation
[2025-10-14T10:55:47.115+0300][14.807s][info][gc,phases   ] GC(40)   Pre Evacuate Collection Set: 0.21ms
[2025-10-14T10:55:47.115+0300][14.807s][info][gc,phases   ] GC(40)   Merge Heap Roots: 0.07ms
[2025-10-14T10:55:47.115+0300][14.807s][info][gc,phases   ] GC(40)   Evacuate Collection Set: 82.16ms
[2025-10-14T10:55:47.115+0300][14.807s][info][gc,phases   ] GC(40)   Post Evacuate Collection Set: 0.32ms
[2025-10-14T10:55:47.115+0300][14.807s][info][gc,phases   ] GC(40)   Other: 0.08ms
[2025-10-14T10:55:47.115+0300][14.807s][info][gc,heap     ] GC(40) Eden regions: 113->0(153)
[2025-10-14T10:55:47.115+0300][14.807s][info][gc,heap     ] GC(40) Survivor regions: 22->17(17)
[2025-10-14T10:55:47.115+0300][14.807s][info][gc,heap     ] GC(40) Old regions: 388->450
[2025-10-14T10:55:47.116+0300][14.807s][info][gc,heap     ] GC(40) Humongous regions: 0->0
[2025-10-14T10:55:47.116+0300][14.807s][info][gc,metaspace] GC(40) Metaspace: 3784K(3968K)->3784K(3968K) NonClass: 3366K(3456K)->3366K(3456K) Class: 418K(512K)->418K(512K)
[2025-10-14T10:55:47.116+0300][14.807s][info][gc          ] GC(40) Pause Young (Normal) (G1 Evacuation Pause) 2084M->1859M(7044M) 83.072ms
[2025-10-14T10:55:47.116+0300][14.807s][info][gc,cpu      ] GC(40) User=0.03s Sys=0.12s Real=0.08s
[2025-10-14T10:55:47.173+0300][14.864s][info][gc,start    ] GC(41) Pause Young (Normal) (G1 Evacuation Pause)
[2025-10-14T10:55:47.173+0300][14.865s][info][gc,task     ] GC(41) Using 9 workers of 9 for evacuation
[2025-10-14T10:55:47.270+0300][14.961s][info][gc,phases   ] GC(41)   Pre Evacuate Collection Set: 0.55ms
[2025-10-14T10:55:47.270+0300][14.961s][info][gc,phases   ] GC(41)   Merge Heap Roots: 0.10ms
[2025-10-14T10:55:47.270+0300][14.961s][info][gc,phases   ] GC(41)   Evacuate Collection Set: 95.76ms
[2025-10-14T10:55:47.270+0300][14.961s][info][gc,phases   ] GC(41)   Post Evacuate Collection Set: 0.29ms
[2025-10-14T10:55:47.270+0300][14.961s][info][gc,phases   ] GC(41)   Other: 0.10ms
[2025-10-14T10:55:47.270+0300][14.961s][info][gc,heap     ] GC(41) Eden regions: 153->0(204)
[2025-10-14T10:55:47.270+0300][14.961s][info][gc,heap     ] GC(41) Survivor regions: 17->22(22)
[2025-10-14T10:55:47.270+0300][14.961s][info][gc,heap     ] GC(41) Old regions: 450->507
[2025-10-14T10:55:47.270+0300][14.962s][info][gc,heap     ] GC(41) Humongous regions: 0->0
[2025-10-14T10:55:47.270+0300][14.962s][info][gc,metaspace] GC(41) Metaspace: 3784K(3968K)->3784K(3968K) NonClass: 3366K(3456K)->3366K(3456K) Class: 418K(512K)->418K(512K)
[2025-10-14T10:55:47.270+0300][14.962s][info][gc          ] GC(41) Pause Young (Normal) (G1 Evacuation Pause) 2471M->2106M(7044M) 97.118ms
[2025-10-14T10:55:47.270+0300][14.962s][info][gc,cpu      ] GC(41) User=0.03s Sys=0.22s Real=0.10s
[2025-10-14T10:55:47.365+0300][15.056s][info][gc,start    ] GC(42) Pause Young (Normal) (G1 Evacuation Pause)
[2025-10-14T10:55:47.365+0300][15.056s][info][gc,task     ] GC(42) Using 9 workers of 9 for evacuation
[2025-10-14T10:55:47.493+0300][15.185s][info][gc,phases   ] GC(42)   Pre Evacuate Collection Set: 0.21ms
[2025-10-14T10:55:47.493+0300][15.185s][info][gc,phases   ] GC(42)   Merge Heap Roots: 0.06ms
[2025-10-14T10:55:47.493+0300][15.185s][info][gc,phases   ] GC(42)   Evacuate Collection Set: 127.56ms
[2025-10-14T10:55:47.493+0300][15.185s][info][gc,phases   ] GC(42)   Post Evacuate Collection Set: 0.53ms
[2025-10-14T10:55:47.493+0300][15.185s][info][gc,phases   ] GC(42)   Other: 0.09ms
[2025-10-14T10:55:47.493+0300][15.185s][info][gc,heap     ] GC(42) Eden regions: 204->0(235)
[2025-10-14T10:55:47.493+0300][15.185s][info][gc,heap     ] GC(42) Survivor regions: 22->29(29)
[2025-10-14T10:55:47.493+0300][15.185s][info][gc,heap     ] GC(42) Old regions: 507->557
[2025-10-14T10:55:47.493+0300][15.185s][info][gc,heap     ] GC(42) Humongous regions: 0->0
[2025-10-14T10:55:47.493+0300][15.185s][info][gc,metaspace] GC(42) Metaspace: 3784K(3968K)->3784K(3968K) NonClass: 3366K(3456K)->3366K(3456K) Class: 418K(512K)->418K(512K)
[2025-10-14T10:55:47.493+0300][15.185s][info][gc          ] GC(42) Pause Young (Normal) (G1 Evacuation Pause) 2922M->2333M(7504M) 128.641ms
[2025-10-14T10:55:47.493+0300][15.185s][info][gc,cpu      ] GC(42) User=0.03s Sys=0.29s Real=0.13s
[2025-10-14T10:55:47.666+0300][15.358s][info][gc,start    ] GC(43) Pause Young (Normal) (G1 Evacuation Pause)
[2025-10-14T10:55:47.666+0300][15.358s][info][gc,task     ] GC(43) Using 9 workers of 9 for evacuation
[2025-10-14T10:55:47.747+0300][15.438s][info][gc,phases   ] GC(43)   Pre Evacuate Collection Set: 0.15ms
[2025-10-14T10:55:47.747+0300][15.438s][info][gc,phases   ] GC(43)   Merge Heap Roots: 0.10ms
[2025-10-14T10:55:47.747+0300][15.438s][info][gc,phases   ] GC(43)   Evacuate Collection Set: 80.16ms
[2025-10-14T10:55:47.747+0300][15.438s][info][gc,phases   ] GC(43)   Post Evacuate Collection Set: 0.30ms
[2025-10-14T10:55:47.747+0300][15.438s][info][gc,phases   ] GC(43)   Other: 0.08ms
[2025-10-14T10:55:47.747+0300][15.438s][info][gc,heap     ] GC(43) Eden regions: 235->0(348)
[2025-10-14T10:55:47.747+0300][15.438s][info][gc,heap     ] GC(43) Survivor regions: 29->33(33)
[2025-10-14T10:55:47.747+0300][15.439s][info][gc,heap     ] GC(43) Old regions: 557->602
[2025-10-14T10:55:47.747+0300][15.439s][info][gc,heap     ] GC(43) Humongous regions: 0->0
[2025-10-14T10:55:47.747+0300][15.439s][info][gc,metaspace] GC(43) Metaspace: 3784K(3968K)->3784K(3968K) NonClass: 3366K(3456K)->3366K(3456K) Class: 418K(512K)->418K(512K)
[2025-10-14T10:55:47.747+0300][15.439s][info][gc          ] GC(43) Pause Young (Normal) (G1 Evacuation Pause) 3273M->2532M(7504M) 80.991ms
[2025-10-14T10:55:47.747+0300][15.439s][info][gc,cpu      ] GC(43) User=0.04s Sys=0.21s Real=0.08s
[2025-10-14T10:55:47.868+0300][15.560s][info][gc,start    ] GC(44) Pause Young (Normal) (G1 Evacuation Pause)
[2025-10-14T10:55:47.868+0300][15.560s][info][gc,task     ] GC(44) Using 9 workers of 9 for evacuation
[2025-10-14T10:55:48.010+0300][15.702s][info][gc,phases   ] GC(44)   Pre Evacuate Collection Set: 0.18ms
[2025-10-14T10:55:48.010+0300][15.702s][info][gc,phases   ] GC(44)   Merge Heap Roots: 0.08ms
[2025-10-14T10:55:48.010+0300][15.702s][info][gc,phases   ] GC(44)   Evacuate Collection Set: 141.27ms
[2025-10-14T10:55:48.010+0300][15.702s][info][gc,phases   ] GC(44)   Post Evacuate Collection Set: 0.30ms
[2025-10-14T10:55:48.010+0300][15.702s][info][gc,phases   ] GC(44)   Other: 0.09ms
[2025-10-14T10:55:48.010+0300][15.702s][info][gc,heap     ] GC(44) Eden regions: 348->0(355)
[2025-10-14T10:55:48.010+0300][15.702s][info][gc,heap     ] GC(44) Survivor regions: 33->48(48)
[2025-10-14T10:55:48.010+0300][15.702s][info][gc,heap     ] GC(44) Old regions: 602->633
[2025-10-14T10:55:48.010+0300][15.702s][info][gc,heap     ] GC(44) Humongous regions: 0->0
[2025-10-14T10:55:48.010+0300][15.702s][info][gc,metaspace] GC(44) Metaspace: 3784K(3968K)->3784K(3968K) NonClass: 3366K(3456K)->3366K(3456K) Class: 418K(512K)->418K(512K)
[2025-10-14T10:55:48.010+0300][15.702s][info][gc          ] GC(44) Pause Young (Normal) (G1 Evacuation Pause) 3924M->2715M(7504M) 142.193ms
[2025-10-14T10:55:48.010+0300][15.702s][info][gc,cpu      ] GC(44) User=0.03s Sys=0.45s Real=0.15s
[2025-10-14T10:55:48.111+0300][15.803s][info][gc,start    ] GC(45) Pause Young (Normal) (G1 Evacuation Pause)
[2025-10-14T10:55:48.111+0300][15.803s][info][gc,task     ] GC(45) Using 9 workers of 9 for evacuation
[2025-10-14T10:55:48.164+0300][15.856s][info][gc,phases   ] GC(45)   Pre Evacuate Collection Set: 0.22ms
[2025-10-14T10:55:48.164+0300][15.856s][info][gc,phases   ] GC(45)   Merge Heap Roots: 0.10ms
[2025-10-14T10:55:48.164+0300][15.856s][info][gc,phases   ] GC(45)   Evacuate Collection Set: 51.98ms
[2025-10-14T10:55:48.164+0300][15.856s][info][gc,phases   ] GC(45)   Post Evacuate Collection Set: 0.30ms
[2025-10-14T10:55:48.164+0300][15.856s][info][gc,phases   ] GC(45)   Other: 0.08ms
[2025-10-14T10:55:48.164+0300][15.856s][info][gc,heap     ] GC(45) Eden regions: 355->0(595)
[2025-10-14T10:55:48.164+0300][15.856s][info][gc,heap     ] GC(45) Survivor regions: 48->51(51)
[2025-10-14T10:55:48.164+0300][15.856s][info][gc,heap     ] GC(45) Old regions: 633->661
[2025-10-14T10:55:48.164+0300][15.856s][info][gc,heap     ] GC(45) Humongous regions: 0->0
[2025-10-14T10:55:48.164+0300][15.856s][info][gc,metaspace] GC(45) Metaspace: 3784K(3968K)->3784K(3968K) NonClass: 3366K(3456K)->3366K(3456K) Class: 418K(512K)->418K(512K)
[2025-10-14T10:55:48.164+0300][15.856s][info][gc          ] GC(45) Pause Young (Normal) (G1 Evacuation Pause) 4135M->2838M(7504M) 52.899ms
[2025-10-14T10:55:48.164+0300][15.856s][info][gc,cpu      ] GC(45) User=0.03s Sys=0.16s Real=0.05s
[2025-10-14T10:55:48.524+0300][16.215s][info][gc,start    ] GC(46) Pause Young (Normal) (G1 Evacuation Pause)
[2025-10-14T10:55:48.524+0300][16.216s][info][gc,task     ] GC(46) Using 9 workers of 9 for evacuation
[2025-10-14T10:55:48.588+0300][16.280s][info][gc,phases   ] GC(46)   Pre Evacuate Collection Set: 0.16ms
[2025-10-14T10:55:48.588+0300][16.280s][info][gc,phases   ] GC(46)   Merge Heap Roots: 0.15ms
[2025-10-14T10:55:48.588+0300][16.280s][info][gc,phases   ] GC(46)   Evacuate Collection Set: 63.41ms
[2025-10-14T10:55:48.588+0300][16.280s][info][gc,phases   ] GC(46)   Post Evacuate Collection Set: 0.58ms
[2025-10-14T10:55:48.588+0300][16.280s][info][gc,phases   ] GC(46)   Other: 0.13ms
[2025-10-14T10:55:48.588+0300][16.280s][info][gc,heap     ] GC(46) Eden regions: 595->0(895)
[2025-10-14T10:55:48.588+0300][16.280s][info][gc,heap     ] GC(46) Survivor regions: 51->79(81)
[2025-10-14T10:55:48.588+0300][16.280s][info][gc,heap     ] GC(46) Old regions: 661->661
[2025-10-14T10:55:48.589+0300][16.280s][info][gc,heap     ] GC(46) Humongous regions: 0->0
[2025-10-14T10:55:48.589+0300][16.280s][info][gc,metaspace] GC(46) Metaspace: 3784K(3968K)->3784K(3968K) NonClass: 3366K(3456K)->3366K(3456K) Class: 418K(512K)->418K(512K)
[2025-10-14T10:55:48.589+0300][16.280s][info][gc          ] GC(46) Pause Young (Normal) (G1 Evacuation Pause) 5218M->2949M(7780M) 64.704ms
[2025-10-14T10:55:48.589+0300][16.280s][info][gc,cpu      ] GC(46) User=0.04s Sys=0.21s Real=0.06s
[2025-10-14T10:55:49.081+0300][16.773s][info][gc,start    ] GC(47) Pause Young (Normal) (G1 Evacuation Pause)
[2025-10-14T10:55:49.081+0300][16.773s][info][gc,task     ] GC(47) Using 9 workers of 9 for evacuation
[2025-10-14T10:55:49.227+0300][16.919s][info][gc,phases   ] GC(47)   Pre Evacuate Collection Set: 0.25ms
[2025-10-14T10:55:49.227+0300][16.919s][info][gc,phases   ] GC(47)   Merge Heap Roots: 0.22ms
[2025-10-14T10:55:49.227+0300][16.919s][info][gc,phases   ] GC(47)   Evacuate Collection Set: 144.05ms
[2025-10-14T10:55:49.227+0300][16.919s][info][gc,phases   ] GC(47)   Post Evacuate Collection Set: 0.90ms
[2025-10-14T10:55:49.227+0300][16.919s][info][gc,phases   ] GC(47)   Other: 0.12ms
[2025-10-14T10:55:49.227+0300][16.919s][info][gc,heap     ] GC(47) Eden regions: 895->0(793)
[2025-10-14T10:55:49.227+0300][16.919s][info][gc,heap     ] GC(47) Survivor regions: 79->79(122)
[2025-10-14T10:55:49.227+0300][16.919s][info][gc,heap     ] GC(47) Old regions: 661->661
[2025-10-14T10:55:49.227+0300][16.919s][info][gc,heap     ] GC(47) Humongous regions: 0->0
[2025-10-14T10:55:49.227+0300][16.919s][info][gc,metaspace] GC(47) Metaspace: 3784K(3968K)->3784K(3968K) NonClass: 3366K(3456K)->3366K(3456K) Class: 418K(512K)->418K(512K)
[2025-10-14T10:55:49.227+0300][16.919s][info][gc          ] GC(47) Pause Young (Normal) (G1 Evacuation Pause) 6529M->2949M(7780M) 145.789ms
[2025-10-14T10:55:49.227+0300][16.919s][info][gc,cpu      ] GC(47) User=0.04s Sys=0.29s Real=0.14s
[2025-10-14T10:55:49.556+0300][17.248s][info][gc,start    ] GC(48) Pause Young (Normal) (G1 Evacuation Pause)
[2025-10-14T10:55:49.556+0300][17.248s][info][gc,task     ] GC(48) Using 9 workers of 9 for evacuation
[2025-10-14T10:55:49.565+0300][17.256s][info][gc,phases   ] GC(48)   Pre Evacuate Collection Set: 0.13ms
[2025-10-14T10:55:49.565+0300][17.256s][info][gc,phases   ] GC(48)   Merge Heap Roots: 0.16ms
[2025-10-14T10:55:49.565+0300][17.256s][info][gc,phases   ] GC(48)   Evacuate Collection Set: 7.40ms
[2025-10-14T10:55:49.565+0300][17.256s][info][gc,phases   ] GC(48)   Post Evacuate Collection Set: 0.45ms
[2025-10-14T10:55:49.565+0300][17.256s][info][gc,phases   ] GC(48)   Other: 0.09ms
[2025-10-14T10:55:49.565+0300][17.256s][info][gc,heap     ] GC(48) Eden regions: 793->0(937)
[2025-10-14T10:55:49.565+0300][17.256s][info][gc,heap     ] GC(48) Survivor regions: 79->79(109)
[2025-10-14T10:55:49.565+0300][17.256s][info][gc,heap     ] GC(48) Old regions: 661->661
[2025-10-14T10:55:49.565+0300][17.256s][info][gc,heap     ] GC(48) Humongous regions: 0->0
[2025-10-14T10:55:49.565+0300][17.256s][info][gc,metaspace] GC(48) Metaspace: 3784K(3968K)->3784K(3968K) NonClass: 3366K(3456K)->3366K(3456K) Class: 418K(512K)->418K(512K)
[2025-10-14T10:55:49.565+0300][17.256s][info][gc          ] GC(48) Pause Young (Normal) (G1 Evacuation Pause) 6121M->2949M(7780M) 8.550ms
[2025-10-14T10:55:49.565+0300][17.256s][info][gc,cpu      ] GC(48) User=0.04s Sys=0.00s Real=0.01s
[2025-10-14T10:55:49.819+0300][17.510s][info][gc,start    ] GC(49) Pause Young (Normal) (G1 Evacuation Pause)
[2025-10-14T10:55:49.819+0300][17.510s][info][gc,task     ] GC(49) Using 9 workers of 9 for evacuation
[2025-10-14T10:55:49.883+0300][17.574s][info][gc,phases   ] GC(49)   Pre Evacuate Collection Set: 0.13ms
[2025-10-14T10:55:49.883+0300][17.574s][info][gc,phases   ] GC(49)   Merge Heap Roots: 0.15ms
[2025-10-14T10:55:49.883+0300][17.574s][info][gc,phases   ] GC(49)   Evacuate Collection Set: 63.11ms
[2025-10-14T10:55:49.883+0300][17.574s][info][gc,phases   ] GC(49)   Post Evacuate Collection Set: 0.50ms
[2025-10-14T10:55:49.883+0300][17.574s][info][gc,phases   ] GC(49)   Other: 0.09ms
[2025-10-14T10:55:49.883+0300][17.574s][info][gc,heap     ] GC(49) Eden regions: 937->0(953)
[2025-10-14T10:55:49.883+0300][17.574s][info][gc,heap     ] GC(49) Survivor regions: 79->79(127)
[2025-10-14T10:55:49.883+0300][17.574s][info][gc,heap     ] GC(49) Old regions: 661->661
[2025-10-14T10:55:49.883+0300][17.574s][info][gc,heap     ] GC(49) Humongous regions: 0->0
[2025-10-14T10:55:49.883+0300][17.574s][info][gc,metaspace] GC(49) Metaspace: 3784K(3968K)->3784K(3968K) NonClass: 3366K(3456K)->3366K(3456K) Class: 418K(512K)->418K(512K)
[2025-10-14T10:55:49.883+0300][17.575s][info][gc          ] GC(49) Pause Young (Normal) (G1 Evacuation Pause) 6697M->2949M(7780M) 64.200ms
[2025-10-14T10:55:49.883+0300][17.575s][info][gc,cpu      ] GC(49) User=0.04s Sys=0.23s Real=0.07s
[2025-10-14T10:55:50.117+0300][17.809s][info][gc,start    ] GC(50) Pause Young (Normal) (G1 Evacuation Pause)
[2025-10-14T10:55:50.118+0300][17.809s][info][gc,task     ] GC(50) Using 9 workers of 9 for evacuation
[2025-10-14T10:55:50.159+0300][17.851s][info][gc,phases   ] GC(50)   Pre Evacuate Collection Set: 0.30ms
[2025-10-14T10:55:50.159+0300][17.851s][info][gc,phases   ] GC(50)   Merge Heap Roots: 0.23ms
[2025-10-14T10:55:50.159+0300][17.851s][info][gc,phases   ] GC(50)   Evacuate Collection Set: 40.21ms
[2025-10-14T10:55:50.159+0300][17.851s][info][gc,phases   ] GC(50)   Post Evacuate Collection Set: 0.53ms
[2025-10-14T10:55:50.159+0300][17.851s][info][gc,phases   ] GC(50)   Other: 0.13ms
[2025-10-14T10:55:50.159+0300][17.851s][info][gc,heap     ] GC(50) Eden regions: 953->0(966)
[2025-10-14T10:55:50.159+0300][17.851s][info][gc,heap     ] GC(50) Survivor regions: 79->79(129)
[2025-10-14T10:55:50.159+0300][17.851s][info][gc,heap     ] GC(50) Old regions: 661->661
[2025-10-14T10:55:50.159+0300][17.851s][info][gc,heap     ] GC(50) Humongous regions: 0->0
[2025-10-14T10:55:50.159+0300][17.851s][info][gc,metaspace] GC(50) Metaspace: 3784K(3968K)->3784K(3968K) NonClass: 3366K(3456K)->3366K(3456K) Class: 418K(512K)->418K(512K)
[2025-10-14T10:55:50.159+0300][17.851s][info][gc          ] GC(50) Pause Young (Normal) (G1 Evacuation Pause) 6761M->2949M(7780M) 41.758ms
[2025-10-14T10:55:50.159+0300][17.851s][info][gc,cpu      ] GC(50) User=0.04s Sys=0.11s Real=0.04s
[2025-10-14T10:55:50.423+0300][18.115s][info][gc,start    ] GC(51) Pause Young (Normal) (G1 Evacuation Pause)
[2025-10-14T10:55:50.423+0300][18.115s][info][gc,task     ] GC(51) Using 9 workers of 9 for evacuation
[2025-10-14T10:55:50.451+0300][18.142s][info][gc,phases   ] GC(51)   Pre Evacuate Collection Set: 0.19ms
[2025-10-14T10:55:50.451+0300][18.142s][info][gc,phases   ] GC(51)   Merge Heap Roots: 0.19ms
[2025-10-14T10:55:50.451+0300][18.142s][info][gc,phases   ] GC(51)   Evacuate Collection Set: 26.47ms
[2025-10-14T10:55:50.451+0300][18.142s][info][gc,phases   ] GC(51)   Post Evacuate Collection Set: 0.53ms
[2025-10-14T10:55:50.451+0300][18.142s][info][gc,phases   ] GC(51)   Other: 0.10ms
[2025-10-14T10:55:50.451+0300][18.142s][info][gc,heap     ] GC(51) Eden regions: 966->0(996)
[2025-10-14T10:55:50.451+0300][18.142s][info][gc,heap     ] GC(51) Survivor regions: 79->79(131)
[2025-10-14T10:55:50.451+0300][18.142s][info][gc,heap     ] GC(51) Old regions: 661->661
[2025-10-14T10:55:50.451+0300][18.142s][info][gc,heap     ] GC(51) Humongous regions: 0->0
[2025-10-14T10:55:50.451+0300][18.142s][info][gc,metaspace] GC(51) Metaspace: 3784K(3968K)->3784K(3968K) NonClass: 3366K(3456K)->3366K(3456K) Class: 418K(512K)->418K(512K)
[2025-10-14T10:55:50.451+0300][18.142s][info][gc          ] GC(51) Pause Young (Normal) (G1 Evacuation Pause) 6813M->2949M(7864M) 27.741ms
[2025-10-14T10:55:50.451+0300][18.142s][info][gc,cpu      ] GC(51) User=0.05s Sys=0.08s Real=0.03s
[2025-10-14T10:55:50.714+0300][18.405s][info][gc,start    ] GC(52) Pause Young (Normal) (G1 Evacuation Pause)
[2025-10-14T10:55:50.714+0300][18.405s][info][gc,task     ] GC(52) Using 9 workers of 9 for evacuation
[2025-10-14T10:55:50.733+0300][18.425s][info][gc,phases   ] GC(52)   Pre Evacuate Collection Set: 0.13ms
[2025-10-14T10:55:50.733+0300][18.425s][info][gc,phases   ] GC(52)   Merge Heap Roots: 0.14ms
[2025-10-14T10:55:50.733+0300][18.425s][info][gc,phases   ] GC(52)   Evacuate Collection Set: 18.43ms
[2025-10-14T10:55:50.733+0300][18.425s][info][gc,phases   ] GC(52)   Post Evacuate Collection Set: 0.44ms
[2025-10-14T10:55:50.733+0300][18.425s][info][gc,phases   ] GC(52)   Other: 0.10ms
[2025-10-14T10:55:50.733+0300][18.425s][info][gc,heap     ] GC(52) Eden regions: 996->0(1007)
[2025-10-14T10:55:50.733+0300][18.425s][info][gc,heap     ] GC(52) Survivor regions: 79->79(135)
[2025-10-14T10:55:50.733+0300][18.425s][info][gc,heap     ] GC(52) Old regions: 661->661
[2025-10-14T10:55:50.733+0300][18.425s][info][gc,heap     ] GC(52) Humongous regions: 0->0
[2025-10-14T10:55:50.733+0300][18.425s][info][gc,metaspace] GC(52) Metaspace: 3784K(3968K)->3784K(3968K) NonClass: 3366K(3456K)->3366K(3456K) Class: 418K(512K)->418K(512K)
[2025-10-14T10:55:50.733+0300][18.425s][info][gc          ] GC(52) Pause Young (Normal) (G1 Evacuation Pause) 6933M->2949M(7864M) 19.477ms
[2025-10-14T10:55:50.733+0300][18.425s][info][gc,cpu      ] GC(52) User=0.05s Sys=0.05s Real=0.02s
[2025-10-14T10:55:51.029+0300][18.720s][info][gc,start    ] GC(53) Pause Young (Normal) (G1 Evacuation Pause)
[2025-10-14T10:55:51.029+0300][18.720s][info][gc,task     ] GC(53) Using 9 workers of 9 for evacuation
[2025-10-14T10:55:51.049+0300][18.741s][info][gc,phases   ] GC(53)   Pre Evacuate Collection Set: 0.11ms
[2025-10-14T10:55:51.050+0300][18.741s][info][gc,phases   ] GC(53)   Merge Heap Roots: 0.14ms
[2025-10-14T10:55:51.050+0300][18.741s][info][gc,phases   ] GC(53)   Evacuate Collection Set: 19.88ms
[2025-10-14T10:55:51.050+0300][18.741s][info][gc,phases   ] GC(53)   Post Evacuate Collection Set: 0.47ms
[2025-10-14T10:55:51.050+0300][18.741s][info][gc,phases   ] GC(53)   Other: 0.11ms
[2025-10-14T10:55:51.050+0300][18.741s][info][gc,heap     ] GC(53) Eden regions: 1007->0(1015)
[2025-10-14T10:55:51.050+0300][18.741s][info][gc,heap     ] GC(53) Survivor regions: 79->79(136)
[2025-10-14T10:55:51.050+0300][18.741s][info][gc,heap     ] GC(53) Old regions: 661->661
[2025-10-14T10:55:51.050+0300][18.741s][info][gc,heap     ] GC(53) Humongous regions: 0->0
[2025-10-14T10:55:51.050+0300][18.741s][info][gc,metaspace] GC(53) Metaspace: 3784K(3968K)->3784K(3968K) NonClass: 3366K(3456K)->3366K(3456K) Class: 418K(512K)->418K(512K)
[2025-10-14T10:55:51.050+0300][18.741s][info][gc          ] GC(53) Pause Young (Normal) (G1 Evacuation Pause) 6977M->2949M(7864M) 20.983ms
[2025-10-14T10:55:51.050+0300][18.741s][info][gc,cpu      ] GC(53) User=0.05s Sys=0.05s Real=0.03s
[2025-10-14T10:55:51.326+0300][19.018s][info][gc,start    ] GC(54) Pause Young (Normal) (G1 Evacuation Pause)
[2025-10-14T10:55:51.327+0300][19.018s][info][gc,task     ] GC(54) Using 9 workers of 9 for evacuation
[2025-10-14T10:55:51.357+0300][19.049s][info][gc,phases   ] GC(54)   Pre Evacuate Collection Set: 0.12ms
[2025-10-14T10:55:51.357+0300][19.049s][info][gc,phases   ] GC(54)   Merge Heap Roots: 0.13ms
[2025-10-14T10:55:51.357+0300][19.049s][info][gc,phases   ] GC(54)   Evacuate Collection Set: 28.98ms
[2025-10-14T10:55:51.357+0300][19.049s][info][gc,phases   ] GC(54)   Post Evacuate Collection Set: 1.44ms
[2025-10-14T10:55:51.358+0300][19.049s][info][gc,phases   ] GC(54)   Other: 0.16ms
[2025-10-14T10:55:51.358+0300][19.049s][info][gc,heap     ] GC(54) Eden regions: 1015->0(1021)
[2025-10-14T10:55:51.358+0300][19.049s][info][gc,heap     ] GC(54) Survivor regions: 79->79(137)
[2025-10-14T10:55:51.358+0300][19.049s][info][gc,heap     ] GC(54) Old regions: 661->661
[2025-10-14T10:55:51.358+0300][19.049s][info][gc,heap     ] GC(54) Humongous regions: 0->0
[2025-10-14T10:55:51.358+0300][19.049s][info][gc,metaspace] GC(54) Metaspace: 3784K(3968K)->3784K(3968K) NonClass: 3366K(3456K)->3366K(3456K) Class: 418K(512K)->418K(512K)
[2025-10-14T10:55:51.358+0300][19.049s][info][gc          ] GC(54) Pause Young (Normal) (G1 Evacuation Pause) 7009M->2949M(7864M) 31.132ms
[2025-10-14T10:55:51.358+0300][19.049s][info][gc,cpu      ] GC(54) User=0.04s Sys=0.07s Real=0.03s
[2025-10-14T10:55:51.640+0300][19.332s][info][gc,start    ] GC(55) Pause Young (Normal) (G1 Evacuation Pause)
[2025-10-14T10:55:51.640+0300][19.332s][info][gc,task     ] GC(55) Using 9 workers of 9 for evacuation
[2025-10-14T10:55:51.682+0300][19.373s][info][gc,phases   ] GC(55)   Pre Evacuate Collection Set: 0.20ms
[2025-10-14T10:55:51.682+0300][19.373s][info][gc,phases   ] GC(55)   Merge Heap Roots: 0.43ms
[2025-10-14T10:55:51.682+0300][19.373s][info][gc,phases   ] GC(55)   Evacuate Collection Set: 40.32ms
[2025-10-14T10:55:51.682+0300][19.373s][info][gc,phases   ] GC(55)   Post Evacuate Collection Set: 0.47ms
[2025-10-14T10:55:51.682+0300][19.373s][info][gc,phases   ] GC(55)   Other: 0.11ms
[2025-10-14T10:55:51.682+0300][19.373s][info][gc,heap     ] GC(55) Eden regions: 1021->0(1026)
[2025-10-14T10:55:51.682+0300][19.373s][info][gc,heap     ] GC(55) Survivor regions: 79->79(138)
[2025-10-14T10:55:51.682+0300][19.373s][info][gc,heap     ] GC(55) Old regions: 661->661
[2025-10-14T10:55:51.682+0300][19.373s][info][gc,heap     ] GC(55) Humongous regions: 0->0
[2025-10-14T10:55:51.682+0300][19.373s][info][gc,metaspace] GC(55) Metaspace: 3784K(3968K)->3784K(3968K) NonClass: 3366K(3456K)->3366K(3456K) Class: 418K(512K)->418K(512K)
[2025-10-14T10:55:51.682+0300][19.373s][info][gc          ] GC(55) Pause Young (Normal) (G1 Evacuation Pause) 7033M->2949M(7864M) 41.821ms
[2025-10-14T10:55:51.682+0300][19.373s][info][gc,cpu      ] GC(55) User=0.03s Sys=0.05s Real=0.04s
[2025-10-14T10:55:51.972+0300][19.664s][info][gc,start    ] GC(56) Pause Young (Normal) (G1 Evacuation Pause)
[2025-10-14T10:55:51.972+0300][19.664s][info][gc,task     ] GC(56) Using 9 workers of 9 for evacuation
[2025-10-14T10:55:52.010+0300][19.701s][info][gc,phases   ] GC(56)   Pre Evacuate Collection Set: 0.37ms
[2025-10-14T10:55:52.010+0300][19.701s][info][gc,phases   ] GC(56)   Merge Heap Roots: 0.22ms
[2025-10-14T10:55:52.010+0300][19.701s][info][gc,phases   ] GC(56)   Evacuate Collection Set: 35.92ms
[2025-10-14T10:55:52.010+0300][19.701s][info][gc,phases   ] GC(56)   Post Evacuate Collection Set: 0.92ms
[2025-10-14T10:55:52.010+0300][19.701s][info][gc,phases   ] GC(56)   Other: 0.11ms
[2025-10-14T10:55:52.010+0300][19.701s][info][gc,heap     ] GC(56) Eden regions: 1026->0(1030)
[2025-10-14T10:55:52.010+0300][19.701s][info][gc,heap     ] GC(56) Survivor regions: 79->79(139)
[2025-10-14T10:55:52.010+0300][19.701s][info][gc,heap     ] GC(56) Old regions: 661->661
[2025-10-14T10:55:52.010+0300][19.701s][info][gc,heap     ] GC(56) Humongous regions: 0->0
[2025-10-14T10:55:52.010+0300][19.701s][info][gc,metaspace] GC(56) Metaspace: 3784K(3968K)->3784K(3968K) NonClass: 3366K(3456K)->3366K(3456K) Class: 418K(512K)->418K(512K)
[2025-10-14T10:55:52.010+0300][19.701s][info][gc          ] GC(56) Pause Young (Normal) (G1 Evacuation Pause) 7053M->2949M(7864M) 37.849ms
[2025-10-14T10:55:52.010+0300][19.701s][info][gc,cpu      ] GC(56) User=0.04s Sys=0.04s Real=0.04s
[2025-10-14T10:55:52.319+0300][20.010s][info][gc,start    ] GC(57) Pause Young (Normal) (G1 Evacuation Pause)
[2025-10-14T10:55:52.319+0300][20.010s][info][gc,task     ] GC(57) Using 9 workers of 9 for evacuation
[2025-10-14T10:55:52.331+0300][20.023s][info][gc,phases   ] GC(57)   Pre Evacuate Collection Set: 0.13ms
[2025-10-14T10:55:52.331+0300][20.023s][info][gc,phases   ] GC(57)   Merge Heap Roots: 0.18ms
[2025-10-14T10:55:52.331+0300][20.023s][info][gc,phases   ] GC(57)   Evacuate Collection Set: 11.35ms
[2025-10-14T10:55:52.331+0300][20.023s][info][gc,phases   ] GC(57)   Post Evacuate Collection Set: 0.79ms
[2025-10-14T10:55:52.331+0300][20.023s][info][gc,phases   ] GC(57)   Other: 0.12ms
[2025-10-14T10:55:52.331+0300][20.023s][info][gc,heap     ] GC(57) Eden regions: 1030->0(1040)
[2025-10-14T10:55:52.332+0300][20.023s][info][gc,heap     ] GC(57) Survivor regions: 79->79(139)
[2025-10-14T10:55:52.332+0300][20.023s][info][gc,heap     ] GC(57) Old regions: 661->661
[2025-10-14T10:55:52.332+0300][20.023s][info][gc,heap     ] GC(57) Humongous regions: 0->0
[2025-10-14T10:55:52.332+0300][20.023s][info][gc,metaspace] GC(57) Metaspace: 3784K(3968K)->3784K(3968K) NonClass: 3366K(3456K)->3366K(3456K) Class: 418K(512K)->418K(512K)
[2025-10-14T10:55:52.332+0300][20.023s][info][gc          ] GC(57) Pause Young (Normal) (G1 Evacuation Pause) 7069M->2949M(7892M) 12.857ms
[2025-10-14T10:55:52.332+0300][20.023s][info][gc,cpu      ] GC(57) User=0.05s Sys=0.02s Real=0.02s
[2025-10-14T10:55:52.634+0300][20.325s][info][gc,start    ] GC(58) Pause Young (Normal) (G1 Evacuation Pause)
[2025-10-14T10:55:52.634+0300][20.325s][info][gc,task     ] GC(58) Using 9 workers of 9 for evacuation
[2025-10-14T10:55:52.646+0300][20.337s][info][gc,phases   ] GC(58)   Pre Evacuate Collection Set: 0.21ms
[2025-10-14T10:55:52.646+0300][20.337s][info][gc,phases   ] GC(58)   Merge Heap Roots: 0.18ms
[2025-10-14T10:55:52.646+0300][20.337s][info][gc,phases   ] GC(58)   Evacuate Collection Set: 11.09ms
[2025-10-14T10:55:52.646+0300][20.337s][info][gc,phases   ] GC(58)   Post Evacuate Collection Set: 0.44ms
[2025-10-14T10:55:52.646+0300][20.337s][info][gc,phases   ] GC(58)   Other: 0.09ms
[2025-10-14T10:55:52.646+0300][20.337s][info][gc,heap     ] GC(58) Eden regions: 1040->0(1043)
[2025-10-14T10:55:52.646+0300][20.338s][info][gc,heap     ] GC(58) Survivor regions: 79->79(140)
[2025-10-14T10:55:52.646+0300][20.338s][info][gc,heap     ] GC(58) Old regions: 661->661
[2025-10-14T10:55:52.646+0300][20.338s][info][gc,heap     ] GC(58) Humongous regions: 0->0
[2025-10-14T10:55:52.646+0300][20.338s][info][gc,metaspace] GC(58) Metaspace: 3784K(3968K)->3784K(3968K) NonClass: 3366K(3456K)->3366K(3456K) Class: 418K(512K)->418K(512K)
[2025-10-14T10:55:52.646+0300][20.338s][info][gc          ] GC(58) Pause Young (Normal) (G1 Evacuation Pause) 7109M->2949M(7892M) 12.235ms
[2025-10-14T10:55:52.646+0300][20.338s][info][gc,cpu      ] GC(58) User=0.05s Sys=0.03s Real=0.01s
[2025-10-14T10:55:52.925+0300][20.617s][info][gc,start    ] GC(59) Pause Young (Normal) (G1 Evacuation Pause)
[2025-10-14T10:55:52.925+0300][20.617s][info][gc,task     ] GC(59) Using 9 workers of 9 for evacuation
[2025-10-14T10:55:52.941+0300][20.632s][info][gc,phases   ] GC(59)   Pre Evacuate Collection Set: 0.26ms
[2025-10-14T10:55:52.941+0300][20.632s][info][gc,phases   ] GC(59)   Merge Heap Roots: 0.22ms
[2025-10-14T10:55:52.941+0300][20.632s][info][gc,phases   ] GC(59)   Evacuate Collection Set: 14.52ms
[2025-10-14T10:55:52.941+0300][20.632s][info][gc,phases   ] GC(59)   Post Evacuate Collection Set: 0.45ms
[2025-10-14T10:55:52.941+0300][20.633s][info][gc,phases   ] GC(59)   Other: 0.12ms
[2025-10-14T10:55:52.941+0300][20.633s][info][gc,heap     ] GC(59) Eden regions: 1043->0(1046)
[2025-10-14T10:55:52.941+0300][20.633s][info][gc,heap     ] GC(59) Survivor regions: 79->79(141)
[2025-10-14T10:55:52.941+0300][20.633s][info][gc,heap     ] GC(59) Old regions: 661->661
[2025-10-14T10:55:52.941+0300][20.633s][info][gc,heap     ] GC(59) Humongous regions: 0->0
[2025-10-14T10:55:52.941+0300][20.633s][info][gc,metaspace] GC(59) Metaspace: 3784K(3968K)->3784K(3968K) NonClass: 3366K(3456K)->3366K(3456K) Class: 418K(512K)->418K(512K)
[2025-10-14T10:55:52.941+0300][20.633s][info][gc          ] GC(59) Pause Young (Normal) (G1 Evacuation Pause) 7121M->2949M(7892M) 15.824ms
[2025-10-14T10:55:52.941+0300][20.633s][info][gc,cpu      ] GC(59) User=0.05s Sys=0.03s Real=0.02s
[2025-10-14T10:55:53.210+0300][20.902s][info][gc,start    ] GC(60) Pause Young (Normal) (G1 Evacuation Pause)
[2025-10-14T10:55:53.210+0300][20.902s][info][gc,task     ] GC(60) Using 9 workers of 9 for evacuation
[2025-10-14T10:55:53.220+0300][20.912s][info][gc,phases   ] GC(60)   Pre Evacuate Collection Set: 0.22ms
[2025-10-14T10:55:53.221+0300][20.912s][info][gc,phases   ] GC(60)   Merge Heap Roots: 0.13ms
[2025-10-14T10:55:53.221+0300][20.912s][info][gc,phases   ] GC(60)   Evacuate Collection Set: 9.58ms
[2025-10-14T10:55:53.221+0300][20.912s][info][gc,phases   ] GC(60)   Post Evacuate Collection Set: 0.45ms
[2025-10-14T10:55:53.221+0300][20.912s][info][gc,phases   ] GC(60)   Other: 0.09ms
[2025-10-14T10:55:53.221+0300][20.912s][info][gc,heap     ] GC(60) Eden regions: 1046->0(1048)
[2025-10-14T10:55:53.221+0300][20.912s][info][gc,heap     ] GC(60) Survivor regions: 79->79(141)
[2025-10-14T10:55:53.221+0300][20.912s][info][gc,heap     ] GC(60) Old regions: 661->661
[2025-10-14T10:55:53.221+0300][20.912s][info][gc,heap     ] GC(60) Humongous regions: 0->0
[2025-10-14T10:55:53.221+0300][20.912s][info][gc,metaspace] GC(60) Metaspace: 3784K(3968K)->3784K(3968K) NonClass: 3366K(3456K)->3366K(3456K) Class: 418K(512K)->418K(512K)
[2025-10-14T10:55:53.221+0300][20.912s][info][gc          ] GC(60) Pause Young (Normal) (G1 Evacuation Pause) 7133M->2949M(7892M) 10.676ms
[2025-10-14T10:55:53.221+0300][20.912s][info][gc,cpu      ] GC(60) User=0.05s Sys=0.02s Real=0.01s
[2025-10-14T10:55:53.500+0300][21.191s][info][gc,start    ] GC(61) Pause Young (Normal) (G1 Evacuation Pause)
[2025-10-14T10:55:53.500+0300][21.191s][info][gc,task     ] GC(61) Using 9 workers of 9 for evacuation
[2025-10-14T10:55:53.511+0300][21.203s][info][gc,phases   ] GC(61)   Pre Evacuate Collection Set: 0.21ms
[2025-10-14T10:55:53.511+0300][21.203s][info][gc,phases   ] GC(61)   Merge Heap Roots: 0.20ms
[2025-10-14T10:55:53.511+0300][21.203s][info][gc,phases   ] GC(61)   Evacuate Collection Set: 10.33ms
[2025-10-14T10:55:53.511+0300][21.203s][info][gc,phases   ] GC(61)   Post Evacuate Collection Set: 0.55ms
[2025-10-14T10:55:53.511+0300][21.203s][info][gc,phases   ] GC(61)   Other: 0.12ms
[2025-10-14T10:55:53.511+0300][21.203s][info][gc,heap     ] GC(61) Eden regions: 1048->0(1050)
[2025-10-14T10:55:53.511+0300][21.203s][info][gc,heap     ] GC(61) Survivor regions: 79->79(141)
[2025-10-14T10:55:53.511+0300][21.203s][info][gc,heap     ] GC(61) Old regions: 661->661
[2025-10-14T10:55:53.511+0300][21.203s][info][gc,heap     ] GC(61) Humongous regions: 0->0
[2025-10-14T10:55:53.511+0300][21.203s][info][gc,metaspace] GC(61) Metaspace: 3784K(3968K)->3784K(3968K) NonClass: 3366K(3456K)->3366K(3456K) Class: 418K(512K)->418K(512K)
[2025-10-14T10:55:53.511+0300][21.203s][info][gc          ] GC(61) Pause Young (Normal) (G1 Evacuation Pause) 7141M->2949M(7892M) 11.697ms
[2025-10-14T10:55:53.511+0300][21.203s][info][gc,cpu      ] GC(61) User=0.05s Sys=0.02s Real=0.01s
[2025-10-14T10:55:53.788+0300][21.480s][info][gc,start    ] GC(62) Pause Young (Normal) (G1 Evacuation Pause)
[2025-10-14T10:55:53.789+0300][21.480s][info][gc,task     ] GC(62) Using 9 workers of 9 for evacuation
[2025-10-14T10:55:53.803+0300][21.494s][info][gc,phases   ] GC(62)   Pre Evacuate Collection Set: 0.29ms
[2025-10-14T10:55:53.803+0300][21.494s][info][gc,phases   ] GC(62)   Merge Heap Roots: 0.19ms
[2025-10-14T10:55:53.803+0300][21.494s][info][gc,phases   ] GC(62)   Evacuate Collection Set: 13.02ms
[2025-10-14T10:55:53.803+0300][21.494s][info][gc,phases   ] GC(62)   Post Evacuate Collection Set: 0.60ms
[2025-10-14T10:55:53.803+0300][21.495s][info][gc,phases   ] GC(62)   Other: 0.10ms
[2025-10-14T10:55:53.803+0300][21.495s][info][gc,heap     ] GC(62) Eden regions: 1050->0(1051)
[2025-10-14T10:55:53.803+0300][21.495s][info][gc,heap     ] GC(62) Survivor regions: 79->79(142)
[2025-10-14T10:55:53.803+0300][21.495s][info][gc,heap     ] GC(62) Old regions: 661->661
[2025-10-14T10:55:53.803+0300][21.495s][info][gc,heap     ] GC(62) Humongous regions: 0->0
[2025-10-14T10:55:53.803+0300][21.495s][info][gc,metaspace] GC(62) Metaspace: 3784K(3968K)->3784K(3968K) NonClass: 3366K(3456K)->3366K(3456K) Class: 418K(512K)->418K(512K)
[2025-10-14T10:55:53.803+0300][21.495s][info][gc          ] GC(62) Pause Young (Normal) (G1 Evacuation Pause) 7149M->2949M(7892M) 14.495ms
[2025-10-14T10:55:53.803+0300][21.495s][info][gc,cpu      ] GC(62) User=0.04s Sys=0.01s Real=0.02s
[2025-10-14T10:55:54.080+0300][21.772s][info][gc,start    ] GC(63) Pause Young (Normal) (G1 Evacuation Pause)
[2025-10-14T10:55:54.081+0300][21.772s][info][gc,task     ] GC(63) Using 9 workers of 9 for evacuation
[2025-10-14T10:55:54.092+0300][21.784s][info][gc,phases   ] GC(63)   Pre Evacuate Collection Set: 0.12ms
[2025-10-14T10:55:54.093+0300][21.784s][info][gc,phases   ] GC(63)   Merge Heap Roots: 0.18ms
[2025-10-14T10:55:54.093+0300][21.784s][info][gc,phases   ] GC(63)   Evacuate Collection Set: 11.08ms
[2025-10-14T10:55:54.093+0300][21.784s][info][gc,phases   ] GC(63)   Post Evacuate Collection Set: 0.46ms
[2025-10-14T10:55:54.093+0300][21.784s][info][gc,phases   ] GC(63)   Other: 0.11ms
[2025-10-14T10:55:54.093+0300][21.784s][info][gc,heap     ] GC(63) Eden regions: 1051->0(1052)
[2025-10-14T10:55:54.093+0300][21.784s][info][gc,heap     ] GC(63) Survivor regions: 79->79(142)
[2025-10-14T10:55:54.093+0300][21.784s][info][gc,heap     ] GC(63) Old regions: 661->661
[2025-10-14T10:55:54.093+0300][21.784s][info][gc,heap     ] GC(63) Humongous regions: 0->0
[2025-10-14T10:55:54.093+0300][21.784s][info][gc,metaspace] GC(63) Metaspace: 3784K(3968K)->3784K(3968K) NonClass: 3366K(3456K)->3366K(3456K) Class: 418K(512K)->418K(512K)
[2025-10-14T10:55:54.093+0300][21.784s][info][gc          ] GC(63) Pause Young (Normal) (G1 Evacuation Pause) 7153M->2949M(7892M) 12.245ms
[2025-10-14T10:55:54.093+0300][21.784s][info][gc,cpu      ] GC(63) User=0.05s Sys=0.02s Real=0.01s
[2025-10-14T10:55:54.382+0300][22.074s][info][gc,start    ] GC(64) Pause Young (Normal) (G1 Evacuation Pause)
[2025-10-14T10:55:54.383+0300][22.074s][info][gc,task     ] GC(64) Using 9 workers of 9 for evacuation
[2025-10-14T10:55:54.391+0300][22.083s][info][gc,phases   ] GC(64)   Pre Evacuate Collection Set: 0.23ms
[2025-10-14T10:55:54.391+0300][22.083s][info][gc,phases   ] GC(64)   Merge Heap Roots: 0.16ms
[2025-10-14T10:55:54.391+0300][22.083s][info][gc,phases   ] GC(64)   Evacuate Collection Set: 7.72ms
[2025-10-14T10:55:54.391+0300][22.083s][info][gc,phases   ] GC(64)   Post Evacuate Collection Set: 0.50ms
[2025-10-14T10:55:54.391+0300][22.083s][info][gc,phases   ] GC(64)   Other: 0.11ms
[2025-10-14T10:55:54.391+0300][22.083s][info][gc,heap     ] GC(64) Eden regions: 1052->0(1053)
[2025-10-14T10:55:54.391+0300][22.083s][info][gc,heap     ] GC(64) Survivor regions: 79->79(142)
[2025-10-14T10:55:54.391+0300][22.083s][info][gc,heap     ] GC(64) Old regions: 661->661
[2025-10-14T10:55:54.391+0300][22.083s][info][gc,heap     ] GC(64) Humongous regions: 0->0
[2025-10-14T10:55:54.391+0300][22.083s][info][gc,metaspace] GC(64) Metaspace: 3784K(3968K)->3784K(3968K) NonClass: 3366K(3456K)->3366K(3456K) Class: 418K(512K)->418K(512K)
[2025-10-14T10:55:54.391+0300][22.083s][info][gc          ] GC(64) Pause Young (Normal) (G1 Evacuation Pause) 7157M->2949M(7892M) 8.959ms
[2025-10-14T10:55:54.391+0300][22.083s][info][gc,cpu      ] GC(64) User=0.04s Sys=0.00s Real=0.01s
[2025-10-14T10:55:54.689+0300][22.381s][info][gc,start    ] GC(65) Pause Young (Normal) (G1 Evacuation Pause)
[2025-10-14T10:55:54.689+0300][22.381s][info][gc,task     ] GC(65) Using 9 workers of 9 for evacuation
[2025-10-14T10:55:54.697+0300][22.389s][info][gc,phases   ] GC(65)   Pre Evacuate Collection Set: 0.11ms
[2025-10-14T10:55:54.697+0300][22.389s][info][gc,phases   ] GC(65)   Merge Heap Roots: 0.17ms
[2025-10-14T10:55:54.698+0300][22.389s][info][gc,phases   ] GC(65)   Evacuate Collection Set: 7.32ms
[2025-10-14T10:55:54.698+0300][22.389s][info][gc,phases   ] GC(65)   Post Evacuate Collection Set: 0.43ms
[2025-10-14T10:55:54.698+0300][22.389s][info][gc,phases   ] GC(65)   Other: 0.09ms
[2025-10-14T10:55:54.698+0300][22.389s][info][gc,heap     ] GC(65) Eden regions: 1053->0(1054)
[2025-10-14T10:55:54.698+0300][22.389s][info][gc,heap     ] GC(65) Survivor regions: 79->79(142)
[2025-10-14T10:55:54.698+0300][22.389s][info][gc,heap     ] GC(65) Old regions: 661->661
[2025-10-14T10:55:54.698+0300][22.389s][info][gc,heap     ] GC(65) Humongous regions: 0->0
[2025-10-14T10:55:54.698+0300][22.389s][info][gc,metaspace] GC(65) Metaspace: 3784K(3968K)->3784K(3968K) NonClass: 3366K(3456K)->3366K(3456K) Class: 418K(512K)->418K(512K)
[2025-10-14T10:55:54.698+0300][22.389s][info][gc          ] GC(65) Pause Young (Normal) (G1 Evacuation Pause) 7161M->2949M(7892M) 8.380ms
[2025-10-14T10:55:54.698+0300][22.389s][info][gc,cpu      ] GC(65) User=0.05s Sys=0.01s Real=0.01s
[2025-10-14T10:55:54.996+0300][22.688s][info][gc,start    ] GC(66) Pause Young (Normal) (G1 Evacuation Pause)
[2025-10-14T10:55:54.996+0300][22.688s][info][gc,task     ] GC(66) Using 9 workers of 9 for evacuation
[2025-10-14T10:55:55.005+0300][22.696s][info][gc,phases   ] GC(66)   Pre Evacuate Collection Set: 0.22ms
[2025-10-14T10:55:55.005+0300][22.696s][info][gc,phases   ] GC(66)   Merge Heap Roots: 0.19ms
[2025-10-14T10:55:55.005+0300][22.696s][info][gc,phases   ] GC(66)   Evacuate Collection Set: 7.42ms
[2025-10-14T10:55:55.005+0300][22.696s][info][gc,phases   ] GC(66)   Post Evacuate Collection Set: 0.45ms
[2025-10-14T10:55:55.005+0300][22.696s][info][gc,phases   ] GC(66)   Other: 0.10ms
[2025-10-14T10:55:55.005+0300][22.696s][info][gc,heap     ] GC(66) Eden regions: 1054->0(1054)
[2025-10-14T10:55:55.005+0300][22.696s][info][gc,heap     ] GC(66) Survivor regions: 79->79(142)
[2025-10-14T10:55:55.005+0300][22.696s][info][gc,heap     ] GC(66) Old regions: 661->661
[2025-10-14T10:55:55.005+0300][22.696s][info][gc,heap     ] GC(66) Humongous regions: 0->0
[2025-10-14T10:55:55.005+0300][22.696s][info][gc,metaspace] GC(66) Metaspace: 3784K(3968K)->3784K(3968K) NonClass: 3366K(3456K)->3366K(3456K) Class: 418K(512K)->418K(512K)
[2025-10-14T10:55:55.005+0300][22.696s][info][gc          ] GC(66) Pause Young (Normal) (G1 Evacuation Pause) 7165M->2949M(7892M) 8.648ms
[2025-10-14T10:55:55.005+0300][22.696s][info][gc,cpu      ] GC(66) User=0.05s Sys=0.00s Real=0.01s
[2025-10-14T10:55:55.311+0300][23.002s][info][gc,start    ] GC(67) Pause Young (Normal) (G1 Evacuation Pause)
[2025-10-14T10:55:55.311+0300][23.002s][info][gc,task     ] GC(67) Using 9 workers of 9 for evacuation
[2025-10-14T10:55:55.318+0300][23.010s][info][gc,phases   ] GC(67)   Pre Evacuate Collection Set: 0.12ms
[2025-10-14T10:55:55.318+0300][23.010s][info][gc,phases   ] GC(67)   Merge Heap Roots: 0.17ms
[2025-10-14T10:55:55.318+0300][23.010s][info][gc,phases   ] GC(67)   Evacuate Collection Set: 6.58ms
[2025-10-14T10:55:55.318+0300][23.010s][info][gc,phases   ] GC(67)   Post Evacuate Collection Set: 0.47ms
[2025-10-14T10:55:55.318+0300][23.010s][info][gc,phases   ] GC(67)   Other: 0.10ms
[2025-10-14T10:55:55.318+0300][23.010s][info][gc,heap     ] GC(67) Eden regions: 1054->0(1055)
[2025-10-14T10:55:55.318+0300][23.010s][info][gc,heap     ] GC(67) Survivor regions: 79->79(142)
[2025-10-14T10:55:55.318+0300][23.010s][info][gc,heap     ] GC(67) Old regions: 661->661
[2025-10-14T10:55:55.318+0300][23.010s][info][gc,heap     ] GC(67) Humongous regions: 0->0
[2025-10-14T10:55:55.318+0300][23.010s][info][gc,metaspace] GC(67) Metaspace: 3784K(3968K)->3784K(3968K) NonClass: 3366K(3456K)->3366K(3456K) Class: 418K(512K)->418K(512K)
[2025-10-14T10:55:55.318+0300][23.010s][info][gc          ] GC(67) Pause Young (Normal) (G1 Evacuation Pause) 7165M->2949M(7892M) 7.689ms
[2025-10-14T10:55:55.318+0300][23.010s][info][gc,cpu      ] GC(67) User=0.05s Sys=0.00s Real=0.00s
[2025-10-14T10:55:55.604+0300][23.296s][info][gc,start    ] GC(68) Pause Young (Normal) (G1 Evacuation Pause)
[2025-10-14T10:55:55.604+0300][23.296s][info][gc,task     ] GC(68) Using 9 workers of 9 for evacuation
[2025-10-14T10:55:55.613+0300][23.305s][info][gc,phases   ] GC(68)   Pre Evacuate Collection Set: 0.29ms
[2025-10-14T10:55:55.613+0300][23.305s][info][gc,phases   ] GC(68)   Merge Heap Roots: 0.23ms
[2025-10-14T10:55:55.613+0300][23.305s][info][gc,phases   ] GC(68)   Evacuate Collection Set: 8.00ms
[2025-10-14T10:55:55.613+0300][23.305s][info][gc,phases   ] GC(68)   Post Evacuate Collection Set: 0.47ms
[2025-10-14T10:55:55.613+0300][23.305s][info][gc,phases   ] GC(68)   Other: 0.10ms
[2025-10-14T10:55:55.613+0300][23.305s][info][gc,heap     ] GC(68) Eden regions: 1055->0(1055)
[2025-10-14T10:55:55.613+0300][23.305s][info][gc,heap     ] GC(68) Survivor regions: 79->79(142)
[2025-10-14T10:55:55.613+0300][23.305s][info][gc,heap     ] GC(68) Old regions: 661->661
[2025-10-14T10:55:55.613+0300][23.305s][info][gc,heap     ] GC(68) Humongous regions: 0->0
[2025-10-14T10:55:55.613+0300][23.305s][info][gc,metaspace] GC(68) Metaspace: 3784K(3968K)->3784K(3968K) NonClass: 3366K(3456K)->3366K(3456K) Class: 418K(512K)->418K(512K)
[2025-10-14T10:55:55.613+0300][23.305s][info][gc          ] GC(68) Pause Young (Normal) (G1 Evacuation Pause) 7169M->2949M(7892M) 9.360ms
[2025-10-14T10:55:55.613+0300][23.305s][info][gc,cpu      ] GC(68) User=0.04s Sys=0.01s Real=0.01s
[2025-10-14T10:55:55.930+0300][23.622s][info][gc,start    ] GC(69) Pause Young (Normal) (G1 Evacuation Pause)
[2025-10-14T10:55:55.930+0300][23.622s][info][gc,task     ] GC(69) Using 9 workers of 9 for evacuation
[2025-10-14T10:55:55.940+0300][23.632s][info][gc,phases   ] GC(69)   Pre Evacuate Collection Set: 0.25ms
[2025-10-14T10:55:55.940+0300][23.632s][info][gc,phases   ] GC(69)   Merge Heap Roots: 0.13ms
[2025-10-14T10:55:55.940+0300][23.632s][info][gc,phases   ] GC(69)   Evacuate Collection Set: 8.96ms
[2025-10-14T10:55:55.940+0300][23.632s][info][gc,phases   ] GC(69)   Post Evacuate Collection Set: 0.51ms
[2025-10-14T10:55:55.940+0300][23.632s][info][gc,phases   ] GC(69)   Other: 0.17ms
[2025-10-14T10:55:55.940+0300][23.632s][info][gc,heap     ] GC(69) Eden regions: 1055->0(1056)
[2025-10-14T10:55:55.941+0300][23.632s][info][gc,heap     ] GC(69) Survivor regions: 79->79(142)
[2025-10-14T10:55:55.941+0300][23.632s][info][gc,heap     ] GC(69) Old regions: 661->661
[2025-10-14T10:55:55.941+0300][23.632s][info][gc,heap     ] GC(69) Humongous regions: 0->0
[2025-10-14T10:55:55.941+0300][23.632s][info][gc,metaspace] GC(69) Metaspace: 3784K(3968K)->3784K(3968K) NonClass: 3366K(3456K)->3366K(3456K) Class: 418K(512K)->418K(512K)
[2025-10-14T10:55:55.941+0300][23.632s][info][gc          ] GC(69) Pause Young (Normal) (G1 Evacuation Pause) 7169M->2949M(7892M) 10.448ms
[2025-10-14T10:55:55.941+0300][23.632s][info][gc,cpu      ] GC(69) User=0.05s Sys=0.01s Real=0.01s
[2025-10-14T10:55:56.239+0300][23.930s][info][gc,start    ] GC(70) Pause Young (Normal) (G1 Evacuation Pause)
[2025-10-14T10:55:56.239+0300][23.931s][info][gc,task     ] GC(70) Using 9 workers of 9 for evacuation
[2025-10-14T10:55:56.248+0300][23.940s][info][gc,phases   ] GC(70)   Pre Evacuate Collection Set: 0.16ms
[2025-10-14T10:55:56.248+0300][23.940s][info][gc,phases   ] GC(70)   Merge Heap Roots: 0.15ms
[2025-10-14T10:55:56.248+0300][23.940s][info][gc,phases   ] GC(70)   Evacuate Collection Set: 8.10ms
[2025-10-14T10:55:56.248+0300][23.940s][info][gc,phases   ] GC(70)   Post Evacuate Collection Set: 0.51ms
[2025-10-14T10:55:56.248+0300][23.940s][info][gc,phases   ] GC(70)   Other: 0.10ms
[2025-10-14T10:55:56.248+0300][23.940s][info][gc,heap     ] GC(70) Eden regions: 1056->0(1056)
[2025-10-14T10:55:56.248+0300][23.940s][info][gc,heap     ] GC(70) Survivor regions: 79->79(142)
[2025-10-14T10:55:56.248+0300][23.940s][info][gc,heap     ] GC(70) Old regions: 661->661
[2025-10-14T10:55:56.248+0300][23.940s][info][gc,heap     ] GC(70) Humongous regions: 0->0
[2025-10-14T10:55:56.248+0300][23.940s][info][gc,metaspace] GC(70) Metaspace: 3784K(3968K)->3784K(3968K) NonClass: 3366K(3456K)->3366K(3456K) Class: 418K(512K)->418K(512K)
[2025-10-14T10:55:56.248+0300][23.940s][info][gc          ] GC(70) Pause Young (Normal) (G1 Evacuation Pause) 7173M->2949M(7892M) 9.298ms
[2025-10-14T10:55:56.248+0300][23.940s][info][gc,cpu      ] GC(70) User=0.05s Sys=0.02s Real=0.01s
[2025-10-14T10:55:56.530+0300][24.221s][info][gc,start    ] GC(71) Pause Young (Normal) (G1 Evacuation Pause)
[2025-10-14T10:55:56.530+0300][24.221s][info][gc,task     ] GC(71) Using 9 workers of 9 for evacuation
[2025-10-14T10:55:56.540+0300][24.231s][info][gc,phases   ] GC(71)   Pre Evacuate Collection Set: 0.13ms
[2025-10-14T10:55:56.540+0300][24.231s][info][gc,phases   ] GC(71)   Merge Heap Roots: 0.19ms
[2025-10-14T10:55:56.540+0300][24.231s][info][gc,phases   ] GC(71)   Evacuate Collection Set: 8.76ms
[2025-10-14T10:55:56.540+0300][24.231s][info][gc,phases   ] GC(71)   Post Evacuate Collection Set: 0.51ms
[2025-10-14T10:55:56.540+0300][24.231s][info][gc,phases   ] GC(71)   Other: 0.11ms
[2025-10-14T10:55:56.540+0300][24.231s][info][gc,heap     ] GC(71) Eden regions: 1056->0(1056)
[2025-10-14T10:55:56.540+0300][24.231s][info][gc,heap     ] GC(71) Survivor regions: 79->79(142)
[2025-10-14T10:55:56.540+0300][24.231s][info][gc,heap     ] GC(71) Old regions: 661->661
[2025-10-14T10:55:56.540+0300][24.231s][info][gc,heap     ] GC(71) Humongous regions: 0->0
[2025-10-14T10:55:56.540+0300][24.231s][info][gc,metaspace] GC(71) Metaspace: 3784K(3968K)->3784K(3968K) NonClass: 3366K(3456K)->3366K(3456K) Class: 418K(512K)->418K(512K)
[2025-10-14T10:55:56.540+0300][24.231s][info][gc          ] GC(71) Pause Young (Normal) (G1 Evacuation Pause) 7173M->2949M(7892M) 9.988ms
[2025-10-14T10:55:56.540+0300][24.231s][info][gc,cpu      ] GC(71) User=0.05s Sys=0.02s Real=0.01s
[2025-10-14T10:55:56.990+0300][24.681s][info][gc,start    ] GC(72) Pause Young (Normal) (G1 Evacuation Pause)
[2025-10-14T10:55:56.990+0300][24.681s][info][gc,task     ] GC(72) Using 9 workers of 9 for evacuation
[2025-10-14T10:55:57.014+0300][24.706s][info][gc,phases   ] GC(72)   Pre Evacuate Collection Set: 1.96ms
[2025-10-14T10:55:57.014+0300][24.706s][info][gc,phases   ] GC(72)   Merge Heap Roots: 0.11ms
[2025-10-14T10:55:57.014+0300][24.706s][info][gc,phases   ] GC(72)   Evacuate Collection Set: 21.34ms
[2025-10-14T10:55:57.014+0300][24.706s][info][gc,phases   ] GC(72)   Post Evacuate Collection Set: 0.57ms
[2025-10-14T10:55:57.014+0300][24.706s][info][gc,phases   ] GC(72)   Other: 0.39ms
[2025-10-14T10:55:57.014+0300][24.706s][info][gc,heap     ] GC(72) Eden regions: 1056->0(1057)
[2025-10-14T10:55:57.014+0300][24.706s][info][gc,heap     ] GC(72) Survivor regions: 79->79(142)
[2025-10-14T10:55:57.014+0300][24.706s][info][gc,heap     ] GC(72) Old regions: 661->661
[2025-10-14T10:55:57.014+0300][24.706s][info][gc,heap     ] GC(72) Humongous regions: 0->0
[2025-10-14T10:55:57.014+0300][24.706s][info][gc,metaspace] GC(72) Metaspace: 3784K(3968K)->3784K(3968K) NonClass: 3366K(3456K)->3366K(3456K) Class: 418K(512K)->418K(512K)
[2025-10-14T10:55:57.014+0300][24.706s][info][gc          ] GC(72) Pause Young (Normal) (G1 Evacuation Pause) 7173M->2949M(7892M) 24.595ms
[2025-10-14T10:55:57.014+0300][24.706s][info][gc,cpu      ] GC(72) User=0.04s Sys=0.01s Real=0.02s
[2025-10-14T10:55:57.373+0300][25.064s][info][gc,start    ] GC(73) Pause Young (Normal) (G1 Evacuation Pause)
[2025-10-14T10:55:57.373+0300][25.064s][info][gc,task     ] GC(73) Using 9 workers of 9 for evacuation
[2025-10-14T10:55:57.384+0300][25.076s][info][gc,phases   ] GC(73)   Pre Evacuate Collection Set: 0.38ms
[2025-10-14T10:55:57.384+0300][25.076s][info][gc,phases   ] GC(73)   Merge Heap Roots: 0.24ms
[2025-10-14T10:55:57.384+0300][25.076s][info][gc,phases   ] GC(73)   Evacuate Collection Set: 10.04ms
[2025-10-14T10:55:57.384+0300][25.076s][info][gc,phases   ] GC(73)   Post Evacuate Collection Set: 0.49ms
[2025-10-14T10:55:57.384+0300][25.076s][info][gc,phases   ] GC(73)   Other: 0.10ms
[2025-10-14T10:55:57.385+0300][25.076s][info][gc,heap     ] GC(73) Eden regions: 1057->0(1056)
[2025-10-14T10:55:57.385+0300][25.076s][info][gc,heap     ] GC(73) Survivor regions: 79->79(142)
[2025-10-14T10:55:57.385+0300][25.076s][info][gc,heap     ] GC(73) Old regions: 661->661
[2025-10-14T10:55:57.385+0300][25.076s][info][gc,heap     ] GC(73) Humongous regions: 0->0
[2025-10-14T10:55:57.385+0300][25.076s][info][gc,metaspace] GC(73) Metaspace: 3784K(3968K)->3784K(3968K) NonClass: 3366K(3456K)->3366K(3456K) Class: 418K(512K)->418K(512K)
[2025-10-14T10:55:57.385+0300][25.077s][info][gc          ] GC(73) Pause Young (Normal) (G1 Evacuation Pause) 7177M->2949M(7892M) 12.477ms
[2025-10-14T10:55:57.385+0300][25.077s][info][gc,cpu      ] GC(73) User=0.05s Sys=0.01s Real=0.01s
[2025-10-14T10:55:57.679+0300][25.371s][info][gc,start    ] GC(74) Pause Young (Normal) (G1 Evacuation Pause)
[2025-10-14T10:55:57.679+0300][25.371s][info][gc,task     ] GC(74) Using 9 workers of 9 for evacuation
[2025-10-14T10:55:57.688+0300][25.380s][info][gc,phases   ] GC(74)   Pre Evacuate Collection Set: 0.24ms
[2025-10-14T10:55:57.688+0300][25.380s][info][gc,phases   ] GC(74)   Merge Heap Roots: 0.09ms
[2025-10-14T10:55:57.688+0300][25.380s][info][gc,phases   ] GC(74)   Evacuate Collection Set: 7.93ms
[2025-10-14T10:55:57.688+0300][25.380s][info][gc,phases   ] GC(74)   Post Evacuate Collection Set: 0.43ms
[2025-10-14T10:55:57.688+0300][25.380s][info][gc,phases   ] GC(74)   Other: 0.15ms
[2025-10-14T10:55:57.688+0300][25.380s][info][gc,heap     ] GC(74) Eden regions: 1056->0(1056)
[2025-10-14T10:55:57.688+0300][25.380s][info][gc,heap     ] GC(74) Survivor regions: 79->79(142)
[2025-10-14T10:55:57.688+0300][25.380s][info][gc,heap     ] GC(74) Old regions: 661->661
[2025-10-14T10:55:57.688+0300][25.380s][info][gc,heap     ] GC(74) Humongous regions: 0->0
[2025-10-14T10:55:57.688+0300][25.380s][info][gc,metaspace] GC(74) Metaspace: 3784K(3968K)->3784K(3968K) NonClass: 3366K(3456K)->3366K(3456K) Class: 418K(512K)->418K(512K)
[2025-10-14T10:55:57.688+0300][25.380s][info][gc          ] GC(74) Pause Young (Normal) (G1 Evacuation Pause) 7173M->2949M(7892M) 9.135ms
[2025-10-14T10:55:57.688+0300][25.380s][info][gc,cpu      ] GC(74) User=0.06s Sys=0.00s Real=0.01s
[2025-10-14T10:55:57.997+0300][25.688s][info][gc,start    ] GC(75) Pause Young (Normal) (G1 Evacuation Pause)
[2025-10-14T10:55:57.997+0300][25.688s][info][gc,task     ] GC(75) Using 9 workers of 9 for evacuation
[2025-10-14T10:55:58.004+0300][25.696s][info][gc,phases   ] GC(75)   Pre Evacuate Collection Set: 0.15ms
[2025-10-14T10:55:58.004+0300][25.696s][info][gc,phases   ] GC(75)   Merge Heap Roots: 0.17ms
[2025-10-14T10:55:58.004+0300][25.696s][info][gc,phases   ] GC(75)   Evacuate Collection Set: 6.49ms
[2025-10-14T10:55:58.004+0300][25.696s][info][gc,phases   ] GC(75)   Post Evacuate Collection Set: 0.44ms
[2025-10-14T10:55:58.004+0300][25.696s][info][gc,phases   ] GC(75)   Other: 0.11ms
[2025-10-14T10:55:58.004+0300][25.696s][info][gc,heap     ] GC(75) Eden regions: 1056->0(1056)
[2025-10-14T10:55:58.004+0300][25.696s][info][gc,heap     ] GC(75) Survivor regions: 79->79(142)
[2025-10-14T10:55:58.004+0300][25.696s][info][gc,heap     ] GC(75) Old regions: 661->661
[2025-10-14T10:55:58.004+0300][25.696s][info][gc,heap     ] GC(75) Humongous regions: 0->0
[2025-10-14T10:55:58.004+0300][25.696s][info][gc,metaspace] GC(75) Metaspace: 3784K(3968K)->3784K(3968K) NonClass: 3366K(3456K)->3366K(3456K) Class: 418K(512K)->418K(512K)
[2025-10-14T10:55:58.004+0300][25.696s][info][gc          ] GC(75) Pause Young (Normal) (G1 Evacuation Pause) 7173M->2949M(7892M) 7.598ms
[2025-10-14T10:55:58.004+0300][25.696s][info][gc,cpu      ] GC(75) User=0.05s Sys=0.01s Real=0.01s
[2025-10-14T10:55:58.325+0300][26.016s][info][gc,start    ] GC(76) Pause Young (Normal) (G1 Evacuation Pause)
[2025-10-14T10:55:58.325+0300][26.016s][info][gc,task     ] GC(76) Using 9 workers of 9 for evacuation
[2025-10-14T10:55:58.332+0300][26.024s][info][gc,phases   ] GC(76)   Pre Evacuate Collection Set: 0.18ms
[2025-10-14T10:55:58.332+0300][26.024s][info][gc,phases   ] GC(76)   Merge Heap Roots: 0.14ms
[2025-10-14T10:55:58.332+0300][26.024s][info][gc,phases   ] GC(76)   Evacuate Collection Set: 6.69ms
[2025-10-14T10:55:58.332+0300][26.024s][info][gc,phases   ] GC(76)   Post Evacuate Collection Set: 0.42ms
[2025-10-14T10:55:58.332+0300][26.024s][info][gc,phases   ] GC(76)   Other: 0.10ms
[2025-10-14T10:55:58.332+0300][26.024s][info][gc,heap     ] GC(76) Eden regions: 1056->0(1057)
[2025-10-14T10:55:58.332+0300][26.024s][info][gc,heap     ] GC(76) Survivor regions: 79->79(142)
[2025-10-14T10:55:58.332+0300][26.024s][info][gc,heap     ] GC(76) Old regions: 661->661
[2025-10-14T10:55:58.332+0300][26.024s][info][gc,heap     ] GC(76) Humongous regions: 0->0
[2025-10-14T10:55:58.332+0300][26.024s][info][gc,metaspace] GC(76) Metaspace: 3784K(3968K)->3784K(3968K) NonClass: 3366K(3456K)->3366K(3456K) Class: 418K(512K)->418K(512K)
[2025-10-14T10:55:58.332+0300][26.024s][info][gc          ] GC(76) Pause Young (Normal) (G1 Evacuation Pause) 7173M->2949M(7892M) 7.814ms
[2025-10-14T10:55:58.332+0300][26.024s][info][gc,cpu      ] GC(76) User=0.05s Sys=0.00s Real=0.01s
[2025-10-14T10:55:58.642+0300][26.333s][info][gc,start    ] GC(77) Pause Young (Normal) (G1 Evacuation Pause)
[2025-10-14T10:55:58.642+0300][26.333s][info][gc,task     ] GC(77) Using 9 workers of 9 for evacuation
[2025-10-14T10:55:58.650+0300][26.342s][info][gc,phases   ] GC(77)   Pre Evacuate Collection Set: 0.20ms
[2025-10-14T10:55:58.650+0300][26.342s][info][gc,phases   ] GC(77)   Merge Heap Roots: 0.17ms
[2025-10-14T10:55:58.650+0300][26.342s][info][gc,phases   ] GC(77)   Evacuate Collection Set: 7.68ms
[2025-10-14T10:55:58.650+0300][26.342s][info][gc,phases   ] GC(77)   Post Evacuate Collection Set: 0.42ms
[2025-10-14T10:55:58.650+0300][26.342s][info][gc,phases   ] GC(77)   Other: 0.10ms
[2025-10-14T10:55:58.650+0300][26.342s][info][gc,heap     ] GC(77) Eden regions: 1057->0(1057)
[2025-10-14T10:55:58.650+0300][26.342s][info][gc,heap     ] GC(77) Survivor regions: 79->79(142)
[2025-10-14T10:55:58.650+0300][26.342s][info][gc,heap     ] GC(77) Old regions: 661->661
[2025-10-14T10:55:58.650+0300][26.342s][info][gc,heap     ] GC(77) Humongous regions: 0->0
[2025-10-14T10:55:58.650+0300][26.342s][info][gc,metaspace] GC(77) Metaspace: 3784K(3968K)->3784K(3968K) NonClass: 3366K(3456K)->3366K(3456K) Class: 418K(512K)->418K(512K)
[2025-10-14T10:55:58.650+0300][26.342s][info][gc          ] GC(77) Pause Young (Normal) (G1 Evacuation Pause) 7177M->2949M(7892M) 8.812ms
[2025-10-14T10:55:58.650+0300][26.342s][info][gc,cpu      ] GC(77) User=0.05s Sys=0.00s Real=0.01s
[2025-10-14T10:55:58.950+0300][26.642s][info][gc,start    ] GC(78) Pause Young (Normal) (G1 Evacuation Pause)
[2025-10-14T10:55:58.950+0300][26.642s][info][gc,task     ] GC(78) Using 9 workers of 9 for evacuation
[2025-10-14T10:55:58.958+0300][26.649s][info][gc,phases   ] GC(78)   Pre Evacuate Collection Set: 0.21ms
[2025-10-14T10:55:58.958+0300][26.649s][info][gc,phases   ] GC(78)   Merge Heap Roots: 0.14ms
[2025-10-14T10:55:58.958+0300][26.649s][info][gc,phases   ] GC(78)   Evacuate Collection Set: 6.35ms
[2025-10-14T10:55:58.958+0300][26.649s][info][gc,phases   ] GC(78)   Post Evacuate Collection Set: 0.46ms
[2025-10-14T10:55:58.958+0300][26.649s][info][gc,phases   ] GC(78)   Other: 0.10ms
[2025-10-14T10:55:58.958+0300][26.649s][info][gc,heap     ] GC(78) Eden regions: 1057->0(1057)
[2025-10-14T10:55:58.958+0300][26.649s][info][gc,heap     ] GC(78) Survivor regions: 79->79(142)
[2025-10-14T10:55:58.958+0300][26.649s][info][gc,heap     ] GC(78) Old regions: 661->661
[2025-10-14T10:55:58.958+0300][26.649s][info][gc,heap     ] GC(78) Humongous regions: 0->0
[2025-10-14T10:55:58.958+0300][26.649s][info][gc,metaspace] GC(78) Metaspace: 3784K(3968K)->3784K(3968K) NonClass: 3366K(3456K)->3366K(3456K) Class: 418K(512K)->418K(512K)
[2025-10-14T10:55:58.958+0300][26.649s][info][gc          ] GC(78) Pause Young (Normal) (G1 Evacuation Pause) 7177M->2949M(7892M) 7.547ms
[2025-10-14T10:55:58.958+0300][26.649s][info][gc,cpu      ] GC(78) User=0.05s Sys=0.01s Real=0.00s
[2025-10-14T10:55:59.208+0300][26.900s][info][gc,start    ] GC(79) Pause Young (Normal) (G1 Evacuation Pause)
[2025-10-14T10:55:59.208+0300][26.900s][info][gc,task     ] GC(79) Using 9 workers of 9 for evacuation
[2025-10-14T10:55:59.216+0300][26.907s][info][gc,phases   ] GC(79)   Pre Evacuate Collection Set: 0.12ms
[2025-10-14T10:55:59.216+0300][26.907s][info][gc,phases   ] GC(79)   Merge Heap Roots: 0.16ms
[2025-10-14T10:55:59.216+0300][26.907s][info][gc,phases   ] GC(79)   Evacuate Collection Set: 6.67ms
[2025-10-14T10:55:59.216+0300][26.907s][info][gc,phases   ] GC(79)   Post Evacuate Collection Set: 0.45ms
[2025-10-14T10:55:59.216+0300][26.907s][info][gc,phases   ] GC(79)   Other: 0.10ms
[2025-10-14T10:55:59.216+0300][26.907s][info][gc,heap     ] GC(79) Eden regions: 1057->0(1057)
[2025-10-14T10:55:59.216+0300][26.907s][info][gc,heap     ] GC(79) Survivor regions: 79->79(142)
[2025-10-14T10:55:59.216+0300][26.907s][info][gc,heap     ] GC(79) Old regions: 661->661
[2025-10-14T10:55:59.216+0300][26.907s][info][gc,heap     ] GC(79) Humongous regions: 0->0
[2025-10-14T10:55:59.216+0300][26.907s][info][gc,metaspace] GC(79) Metaspace: 3784K(3968K)->3784K(3968K) NonClass: 3366K(3456K)->3366K(3456K) Class: 418K(512K)->418K(512K)
[2025-10-14T10:55:59.216+0300][26.907s][info][gc          ] GC(79) Pause Young (Normal) (G1 Evacuation Pause) 7177M->2949M(7892M) 7.768ms
[2025-10-14T10:55:59.216+0300][26.907s][info][gc,cpu      ] GC(79) User=0.06s Sys=0.00s Real=0.01s
[2025-10-14T10:55:59.490+0300][27.182s][info][gc,start    ] GC(80) Pause Young (Normal) (G1 Evacuation Pause)
[2025-10-14T10:55:59.490+0300][27.182s][info][gc,task     ] GC(80) Using 9 workers of 9 for evacuation
[2025-10-14T10:55:59.498+0300][27.190s][info][gc,phases   ] GC(80)   Pre Evacuate Collection Set: 0.17ms
[2025-10-14T10:55:59.498+0300][27.190s][info][gc,phases   ] GC(80)   Merge Heap Roots: 0.18ms
[2025-10-14T10:55:59.498+0300][27.190s][info][gc,phases   ] GC(80)   Evacuate Collection Set: 6.97ms
[2025-10-14T10:55:59.498+0300][27.190s][info][gc,phases   ] GC(80)   Post Evacuate Collection Set: 0.52ms
[2025-10-14T10:55:59.498+0300][27.190s][info][gc,phases   ] GC(80)   Other: 0.09ms
[2025-10-14T10:55:59.498+0300][27.190s][info][gc,heap     ] GC(80) Eden regions: 1057->0(1057)
[2025-10-14T10:55:59.498+0300][27.190s][info][gc,heap     ] GC(80) Survivor regions: 79->79(142)
[2025-10-14T10:55:59.498+0300][27.190s][info][gc,heap     ] GC(80) Old regions: 661->661
[2025-10-14T10:55:59.498+0300][27.190s][info][gc,heap     ] GC(80) Humongous regions: 0->0
[2025-10-14T10:55:59.498+0300][27.190s][info][gc,metaspace] GC(80) Metaspace: 3784K(3968K)->3784K(3968K) NonClass: 3366K(3456K)->3366K(3456K) Class: 418K(512K)->418K(512K)
[2025-10-14T10:55:59.498+0300][27.190s][info][gc          ] GC(80) Pause Young (Normal) (G1 Evacuation Pause) 7177M->2949M(7892M) 8.191ms
[2025-10-14T10:55:59.498+0300][27.190s][info][gc,cpu      ] GC(80) User=0.05s Sys=0.01s Real=0.00s
[2025-10-14T10:55:59.788+0300][27.479s][info][gc,start    ] GC(81) Pause Young (Normal) (G1 Evacuation Pause)
[2025-10-14T10:55:59.788+0300][27.479s][info][gc,task     ] GC(81) Using 9 workers of 9 for evacuation
[2025-10-14T10:55:59.797+0300][27.488s][info][gc,phases   ] GC(81)   Pre Evacuate Collection Set: 0.13ms
[2025-10-14T10:55:59.797+0300][27.488s][info][gc,phases   ] GC(81)   Merge Heap Roots: 0.17ms
[2025-10-14T10:55:59.797+0300][27.488s][info][gc,phases   ] GC(81)   Evacuate Collection Set: 8.09ms
[2025-10-14T10:55:59.797+0300][27.488s][info][gc,phases   ] GC(81)   Post Evacuate Collection Set: 0.52ms
[2025-10-14T10:55:59.797+0300][27.488s][info][gc,phases   ] GC(81)   Other: 0.10ms
[2025-10-14T10:55:59.797+0300][27.488s][info][gc,heap     ] GC(81) Eden regions: 1057->0(1057)
[2025-10-14T10:55:59.797+0300][27.488s][info][gc,heap     ] GC(81) Survivor regions: 79->79(142)
[2025-10-14T10:55:59.797+0300][27.488s][info][gc,heap     ] GC(81) Old regions: 661->661
[2025-10-14T10:55:59.797+0300][27.488s][info][gc,heap     ] GC(81) Humongous regions: 0->0
[2025-10-14T10:55:59.797+0300][27.488s][info][gc,metaspace] GC(81) Metaspace: 3784K(3968K)->3784K(3968K) NonClass: 3366K(3456K)->3366K(3456K) Class: 418K(512K)->418K(512K)
[2025-10-14T10:55:59.797+0300][27.488s][info][gc          ] GC(81) Pause Young (Normal) (G1 Evacuation Pause) 7177M->2949M(7892M) 9.254ms
[2025-10-14T10:55:59.797+0300][27.488s][info][gc,cpu      ] GC(81) User=0.04s Sys=0.00s Real=0.01s
[2025-10-14T10:56:00.088+0300][27.779s][info][gc,start    ] GC(82) Pause Young (Normal) (G1 Evacuation Pause)
[2025-10-14T10:56:00.088+0300][27.780s][info][gc,task     ] GC(82) Using 9 workers of 9 for evacuation
[2025-10-14T10:56:00.097+0300][27.789s][info][gc,phases   ] GC(82)   Pre Evacuate Collection Set: 0.42ms
[2025-10-14T10:56:00.097+0300][27.789s][info][gc,phases   ] GC(82)   Merge Heap Roots: 0.17ms
[2025-10-14T10:56:00.097+0300][27.789s][info][gc,phases   ] GC(82)   Evacuate Collection Set: 8.19ms
[2025-10-14T10:56:00.097+0300][27.789s][info][gc,phases   ] GC(82)   Post Evacuate Collection Set: 0.54ms
[2025-10-14T10:56:00.097+0300][27.789s][info][gc,phases   ] GC(82)   Other: 0.10ms
[2025-10-14T10:56:00.097+0300][27.789s][info][gc,heap     ] GC(82) Eden regions: 1057->0(1057)
[2025-10-14T10:56:00.097+0300][27.789s][info][gc,heap     ] GC(82) Survivor regions: 79->79(142)
[2025-10-14T10:56:00.098+0300][27.789s][info][gc,heap     ] GC(82) Old regions: 661->661
[2025-10-14T10:56:00.098+0300][27.789s][info][gc,heap     ] GC(82) Humongous regions: 0->0
[2025-10-14T10:56:00.098+0300][27.789s][info][gc,metaspace] GC(82) Metaspace: 3784K(3968K)->3784K(3968K) NonClass: 3366K(3456K)->3366K(3456K) Class: 418K(512K)->418K(512K)
[2025-10-14T10:56:00.098+0300][27.789s][info][gc          ] GC(82) Pause Young (Normal) (G1 Evacuation Pause) 7177M->2949M(7892M) 9.678ms
[2025-10-14T10:56:00.098+0300][27.789s][info][gc,cpu      ] GC(82) User=0.05s Sys=0.01s Real=0.01s
[2025-10-14T10:56:00.374+0300][28.066s][info][gc,start    ] GC(83) Pause Young (Normal) (G1 Evacuation Pause)
[2025-10-14T10:56:00.374+0300][28.066s][info][gc,task     ] GC(83) Using 9 workers of 9 for evacuation
[2025-10-14T10:56:00.385+0300][28.076s][info][gc,phases   ] GC(83)   Pre Evacuate Collection Set: 0.28ms
[2025-10-14T10:56:00.385+0300][28.076s][info][gc,phases   ] GC(83)   Merge Heap Roots: 0.17ms
[2025-10-14T10:56:00.385+0300][28.076s][info][gc,phases   ] GC(83)   Evacuate Collection Set: 9.20ms
[2025-10-14T10:56:00.385+0300][28.076s][info][gc,phases   ] GC(83)   Post Evacuate Collection Set: 0.48ms
[2025-10-14T10:56:00.385+0300][28.076s][info][gc,phases   ] GC(83)   Other: 0.12ms
[2025-10-14T10:56:00.385+0300][28.076s][info][gc,heap     ] GC(83) Eden regions: 1057->0(1057)
[2025-10-14T10:56:00.385+0300][28.076s][info][gc,heap     ] GC(83) Survivor regions: 79->79(142)
[2025-10-14T10:56:00.385+0300][28.076s][info][gc,heap     ] GC(83) Old regions: 661->661
[2025-10-14T10:56:00.385+0300][28.076s][info][gc,heap     ] GC(83) Humongous regions: 0->0
[2025-10-14T10:56:00.385+0300][28.076s][info][gc,metaspace] GC(83) Metaspace: 3784K(3968K)->3784K(3968K) NonClass: 3366K(3456K)->3366K(3456K) Class: 418K(512K)->418K(512K)
[2025-10-14T10:56:00.385+0300][28.076s][info][gc          ] GC(83) Pause Young (Normal) (G1 Evacuation Pause) 7177M->2949M(7892M) 10.476ms
[2025-10-14T10:56:00.385+0300][28.076s][info][gc,cpu      ] GC(83) User=0.04s Sys=0.01s Real=0.01s
[2025-10-14T10:56:00.667+0300][28.359s][info][gc,start    ] GC(84) Pause Young (Normal) (G1 Evacuation Pause)
[2025-10-14T10:56:00.667+0300][28.359s][info][gc,task     ] GC(84) Using 9 workers of 9 for evacuation
[2025-10-14T10:56:00.676+0300][28.368s][info][gc,phases   ] GC(84)   Pre Evacuate Collection Set: 0.19ms
[2025-10-14T10:56:00.676+0300][28.368s][info][gc,phases   ] GC(84)   Merge Heap Roots: 0.19ms
[2025-10-14T10:56:00.676+0300][28.368s][info][gc,phases   ] GC(84)   Evacuate Collection Set: 8.15ms
[2025-10-14T10:56:00.676+0300][28.368s][info][gc,phases   ] GC(84)   Post Evacuate Collection Set: 0.56ms
[2025-10-14T10:56:00.676+0300][28.368s][info][gc,phases   ] GC(84)   Other: 0.10ms
[2025-10-14T10:56:00.676+0300][28.368s][info][gc,heap     ] GC(84) Eden regions: 1057->0(1057)
[2025-10-14T10:56:00.676+0300][28.368s][info][gc,heap     ] GC(84) Survivor regions: 79->79(142)
[2025-10-14T10:56:00.676+0300][28.368s][info][gc,heap     ] GC(84) Old regions: 661->661
[2025-10-14T10:56:00.676+0300][28.368s][info][gc,heap     ] GC(84) Humongous regions: 0->0
[2025-10-14T10:56:00.676+0300][28.368s][info][gc,metaspace] GC(84) Metaspace: 3784K(3968K)->3784K(3968K) NonClass: 3366K(3456K)->3366K(3456K) Class: 418K(512K)->418K(512K)
[2025-10-14T10:56:00.676+0300][28.368s][info][gc          ] GC(84) Pause Young (Normal) (G1 Evacuation Pause) 7177M->2949M(7892M) 9.448ms
[2025-10-14T10:56:00.676+0300][28.368s][info][gc,cpu      ] GC(84) User=0.05s Sys=0.01s Real=0.01s
[2025-10-14T10:56:00.957+0300][28.649s][info][gc,start    ] GC(85) Pause Young (Normal) (G1 Evacuation Pause)
[2025-10-14T10:56:00.957+0300][28.649s][info][gc,task     ] GC(85) Using 9 workers of 9 for evacuation
[2025-10-14T10:56:00.965+0300][28.657s][info][gc,phases   ] GC(85)   Pre Evacuate Collection Set: 0.29ms
[2025-10-14T10:56:00.965+0300][28.657s][info][gc,phases   ] GC(85)   Merge Heap Roots: 0.19ms
[2025-10-14T10:56:00.965+0300][28.657s][info][gc,phases   ] GC(85)   Evacuate Collection Set: 6.88ms
[2025-10-14T10:56:00.965+0300][28.657s][info][gc,phases   ] GC(85)   Post Evacuate Collection Set: 0.46ms
[2025-10-14T10:56:00.965+0300][28.657s][info][gc,phases   ] GC(85)   Other: 0.10ms
[2025-10-14T10:56:00.965+0300][28.657s][info][gc,heap     ] GC(85) Eden regions: 1057->0(1057)
[2025-10-14T10:56:00.965+0300][28.657s][info][gc,heap     ] GC(85) Survivor regions: 79->79(142)
[2025-10-14T10:56:00.965+0300][28.657s][info][gc,heap     ] GC(85) Old regions: 661->661
[2025-10-14T10:56:00.965+0300][28.657s][info][gc,heap     ] GC(85) Humongous regions: 0->0
[2025-10-14T10:56:00.965+0300][28.657s][info][gc,metaspace] GC(85) Metaspace: 3784K(3968K)->3784K(3968K) NonClass: 3366K(3456K)->3366K(3456K) Class: 418K(512K)->418K(512K)
[2025-10-14T10:56:00.966+0300][28.657s][info][gc          ] GC(85) Pause Young (Normal) (G1 Evacuation Pause) 7177M->2949M(7892M) 8.184ms
[2025-10-14T10:56:00.966+0300][28.657s][info][gc,cpu      ] GC(85) User=0.05s Sys=0.01s Real=0.01s
[2025-10-14T10:56:01.248+0300][28.939s][info][gc,start    ] GC(86) Pause Young (Normal) (G1 Evacuation Pause)
[2025-10-14T10:56:01.248+0300][28.940s][info][gc,task     ] GC(86) Using 9 workers of 9 for evacuation
[2025-10-14T10:56:01.257+0300][28.948s][info][gc,phases   ] GC(86)   Pre Evacuate Collection Set: 0.13ms
[2025-10-14T10:56:01.257+0300][28.948s][info][gc,phases   ] GC(86)   Merge Heap Roots: 0.16ms
[2025-10-14T10:56:01.257+0300][28.948s][info][gc,phases   ] GC(86)   Evacuate Collection Set: 7.84ms
[2025-10-14T10:56:01.257+0300][28.948s][info][gc,phases   ] GC(86)   Post Evacuate Collection Set: 0.41ms
[2025-10-14T10:56:01.257+0300][28.948s][info][gc,phases   ] GC(86)   Other: 0.10ms
[2025-10-14T10:56:01.257+0300][28.948s][info][gc,heap     ] GC(86) Eden regions: 1057->0(1057)
[2025-10-14T10:56:01.257+0300][28.948s][info][gc,heap     ] GC(86) Survivor regions: 79->79(142)
[2025-10-14T10:56:01.257+0300][28.948s][info][gc,heap     ] GC(86) Old regions: 661->661
[2025-10-14T10:56:01.257+0300][28.948s][info][gc,heap     ] GC(86) Humongous regions: 0->0
[2025-10-14T10:56:01.257+0300][28.948s][info][gc,metaspace] GC(86) Metaspace: 3784K(3968K)->3784K(3968K) NonClass: 3366K(3456K)->3366K(3456K) Class: 418K(512K)->418K(512K)
[2025-10-14T10:56:01.257+0300][28.948s][info][gc          ] GC(86) Pause Young (Normal) (G1 Evacuation Pause) 7177M->2949M(7892M) 8.893ms
[2025-10-14T10:56:01.257+0300][28.948s][info][gc,cpu      ] GC(86) User=0.06s Sys=0.02s Real=0.01s
[2025-10-14T10:56:01.598+0300][29.290s][info][gc,start    ] GC(87) Pause Young (Normal) (G1 Evacuation Pause)
[2025-10-14T10:56:01.598+0300][29.290s][info][gc,task     ] GC(87) Using 9 workers of 9 for evacuation
[2025-10-14T10:56:01.614+0300][29.305s][info][gc,phases   ] GC(87)   Pre Evacuate Collection Set: 0.13ms
[2025-10-14T10:56:01.614+0300][29.305s][info][gc,phases   ] GC(87)   Merge Heap Roots: 0.19ms
[2025-10-14T10:56:01.614+0300][29.305s][info][gc,phases   ] GC(87)   Evacuate Collection Set: 14.36ms
[2025-10-14T10:56:01.614+0300][29.305s][info][gc,phases   ] GC(87)   Post Evacuate Collection Set: 0.55ms
[2025-10-14T10:56:01.614+0300][29.305s][info][gc,phases   ] GC(87)   Other: 0.10ms
[2025-10-14T10:56:01.614+0300][29.305s][info][gc,heap     ] GC(87) Eden regions: 1057->0(1057)
[2025-10-14T10:56:01.614+0300][29.305s][info][gc,heap     ] GC(87) Survivor regions: 79->79(142)
[2025-10-14T10:56:01.614+0300][29.305s][info][gc,heap     ] GC(87) Old regions: 661->661
[2025-10-14T10:56:01.614+0300][29.305s][info][gc,heap     ] GC(87) Humongous regions: 0->0
[2025-10-14T10:56:01.614+0300][29.305s][info][gc,metaspace] GC(87) Metaspace: 3784K(3968K)->3784K(3968K) NonClass: 3366K(3456K)->3366K(3456K) Class: 418K(512K)->418K(512K)
[2025-10-14T10:56:01.614+0300][29.305s][info][gc          ] GC(87) Pause Young (Normal) (G1 Evacuation Pause) 7177M->2949M(7892M) 15.628ms
[2025-10-14T10:56:01.614+0300][29.305s][info][gc,cpu      ] GC(87) User=0.05s Sys=0.04s Real=0.02s
[2025-10-14T10:56:01.978+0300][29.670s][info][gc,start    ] GC(88) Pause Young (Normal) (G1 Evacuation Pause)
[2025-10-14T10:56:01.978+0300][29.670s][info][gc,task     ] GC(88) Using 9 workers of 9 for evacuation
[2025-10-14T10:56:02.006+0300][29.697s][info][gc,phases   ] GC(88)   Pre Evacuate Collection Set: 0.15ms
[2025-10-14T10:56:02.006+0300][29.697s][info][gc,phases   ] GC(88)   Merge Heap Roots: 0.14ms
[2025-10-14T10:56:02.006+0300][29.697s][info][gc,phases   ] GC(88)   Evacuate Collection Set: 26.56ms
[2025-10-14T10:56:02.006+0300][29.697s][info][gc,phases   ] GC(88)   Post Evacuate Collection Set: 0.45ms
[2025-10-14T10:56:02.006+0300][29.697s][info][gc,phases   ] GC(88)   Other: 0.10ms
[2025-10-14T10:56:02.006+0300][29.697s][info][gc,heap     ] GC(88) Eden regions: 1057->0(1057)
[2025-10-14T10:56:02.006+0300][29.697s][info][gc,heap     ] GC(88) Survivor regions: 79->79(142)
[2025-10-14T10:56:02.006+0300][29.697s][info][gc,heap     ] GC(88) Old regions: 661->661
[2025-10-14T10:56:02.006+0300][29.697s][info][gc,heap     ] GC(88) Humongous regions: 0->0
[2025-10-14T10:56:02.006+0300][29.697s][info][gc,metaspace] GC(88) Metaspace: 3784K(3968K)->3784K(3968K) NonClass: 3366K(3456K)->3366K(3456K) Class: 418K(512K)->418K(512K)
[2025-10-14T10:56:02.006+0300][29.697s][info][gc          ] GC(88) Pause Young (Normal) (G1 Evacuation Pause) 7177M->2949M(7892M) 27.658ms
[2025-10-14T10:56:02.006+0300][29.697s][info][gc,cpu      ] GC(88) User=0.05s Sys=0.06s Real=0.03s
[2025-10-14T10:56:02.309+0300][30.000s][info][gc,start    ] GC(89) Pause Young (Normal) (G1 Evacuation Pause)
[2025-10-14T10:56:02.309+0300][30.000s][info][gc,task     ] GC(89) Using 9 workers of 9 for evacuation
[2025-10-14T10:56:02.316+0300][30.008s][info][gc,phases   ] GC(89)   Pre Evacuate Collection Set: 0.13ms
[2025-10-14T10:56:02.316+0300][30.008s][info][gc,phases   ] GC(89)   Merge Heap Roots: 0.16ms
[2025-10-14T10:56:02.316+0300][30.008s][info][gc,phases   ] GC(89)   Evacuate Collection Set: 6.47ms
[2025-10-14T10:56:02.316+0300][30.008s][info][gc,phases   ] GC(89)   Post Evacuate Collection Set: 0.44ms
[2025-10-14T10:56:02.316+0300][30.008s][info][gc,phases   ] GC(89)   Other: 0.10ms
[2025-10-14T10:56:02.316+0300][30.008s][info][gc,heap     ] GC(89) Eden regions: 1057->0(1057)
[2025-10-14T10:56:02.316+0300][30.008s][info][gc,heap     ] GC(89) Survivor regions: 79->79(142)
[2025-10-14T10:56:02.316+0300][30.008s][info][gc,heap     ] GC(89) Old regions: 661->661
[2025-10-14T10:56:02.316+0300][30.008s][info][gc,heap     ] GC(89) Humongous regions: 0->0
[2025-10-14T10:56:02.316+0300][30.008s][info][gc,metaspace] GC(89) Metaspace: 3784K(3968K)->3784K(3968K) NonClass: 3366K(3456K)->3366K(3456K) Class: 418K(512K)->418K(512K)
[2025-10-14T10:56:02.316+0300][30.008s][info][gc          ] GC(89) Pause Young (Normal) (G1 Evacuation Pause) 7177M->2949M(7892M) 7.591ms
[2025-10-14T10:56:02.316+0300][30.008s][info][gc,cpu      ] GC(89) User=0.06s Sys=0.00s Real=0.01s
[2025-10-14T10:56:02.623+0300][30.314s][info][gc,start    ] GC(90) Pause Young (Normal) (G1 Evacuation Pause)
[2025-10-14T10:56:02.623+0300][30.314s][info][gc,task     ] GC(90) Using 9 workers of 9 for evacuation
[2025-10-14T10:56:02.630+0300][30.322s][info][gc,phases   ] GC(90)   Pre Evacuate Collection Set: 0.16ms
[2025-10-14T10:56:02.630+0300][30.322s][info][gc,phases   ] GC(90)   Merge Heap Roots: 0.18ms
[2025-10-14T10:56:02.630+0300][30.322s][info][gc,phases   ] GC(90)   Evacuate Collection Set: 6.82ms
[2025-10-14T10:56:02.630+0300][30.322s][info][gc,phases   ] GC(90)   Post Evacuate Collection Set: 0.44ms
[2025-10-14T10:56:02.630+0300][30.322s][info][gc,phases   ] GC(90)   Other: 0.11ms
[2025-10-14T10:56:02.630+0300][30.322s][info][gc,heap     ] GC(90) Eden regions: 1057->0(1057)
[2025-10-14T10:56:02.630+0300][30.322s][info][gc,heap     ] GC(90) Survivor regions: 79->79(142)
[2025-10-14T10:56:02.630+0300][30.322s][info][gc,heap     ] GC(90) Old regions: 661->661
[2025-10-14T10:56:02.630+0300][30.322s][info][gc,heap     ] GC(90) Humongous regions: 0->0
[2025-10-14T10:56:02.630+0300][30.322s][info][gc,metaspace] GC(90) Metaspace: 3784K(3968K)->3784K(3968K) NonClass: 3366K(3456K)->3366K(3456K) Class: 418K(512K)->418K(512K)
[2025-10-14T10:56:02.630+0300][30.322s][info][gc          ] GC(90) Pause Young (Normal) (G1 Evacuation Pause) 7177M->2949M(7892M) 7.918ms
[2025-10-14T10:56:02.630+0300][30.322s][info][gc,cpu      ] GC(90) User=0.05s Sys=0.00s Real=0.01s
[2025-10-14T10:56:02.937+0300][30.629s][info][gc,start    ] GC(91) Pause Young (Normal) (G1 Evacuation Pause)
[2025-10-14T10:56:02.937+0300][30.629s][info][gc,task     ] GC(91) Using 9 workers of 9 for evacuation
[2025-10-14T10:56:02.945+0300][30.636s][info][gc,phases   ] GC(91)   Pre Evacuate Collection Set: 0.22ms
[2025-10-14T10:56:02.945+0300][30.636s][info][gc,phases   ] GC(91)   Merge Heap Roots: 0.15ms
[2025-10-14T10:56:02.945+0300][30.636s][info][gc,phases   ] GC(91)   Evacuate Collection Set: 6.45ms
[2025-10-14T10:56:02.945+0300][30.636s][info][gc,phases   ] GC(91)   Post Evacuate Collection Set: 0.45ms
[2025-10-14T10:56:02.945+0300][30.636s][info][gc,phases   ] GC(91)   Other: 0.10ms
[2025-10-14T10:56:02.945+0300][30.636s][info][gc,heap     ] GC(91) Eden regions: 1057->0(1057)
[2025-10-14T10:56:02.945+0300][30.636s][info][gc,heap     ] GC(91) Survivor regions: 79->79(142)
[2025-10-14T10:56:02.945+0300][30.636s][info][gc,heap     ] GC(91) Old regions: 661->661
[2025-10-14T10:56:02.945+0300][30.636s][info][gc,heap     ] GC(91) Humongous regions: 0->0
[2025-10-14T10:56:02.945+0300][30.637s][info][gc,metaspace] GC(91) Metaspace: 3784K(3968K)->3784K(3968K) NonClass: 3366K(3456K)->3366K(3456K) Class: 418K(512K)->418K(512K)
[2025-10-14T10:56:02.945+0300][30.637s][info][gc          ] GC(91) Pause Young (Normal) (G1 Evacuation Pause) 7177M->2949M(7892M) 7.627ms
[2025-10-14T10:56:02.945+0300][30.637s][info][gc,cpu      ] GC(91) User=0.05s Sys=0.00s Real=0.01s
[2025-10-14T10:56:03.246+0300][30.937s][info][gc,start    ] GC(92) Pause Young (Normal) (G1 Evacuation Pause)
[2025-10-14T10:56:03.246+0300][30.937s][info][gc,task     ] GC(92) Using 9 workers of 9 for evacuation
[2025-10-14T10:56:03.253+0300][30.945s][info][gc,phases   ] GC(92)   Pre Evacuate Collection Set: 0.12ms
[2025-10-14T10:56:03.253+0300][30.945s][info][gc,phases   ] GC(92)   Merge Heap Roots: 0.15ms
[2025-10-14T10:56:03.253+0300][30.945s][info][gc,phases   ] GC(92)   Evacuate Collection Set: 6.47ms
[2025-10-14T10:56:03.253+0300][30.945s][info][gc,phases   ] GC(92)   Post Evacuate Collection Set: 0.40ms
[2025-10-14T10:56:03.253+0300][30.945s][info][gc,phases   ] GC(92)   Other: 0.10ms
[2025-10-14T10:56:03.253+0300][30.945s][info][gc,heap     ] GC(92) Eden regions: 1057->0(1057)
[2025-10-14T10:56:03.253+0300][30.945s][info][gc,heap     ] GC(92) Survivor regions: 79->79(142)
[2025-10-14T10:56:03.253+0300][30.945s][info][gc,heap     ] GC(92) Old regions: 661->661
[2025-10-14T10:56:03.253+0300][30.945s][info][gc,heap     ] GC(92) Humongous regions: 0->0
[2025-10-14T10:56:03.253+0300][30.945s][info][gc,metaspace] GC(92) Metaspace: 3784K(3968K)->3784K(3968K) NonClass: 3366K(3456K)->3366K(3456K) Class: 418K(512K)->418K(512K)
[2025-10-14T10:56:03.253+0300][30.945s][info][gc          ] GC(92) Pause Young (Normal) (G1 Evacuation Pause) 7177M->2949M(7892M) 7.535ms
[2025-10-14T10:56:03.253+0300][30.945s][info][gc,cpu      ] GC(92) User=0.05s Sys=0.01s Real=0.01s
[2025-10-14T10:56:03.565+0300][31.256s][info][gc,start    ] GC(93) Pause Young (Normal) (G1 Evacuation Pause)
[2025-10-14T10:56:03.565+0300][31.257s][info][gc,task     ] GC(93) Using 9 workers of 9 for evacuation
[2025-10-14T10:56:03.573+0300][31.264s][info][gc,phases   ] GC(93)   Pre Evacuate Collection Set: 0.20ms
[2025-10-14T10:56:03.573+0300][31.264s][info][gc,phases   ] GC(93)   Merge Heap Roots: 0.18ms
[2025-10-14T10:56:03.573+0300][31.264s][info][gc,phases   ] GC(93)   Evacuate Collection Set: 6.36ms
[2025-10-14T10:56:03.573+0300][31.264s][info][gc,phases   ] GC(93)   Post Evacuate Collection Set: 0.44ms
[2025-10-14T10:56:03.573+0300][31.264s][info][gc,phases   ] GC(93)   Other: 0.12ms
[2025-10-14T10:56:03.573+0300][31.264s][info][gc,heap     ] GC(93) Eden regions: 1057->0(1057)
[2025-10-14T10:56:03.573+0300][31.264s][info][gc,heap     ] GC(93) Survivor regions: 79->79(142)
[2025-10-14T10:56:03.573+0300][31.264s][info][gc,heap     ] GC(93) Old regions: 661->661
[2025-10-14T10:56:03.573+0300][31.264s][info][gc,heap     ] GC(93) Humongous regions: 0->0
[2025-10-14T10:56:03.573+0300][31.264s][info][gc,metaspace] GC(93) Metaspace: 3784K(3968K)->3784K(3968K) NonClass: 3366K(3456K)->3366K(3456K) Class: 418K(512K)->418K(512K)
[2025-10-14T10:56:03.573+0300][31.264s][info][gc          ] GC(93) Pause Young (Normal) (G1 Evacuation Pause) 7177M->2949M(7892M) 7.993ms
[2025-10-14T10:56:03.573+0300][31.264s][info][gc,cpu      ] GC(93) User=0.06s Sys=0.01s Real=0.01s
[2025-10-14T10:56:03.891+0300][31.582s][info][gc,start    ] GC(94) Pause Young (Normal) (G1 Evacuation Pause)
[2025-10-14T10:56:03.891+0300][31.582s][info][gc,task     ] GC(94) Using 9 workers of 9 for evacuation
[2025-10-14T10:56:03.898+0300][31.590s][info][gc,phases   ] GC(94)   Pre Evacuate Collection Set: 0.14ms
[2025-10-14T10:56:03.898+0300][31.590s][info][gc,phases   ] GC(94)   Merge Heap Roots: 0.12ms
[2025-10-14T10:56:03.898+0300][31.590s][info][gc,phases   ] GC(94)   Evacuate Collection Set: 6.51ms
[2025-10-14T10:56:03.898+0300][31.590s][info][gc,phases   ] GC(94)   Post Evacuate Collection Set: 0.44ms
[2025-10-14T10:56:03.898+0300][31.590s][info][gc,phases   ] GC(94)   Other: 0.10ms
[2025-10-14T10:56:03.898+0300][31.590s][info][gc,heap     ] GC(94) Eden regions: 1057->0(1057)
[2025-10-14T10:56:03.898+0300][31.590s][info][gc,heap     ] GC(94) Survivor regions: 79->79(142)
[2025-10-14T10:56:03.898+0300][31.590s][info][gc,heap     ] GC(94) Old regions: 661->661
[2025-10-14T10:56:03.898+0300][31.590s][info][gc,heap     ] GC(94) Humongous regions: 0->0
[2025-10-14T10:56:03.898+0300][31.590s][info][gc,metaspace] GC(94) Metaspace: 3784K(3968K)->3784K(3968K) NonClass: 3366K(3456K)->3366K(3456K) Class: 418K(512K)->418K(512K)
[2025-10-14T10:56:03.898+0300][31.590s][info][gc          ] GC(94) Pause Young (Normal) (G1 Evacuation Pause) 7177M->2949M(7892M) 7.576ms
[2025-10-14T10:56:03.898+0300][31.590s][info][gc,cpu      ] GC(94) User=0.05s Sys=0.00s Real=0.00s
[2025-10-14T10:56:04.215+0300][31.906s][info][gc,start    ] GC(95) Pause Young (Normal) (G1 Evacuation Pause)
[2025-10-14T10:56:04.215+0300][31.907s][info][gc,task     ] GC(95) Using 9 workers of 9 for evacuation
[2025-10-14T10:56:04.223+0300][31.915s][info][gc,phases   ] GC(95)   Pre Evacuate Collection Set: 0.22ms
[2025-10-14T10:56:04.223+0300][31.915s][info][gc,phases   ] GC(95)   Merge Heap Roots: 0.15ms
[2025-10-14T10:56:04.223+0300][31.915s][info][gc,phases   ] GC(95)   Evacuate Collection Set: 7.51ms
[2025-10-14T10:56:04.223+0300][31.915s][info][gc,phases   ] GC(95)   Post Evacuate Collection Set: 0.51ms
[2025-10-14T10:56:04.224+0300][31.915s][info][gc,phases   ] GC(95)   Other: 0.10ms
[2025-10-14T10:56:04.224+0300][31.915s][info][gc,heap     ] GC(95) Eden regions: 1057->0(1057)
[2025-10-14T10:56:04.224+0300][31.915s][info][gc,heap     ] GC(95) Survivor regions: 79->79(142)
[2025-10-14T10:56:04.224+0300][31.915s][info][gc,heap     ] GC(95) Old regions: 661->661
[2025-10-14T10:56:04.224+0300][31.915s][info][gc,heap     ] GC(95) Humongous regions: 0->0
[2025-10-14T10:56:04.224+0300][31.915s][info][gc,metaspace] GC(95) Metaspace: 3784K(3968K)->3784K(3968K) NonClass: 3366K(3456K)->3366K(3456K) Class: 418K(512K)->418K(512K)
[2025-10-14T10:56:04.224+0300][31.915s][info][gc          ] GC(95) Pause Young (Normal) (G1 Evacuation Pause) 7177M->2949M(7892M) 8.738ms
[2025-10-14T10:56:04.224+0300][31.915s][info][gc,cpu      ] GC(95) User=0.05s Sys=0.01s Real=0.01s
[2025-10-14T10:56:04.484+0300][32.176s][info][gc,start    ] GC(96) Pause Young (Normal) (G1 Evacuation Pause)
[2025-10-14T10:56:04.484+0300][32.176s][info][gc,task     ] GC(96) Using 9 workers of 9 for evacuation
[2025-10-14T10:56:04.493+0300][32.185s][info][gc,phases   ] GC(96)   Pre Evacuate Collection Set: 0.15ms
[2025-10-14T10:56:04.493+0300][32.185s][info][gc,phases   ] GC(96)   Merge Heap Roots: 0.19ms
[2025-10-14T10:56:04.493+0300][32.185s][info][gc,phases   ] GC(96)   Evacuate Collection Set: 7.85ms
[2025-10-14T10:56:04.493+0300][32.185s][info][gc,phases   ] GC(96)   Post Evacuate Collection Set: 0.49ms
[2025-10-14T10:56:04.493+0300][32.185s][info][gc,phases   ] GC(96)   Other: 0.10ms
[2025-10-14T10:56:04.493+0300][32.185s][info][gc,heap     ] GC(96) Eden regions: 1057->0(1057)
[2025-10-14T10:56:04.493+0300][32.185s][info][gc,heap     ] GC(96) Survivor regions: 79->79(142)
[2025-10-14T10:56:04.493+0300][32.185s][info][gc,heap     ] GC(96) Old regions: 661->661
[2025-10-14T10:56:04.493+0300][32.185s][info][gc,heap     ] GC(96) Humongous regions: 0->0
[2025-10-14T10:56:04.493+0300][32.185s][info][gc,metaspace] GC(96) Metaspace: 3784K(3968K)->3784K(3968K) NonClass: 3366K(3456K)->3366K(3456K) Class: 418K(512K)->418K(512K)
[2025-10-14T10:56:04.493+0300][32.185s][info][gc          ] GC(96) Pause Young (Normal) (G1 Evacuation Pause) 7177M->2949M(7892M) 9.077ms
[2025-10-14T10:56:04.493+0300][32.185s][info][gc,cpu      ] GC(96) User=0.05s Sys=0.01s Real=0.01s
[2025-10-14T10:56:04.779+0300][32.470s][info][gc,start    ] GC(97) Pause Young (Normal) (G1 Evacuation Pause)
[2025-10-14T10:56:04.779+0300][32.470s][info][gc,task     ] GC(97) Using 9 workers of 9 for evacuation
[2025-10-14T10:56:04.789+0300][32.481s][info][gc,phases   ] GC(97)   Pre Evacuate Collection Set: 0.12ms
[2025-10-14T10:56:04.789+0300][32.481s][info][gc,phases   ] GC(97)   Merge Heap Roots: 0.16ms
[2025-10-14T10:56:04.789+0300][32.481s][info][gc,phases   ] GC(97)   Evacuate Collection Set: 9.18ms
[2025-10-14T10:56:04.789+0300][32.481s][info][gc,phases   ] GC(97)   Post Evacuate Collection Set: 0.47ms
[2025-10-14T10:56:04.789+0300][32.481s][info][gc,phases   ] GC(97)   Other: 0.10ms
[2025-10-14T10:56:04.789+0300][32.481s][info][gc,heap     ] GC(97) Eden regions: 1057->0(1057)
[2025-10-14T10:56:04.789+0300][32.481s][info][gc,heap     ] GC(97) Survivor regions: 79->79(142)
[2025-10-14T10:56:04.789+0300][32.481s][info][gc,heap     ] GC(97) Old regions: 661->661
[2025-10-14T10:56:04.789+0300][32.481s][info][gc,heap     ] GC(97) Humongous regions: 0->0
[2025-10-14T10:56:04.789+0300][32.481s][info][gc,metaspace] GC(97) Metaspace: 3784K(3968K)->3784K(3968K) NonClass: 3366K(3456K)->3366K(3456K) Class: 418K(512K)->418K(512K)
[2025-10-14T10:56:04.789+0300][32.481s][info][gc          ] GC(97) Pause Young (Normal) (G1 Evacuation Pause) 7177M->2949M(7892M) 10.261ms
[2025-10-14T10:56:04.789+0300][32.481s][info][gc,cpu      ] GC(97) User=0.05s Sys=0.02s Real=0.01s
[2025-10-14T10:56:05.068+0300][32.760s][info][gc,start    ] GC(98) Pause Young (Normal) (G1 Evacuation Pause)
[2025-10-14T10:56:05.068+0300][32.760s][info][gc,task     ] GC(98) Using 9 workers of 9 for evacuation
[2025-10-14T10:56:05.078+0300][32.770s][info][gc,phases   ] GC(98)   Pre Evacuate Collection Set: 0.16ms
[2025-10-14T10:56:05.078+0300][32.770s][info][gc,phases   ] GC(98)   Merge Heap Roots: 0.21ms
[2025-10-14T10:56:05.078+0300][32.770s][info][gc,phases   ] GC(98)   Evacuate Collection Set: 8.82ms
[2025-10-14T10:56:05.078+0300][32.770s][info][gc,phases   ] GC(98)   Post Evacuate Collection Set: 0.53ms
[2025-10-14T10:56:05.078+0300][32.770s][info][gc,phases   ] GC(98)   Other: 0.10ms
[2025-10-14T10:56:05.078+0300][32.770s][info][gc,heap     ] GC(98) Eden regions: 1057->0(1057)
[2025-10-14T10:56:05.078+0300][32.770s][info][gc,heap     ] GC(98) Survivor regions: 79->79(142)
[2025-10-14T10:56:05.078+0300][32.770s][info][gc,heap     ] GC(98) Old regions: 661->661
[2025-10-14T10:56:05.078+0300][32.770s][info][gc,heap     ] GC(98) Humongous regions: 0->0
[2025-10-14T10:56:05.078+0300][32.770s][info][gc,metaspace] GC(98) Metaspace: 3784K(3968K)->3784K(3968K) NonClass: 3366K(3456K)->3366K(3456K) Class: 418K(512K)->418K(512K)
[2025-10-14T10:56:05.078+0300][32.770s][info][gc          ] GC(98) Pause Young (Normal) (G1 Evacuation Pause) 7177M->2949M(7892M) 10.070ms
[2025-10-14T10:56:05.078+0300][32.770s][info][gc,cpu      ] GC(98) User=0.04s Sys=0.00s Real=0.01s
[2025-10-14T10:56:05.381+0300][33.072s][info][gc,start    ] GC(99) Pause Young (Normal) (G1 Evacuation Pause)
[2025-10-14T10:56:05.381+0300][33.072s][info][gc,task     ] GC(99) Using 9 workers of 9 for evacuation
[2025-10-14T10:56:05.390+0300][33.081s][info][gc,phases   ] GC(99)   Pre Evacuate Collection Set: 0.14ms
[2025-10-14T10:56:05.390+0300][33.081s][info][gc,phases   ] GC(99)   Merge Heap Roots: 0.16ms
[2025-10-14T10:56:05.390+0300][33.081s][info][gc,phases   ] GC(99)   Evacuate Collection Set: 8.28ms
[2025-10-14T10:56:05.390+0300][33.081s][info][gc,phases   ] GC(99)   Post Evacuate Collection Set: 0.49ms
[2025-10-14T10:56:05.390+0300][33.081s][info][gc,phases   ] GC(99)   Other: 0.10ms
[2025-10-14T10:56:05.390+0300][33.081s][info][gc,heap     ] GC(99) Eden regions: 1057->0(1057)
[2025-10-14T10:56:05.390+0300][33.082s][info][gc,heap     ] GC(99) Survivor regions: 79->79(142)
[2025-10-14T10:56:05.390+0300][33.082s][info][gc,heap     ] GC(99) Old regions: 661->661
[2025-10-14T10:56:05.390+0300][33.082s][info][gc,heap     ] GC(99) Humongous regions: 0->0
[2025-10-14T10:56:05.390+0300][33.082s][info][gc,metaspace] GC(99) Metaspace: 3784K(3968K)->3784K(3968K) NonClass: 3366K(3456K)->3366K(3456K) Class: 418K(512K)->418K(512K)
[2025-10-14T10:56:05.390+0300][33.082s][info][gc          ] GC(99) Pause Young (Normal) (G1 Evacuation Pause) 7177M->2949M(7892M) 9.424ms
[2025-10-14T10:56:05.390+0300][33.082s][info][gc,cpu      ] GC(99) User=0.04s Sys=0.00s Real=0.01s
[2025-10-14T10:56:05.699+0300][33.390s][info][gc,start    ] GC(100) Pause Young (Normal) (G1 Evacuation Pause)
[2025-10-14T10:56:05.699+0300][33.390s][info][gc,task     ] GC(100) Using 9 workers of 9 for evacuation
[2025-10-14T10:56:05.707+0300][33.399s][info][gc,phases   ] GC(100)   Pre Evacuate Collection Set: 0.14ms
[2025-10-14T10:56:05.707+0300][33.399s][info][gc,phases   ] GC(100)   Merge Heap Roots: 0.16ms
[2025-10-14T10:56:05.707+0300][33.399s][info][gc,phases   ] GC(100)   Evacuate Collection Set: 7.78ms
[2025-10-14T10:56:05.707+0300][33.399s][info][gc,phases   ] GC(100)   Post Evacuate Collection Set: 0.46ms
[2025-10-14T10:56:05.707+0300][33.399s][info][gc,phases   ] GC(100)   Other: 0.10ms
[2025-10-14T10:56:05.707+0300][33.399s][info][gc,heap     ] GC(100) Eden regions: 1057->0(1057)
[2025-10-14T10:56:05.707+0300][33.399s][info][gc,heap     ] GC(100) Survivor regions: 79->79(142)
[2025-10-14T10:56:05.707+0300][33.399s][info][gc,heap     ] GC(100) Old regions: 661->661
[2025-10-14T10:56:05.707+0300][33.399s][info][gc,heap     ] GC(100) Humongous regions: 0->0
[2025-10-14T10:56:05.707+0300][33.399s][info][gc,metaspace] GC(100) Metaspace: 3784K(3968K)->3784K(3968K) NonClass: 3366K(3456K)->3366K(3456K) Class: 418K(512K)->418K(512K)
[2025-10-14T10:56:05.708+0300][33.399s][info][gc          ] GC(100) Pause Young (Normal) (G1 Evacuation Pause) 7177M->2949M(7892M) 8.921ms
[2025-10-14T10:56:05.708+0300][33.399s][info][gc,cpu      ] GC(100) User=0.05s Sys=0.00s Real=0.01s
[2025-10-14T10:56:05.984+0300][33.676s][info][gc,start    ] GC(101) Pause Young (Normal) (G1 Evacuation Pause)
[2025-10-14T10:56:05.985+0300][33.676s][info][gc,task     ] GC(101) Using 9 workers of 9 for evacuation
[2025-10-14T10:56:05.993+0300][33.684s][info][gc,phases   ] GC(101)   Pre Evacuate Collection Set: 0.13ms
[2025-10-14T10:56:05.993+0300][33.684s][info][gc,phases   ] GC(101)   Merge Heap Roots: 0.25ms
[2025-10-14T10:56:05.993+0300][33.684s][info][gc,phases   ] GC(101)   Evacuate Collection Set: 7.30ms
[2025-10-14T10:56:05.993+0300][33.684s][info][gc,phases   ] GC(101)   Post Evacuate Collection Set: 0.48ms
[2025-10-14T10:56:05.993+0300][33.685s][info][gc,phases   ] GC(101)   Other: 0.10ms
[2025-10-14T10:56:05.993+0300][33.685s][info][gc,heap     ] GC(101) Eden regions: 1057->0(1057)
[2025-10-14T10:56:05.993+0300][33.685s][info][gc,heap     ] GC(101) Survivor regions: 79->79(142)
[2025-10-14T10:56:05.993+0300][33.685s][info][gc,heap     ] GC(101) Old regions: 661->661
[2025-10-14T10:56:05.993+0300][33.685s][info][gc,heap     ] GC(101) Humongous regions: 0->0
[2025-10-14T10:56:05.993+0300][33.685s][info][gc,metaspace] GC(101) Metaspace: 3784K(3968K)->3784K(3968K) NonClass: 3366K(3456K)->3366K(3456K) Class: 418K(512K)->418K(512K)
[2025-10-14T10:56:05.993+0300][33.685s][info][gc          ] GC(101) Pause Young (Normal) (G1 Evacuation Pause) 7177M->2949M(7892M) 8.538ms
[2025-10-14T10:56:05.993+0300][33.685s][info][gc,cpu      ] GC(101) User=0.05s Sys=0.00s Real=0.01s
[2025-10-14T10:56:06.308+0300][34.000s][info][gc,start    ] GC(102) Pause Young (Normal) (G1 Evacuation Pause)
[2025-10-14T10:56:06.308+0300][34.000s][info][gc,task     ] GC(102) Using 9 workers of 9 for evacuation
[2025-10-14T10:56:06.316+0300][34.008s][info][gc,phases   ] GC(102)   Pre Evacuate Collection Set: 0.25ms
[2025-10-14T10:56:06.316+0300][34.008s][info][gc,phases   ] GC(102)   Merge Heap Roots: 0.19ms
[2025-10-14T10:56:06.316+0300][34.008s][info][gc,phases   ] GC(102)   Evacuate Collection Set: 7.19ms
[2025-10-14T10:56:06.317+0300][34.008s][info][gc,phases   ] GC(102)   Post Evacuate Collection Set: 0.55ms
[2025-10-14T10:56:06.317+0300][34.008s][info][gc,phases   ] GC(102)   Other: 0.10ms
[2025-10-14T10:56:06.317+0300][34.008s][info][gc,heap     ] GC(102) Eden regions: 1057->0(1057)
[2025-10-14T10:56:06.317+0300][34.008s][info][gc,heap     ] GC(102) Survivor regions: 79->79(142)
[2025-10-14T10:56:06.317+0300][34.008s][info][gc,heap     ] GC(102) Old regions: 661->661
[2025-10-14T10:56:06.317+0300][34.008s][info][gc,heap     ] GC(102) Humongous regions: 0->0
[2025-10-14T10:56:06.317+0300][34.008s][info][gc,metaspace] GC(102) Metaspace: 3784K(3968K)->3784K(3968K) NonClass: 3366K(3456K)->3366K(3456K) Class: 418K(512K)->418K(512K)
[2025-10-14T10:56:06.317+0300][34.008s][info][gc          ] GC(102) Pause Young (Normal) (G1 Evacuation Pause) 7177M->2949M(7892M) 8.517ms
[2025-10-14T10:56:06.317+0300][34.008s][info][gc,cpu      ] GC(102) User=0.04s Sys=0.01s Real=0.01s
[2025-10-14T10:56:06.612+0300][34.303s][info][gc,start    ] GC(103) Pause Young (Normal) (G1 Evacuation Pause)
[2025-10-14T10:56:06.612+0300][34.303s][info][gc,task     ] GC(103) Using 9 workers of 9 for evacuation
[2025-10-14T10:56:06.620+0300][34.312s][info][gc,phases   ] GC(103)   Pre Evacuate Collection Set: 0.12ms
[2025-10-14T10:56:06.620+0300][34.312s][info][gc,phases   ] GC(103)   Merge Heap Roots: 0.19ms
[2025-10-14T10:56:06.620+0300][34.312s][info][gc,phases   ] GC(103)   Evacuate Collection Set: 7.38ms
[2025-10-14T10:56:06.620+0300][34.312s][info][gc,phases   ] GC(103)   Post Evacuate Collection Set: 0.47ms
[2025-10-14T10:56:06.620+0300][34.312s][info][gc,phases   ] GC(103)   Other: 0.09ms
[2025-10-14T10:56:06.620+0300][34.312s][info][gc,heap     ] GC(103) Eden regions: 1057->0(1057)
[2025-10-14T10:56:06.620+0300][34.312s][info][gc,heap     ] GC(103) Survivor regions: 79->79(142)
[2025-10-14T10:56:06.620+0300][34.312s][info][gc,heap     ] GC(103) Old regions: 661->661
[2025-10-14T10:56:06.620+0300][34.312s][info][gc,heap     ] GC(103) Humongous regions: 0->0
[2025-10-14T10:56:06.620+0300][34.312s][info][gc,metaspace] GC(103) Metaspace: 3784K(3968K)->3784K(3968K) NonClass: 3366K(3456K)->3366K(3456K) Class: 418K(512K)->418K(512K)
[2025-10-14T10:56:06.620+0300][34.312s][info][gc          ] GC(103) Pause Young (Normal) (G1 Evacuation Pause) 7177M->2949M(7892M) 8.568ms
[2025-10-14T10:56:06.620+0300][34.312s][info][gc,cpu      ] GC(103) User=0.05s Sys=0.00s Real=0.01s
[2025-10-14T10:56:06.912+0300][34.603s][info][gc,start    ] GC(104) Pause Young (Normal) (G1 Evacuation Pause)
[2025-10-14T10:56:06.912+0300][34.603s][info][gc,task     ] GC(104) Using 9 workers of 9 for evacuation
[2025-10-14T10:56:06.920+0300][34.611s][info][gc,phases   ] GC(104)   Pre Evacuate Collection Set: 0.13ms
[2025-10-14T10:56:06.920+0300][34.611s][info][gc,phases   ] GC(104)   Merge Heap Roots: 0.18ms
[2025-10-14T10:56:06.920+0300][34.611s][info][gc,phases   ] GC(104)   Evacuate Collection Set: 7.05ms
[2025-10-14T10:56:06.920+0300][34.611s][info][gc,phases   ] GC(104)   Post Evacuate Collection Set: 0.48ms
[2025-10-14T10:56:06.920+0300][34.611s][info][gc,phases   ] GC(104)   Other: 0.09ms
[2025-10-14T10:56:06.920+0300][34.612s][info][gc,heap     ] GC(104) Eden regions: 1057->0(1057)
[2025-10-14T10:56:06.920+0300][34.612s][info][gc,heap     ] GC(104) Survivor regions: 79->79(142)
[2025-10-14T10:56:06.920+0300][34.612s][info][gc,heap     ] GC(104) Old regions: 661->661
[2025-10-14T10:56:06.920+0300][34.612s][info][gc,heap     ] GC(104) Humongous regions: 0->0
[2025-10-14T10:56:06.920+0300][34.612s][info][gc,metaspace] GC(104) Metaspace: 3784K(3968K)->3784K(3968K) NonClass: 3366K(3456K)->3366K(3456K) Class: 418K(512K)->418K(512K)
[2025-10-14T10:56:06.920+0300][34.612s][info][gc          ] GC(104) Pause Young (Normal) (G1 Evacuation Pause) 7177M->2949M(7892M) 8.190ms
[2025-10-14T10:56:06.920+0300][34.612s][info][gc,cpu      ] GC(104) User=0.05s Sys=0.01s Real=0.01s
[2025-10-14T10:56:07.227+0300][34.919s][info][gc,start    ] GC(105) Pause Young (Normal) (G1 Evacuation Pause)
[2025-10-14T10:56:07.227+0300][34.919s][info][gc,task     ] GC(105) Using 9 workers of 9 for evacuation
[2025-10-14T10:56:07.235+0300][34.927s][info][gc,phases   ] GC(105)   Pre Evacuate Collection Set: 0.14ms
[2025-10-14T10:56:07.235+0300][34.927s][info][gc,phases   ] GC(105)   Merge Heap Roots: 0.16ms
[2025-10-14T10:56:07.235+0300][34.927s][info][gc,phases   ] GC(105)   Evacuate Collection Set: 7.29ms
[2025-10-14T10:56:07.235+0300][34.927s][info][gc,phases   ] GC(105)   Post Evacuate Collection Set: 0.48ms
[2025-10-14T10:56:07.235+0300][34.927s][info][gc,phases   ] GC(105)   Other: 0.09ms
[2025-10-14T10:56:07.235+0300][34.927s][info][gc,heap     ] GC(105) Eden regions: 1057->0(1057)
[2025-10-14T10:56:07.235+0300][34.927s][info][gc,heap     ] GC(105) Survivor regions: 79->79(142)
[2025-10-14T10:56:07.235+0300][34.927s][info][gc,heap     ] GC(105) Old regions: 661->661
[2025-10-14T10:56:07.235+0300][34.927s][info][gc,heap     ] GC(105) Humongous regions: 0->0
[2025-10-14T10:56:07.235+0300][34.927s][info][gc,metaspace] GC(105) Metaspace: 3784K(3968K)->3784K(3968K) NonClass: 3366K(3456K)->3366K(3456K) Class: 418K(512K)->418K(512K)
[2025-10-14T10:56:07.235+0300][34.927s][info][gc          ] GC(105) Pause Young (Normal) (G1 Evacuation Pause) 7177M->2949M(7892M) 8.426ms
[2025-10-14T10:56:07.235+0300][34.927s][info][gc,cpu      ] GC(105) User=0.05s Sys=0.01s Real=0.01s
[2025-10-14T10:56:07.536+0300][35.227s][info][gc,start    ] GC(106) Pause Young (Normal) (G1 Evacuation Pause)
[2025-10-14T10:56:07.536+0300][35.227s][info][gc,task     ] GC(106) Using 9 workers of 9 for evacuation
[2025-10-14T10:56:07.546+0300][35.237s][info][gc,phases   ] GC(106)   Pre Evacuate Collection Set: 0.21ms
[2025-10-14T10:56:07.546+0300][35.237s][info][gc,phases   ] GC(106)   Merge Heap Roots: 0.21ms
[2025-10-14T10:56:07.546+0300][35.237s][info][gc,phases   ] GC(106)   Evacuate Collection Set: 8.73ms
[2025-10-14T10:56:07.546+0300][35.237s][info][gc,phases   ] GC(106)   Post Evacuate Collection Set: 0.59ms
[2025-10-14T10:56:07.546+0300][35.237s][info][gc,phases   ] GC(106)   Other: 0.13ms
[2025-10-14T10:56:07.546+0300][35.237s][info][gc,heap     ] GC(106) Eden regions: 1057->0(1057)
[2025-10-14T10:56:07.546+0300][35.237s][info][gc,heap     ] GC(106) Survivor regions: 79->79(142)
[2025-10-14T10:56:07.546+0300][35.237s][info][gc,heap     ] GC(106) Old regions: 661->661
[2025-10-14T10:56:07.546+0300][35.237s][info][gc,heap     ] GC(106) Humongous regions: 0->0
[2025-10-14T10:56:07.546+0300][35.237s][info][gc,metaspace] GC(106) Metaspace: 3784K(3968K)->3784K(3968K) NonClass: 3366K(3456K)->3366K(3456K) Class: 418K(512K)->418K(512K)
[2025-10-14T10:56:07.546+0300][35.238s][info][gc          ] GC(106) Pause Young (Normal) (G1 Evacuation Pause) 7177M->2949M(7892M) 10.144ms
[2025-10-14T10:56:07.546+0300][35.238s][info][gc,cpu      ] GC(106) User=0.04s Sys=0.00s Real=0.01s
[2025-10-14T10:56:08.271+0300][35.963s][info][gc,start    ] GC(107) Pause Young (Normal) (G1 Evacuation Pause)
[2025-10-14T10:56:08.272+0300][35.963s][info][gc,task     ] GC(107) Using 9 workers of 9 for evacuation
[2025-10-14T10:56:08.391+0300][36.082s][info][gc,phases   ] GC(107)   Pre Evacuate Collection Set: 0.73ms
[2025-10-14T10:56:08.391+0300][36.082s][info][gc,phases   ] GC(107)   Merge Heap Roots: 0.11ms
[2025-10-14T10:56:08.391+0300][36.082s][info][gc,phases   ] GC(107)   Evacuate Collection Set: 117.15ms
[2025-10-14T10:56:08.391+0300][36.082s][info][gc,phases   ] GC(107)   Post Evacuate Collection Set: 0.62ms
[2025-10-14T10:56:08.391+0300][36.082s][info][gc,phases   ] GC(107)   Other: 0.53ms
[2025-10-14T10:56:08.391+0300][36.082s][info][gc,heap     ] GC(107) Eden regions: 1057->0(1058)
[2025-10-14T10:56:08.391+0300][36.082s][info][gc,heap     ] GC(107) Survivor regions: 79->79(142)
[2025-10-14T10:56:08.391+0300][36.083s][info][gc,heap     ] GC(107) Old regions: 661->661
[2025-10-14T10:56:08.391+0300][36.083s][info][gc,heap     ] GC(107) Humongous regions: 0->0
[2025-10-14T10:56:08.391+0300][36.083s][info][gc,metaspace] GC(107) Metaspace: 3784K(3968K)->3784K(3968K) NonClass: 3366K(3456K)->3366K(3456K) Class: 418K(512K)->418K(512K)
[2025-10-14T10:56:08.391+0300][36.083s][info][gc          ] GC(107) Pause Young (Normal) (G1 Evacuation Pause) 7177M->2949M(7892M) 119.505ms
[2025-10-14T10:56:08.391+0300][36.083s][info][gc,cpu      ] GC(107) User=0.04s Sys=0.25s Real=0.12s
[2025-10-14T10:56:08.990+0300][36.681s][info][gc,start    ] GC(108) Pause Young (Normal) (G1 Evacuation Pause)
[2025-10-14T10:56:08.990+0300][36.681s][info][gc,task     ] GC(108) Using 9 workers of 9 for evacuation
[2025-10-14T10:56:09.130+0300][36.822s][info][gc,phases   ] GC(108)   Pre Evacuate Collection Set: 1.00ms
[2025-10-14T10:56:09.130+0300][36.822s][info][gc,phases   ] GC(108)   Merge Heap Roots: 0.75ms
[2025-10-14T10:56:09.130+0300][36.822s][info][gc,phases   ] GC(108)   Evacuate Collection Set: 136.29ms
[2025-10-14T10:56:09.130+0300][36.822s][info][gc,phases   ] GC(108)   Post Evacuate Collection Set: 1.39ms
[2025-10-14T10:56:09.130+0300][36.822s][info][gc,phases   ] GC(108)   Other: 0.66ms
[2025-10-14T10:56:09.130+0300][36.822s][info][gc,heap     ] GC(108) Eden regions: 1058->0(1058)
[2025-10-14T10:56:09.130+0300][36.822s][info][gc,heap     ] GC(108) Survivor regions: 79->79(143)
[2025-10-14T10:56:09.130+0300][36.822s][info][gc,heap     ] GC(108) Old regions: 661->661
[2025-10-14T10:56:09.130+0300][36.822s][info][gc,heap     ] GC(108) Humongous regions: 0->0
[2025-10-14T10:56:09.130+0300][36.822s][info][gc,metaspace] GC(108) Metaspace: 3784K(3968K)->3784K(3968K) NonClass: 3366K(3456K)->3366K(3456K) Class: 418K(512K)->418K(512K)
[2025-10-14T10:56:09.130+0300][36.822s][info][gc          ] GC(108) Pause Young (Normal) (G1 Evacuation Pause) 7181M->2949M(7892M) 140.478ms
[2025-10-14T10:56:09.130+0300][36.822s][info][gc,cpu      ] GC(108) User=0.03s Sys=0.15s Real=0.14s
[2025-10-14T10:56:10.389+0300][38.080s][info][gc,start    ] GC(109) Pause Young (Normal) (G1 Evacuation Pause)
[2025-10-14T10:56:10.389+0300][38.081s][info][gc,task     ] GC(109) Using 9 workers of 9 for evacuation
[2025-10-14T10:56:10.510+0300][38.202s][info][gc,phases   ] GC(109)   Pre Evacuate Collection Set: 1.20ms
[2025-10-14T10:56:10.510+0300][38.202s][info][gc,phases   ] GC(109)   Merge Heap Roots: 0.25ms
[2025-10-14T10:56:10.510+0300][38.202s][info][gc,phases   ] GC(109)   Evacuate Collection Set: 118.33ms
[2025-10-14T10:56:10.510+0300][38.202s][info][gc,phases   ] GC(109)   Post Evacuate Collection Set: 0.73ms
[2025-10-14T10:56:10.510+0300][38.202s][info][gc,phases   ] GC(109)   Other: 0.46ms
[2025-10-14T10:56:10.510+0300][38.202s][info][gc,heap     ] GC(109) Eden regions: 1058->0(1058)
[2025-10-14T10:56:10.510+0300][38.202s][info][gc,heap     ] GC(109) Survivor regions: 79->79(143)
[2025-10-14T10:56:10.510+0300][38.202s][info][gc,heap     ] GC(109) Old regions: 661->661
[2025-10-14T10:56:10.510+0300][38.202s][info][gc,heap     ] GC(109) Humongous regions: 0->0
[2025-10-14T10:56:10.510+0300][38.202s][info][gc,metaspace] GC(109) Metaspace: 3784K(3968K)->3784K(3968K) NonClass: 3366K(3456K)->3366K(3456K) Class: 418K(512K)->418K(512K)
[2025-10-14T10:56:10.510+0300][38.202s][info][gc          ] GC(109) Pause Young (Normal) (G1 Evacuation Pause) 7181M->2949M(7892M) 121.461ms
[2025-10-14T10:56:10.510+0300][38.202s][info][gc,cpu      ] GC(109) User=0.03s Sys=0.42s Real=0.13s
[2025-10-14T10:56:11.095+0300][38.786s][info][gc,start    ] GC(110) Pause Young (Normal) (G1 Evacuation Pause)
[2025-10-14T10:56:11.095+0300][38.787s][info][gc,task     ] GC(110) Using 9 workers of 9 for evacuation
[2025-10-14T10:56:11.217+0300][38.909s][info][gc,phases   ] GC(110)   Pre Evacuate Collection Set: 0.12ms
[2025-10-14T10:56:11.218+0300][38.909s][info][gc,phases   ] GC(110)   Merge Heap Roots: 0.20ms
[2025-10-14T10:56:11.218+0300][38.909s][info][gc,phases   ] GC(110)   Evacuate Collection Set: 120.59ms
[2025-10-14T10:56:11.218+0300][38.909s][info][gc,phases   ] GC(110)   Post Evacuate Collection Set: 1.06ms
[2025-10-14T10:56:11.218+0300][38.909s][info][gc,phases   ] GC(110)   Other: 0.11ms
[2025-10-14T10:56:11.218+0300][38.909s][info][gc,heap     ] GC(110) Eden regions: 1058->0(1058)
[2025-10-14T10:56:11.218+0300][38.909s][info][gc,heap     ] GC(110) Survivor regions: 79->79(143)
[2025-10-14T10:56:11.218+0300][38.909s][info][gc,heap     ] GC(110) Old regions: 661->661
[2025-10-14T10:56:11.218+0300][38.909s][info][gc,heap     ] GC(110) Humongous regions: 0->0
[2025-10-14T10:56:11.218+0300][38.909s][info][gc,metaspace] GC(110) Metaspace: 3784K(3968K)->3784K(3968K) NonClass: 3366K(3456K)->3366K(3456K) Class: 418K(512K)->418K(512K)
[2025-10-14T10:56:11.218+0300][38.909s][info][gc          ] GC(110) Pause Young (Normal) (G1 Evacuation Pause) 7181M->2949M(7892M) 122.835ms
[2025-10-14T10:56:11.218+0300][38.909s][info][gc,cpu      ] GC(110) User=0.04s Sys=0.36s Real=0.12s
[2025-10-14T10:56:11.551+0300][39.243s][info][gc,start    ] GC(111) Pause Young (Normal) (G1 Evacuation Pause)
[2025-10-14T10:56:11.551+0300][39.243s][info][gc,task     ] GC(111) Using 9 workers of 9 for evacuation
[2025-10-14T10:56:11.570+0300][39.262s][info][gc,phases   ] GC(111)   Pre Evacuate Collection Set: 4.23ms
[2025-10-14T10:56:11.570+0300][39.262s][info][gc,phases   ] GC(111)   Merge Heap Roots: 3.29ms
[2025-10-14T10:56:11.570+0300][39.262s][info][gc,phases   ] GC(111)   Evacuate Collection Set: 10.25ms
[2025-10-14T10:56:11.570+0300][39.262s][info][gc,phases   ] GC(111)   Post Evacuate Collection Set: 0.74ms
[2025-10-14T10:56:11.570+0300][39.262s][info][gc,phases   ] GC(111)   Other: 0.35ms
[2025-10-14T10:56:11.570+0300][39.262s][info][gc,heap     ] GC(111) Eden regions: 1058->0(1072)
[2025-10-14T10:56:11.570+0300][39.262s][info][gc,heap     ] GC(111) Survivor regions: 79->79(143)
[2025-10-14T10:56:11.570+0300][39.262s][info][gc,heap     ] GC(111) Old regions: 661->661
[2025-10-14T10:56:11.570+0300][39.262s][info][gc,heap     ] GC(111) Humongous regions: 0->0
[2025-10-14T10:56:11.570+0300][39.262s][info][gc,metaspace] GC(111) Metaspace: 3784K(3968K)->3784K(3968K) NonClass: 3366K(3456K)->3366K(3456K) Class: 418K(512K)->418K(512K)
[2025-10-14T10:56:11.570+0300][39.262s][info][gc          ] GC(111) Pause Young (Normal) (G1 Evacuation Pause) 7181M->2949M(7948M) 19.180ms
[2025-10-14T10:56:11.570+0300][39.262s][info][gc,cpu      ] GC(111) User=0.05s Sys=0.01s Real=0.02s
[2025-10-14T10:56:11.871+0300][39.562s][info][gc,start    ] GC(112) Pause Young (Normal) (G1 Evacuation Pause)
[2025-10-14T10:56:11.871+0300][39.563s][info][gc,task     ] GC(112) Using 9 workers of 9 for evacuation
[2025-10-14T10:56:11.880+0300][39.571s][info][gc,phases   ] GC(112)   Pre Evacuate Collection Set: 0.28ms
[2025-10-14T10:56:11.880+0300][39.571s][info][gc,phases   ] GC(112)   Merge Heap Roots: 0.19ms
[2025-10-14T10:56:11.880+0300][39.571s][info][gc,phases   ] GC(112)   Evacuate Collection Set: 7.50ms
[2025-10-14T10:56:11.880+0300][39.571s][info][gc,phases   ] GC(112)   Post Evacuate Collection Set: 0.52ms
[2025-10-14T10:56:11.880+0300][39.571s][info][gc,phases   ] GC(112)   Other: 0.11ms
[2025-10-14T10:56:11.880+0300][39.571s][info][gc,heap     ] GC(112) Eden regions: 1072->0(1071)
[2025-10-14T10:56:11.880+0300][39.571s][info][gc,heap     ] GC(112) Survivor regions: 79->79(144)
[2025-10-14T10:56:11.880+0300][39.571s][info][gc,heap     ] GC(112) Old regions: 661->661
[2025-10-14T10:56:11.880+0300][39.571s][info][gc,heap     ] GC(112) Humongous regions: 0->0
[2025-10-14T10:56:11.880+0300][39.571s][info][gc,metaspace] GC(112) Metaspace: 3784K(3968K)->3784K(3968K) NonClass: 3366K(3456K)->3366K(3456K) Class: 418K(512K)->418K(512K)
[2025-10-14T10:56:11.880+0300][39.571s][info][gc          ] GC(112) Pause Young (Normal) (G1 Evacuation Pause) 7237M->2949M(7948M) 8.878ms
[2025-10-14T10:56:11.880+0300][39.571s][info][gc,cpu      ] GC(112) User=0.05s Sys=0.01s Real=0.01s
[2025-10-14T10:56:12.252+0300][39.943s][info][gc,start    ] GC(113) Pause Young (Normal) (G1 Evacuation Pause)
[2025-10-14T10:56:12.252+0300][39.943s][info][gc,task     ] GC(113) Using 9 workers of 9 for evacuation
[2025-10-14T10:56:12.263+0300][39.955s][info][gc,phases   ] GC(113)   Pre Evacuate Collection Set: 0.33ms
[2025-10-14T10:56:12.263+0300][39.955s][info][gc,phases   ] GC(113)   Merge Heap Roots: 0.24ms
[2025-10-14T10:56:12.263+0300][39.955s][info][gc,phases   ] GC(113)   Evacuate Collection Set: 10.25ms
[2025-10-14T10:56:12.263+0300][39.955s][info][gc,phases   ] GC(113)   Post Evacuate Collection Set: 0.52ms
[2025-10-14T10:56:12.263+0300][39.955s][info][gc,phases   ] GC(113)   Other: 0.21ms
[2025-10-14T10:56:12.263+0300][39.955s][info][gc,heap     ] GC(113) Eden regions: 1071->0(1072)
[2025-10-14T10:56:12.263+0300][39.955s][info][gc,heap     ] GC(113) Survivor regions: 79->79(144)
[2025-10-14T10:56:12.263+0300][39.955s][info][gc,heap     ] GC(113) Old regions: 661->661
[2025-10-14T10:56:12.263+0300][39.955s][info][gc,heap     ] GC(113) Humongous regions: 0->0
[2025-10-14T10:56:12.263+0300][39.955s][info][gc,metaspace] GC(113) Metaspace: 3784K(3968K)->3784K(3968K) NonClass: 3366K(3456K)->3366K(3456K) Class: 418K(512K)->418K(512K)
[2025-10-14T10:56:12.263+0300][39.955s][info][gc          ] GC(113) Pause Young (Normal) (G1 Evacuation Pause) 7233M->2949M(7948M) 11.916ms
[2025-10-14T10:56:12.263+0300][39.955s][info][gc,cpu      ] GC(113) User=0.05s Sys=0.02s Real=0.01s
[2025-10-14T10:56:12.824+0300][40.515s][info][gc,start    ] GC(114) Pause Young (Normal) (G1 Evacuation Pause)
[2025-10-14T10:56:12.824+0300][40.515s][info][gc,task     ] GC(114) Using 9 workers of 9 for evacuation
[2025-10-14T10:56:12.849+0300][40.540s][info][gc,phases   ] GC(114)   Pre Evacuate Collection Set: 0.51ms
[2025-10-14T10:56:12.849+0300][40.540s][info][gc,phases   ] GC(114)   Merge Heap Roots: 0.15ms
[2025-10-14T10:56:12.849+0300][40.540s][info][gc,phases   ] GC(114)   Evacuate Collection Set: 23.17ms
[2025-10-14T10:56:12.849+0300][40.540s][info][gc,phases   ] GC(114)   Post Evacuate Collection Set: 0.80ms
[2025-10-14T10:56:12.849+0300][40.540s][info][gc,phases   ] GC(114)   Other: 0.21ms
[2025-10-14T10:56:12.849+0300][40.540s][info][gc,heap     ] GC(114) Eden regions: 1072->0(1072)
[2025-10-14T10:56:12.849+0300][40.540s][info][gc,heap     ] GC(114) Survivor regions: 79->79(144)
[2025-10-14T10:56:12.849+0300][40.540s][info][gc,heap     ] GC(114) Old regions: 661->661
[2025-10-14T10:56:12.849+0300][40.540s][info][gc,heap     ] GC(114) Humongous regions: 0->0
[2025-10-14T10:56:12.849+0300][40.540s][info][gc,metaspace] GC(114) Metaspace: 3784K(3968K)->3784K(3968K) NonClass: 3366K(3456K)->3366K(3456K) Class: 418K(512K)->418K(512K)
[2025-10-14T10:56:12.849+0300][40.540s][info][gc          ] GC(114) Pause Young (Normal) (G1 Evacuation Pause) 7237M->2949M(7948M) 25.266ms
[2025-10-14T10:56:12.849+0300][40.540s][info][gc,cpu      ] GC(114) User=0.05s Sys=0.05s Real=0.02s
[2025-10-14T10:56:13.752+0300][41.444s][info][gc,start    ] GC(115) Pause Young (Normal) (G1 Evacuation Pause)
[2025-10-14T10:56:13.752+0300][41.444s][info][gc,task     ] GC(115) Using 9 workers of 9 for evacuation
[2025-10-14T10:56:13.840+0300][41.532s][info][gc,phases   ] GC(115)   Pre Evacuate Collection Set: 0.19ms
[2025-10-14T10:56:13.841+0300][41.532s][info][gc,phases   ] GC(115)   Merge Heap Roots: 0.20ms
[2025-10-14T10:56:13.841+0300][41.532s][info][gc,phases   ] GC(115)   Evacuate Collection Set: 86.74ms
[2025-10-14T10:56:13.841+0300][41.532s][info][gc,phases   ] GC(115)   Post Evacuate Collection Set: 0.76ms
[2025-10-14T10:56:13.841+0300][41.532s][info][gc,phases   ] GC(115)   Other: 0.11ms
[2025-10-14T10:56:13.841+0300][41.532s][info][gc,heap     ] GC(115) Eden regions: 1072->0(1072)
[2025-10-14T10:56:13.841+0300][41.532s][info][gc,heap     ] GC(115) Survivor regions: 79->79(144)
[2025-10-14T10:56:13.841+0300][41.532s][info][gc,heap     ] GC(115) Old regions: 661->661
[2025-10-14T10:56:13.841+0300][41.532s][info][gc,heap     ] GC(115) Humongous regions: 0->0
[2025-10-14T10:56:13.841+0300][41.532s][info][gc,metaspace] GC(115) Metaspace: 3784K(3968K)->3784K(3968K) NonClass: 3366K(3456K)->3366K(3456K) Class: 418K(512K)->418K(512K)
[2025-10-14T10:56:13.841+0300][41.532s][info][gc          ] GC(115) Pause Young (Normal) (G1 Evacuation Pause) 7237M->2949M(7948M) 88.369ms
[2025-10-14T10:56:13.841+0300][41.532s][info][gc,cpu      ] GC(115) User=0.03s Sys=0.26s Real=0.09s
[2025-10-14T10:56:14.297+0300][41.988s][info][gc,start    ] GC(116) Pause Young (Normal) (G1 Evacuation Pause)
[2025-10-14T10:56:14.297+0300][41.988s][info][gc,task     ] GC(116) Using 9 workers of 9 for evacuation
[2025-10-14T10:56:14.309+0300][42.000s][info][gc,phases   ] GC(116)   Pre Evacuate Collection Set: 0.22ms
[2025-10-14T10:56:14.309+0300][42.001s][info][gc,phases   ] GC(116)   Merge Heap Roots: 0.21ms
[2025-10-14T10:56:14.309+0300][42.001s][info][gc,phases   ] GC(116)   Evacuate Collection Set: 10.91ms
[2025-10-14T10:56:14.309+0300][42.001s][info][gc,phases   ] GC(116)   Post Evacuate Collection Set: 0.52ms
[2025-10-14T10:56:14.309+0300][42.001s][info][gc,phases   ] GC(116)   Other: 0.14ms
[2025-10-14T10:56:14.309+0300][42.001s][info][gc,heap     ] GC(116) Eden regions: 1072->0(1072)
[2025-10-14T10:56:14.309+0300][42.001s][info][gc,heap     ] GC(116) Survivor regions: 79->79(144)
[2025-10-14T10:56:14.309+0300][42.001s][info][gc,heap     ] GC(116) Old regions: 661->661
[2025-10-14T10:56:14.309+0300][42.001s][info][gc,heap     ] GC(116) Humongous regions: 0->0
[2025-10-14T10:56:14.309+0300][42.001s][info][gc,metaspace] GC(116) Metaspace: 3784K(3968K)->3784K(3968K) NonClass: 3366K(3456K)->3366K(3456K) Class: 418K(512K)->418K(512K)
[2025-10-14T10:56:14.309+0300][42.001s][info][gc          ] GC(116) Pause Young (Normal) (G1 Evacuation Pause) 7237M->2949M(7948M) 12.281ms
[2025-10-14T10:56:14.309+0300][42.001s][info][gc,cpu      ] GC(116) User=0.04s Sys=0.02s Real=0.01s
[2025-10-14T10:56:14.596+0300][42.288s][info][gc,start    ] GC(117) Pause Young (Normal) (G1 Evacuation Pause)
[2025-10-14T10:56:14.597+0300][42.288s][info][gc,task     ] GC(117) Using 9 workers of 9 for evacuation
[2025-10-14T10:56:14.608+0300][42.300s][info][gc,phases   ] GC(117)   Pre Evacuate Collection Set: 0.25ms
[2025-10-14T10:56:14.608+0300][42.300s][info][gc,phases   ] GC(117)   Merge Heap Roots: 0.17ms
[2025-10-14T10:56:14.608+0300][42.300s][info][gc,phases   ] GC(117)   Evacuate Collection Set: 10.35ms
[2025-10-14T10:56:14.608+0300][42.300s][info][gc,phases   ] GC(117)   Post Evacuate Collection Set: 0.57ms
[2025-10-14T10:56:14.608+0300][42.300s][info][gc,phases   ] GC(117)   Other: 0.15ms
[2025-10-14T10:56:14.608+0300][42.300s][info][gc,heap     ] GC(117) Eden regions: 1072->0(1072)
[2025-10-14T10:56:14.608+0300][42.300s][info][gc,heap     ] GC(117) Survivor regions: 79->79(144)
[2025-10-14T10:56:14.608+0300][42.300s][info][gc,heap     ] GC(117) Old regions: 661->661
[2025-10-14T10:56:14.608+0300][42.300s][info][gc,heap     ] GC(117) Humongous regions: 0->0
[2025-10-14T10:56:14.608+0300][42.300s][info][gc,metaspace] GC(117) Metaspace: 3784K(3968K)->3784K(3968K) NonClass: 3366K(3456K)->3366K(3456K) Class: 418K(512K)->418K(512K)
[2025-10-14T10:56:14.608+0300][42.300s][info][gc          ] GC(117) Pause Young (Normal) (G1 Evacuation Pause) 7237M->2949M(7948M) 11.792ms
[2025-10-14T10:56:14.608+0300][42.300s][info][gc,cpu      ] GC(117) User=0.05s Sys=0.01s Real=0.01s
[2025-10-14T10:56:14.913+0300][42.605s][info][gc,start    ] GC(118) Pause Young (Normal) (G1 Evacuation Pause)
[2025-10-14T10:56:14.913+0300][42.605s][info][gc,task     ] GC(118) Using 9 workers of 9 for evacuation
[2025-10-14T10:56:14.923+0300][42.614s][info][gc,phases   ] GC(118)   Pre Evacuate Collection Set: 0.27ms
[2025-10-14T10:56:14.923+0300][42.614s][info][gc,phases   ] GC(118)   Merge Heap Roots: 0.17ms
[2025-10-14T10:56:14.923+0300][42.614s][info][gc,phases   ] GC(118)   Evacuate Collection Set: 8.06ms
[2025-10-14T10:56:14.923+0300][42.614s][info][gc,phases   ] GC(118)   Post Evacuate Collection Set: 0.59ms
[2025-10-14T10:56:14.923+0300][42.614s][info][gc,phases   ] GC(118)   Other: 0.12ms
[2025-10-14T10:56:14.923+0300][42.614s][info][gc,heap     ] GC(118) Eden regions: 1072->0(1072)
[2025-10-14T10:56:14.923+0300][42.614s][info][gc,heap     ] GC(118) Survivor regions: 79->79(144)
[2025-10-14T10:56:14.923+0300][42.614s][info][gc,heap     ] GC(118) Old regions: 661->661
[2025-10-14T10:56:14.923+0300][42.614s][info][gc,heap     ] GC(118) Humongous regions: 0->0
[2025-10-14T10:56:14.923+0300][42.614s][info][gc,metaspace] GC(118) Metaspace: 3784K(3968K)->3784K(3968K) NonClass: 3366K(3456K)->3366K(3456K) Class: 418K(512K)->418K(512K)
[2025-10-14T10:56:14.923+0300][42.614s][info][gc          ] GC(118) Pause Young (Normal) (G1 Evacuation Pause) 7237M->2949M(7948M) 9.545ms
[2025-10-14T10:56:14.923+0300][42.614s][info][gc,cpu      ] GC(118) User=0.04s Sys=0.00s Real=0.01s
[2025-10-14T10:56:15.213+0300][42.905s][info][gc,start    ] GC(119) Pause Young (Normal) (G1 Evacuation Pause)
[2025-10-14T10:56:15.213+0300][42.905s][info][gc,task     ] GC(119) Using 9 workers of 9 for evacuation
[2025-10-14T10:56:15.223+0300][42.914s][info][gc,phases   ] GC(119)   Pre Evacuate Collection Set: 0.24ms
[2025-10-14T10:56:15.223+0300][42.914s][info][gc,phases   ] GC(119)   Merge Heap Roots: 0.09ms
[2025-10-14T10:56:15.223+0300][42.914s][info][gc,phases   ] GC(119)   Evacuate Collection Set: 8.19ms
[2025-10-14T10:56:15.223+0300][42.914s][info][gc,phases   ] GC(119)   Post Evacuate Collection Set: 0.53ms
[2025-10-14T10:56:15.223+0300][42.914s][info][gc,phases   ] GC(119)   Other: 0.16ms
[2025-10-14T10:56:15.223+0300][42.914s][info][gc,heap     ] GC(119) Eden regions: 1072->0(1072)
[2025-10-14T10:56:15.223+0300][42.914s][info][gc,heap     ] GC(119) Survivor regions: 79->79(144)
[2025-10-14T10:56:15.223+0300][42.914s][info][gc,heap     ] GC(119) Old regions: 661->661
[2025-10-14T10:56:15.223+0300][42.914s][info][gc,heap     ] GC(119) Humongous regions: 0->0
[2025-10-14T10:56:15.223+0300][42.914s][info][gc,metaspace] GC(119) Metaspace: 3784K(3968K)->3784K(3968K) NonClass: 3366K(3456K)->3366K(3456K) Class: 418K(512K)->418K(512K)
[2025-10-14T10:56:15.223+0300][42.914s][info][gc          ] GC(119) Pause Young (Normal) (G1 Evacuation Pause) 7237M->2949M(7948M) 9.541ms
[2025-10-14T10:56:15.223+0300][42.914s][info][gc,cpu      ] GC(119) User=0.04s Sys=0.00s Real=0.01s
[2025-10-14T10:56:15.517+0300][43.209s][info][gc,start    ] GC(120) Pause Young (Normal) (G1 Evacuation Pause)
[2025-10-14T10:56:15.517+0300][43.209s][info][gc,task     ] GC(120) Using 9 workers of 9 for evacuation
[2025-10-14T10:56:15.526+0300][43.218s][info][gc,phases   ] GC(120)   Pre Evacuate Collection Set: 0.17ms
[2025-10-14T10:56:15.526+0300][43.218s][info][gc,phases   ] GC(120)   Merge Heap Roots: 0.15ms
[2025-10-14T10:56:15.526+0300][43.218s][info][gc,phases   ] GC(120)   Evacuate Collection Set: 7.78ms
[2025-10-14T10:56:15.526+0300][43.218s][info][gc,phases   ] GC(120)   Post Evacuate Collection Set: 0.53ms
[2025-10-14T10:56:15.526+0300][43.218s][info][gc,phases   ] GC(120)   Other: 0.09ms
[2025-10-14T10:56:15.526+0300][43.218s][info][gc,heap     ] GC(120) Eden regions: 1072->0(1072)
[2025-10-14T10:56:15.526+0300][43.218s][info][gc,heap     ] GC(120) Survivor regions: 79->79(144)
[2025-10-14T10:56:15.526+0300][43.218s][info][gc,heap     ] GC(120) Old regions: 661->661
[2025-10-14T10:56:15.526+0300][43.218s][info][gc,heap     ] GC(120) Humongous regions: 0->0
[2025-10-14T10:56:15.526+0300][43.218s][info][gc,metaspace] GC(120) Metaspace: 3784K(3968K)->3784K(3968K) NonClass: 3366K(3456K)->3366K(3456K) Class: 418K(512K)->418K(512K)
[2025-10-14T10:56:15.526+0300][43.218s][info][gc          ] GC(120) Pause Young (Normal) (G1 Evacuation Pause) 7237M->2949M(7948M) 9.032ms
[2025-10-14T10:56:15.526+0300][43.218s][info][gc,cpu      ] GC(120) User=0.05s Sys=0.00s Real=0.01s
[2025-10-14T10:56:15.838+0300][43.530s][info][gc,start    ] GC(121) Pause Young (Normal) (G1 Evacuation Pause)
[2025-10-14T10:56:15.838+0300][43.530s][info][gc,task     ] GC(121) Using 9 workers of 9 for evacuation
[2025-10-14T10:56:15.847+0300][43.538s][info][gc,phases   ] GC(121)   Pre Evacuate Collection Set: 0.20ms
[2025-10-14T10:56:15.847+0300][43.538s][info][gc,phases   ] GC(121)   Merge Heap Roots: 0.22ms
[2025-10-14T10:56:15.847+0300][43.538s][info][gc,phases   ] GC(121)   Evacuate Collection Set: 7.09ms
[2025-10-14T10:56:15.847+0300][43.538s][info][gc,phases   ] GC(121)   Post Evacuate Collection Set: 0.47ms
[2025-10-14T10:56:15.847+0300][43.538s][info][gc,phases   ] GC(121)   Other: 0.11ms
[2025-10-14T10:56:15.847+0300][43.538s][info][gc,heap     ] GC(121) Eden regions: 1072->0(1072)
[2025-10-14T10:56:15.847+0300][43.538s][info][gc,heap     ] GC(121) Survivor regions: 79->79(144)
[2025-10-14T10:56:15.847+0300][43.538s][info][gc,heap     ] GC(121) Old regions: 661->661
[2025-10-14T10:56:15.847+0300][43.538s][info][gc,heap     ] GC(121) Humongous regions: 0->0
[2025-10-14T10:56:15.847+0300][43.538s][info][gc,metaspace] GC(121) Metaspace: 3784K(3968K)->3784K(3968K) NonClass: 3366K(3456K)->3366K(3456K) Class: 418K(512K)->418K(512K)
[2025-10-14T10:56:15.847+0300][43.538s][info][gc          ] GC(121) Pause Young (Normal) (G1 Evacuation Pause) 7237M->2949M(7948M) 8.349ms
[2025-10-14T10:56:15.847+0300][43.538s][info][gc,cpu      ] GC(121) User=0.05s Sys=0.00s Real=0.01s
[2025-10-14T10:56:16.157+0300][43.849s][info][gc,start    ] GC(122) Pause Young (Normal) (G1 Evacuation Pause)
[2025-10-14T10:56:16.157+0300][43.849s][info][gc,task     ] GC(122) Using 9 workers of 9 for evacuation
[2025-10-14T10:56:16.165+0300][43.856s][info][gc,phases   ] GC(122)   Pre Evacuate Collection Set: 0.14ms
[2025-10-14T10:56:16.165+0300][43.856s][info][gc,phases   ] GC(122)   Merge Heap Roots: 0.18ms
[2025-10-14T10:56:16.165+0300][43.856s][info][gc,phases   ] GC(122)   Evacuate Collection Set: 6.80ms
[2025-10-14T10:56:16.165+0300][43.856s][info][gc,phases   ] GC(122)   Post Evacuate Collection Set: 0.45ms
[2025-10-14T10:56:16.165+0300][43.856s][info][gc,phases   ] GC(122)   Other: 0.10ms
[2025-10-14T10:56:16.165+0300][43.856s][info][gc,heap     ] GC(122) Eden regions: 1072->0(1072)
[2025-10-14T10:56:16.165+0300][43.856s][info][gc,heap     ] GC(122) Survivor regions: 79->79(144)
[2025-10-14T10:56:16.165+0300][43.856s][info][gc,heap     ] GC(122) Old regions: 661->661
[2025-10-14T10:56:16.165+0300][43.856s][info][gc,heap     ] GC(122) Humongous regions: 0->0
[2025-10-14T10:56:16.165+0300][43.856s][info][gc,metaspace] GC(122) Metaspace: 3784K(3968K)->3784K(3968K) NonClass: 3366K(3456K)->3366K(3456K) Class: 418K(512K)->418K(512K)
[2025-10-14T10:56:16.165+0300][43.856s][info][gc          ] GC(122) Pause Young (Normal) (G1 Evacuation Pause) 7237M->2949M(7948M) 7.935ms
[2025-10-14T10:56:16.165+0300][43.856s][info][gc,cpu      ] GC(122) User=0.05s Sys=0.00s Real=0.01s
[2025-10-14T10:56:16.495+0300][44.187s][info][gc,start    ] GC(123) Pause Young (Normal) (G1 Evacuation Pause)
[2025-10-14T10:56:16.495+0300][44.187s][info][gc,task     ] GC(123) Using 9 workers of 9 for evacuation
[2025-10-14T10:56:16.505+0300][44.197s][info][gc,phases   ] GC(123)   Pre Evacuate Collection Set: 0.23ms
[2025-10-14T10:56:16.505+0300][44.197s][info][gc,phases   ] GC(123)   Merge Heap Roots: 0.18ms
[2025-10-14T10:56:16.505+0300][44.197s][info][gc,phases   ] GC(123)   Evacuate Collection Set: 8.64ms
[2025-10-14T10:56:16.505+0300][44.197s][info][gc,phases   ] GC(123)   Post Evacuate Collection Set: 0.65ms
[2025-10-14T10:56:16.505+0300][44.197s][info][gc,phases   ] GC(123)   Other: 0.11ms
[2025-10-14T10:56:16.505+0300][44.197s][info][gc,heap     ] GC(123) Eden regions: 1072->0(1072)
[2025-10-14T10:56:16.505+0300][44.197s][info][gc,heap     ] GC(123) Survivor regions: 79->79(144)
[2025-10-14T10:56:16.505+0300][44.197s][info][gc,heap     ] GC(123) Old regions: 661->661
[2025-10-14T10:56:16.505+0300][44.197s][info][gc,heap     ] GC(123) Humongous regions: 0->0
[2025-10-14T10:56:16.505+0300][44.197s][info][gc,metaspace] GC(123) Metaspace: 3784K(3968K)->3784K(3968K) NonClass: 3366K(3456K)->3366K(3456K) Class: 418K(512K)->418K(512K)
[2025-10-14T10:56:16.505+0300][44.197s][info][gc          ] GC(123) Pause Young (Normal) (G1 Evacuation Pause) 7237M->2949M(7948M) 10.104ms
[2025-10-14T10:56:16.505+0300][44.197s][info][gc,cpu      ] GC(123) User=0.04s Sys=0.01s Real=0.01s
[2025-10-14T10:56:16.811+0300][44.502s][info][gc,start    ] GC(124) Pause Young (Normal) (G1 Evacuation Pause)
[2025-10-14T10:56:16.811+0300][44.502s][info][gc,task     ] GC(124) Using 9 workers of 9 for evacuation
[2025-10-14T10:56:16.821+0300][44.513s][info][gc,phases   ] GC(124)   Pre Evacuate Collection Set: 0.20ms
[2025-10-14T10:56:16.821+0300][44.513s][info][gc,phases   ] GC(124)   Merge Heap Roots: 0.14ms
[2025-10-14T10:56:16.821+0300][44.513s][info][gc,phases   ] GC(124)   Evacuate Collection Set: 9.42ms
[2025-10-14T10:56:16.821+0300][44.513s][info][gc,phases   ] GC(124)   Post Evacuate Collection Set: 0.49ms
[2025-10-14T10:56:16.821+0300][44.513s][info][gc,phases   ] GC(124)   Other: 0.10ms
[2025-10-14T10:56:16.821+0300][44.513s][info][gc,heap     ] GC(124) Eden regions: 1072->0(1071)
[2025-10-14T10:56:16.821+0300][44.513s][info][gc,heap     ] GC(124) Survivor regions: 79->79(144)
[2025-10-14T10:56:16.821+0300][44.513s][info][gc,heap     ] GC(124) Old regions: 661->661
[2025-10-14T10:56:16.821+0300][44.513s][info][gc,heap     ] GC(124) Humongous regions: 0->0
[2025-10-14T10:56:16.821+0300][44.513s][info][gc,metaspace] GC(124) Metaspace: 3784K(3968K)->3784K(3968K) NonClass: 3366K(3456K)->3366K(3456K) Class: 418K(512K)->418K(512K)
[2025-10-14T10:56:16.821+0300][44.513s][info][gc          ] GC(124) Pause Young (Normal) (G1 Evacuation Pause) 7237M->2949M(7948M) 10.589ms
[2025-10-14T10:56:16.821+0300][44.513s][info][gc,cpu      ] GC(124) User=0.05s Sys=0.02s Real=0.01s
[2025-10-14T10:56:17.108+0300][44.800s][info][gc,start    ] GC(125) Pause Young (Normal) (G1 Evacuation Pause)
[2025-10-14T10:56:17.108+0300][44.800s][info][gc,task     ] GC(125) Using 9 workers of 9 for evacuation
[2025-10-14T10:56:17.117+0300][44.808s][info][gc,phases   ] GC(125)   Pre Evacuate Collection Set: 0.25ms
[2025-10-14T10:56:17.117+0300][44.808s][info][gc,phases   ] GC(125)   Merge Heap Roots: 0.24ms
[2025-10-14T10:56:17.117+0300][44.808s][info][gc,phases   ] GC(125)   Evacuate Collection Set: 7.31ms
[2025-10-14T10:56:17.117+0300][44.808s][info][gc,phases   ] GC(125)   Post Evacuate Collection Set: 0.54ms
[2025-10-14T10:56:17.117+0300][44.808s][info][gc,phases   ] GC(125)   Other: 0.18ms
[2025-10-14T10:56:17.117+0300][44.808s][info][gc,heap     ] GC(125) Eden regions: 1071->0(1072)
[2025-10-14T10:56:17.117+0300][44.808s][info][gc,heap     ] GC(125) Survivor regions: 79->79(144)
[2025-10-14T10:56:17.117+0300][44.808s][info][gc,heap     ] GC(125) Old regions: 661->661
[2025-10-14T10:56:17.117+0300][44.808s][info][gc,heap     ] GC(125) Humongous regions: 0->0
[2025-10-14T10:56:17.117+0300][44.808s][info][gc,metaspace] GC(125) Metaspace: 3784K(3968K)->3784K(3968K) NonClass: 3366K(3456K)->3366K(3456K) Class: 418K(512K)->418K(512K)
[2025-10-14T10:56:17.117+0300][44.809s][info][gc          ] GC(125) Pause Young (Normal) (G1 Evacuation Pause) 7233M->2949M(7948M) 8.828ms
[2025-10-14T10:56:17.117+0300][44.809s][info][gc,cpu      ] GC(125) User=0.05s Sys=0.00s Real=0.01s
[2025-10-14T10:56:17.412+0300][45.104s][info][gc,start    ] GC(126) Pause Young (Normal) (G1 Evacuation Pause)
[2025-10-14T10:56:17.412+0300][45.104s][info][gc,task     ] GC(126) Using 9 workers of 9 for evacuation
[2025-10-14T10:56:17.424+0300][45.116s][info][gc,phases   ] GC(126)   Pre Evacuate Collection Set: 0.12ms
[2025-10-14T10:56:17.424+0300][45.116s][info][gc,phases   ] GC(126)   Merge Heap Roots: 0.17ms
[2025-10-14T10:56:17.424+0300][45.116s][info][gc,phases   ] GC(126)   Evacuate Collection Set: 11.33ms
[2025-10-14T10:56:17.424+0300][45.116s][info][gc,phases   ] GC(126)   Post Evacuate Collection Set: 0.50ms
[2025-10-14T10:56:17.424+0300][45.116s][info][gc,phases   ] GC(126)   Other: 0.10ms
[2025-10-14T10:56:17.424+0300][45.116s][info][gc,heap     ] GC(126) Eden regions: 1072->0(1072)
[2025-10-14T10:56:17.424+0300][45.116s][info][gc,heap     ] GC(126) Survivor regions: 79->79(144)
[2025-10-14T10:56:17.424+0300][45.116s][info][gc,heap     ] GC(126) Old regions: 661->661
[2025-10-14T10:56:17.424+0300][45.116s][info][gc,heap     ] GC(126) Humongous regions: 0->0
[2025-10-14T10:56:17.424+0300][45.116s][info][gc,metaspace] GC(126) Metaspace: 3784K(3968K)->3784K(3968K) NonClass: 3366K(3456K)->3366K(3456K) Class: 418K(512K)->418K(512K)
[2025-10-14T10:56:17.424+0300][45.116s][info][gc          ] GC(126) Pause Young (Normal) (G1 Evacuation Pause) 7237M->2949M(7948M) 12.541ms
[2025-10-14T10:56:17.425+0300][45.116s][info][gc,cpu      ] GC(126) User=0.05s Sys=0.03s Real=0.01s
[2025-10-14T10:56:17.717+0300][45.408s][info][gc,start    ] GC(127) Pause Young (Normal) (G1 Evacuation Pause)
[2025-10-14T10:56:17.717+0300][45.408s][info][gc,task     ] GC(127) Using 9 workers of 9 for evacuation
[2025-10-14T10:56:17.724+0300][45.416s][info][gc,phases   ] GC(127)   Pre Evacuate Collection Set: 0.12ms
[2025-10-14T10:56:17.724+0300][45.416s][info][gc,phases   ] GC(127)   Merge Heap Roots: 0.18ms
[2025-10-14T10:56:17.724+0300][45.416s][info][gc,phases   ] GC(127)   Evacuate Collection Set: 6.62ms
[2025-10-14T10:56:17.724+0300][45.416s][info][gc,phases   ] GC(127)   Post Evacuate Collection Set: 0.44ms
[2025-10-14T10:56:17.724+0300][45.416s][info][gc,phases   ] GC(127)   Other: 0.10ms
[2025-10-14T10:56:17.724+0300][45.416s][info][gc,heap     ] GC(127) Eden regions: 1072->0(1072)
[2025-10-14T10:56:17.724+0300][45.416s][info][gc,heap     ] GC(127) Survivor regions: 79->79(144)
[2025-10-14T10:56:17.724+0300][45.416s][info][gc,heap     ] GC(127) Old regions: 661->661
[2025-10-14T10:56:17.724+0300][45.416s][info][gc,heap     ] GC(127) Humongous regions: 0->0
[2025-10-14T10:56:17.724+0300][45.416s][info][gc,metaspace] GC(127) Metaspace: 3784K(3968K)->3784K(3968K) NonClass: 3366K(3456K)->3366K(3456K) Class: 418K(512K)->418K(512K)
[2025-10-14T10:56:17.724+0300][45.416s][info][gc          ] GC(127) Pause Young (Normal) (G1 Evacuation Pause) 7237M->2949M(7948M) 7.711ms
[2025-10-14T10:56:17.724+0300][45.416s][info][gc,cpu      ] GC(127) User=0.05s Sys=0.00s Real=0.01s
[2025-10-14T10:56:18.032+0300][45.724s][info][gc,start    ] GC(128) Pause Young (Normal) (G1 Evacuation Pause)
[2025-10-14T10:56:18.032+0300][45.724s][info][gc,task     ] GC(128) Using 9 workers of 9 for evacuation
[2025-10-14T10:56:18.074+0300][45.766s][info][gc,phases   ] GC(128)   Pre Evacuate Collection Set: 1.20ms
[2025-10-14T10:56:18.075+0300][45.766s][info][gc,phases   ] GC(128)   Merge Heap Roots: 0.08ms
[2025-10-14T10:56:18.075+0300][45.766s][info][gc,phases   ] GC(128)   Evacuate Collection Set: 33.64ms
[2025-10-14T10:56:18.075+0300][45.766s][info][gc,phases   ] GC(128)   Post Evacuate Collection Set: 6.85ms
[2025-10-14T10:56:18.075+0300][45.766s][info][gc,phases   ] GC(128)   Other: 0.18ms
[2025-10-14T10:56:18.075+0300][45.766s][info][gc,heap     ] GC(128) Eden regions: 1072->0(1072)
[2025-10-14T10:56:18.075+0300][45.766s][info][gc,heap     ] GC(128) Survivor regions: 79->79(144)
[2025-10-14T10:56:18.075+0300][45.766s][info][gc,heap     ] GC(128) Old regions: 661->661
[2025-10-14T10:56:18.075+0300][45.766s][info][gc,heap     ] GC(128) Humongous regions: 0->0
[2025-10-14T10:56:18.075+0300][45.766s][info][gc,metaspace] GC(128) Metaspace: 3784K(3968K)->3784K(3968K) NonClass: 3366K(3456K)->3366K(3456K) Class: 418K(512K)->418K(512K)
[2025-10-14T10:56:18.075+0300][45.766s][info][gc          ] GC(128) Pause Young (Normal) (G1 Evacuation Pause) 7237M->2949M(7948M) 42.263ms
[2025-10-14T10:56:18.075+0300][45.766s][info][gc,cpu      ] GC(128) User=0.04s Sys=0.01s Real=0.04s
[2025-10-14T10:56:19.391+0300][47.083s][info][gc,start    ] GC(129) Pause Young (Normal) (G1 Evacuation Pause)
[2025-10-14T10:56:19.392+0300][47.083s][info][gc,task     ] GC(129) Using 9 workers of 9 for evacuation
[2025-10-14T10:56:19.524+0300][47.215s][info][gc,phases   ] GC(129)   Pre Evacuate Collection Set: 1.77ms
[2025-10-14T10:56:19.524+0300][47.215s][info][gc,phases   ] GC(129)   Merge Heap Roots: 0.29ms
[2025-10-14T10:56:19.524+0300][47.215s][info][gc,phases   ] GC(129)   Evacuate Collection Set: 128.84ms
[2025-10-14T10:56:19.524+0300][47.215s][info][gc,phases   ] GC(129)   Post Evacuate Collection Set: 0.65ms
[2025-10-14T10:56:19.524+0300][47.215s][info][gc,phases   ] GC(129)   Other: 0.35ms
[2025-10-14T10:56:19.524+0300][47.215s][info][gc,heap     ] GC(129) Eden regions: 1072->0(1072)
[2025-10-14T10:56:19.524+0300][47.215s][info][gc,heap     ] GC(129) Survivor regions: 79->79(144)
[2025-10-14T10:56:19.524+0300][47.215s][info][gc,heap     ] GC(129) Old regions: 661->661
[2025-10-14T10:56:19.524+0300][47.215s][info][gc,heap     ] GC(129) Humongous regions: 0->0
[2025-10-14T10:56:19.524+0300][47.215s][info][gc,metaspace] GC(129) Metaspace: 3784K(3968K)->3784K(3968K) NonClass: 3366K(3456K)->3366K(3456K) Class: 418K(512K)->418K(512K)
[2025-10-14T10:56:19.524+0300][47.216s][info][gc          ] GC(129) Pause Young (Normal) (G1 Evacuation Pause) 7237M->2949M(7948M) 132.652ms
[2025-10-14T10:56:19.524+0300][47.216s][info][gc,cpu      ] GC(129) User=0.04s Sys=0.41s Real=0.13s
[2025-10-14T10:56:20.043+0300][47.735s][info][gc,start    ] GC(130) Pause Young (Normal) (G1 Evacuation Pause)
[2025-10-14T10:56:20.043+0300][47.735s][info][gc,task     ] GC(130) Using 9 workers of 9 for evacuation
[2025-10-14T10:56:20.175+0300][47.866s][info][gc,phases   ] GC(130)   Pre Evacuate Collection Set: 0.23ms
[2025-10-14T10:56:20.175+0300][47.866s][info][gc,phases   ] GC(130)   Merge Heap Roots: 0.18ms
[2025-10-14T10:56:20.175+0300][47.866s][info][gc,phases   ] GC(130)   Evacuate Collection Set: 127.39ms
[2025-10-14T10:56:20.175+0300][47.866s][info][gc,phases   ] GC(130)   Post Evacuate Collection Set: 3.36ms
[2025-10-14T10:56:20.175+0300][47.866s][info][gc,phases   ] GC(130)   Other: 0.13ms
[2025-10-14T10:56:20.175+0300][47.866s][info][gc,heap     ] GC(130) Eden regions: 1072->0(1072)
[2025-10-14T10:56:20.175+0300][47.866s][info][gc,heap     ] GC(130) Survivor regions: 79->79(144)
[2025-10-14T10:56:20.175+0300][47.866s][info][gc,heap     ] GC(130) Old regions: 661->661
[2025-10-14T10:56:20.175+0300][47.866s][info][gc,heap     ] GC(130) Humongous regions: 0->0
[2025-10-14T10:56:20.176+0300][47.867s][info][gc,metaspace] GC(130) Metaspace: 3784K(3968K)->3784K(3968K) NonClass: 3366K(3456K)->3366K(3456K) Class: 418K(512K)->418K(512K)
[2025-10-14T10:56:20.176+0300][47.867s][info][gc          ] GC(130) Pause Young (Normal) (G1 Evacuation Pause) 7237M->2949M(7948M) 132.589ms
[2025-10-14T10:56:20.176+0300][47.867s][info][gc,cpu      ] GC(130) User=0.04s Sys=0.39s Real=0.13s
[2025-10-14T10:56:20.490+0300][48.181s][info][gc,start    ] GC(131) Pause Young (Normal) (G1 Evacuation Pause)
[2025-10-14T10:56:20.490+0300][48.182s][info][gc,task     ] GC(131) Using 9 workers of 9 for evacuation
[2025-10-14T10:56:20.500+0300][48.191s][info][gc,phases   ] GC(131)   Pre Evacuate Collection Set: 0.47ms
[2025-10-14T10:56:20.500+0300][48.192s][info][gc,phases   ] GC(131)   Merge Heap Roots: 0.22ms
[2025-10-14T10:56:20.500+0300][48.192s][info][gc,phases   ] GC(131)   Evacuate Collection Set: 8.50ms
[2025-10-14T10:56:20.500+0300][48.192s][info][gc,phases   ] GC(131)   Post Evacuate Collection Set: 0.55ms
[2025-10-14T10:56:20.500+0300][48.192s][info][gc,phases   ] GC(131)   Other: 0.20ms
[2025-10-14T10:56:20.500+0300][48.192s][info][gc,heap     ] GC(131) Eden regions: 1072->0(1071)
[2025-10-14T10:56:20.500+0300][48.192s][info][gc,heap     ] GC(131) Survivor regions: 79->79(144)
[2025-10-14T10:56:20.500+0300][48.192s][info][gc,heap     ] GC(131) Old regions: 661->661
[2025-10-14T10:56:20.500+0300][48.192s][info][gc,heap     ] GC(131) Humongous regions: 0->0
[2025-10-14T10:56:20.500+0300][48.192s][info][gc,metaspace] GC(131) Metaspace: 3784K(3968K)->3784K(3968K) NonClass: 3366K(3456K)->3366K(3456K) Class: 418K(512K)->418K(512K)
[2025-10-14T10:56:20.500+0300][48.192s][info][gc          ] GC(131) Pause Young (Normal) (G1 Evacuation Pause) 7237M->2949M(7948M) 10.319ms
[2025-10-14T10:56:20.500+0300][48.192s][info][gc,cpu      ] GC(131) User=0.05s Sys=0.01s Real=0.01s
[2025-10-14T10:56:20.769+0300][48.461s][info][gc,start    ] GC(132) Pause Young (Normal) (G1 Evacuation Pause)
[2025-10-14T10:56:20.769+0300][48.461s][info][gc,task     ] GC(132) Using 9 workers of 9 for evacuation
[2025-10-14T10:56:20.777+0300][48.469s][info][gc,phases   ] GC(132)   Pre Evacuate Collection Set: 0.15ms
[2025-10-14T10:56:20.777+0300][48.469s][info][gc,phases   ] GC(132)   Merge Heap Roots: 0.21ms
[2025-10-14T10:56:20.777+0300][48.469s][info][gc,phases   ] GC(132)   Evacuate Collection Set: 7.28ms
[2025-10-14T10:56:20.777+0300][48.469s][info][gc,phases   ] GC(132)   Post Evacuate Collection Set: 0.45ms
[2025-10-14T10:56:20.777+0300][48.469s][info][gc,phases   ] GC(132)   Other: 0.11ms
[2025-10-14T10:56:20.777+0300][48.469s][info][gc,heap     ] GC(132) Eden regions: 1071->0(1071)
[2025-10-14T10:56:20.777+0300][48.469s][info][gc,heap     ] GC(132) Survivor regions: 79->79(144)
[2025-10-14T10:56:20.777+0300][48.469s][info][gc,heap     ] GC(132) Old regions: 661->661
[2025-10-14T10:56:20.777+0300][48.469s][info][gc,heap     ] GC(132) Humongous regions: 0->0
[2025-10-14T10:56:20.777+0300][48.469s][info][gc,metaspace] GC(132) Metaspace: 3784K(3968K)->3784K(3968K) NonClass: 3366K(3456K)->3366K(3456K) Class: 418K(512K)->418K(512K)
[2025-10-14T10:56:20.777+0300][48.469s][info][gc          ] GC(132) Pause Young (Normal) (G1 Evacuation Pause) 7233M->2949M(7948M) 8.454ms
[2025-10-14T10:56:20.777+0300][48.469s][info][gc,cpu      ] GC(132) User=0.05s Sys=0.01s Real=0.01s
[2025-10-14T10:56:21.053+0300][48.744s][info][gc,start    ] GC(133) Pause Young (Normal) (G1 Evacuation Pause)
[2025-10-14T10:56:21.053+0300][48.744s][info][gc,task     ] GC(133) Using 9 workers of 9 for evacuation
[2025-10-14T10:56:21.061+0300][48.752s][info][gc,phases   ] GC(133)   Pre Evacuate Collection Set: 0.26ms
[2025-10-14T10:56:21.061+0300][48.752s][info][gc,phases   ] GC(133)   Merge Heap Roots: 0.18ms
[2025-10-14T10:56:21.061+0300][48.752s][info][gc,phases   ] GC(133)   Evacuate Collection Set: 6.70ms
[2025-10-14T10:56:21.061+0300][48.752s][info][gc,phases   ] GC(133)   Post Evacuate Collection Set: 0.48ms
[2025-10-14T10:56:21.061+0300][48.752s][info][gc,phases   ] GC(133)   Other: 0.11ms
[2025-10-14T10:56:21.061+0300][48.752s][info][gc,heap     ] GC(133) Eden regions: 1071->0(1071)
[2025-10-14T10:56:21.061+0300][48.752s][info][gc,heap     ] GC(133) Survivor regions: 79->79(144)
[2025-10-14T10:56:21.061+0300][48.752s][info][gc,heap     ] GC(133) Old regions: 661->661
[2025-10-14T10:56:21.061+0300][48.752s][info][gc,heap     ] GC(133) Humongous regions: 0->0
[2025-10-14T10:56:21.061+0300][48.752s][info][gc,metaspace] GC(133) Metaspace: 3784K(3968K)->3784K(3968K) NonClass: 3366K(3456K)->3366K(3456K) Class: 418K(512K)->418K(512K)
[2025-10-14T10:56:21.061+0300][48.752s][info][gc          ] GC(133) Pause Young (Normal) (G1 Evacuation Pause) 7233M->2949M(7948M) 7.954ms
[2025-10-14T10:56:21.061+0300][48.752s][info][gc,cpu      ] GC(133) User=0.05s Sys=0.01s Real=0.01s
[2025-10-14T10:56:21.349+0300][49.040s][info][gc,start    ] GC(134) Pause Young (Normal) (G1 Evacuation Pause)
[2025-10-14T10:56:21.349+0300][49.040s][info][gc,task     ] GC(134) Using 9 workers of 9 for evacuation
[2025-10-14T10:56:21.356+0300][49.048s][info][gc,phases   ] GC(134)   Pre Evacuate Collection Set: 0.11ms
[2025-10-14T10:56:21.356+0300][49.048s][info][gc,phases   ] GC(134)   Merge Heap Roots: 0.16ms
[2025-10-14T10:56:21.356+0300][49.048s][info][gc,phases   ] GC(134)   Evacuate Collection Set: 6.49ms
[2025-10-14T10:56:21.356+0300][49.048s][info][gc,phases   ] GC(134)   Post Evacuate Collection Set: 0.49ms
[2025-10-14T10:56:21.356+0300][49.048s][info][gc,phases   ] GC(134)   Other: 0.11ms
[2025-10-14T10:56:21.356+0300][49.048s][info][gc,heap     ] GC(134) Eden regions: 1071->0(1071)
[2025-10-14T10:56:21.356+0300][49.048s][info][gc,heap     ] GC(134) Survivor regions: 79->79(144)
[2025-10-14T10:56:21.356+0300][49.048s][info][gc,heap     ] GC(134) Old regions: 661->661
[2025-10-14T10:56:21.356+0300][49.048s][info][gc,heap     ] GC(134) Humongous regions: 0->0
[2025-10-14T10:56:21.356+0300][49.048s][info][gc,metaspace] GC(134) Metaspace: 3784K(3968K)->3784K(3968K) NonClass: 3366K(3456K)->3366K(3456K) Class: 418K(512K)->418K(512K)
[2025-10-14T10:56:21.356+0300][49.048s][info][gc          ] GC(134) Pause Young (Normal) (G1 Evacuation Pause) 7233M->2949M(7948M) 7.602ms
[2025-10-14T10:56:21.356+0300][49.048s][info][gc,cpu      ] GC(134) User=0.05s Sys=0.00s Real=0.01s
[2025-10-14T10:56:21.642+0300][49.333s][info][gc,start    ] GC(135) Pause Young (Normal) (G1 Evacuation Pause)
[2025-10-14T10:56:21.642+0300][49.333s][info][gc,task     ] GC(135) Using 9 workers of 9 for evacuation
[2025-10-14T10:56:21.649+0300][49.341s][info][gc,phases   ] GC(135)   Pre Evacuate Collection Set: 0.13ms
[2025-10-14T10:56:21.649+0300][49.341s][info][gc,phases   ] GC(135)   Merge Heap Roots: 0.17ms
[2025-10-14T10:56:21.650+0300][49.341s][info][gc,phases   ] GC(135)   Evacuate Collection Set: 6.75ms
[2025-10-14T10:56:21.650+0300][49.341s][info][gc,phases   ] GC(135)   Post Evacuate Collection Set: 0.51ms
[2025-10-14T10:56:21.650+0300][49.341s][info][gc,phases   ] GC(135)   Other: 0.11ms
[2025-10-14T10:56:21.650+0300][49.341s][info][gc,heap     ] GC(135) Eden regions: 1071->0(1071)
[2025-10-14T10:56:21.650+0300][49.341s][info][gc,heap     ] GC(135) Survivor regions: 79->79(144)
[2025-10-14T10:56:21.650+0300][49.341s][info][gc,heap     ] GC(135) Old regions: 661->661
[2025-10-14T10:56:21.650+0300][49.341s][info][gc,heap     ] GC(135) Humongous regions: 0->0
[2025-10-14T10:56:21.650+0300][49.341s][info][gc,metaspace] GC(135) Metaspace: 3784K(3968K)->3784K(3968K) NonClass: 3366K(3456K)->3366K(3456K) Class: 418K(512K)->418K(512K)
[2025-10-14T10:56:21.650+0300][49.341s][info][gc          ] GC(135) Pause Young (Normal) (G1 Evacuation Pause) 7233M->2949M(7948M) 7.903ms
[2025-10-14T10:56:21.650+0300][49.341s][info][gc,cpu      ] GC(135) User=0.05s Sys=0.01s Real=0.01s
[2025-10-14T10:56:21.945+0300][49.637s][info][gc,start    ] GC(136) Pause Young (Normal) (G1 Evacuation Pause)
[2025-10-14T10:56:21.945+0300][49.637s][info][gc,task     ] GC(136) Using 9 workers of 9 for evacuation
[2025-10-14T10:56:21.953+0300][49.644s][info][gc,phases   ] GC(136)   Pre Evacuate Collection Set: 0.14ms
[2025-10-14T10:56:21.953+0300][49.644s][info][gc,phases   ] GC(136)   Merge Heap Roots: 0.17ms
[2025-10-14T10:56:21.953+0300][49.644s][info][gc,phases   ] GC(136)   Evacuate Collection Set: 6.75ms
[2025-10-14T10:56:21.953+0300][49.644s][info][gc,phases   ] GC(136)   Post Evacuate Collection Set: 0.46ms
[2025-10-14T10:56:21.953+0300][49.644s][info][gc,phases   ] GC(136)   Other: 0.11ms
[2025-10-14T10:56:21.953+0300][49.644s][info][gc,heap     ] GC(136) Eden regions: 1071->0(1072)
[2025-10-14T10:56:21.953+0300][49.644s][info][gc,heap     ] GC(136) Survivor regions: 79->79(144)
[2025-10-14T10:56:21.953+0300][49.644s][info][gc,heap     ] GC(136) Old regions: 661->661
[2025-10-14T10:56:21.953+0300][49.644s][info][gc,heap     ] GC(136) Humongous regions: 0->0
[2025-10-14T10:56:21.953+0300][49.644s][info][gc,metaspace] GC(136) Metaspace: 3784K(3968K)->3784K(3968K) NonClass: 3366K(3456K)->3366K(3456K) Class: 418K(512K)->418K(512K)
[2025-10-14T10:56:21.953+0300][49.644s][info][gc          ] GC(136) Pause Young (Normal) (G1 Evacuation Pause) 7233M->2949M(7948M) 7.893ms
[2025-10-14T10:56:21.953+0300][49.644s][info][gc,cpu      ] GC(136) User=0.05s Sys=0.00s Real=0.01s
[2025-10-14T10:56:22.232+0300][49.923s][info][gc,start    ] GC(137) Pause Young (Normal) (G1 Evacuation Pause)
[2025-10-14T10:56:22.232+0300][49.923s][info][gc,task     ] GC(137) Using 9 workers of 9 for evacuation
[2025-10-14T10:56:22.243+0300][49.935s][info][gc,phases   ] GC(137)   Pre Evacuate Collection Set: 0.24ms
[2025-10-14T10:56:22.243+0300][49.935s][info][gc,phases   ] GC(137)   Merge Heap Roots: 0.25ms
[2025-10-14T10:56:22.243+0300][49.935s][info][gc,phases   ] GC(137)   Evacuate Collection Set: 9.72ms
[2025-10-14T10:56:22.243+0300][49.935s][info][gc,phases   ] GC(137)   Post Evacuate Collection Set: 0.99ms
[2025-10-14T10:56:22.243+0300][49.935s][info][gc,phases   ] GC(137)   Other: 0.10ms
[2025-10-14T10:56:22.243+0300][49.935s][info][gc,heap     ] GC(137) Eden regions: 1072->0(1072)
[2025-10-14T10:56:22.243+0300][49.935s][info][gc,heap     ] GC(137) Survivor regions: 79->79(144)
[2025-10-14T10:56:22.243+0300][49.935s][info][gc,heap     ] GC(137) Old regions: 661->661
[2025-10-14T10:56:22.243+0300][49.935s][info][gc,heap     ] GC(137) Humongous regions: 0->0
[2025-10-14T10:56:22.243+0300][49.935s][info][gc,metaspace] GC(137) Metaspace: 3784K(3968K)->3784K(3968K) NonClass: 3366K(3456K)->3366K(3456K) Class: 418K(512K)->418K(512K)
[2025-10-14T10:56:22.243+0300][49.935s][info][gc          ] GC(137) Pause Young (Normal) (G1 Evacuation Pause) 7237M->2949M(7948M) 11.555ms
[2025-10-14T10:56:22.243+0300][49.935s][info][gc,cpu      ] GC(137) User=0.05s Sys=0.00s Real=0.01s
[2025-10-14T10:56:22.573+0300][50.264s][info][gc,start    ] GC(138) Pause Young (Normal) (G1 Evacuation Pause)
[2025-10-14T10:56:22.573+0300][50.264s][info][gc,task     ] GC(138) Using 9 workers of 9 for evacuation
[2025-10-14T10:56:22.585+0300][50.276s][info][gc,phases   ] GC(138)   Pre Evacuate Collection Set: 0.25ms
[2025-10-14T10:56:22.585+0300][50.276s][info][gc,phases   ] GC(138)   Merge Heap Roots: 0.23ms
[2025-10-14T10:56:22.585+0300][50.276s][info][gc,phases   ] GC(138)   Evacuate Collection Set: 10.51ms
[2025-10-14T10:56:22.585+0300][50.276s][info][gc,phases   ] GC(138)   Post Evacuate Collection Set: 0.76ms
[2025-10-14T10:56:22.585+0300][50.276s][info][gc,phases   ] GC(138)   Other: 0.15ms
[2025-10-14T10:56:22.585+0300][50.276s][info][gc,heap     ] GC(138) Eden regions: 1072->0(1072)
[2025-10-14T10:56:22.585+0300][50.276s][info][gc,heap     ] GC(138) Survivor regions: 79->79(144)
[2025-10-14T10:56:22.585+0300][50.276s][info][gc,heap     ] GC(138) Old regions: 661->661
[2025-10-14T10:56:22.585+0300][50.276s][info][gc,heap     ] GC(138) Humongous regions: 0->0
[2025-10-14T10:56:22.585+0300][50.277s][info][gc,metaspace] GC(138) Metaspace: 3784K(3968K)->3784K(3968K) NonClass: 3366K(3456K)->3366K(3456K) Class: 418K(512K)->418K(512K)
[2025-10-14T10:56:22.585+0300][50.277s][info][gc          ] GC(138) Pause Young (Normal) (G1 Evacuation Pause) 7237M->2949M(7948M) 12.335ms
[2025-10-14T10:56:22.585+0300][50.277s][info][gc,cpu      ] GC(138) User=0.05s Sys=0.00s Real=0.01s
[2025-10-14T10:56:22.884+0300][50.576s][info][gc,start    ] GC(139) Pause Young (Normal) (G1 Evacuation Pause)
[2025-10-14T10:56:22.885+0300][50.576s][info][gc,task     ] GC(139) Using 9 workers of 9 for evacuation
[2025-10-14T10:56:22.893+0300][50.585s][info][gc,phases   ] GC(139)   Pre Evacuate Collection Set: 0.15ms
[2025-10-14T10:56:22.893+0300][50.585s][info][gc,phases   ] GC(139)   Merge Heap Roots: 0.19ms
[2025-10-14T10:56:22.893+0300][50.585s][info][gc,phases   ] GC(139)   Evacuate Collection Set: 7.79ms
[2025-10-14T10:56:22.893+0300][50.585s][info][gc,phases   ] GC(139)   Post Evacuate Collection Set: 0.53ms
[2025-10-14T10:56:22.893+0300][50.585s][info][gc,phases   ] GC(139)   Other: 0.10ms
[2025-10-14T10:56:22.893+0300][50.585s][info][gc,heap     ] GC(139) Eden regions: 1072->0(1072)
[2025-10-14T10:56:22.893+0300][50.585s][info][gc,heap     ] GC(139) Survivor regions: 79->79(144)
[2025-10-14T10:56:22.893+0300][50.585s][info][gc,heap     ] GC(139) Old regions: 661->661
[2025-10-14T10:56:22.893+0300][50.585s][info][gc,heap     ] GC(139) Humongous regions: 0->0
[2025-10-14T10:56:22.893+0300][50.585s][info][gc,metaspace] GC(139) Metaspace: 3784K(3968K)->3784K(3968K) NonClass: 3366K(3456K)->3366K(3456K) Class: 418K(512K)->418K(512K)
[2025-10-14T10:56:22.894+0300][50.585s][info][gc          ] GC(139) Pause Young (Normal) (G1 Evacuation Pause) 7237M->2949M(7948M) 9.030ms
[2025-10-14T10:56:22.894+0300][50.585s][info][gc,cpu      ] GC(139) User=0.04s Sys=0.01s Real=0.01s
[2025-10-14T10:56:23.204+0300][50.896s][info][gc,start    ] GC(140) Pause Young (Normal) (G1 Evacuation Pause)
[2025-10-14T10:56:23.205+0300][50.896s][info][gc,task     ] GC(140) Using 9 workers of 9 for evacuation
[2025-10-14T10:56:23.213+0300][50.904s][info][gc,phases   ] GC(140)   Pre Evacuate Collection Set: 0.19ms
[2025-10-14T10:56:23.213+0300][50.905s][info][gc,phases   ] GC(140)   Merge Heap Roots: 0.21ms
[2025-10-14T10:56:23.213+0300][50.905s][info][gc,phases   ] GC(140)   Evacuate Collection Set: 7.39ms
[2025-10-14T10:56:23.213+0300][50.905s][info][gc,phases   ] GC(140)   Post Evacuate Collection Set: 0.45ms
[2025-10-14T10:56:23.213+0300][50.905s][info][gc,phases   ] GC(140)   Other: 0.15ms
[2025-10-14T10:56:23.213+0300][50.905s][info][gc,heap     ] GC(140) Eden regions: 1072->0(1072)
[2025-10-14T10:56:23.213+0300][50.905s][info][gc,heap     ] GC(140) Survivor regions: 79->79(144)
[2025-10-14T10:56:23.213+0300][50.905s][info][gc,heap     ] GC(140) Old regions: 661->661
[2025-10-14T10:56:23.213+0300][50.905s][info][gc,heap     ] GC(140) Humongous regions: 0->0
[2025-10-14T10:56:23.213+0300][50.905s][info][gc,metaspace] GC(140) Metaspace: 3784K(3968K)->3784K(3968K) NonClass: 3366K(3456K)->3366K(3456K) Class: 418K(512K)->418K(512K)
[2025-10-14T10:56:23.213+0300][50.905s][info][gc          ] GC(140) Pause Young (Normal) (G1 Evacuation Pause) 7237M->2949M(7948M) 8.700ms
[2025-10-14T10:56:23.213+0300][50.905s][info][gc,cpu      ] GC(140) User=0.05s Sys=0.00s Real=0.01s
[2025-10-14T10:56:23.517+0300][51.208s][info][gc,start    ] GC(141) Pause Young (Normal) (G1 Evacuation Pause)
[2025-10-14T10:56:23.517+0300][51.209s][info][gc,task     ] GC(141) Using 9 workers of 9 for evacuation
[2025-10-14T10:56:23.526+0300][51.218s][info][gc,phases   ] GC(141)   Pre Evacuate Collection Set: 0.12ms
[2025-10-14T10:56:23.526+0300][51.218s][info][gc,phases   ] GC(141)   Merge Heap Roots: 0.18ms
[2025-10-14T10:56:23.526+0300][51.218s][info][gc,phases   ] GC(141)   Evacuate Collection Set: 8.49ms
[2025-10-14T10:56:23.526+0300][51.218s][info][gc,phases   ] GC(141)   Post Evacuate Collection Set: 0.50ms
[2025-10-14T10:56:23.527+0300][51.218s][info][gc,phases   ] GC(141)   Other: 0.10ms
[2025-10-14T10:56:23.527+0300][51.218s][info][gc,heap     ] GC(141) Eden regions: 1072->0(1071)
[2025-10-14T10:56:23.527+0300][51.218s][info][gc,heap     ] GC(141) Survivor regions: 79->79(144)
[2025-10-14T10:56:23.527+0300][51.218s][info][gc,heap     ] GC(141) Old regions: 661->661
[2025-10-14T10:56:23.527+0300][51.218s][info][gc,heap     ] GC(141) Humongous regions: 0->0
[2025-10-14T10:56:23.527+0300][51.218s][info][gc,metaspace] GC(141) Metaspace: 3784K(3968K)->3784K(3968K) NonClass: 3366K(3456K)->3366K(3456K) Class: 418K(512K)->418K(512K)
[2025-10-14T10:56:23.527+0300][51.218s][info][gc          ] GC(141) Pause Young (Normal) (G1 Evacuation Pause) 7237M->2949M(7948M) 9.664ms
[2025-10-14T10:56:23.527+0300][51.218s][info][gc,cpu      ] GC(141) User=0.05s Sys=0.01s Real=0.01s
[2025-10-14T10:56:23.854+0300][51.546s][info][gc,start    ] GC(142) Pause Young (Normal) (G1 Evacuation Pause)
[2025-10-14T10:56:23.854+0300][51.546s][info][gc,task     ] GC(142) Using 9 workers of 9 for evacuation
[2025-10-14T10:56:23.863+0300][51.554s][info][gc,phases   ] GC(142)   Pre Evacuate Collection Set: 0.28ms
[2025-10-14T10:56:23.863+0300][51.554s][info][gc,phases   ] GC(142)   Merge Heap Roots: 0.21ms
[2025-10-14T10:56:23.863+0300][51.554s][info][gc,phases   ] GC(142)   Evacuate Collection Set: 7.41ms
[2025-10-14T10:56:23.863+0300][51.554s][info][gc,phases   ] GC(142)   Post Evacuate Collection Set: 0.58ms
[2025-10-14T10:56:23.863+0300][51.554s][info][gc,phases   ] GC(142)   Other: 0.09ms
[2025-10-14T10:56:23.863+0300][51.554s][info][gc,heap     ] GC(142) Eden regions: 1071->0(1071)
[2025-10-14T10:56:23.863+0300][51.554s][info][gc,heap     ] GC(142) Survivor regions: 79->79(144)
[2025-10-14T10:56:23.863+0300][51.554s][info][gc,heap     ] GC(142) Old regions: 661->661
[2025-10-14T10:56:23.863+0300][51.554s][info][gc,heap     ] GC(142) Humongous regions: 0->0
[2025-10-14T10:56:23.863+0300][51.554s][info][gc,metaspace] GC(142) Metaspace: 3784K(3968K)->3784K(3968K) NonClass: 3366K(3456K)->3366K(3456K) Class: 418K(512K)->418K(512K)
[2025-10-14T10:56:23.863+0300][51.554s][info][gc          ] GC(142) Pause Young (Normal) (G1 Evacuation Pause) 7233M->2949M(7948M) 8.807ms
[2025-10-14T10:56:23.863+0300][51.554s][info][gc,cpu      ] GC(142) User=0.04s Sys=0.00s Real=0.01s
[2025-10-14T10:56:24.174+0300][51.865s][info][gc,start    ] GC(143) Pause Young (Normal) (G1 Evacuation Pause)
[2025-10-14T10:56:24.174+0300][51.865s][info][gc,task     ] GC(143) Using 9 workers of 9 for evacuation
[2025-10-14T10:56:24.183+0300][51.874s][info][gc,phases   ] GC(143)   Pre Evacuate Collection Set: 0.12ms
[2025-10-14T10:56:24.183+0300][51.874s][info][gc,phases   ] GC(143)   Merge Heap Roots: 0.19ms
[2025-10-14T10:56:24.183+0300][51.874s][info][gc,phases   ] GC(143)   Evacuate Collection Set: 7.86ms
[2025-10-14T10:56:24.183+0300][51.874s][info][gc,phases   ] GC(143)   Post Evacuate Collection Set: 0.48ms
[2025-10-14T10:56:24.183+0300][51.874s][info][gc,phases   ] GC(143)   Other: 0.10ms
[2025-10-14T10:56:24.183+0300][51.874s][info][gc,heap     ] GC(143) Eden regions: 1071->0(1072)
[2025-10-14T10:56:24.183+0300][51.874s][info][gc,heap     ] GC(143) Survivor regions: 79->79(144)
[2025-10-14T10:56:24.183+0300][51.874s][info][gc,heap     ] GC(143) Old regions: 661->661
[2025-10-14T10:56:24.183+0300][51.874s][info][gc,heap     ] GC(143) Humongous regions: 0->0
[2025-10-14T10:56:24.183+0300][51.874s][info][gc,metaspace] GC(143) Metaspace: 3784K(3968K)->3784K(3968K) NonClass: 3366K(3456K)->3366K(3456K) Class: 418K(512K)->418K(512K)
[2025-10-14T10:56:24.183+0300][51.874s][info][gc          ] GC(143) Pause Young (Normal) (G1 Evacuation Pause) 7233M->2949M(7948M) 9.002ms
[2025-10-14T10:56:24.183+0300][51.874s][info][gc,cpu      ] GC(143) User=0.05s Sys=0.00s Real=0.01s
[2025-10-14T10:56:24.464+0300][52.156s][info][gc,start    ] GC(144) Pause Young (Normal) (G1 Evacuation Pause)
[2025-10-14T10:56:24.464+0300][52.156s][info][gc,task     ] GC(144) Using 9 workers of 9 for evacuation
[2025-10-14T10:56:24.472+0300][52.163s][info][gc,phases   ] GC(144)   Pre Evacuate Collection Set: 0.14ms
[2025-10-14T10:56:24.472+0300][52.163s][info][gc,phases   ] GC(144)   Merge Heap Roots: 0.15ms
[2025-10-14T10:56:24.472+0300][52.163s][info][gc,phases   ] GC(144)   Evacuate Collection Set: 6.67ms
[2025-10-14T10:56:24.472+0300][52.163s][info][gc,phases   ] GC(144)   Post Evacuate Collection Set: 0.50ms
[2025-10-14T10:56:24.472+0300][52.163s][info][gc,phases   ] GC(144)   Other: 0.09ms
[2025-10-14T10:56:24.472+0300][52.163s][info][gc,heap     ] GC(144) Eden regions: 1072->0(1072)
[2025-10-14T10:56:24.472+0300][52.163s][info][gc,heap     ] GC(144) Survivor regions: 79->79(144)
[2025-10-14T10:56:24.472+0300][52.163s][info][gc,heap     ] GC(144) Old regions: 661->661
[2025-10-14T10:56:24.472+0300][52.163s][info][gc,heap     ] GC(144) Humongous regions: 0->0
[2025-10-14T10:56:24.472+0300][52.163s][info][gc,metaspace] GC(144) Metaspace: 3784K(3968K)->3784K(3968K) NonClass: 3366K(3456K)->3366K(3456K) Class: 418K(512K)->418K(512K)
[2025-10-14T10:56:24.472+0300][52.163s][info][gc          ] GC(144) Pause Young (Normal) (G1 Evacuation Pause) 7237M->2949M(7948M) 7.810ms
[2025-10-14T10:56:24.472+0300][52.163s][info][gc,cpu      ] GC(144) User=0.04s Sys=0.00s Real=0.01s
[2025-10-14T10:56:24.738+0300][52.430s][info][gc,start    ] GC(145) Pause Young (Normal) (G1 Evacuation Pause)
[2025-10-14T10:56:24.738+0300][52.430s][info][gc,task     ] GC(145) Using 9 workers of 9 for evacuation
[2025-10-14T10:56:24.746+0300][52.437s][info][gc,phases   ] GC(145)   Pre Evacuate Collection Set: 0.24ms
[2025-10-14T10:56:24.746+0300][52.437s][info][gc,phases   ] GC(145)   Merge Heap Roots: 0.16ms
[2025-10-14T10:56:24.746+0300][52.437s][info][gc,phases   ] GC(145)   Evacuate Collection Set: 6.61ms
[2025-10-14T10:56:24.746+0300][52.437s][info][gc,phases   ] GC(145)   Post Evacuate Collection Set: 0.61ms
[2025-10-14T10:56:24.746+0300][52.437s][info][gc,phases   ] GC(145)   Other: 0.10ms
[2025-10-14T10:56:24.746+0300][52.437s][info][gc,heap     ] GC(145) Eden regions: 1072->0(1072)
[2025-10-14T10:56:24.746+0300][52.437s][info][gc,heap     ] GC(145) Survivor regions: 79->79(144)
[2025-10-14T10:56:24.746+0300][52.437s][info][gc,heap     ] GC(145) Old regions: 661->661
[2025-10-14T10:56:24.746+0300][52.437s][info][gc,heap     ] GC(145) Humongous regions: 0->0
[2025-10-14T10:56:24.746+0300][52.437s][info][gc,metaspace] GC(145) Metaspace: 3784K(3968K)->3784K(3968K) NonClass: 3366K(3456K)->3366K(3456K) Class: 418K(512K)->418K(512K)
[2025-10-14T10:56:24.746+0300][52.437s][info][gc          ] GC(145) Pause Young (Normal) (G1 Evacuation Pause) 7237M->2949M(7948M) 7.958ms
[2025-10-14T10:56:24.746+0300][52.437s][info][gc,cpu      ] GC(145) User=0.05s Sys=0.00s Real=0.01s
[2025-10-14T10:56:25.042+0300][52.733s][info][gc,start    ] GC(146) Pause Young (Normal) (G1 Evacuation Pause)
[2025-10-14T10:56:25.042+0300][52.733s][info][gc,task     ] GC(146) Using 9 workers of 9 for evacuation
[2025-10-14T10:56:25.051+0300][52.742s][info][gc,phases   ] GC(146)   Pre Evacuate Collection Set: 0.12ms
[2025-10-14T10:56:25.051+0300][52.742s][info][gc,phases   ] GC(146)   Merge Heap Roots: 0.14ms
[2025-10-14T10:56:25.051+0300][52.742s][info][gc,phases   ] GC(146)   Evacuate Collection Set: 7.69ms
[2025-10-14T10:56:25.051+0300][52.742s][info][gc,phases   ] GC(146)   Post Evacuate Collection Set: 0.54ms
[2025-10-14T10:56:25.051+0300][52.742s][info][gc,phases   ] GC(146)   Other: 0.11ms
[2025-10-14T10:56:25.051+0300][52.742s][info][gc,heap     ] GC(146) Eden regions: 1072->0(1071)
[2025-10-14T10:56:25.051+0300][52.742s][info][gc,heap     ] GC(146) Survivor regions: 79->79(144)
[2025-10-14T10:56:25.051+0300][52.742s][info][gc,heap     ] GC(146) Old regions: 661->661
[2025-10-14T10:56:25.051+0300][52.742s][info][gc,heap     ] GC(146) Humongous regions: 0->0
[2025-10-14T10:56:25.051+0300][52.742s][info][gc,metaspace] GC(146) Metaspace: 3784K(3968K)->3784K(3968K) NonClass: 3366K(3456K)->3366K(3456K) Class: 418K(512K)->418K(512K)
[2025-10-14T10:56:25.051+0300][52.742s][info][gc          ] GC(146) Pause Young (Normal) (G1 Evacuation Pause) 7237M->2949M(7948M) 8.879ms
[2025-10-14T10:56:25.051+0300][52.742s][info][gc,cpu      ] GC(146) User=0.04s Sys=0.01s Real=0.01s
[2025-10-14T10:56:25.329+0300][53.020s][info][gc,start    ] GC(147) Pause Young (Normal) (G1 Evacuation Pause)
[2025-10-14T10:56:25.329+0300][53.020s][info][gc,task     ] GC(147) Using 9 workers of 9 for evacuation
[2025-10-14T10:56:25.350+0300][53.042s][info][gc,phases   ] GC(147)   Pre Evacuate Collection Set: 0.15ms
[2025-10-14T10:56:25.350+0300][53.042s][info][gc,phases   ] GC(147)   Merge Heap Roots: 0.17ms
[2025-10-14T10:56:25.350+0300][53.042s][info][gc,phases   ] GC(147)   Evacuate Collection Set: 20.61ms
[2025-10-14T10:56:25.350+0300][53.042s][info][gc,phases   ] GC(147)   Post Evacuate Collection Set: 0.49ms
[2025-10-14T10:56:25.350+0300][53.042s][info][gc,phases   ] GC(147)   Other: 0.09ms
[2025-10-14T10:56:25.350+0300][53.042s][info][gc,heap     ] GC(147) Eden regions: 1071->0(1071)
[2025-10-14T10:56:25.350+0300][53.042s][info][gc,heap     ] GC(147) Survivor regions: 79->79(144)
[2025-10-14T10:56:25.350+0300][53.042s][info][gc,heap     ] GC(147) Old regions: 661->661
[2025-10-14T10:56:25.350+0300][53.042s][info][gc,heap     ] GC(147) Humongous regions: 0->0
[2025-10-14T10:56:25.350+0300][53.042s][info][gc,metaspace] GC(147) Metaspace: 3784K(3968K)->3784K(3968K) NonClass: 3366K(3456K)->3366K(3456K) Class: 418K(512K)->418K(512K)
[2025-10-14T10:56:25.350+0300][53.042s][info][gc          ] GC(147) Pause Young (Normal) (G1 Evacuation Pause) 7233M->2949M(7948M) 21.817ms
[2025-10-14T10:56:25.350+0300][53.042s][info][gc,cpu      ] GC(147) User=0.05s Sys=0.03s Real=0.03s
[2025-10-14T10:56:25.605+0300][53.296s][info][gc,start    ] GC(148) Pause Young (Normal) (G1 Evacuation Pause)
[2025-10-14T10:56:25.605+0300][53.296s][info][gc,task     ] GC(148) Using 9 workers of 9 for evacuation
[2025-10-14T10:56:25.612+0300][53.304s][info][gc,phases   ] GC(148)   Pre Evacuate Collection Set: 0.20ms
[2025-10-14T10:56:25.613+0300][53.304s][info][gc,phases   ] GC(148)   Merge Heap Roots: 0.17ms
[2025-10-14T10:56:25.613+0300][53.304s][info][gc,phases   ] GC(148)   Evacuate Collection Set: 6.77ms
[2025-10-14T10:56:25.613+0300][53.304s][info][gc,phases   ] GC(148)   Post Evacuate Collection Set: 0.46ms
[2025-10-14T10:56:25.613+0300][53.304s][info][gc,phases   ] GC(148)   Other: 0.09ms
[2025-10-14T10:56:25.613+0300][53.304s][info][gc,heap     ] GC(148) Eden regions: 1071->0(1071)
[2025-10-14T10:56:25.613+0300][53.304s][info][gc,heap     ] GC(148) Survivor regions: 79->79(144)
[2025-10-14T10:56:25.613+0300][53.304s][info][gc,heap     ] GC(148) Old regions: 661->661
[2025-10-14T10:56:25.613+0300][53.304s][info][gc,heap     ] GC(148) Humongous regions: 0->0
[2025-10-14T10:56:25.613+0300][53.304s][info][gc,metaspace] GC(148) Metaspace: 3784K(3968K)->3784K(3968K) NonClass: 3366K(3456K)->3366K(3456K) Class: 418K(512K)->418K(512K)
[2025-10-14T10:56:25.613+0300][53.304s][info][gc          ] GC(148) Pause Young (Normal) (G1 Evacuation Pause) 7233M->2949M(7948M) 7.889ms
[2025-10-14T10:56:25.613+0300][53.304s][info][gc,cpu      ] GC(148) User=0.04s Sys=0.01s Real=0.01s
[2025-10-14T10:56:25.873+0300][53.564s][info][gc,start    ] GC(149) Pause Young (Normal) (G1 Evacuation Pause)
[2025-10-14T10:56:25.873+0300][53.565s][info][gc,task     ] GC(149) Using 9 workers of 9 for evacuation
[2025-10-14T10:56:25.881+0300][53.573s][info][gc,phases   ] GC(149)   Pre Evacuate Collection Set: 0.18ms
[2025-10-14T10:56:25.881+0300][53.573s][info][gc,phases   ] GC(149)   Merge Heap Roots: 0.20ms
[2025-10-14T10:56:25.881+0300][53.573s][info][gc,phases   ] GC(149)   Evacuate Collection Set: 6.87ms
[2025-10-14T10:56:25.881+0300][53.573s][info][gc,phases   ] GC(149)   Post Evacuate Collection Set: 0.66ms
[2025-10-14T10:56:25.881+0300][53.573s][info][gc,phases   ] GC(149)   Other: 0.10ms
[2025-10-14T10:56:25.881+0300][53.573s][info][gc,heap     ] GC(149) Eden regions: 1071->0(1071)
[2025-10-14T10:56:25.881+0300][53.573s][info][gc,heap     ] GC(149) Survivor regions: 79->79(144)
[2025-10-14T10:56:25.881+0300][53.573s][info][gc,heap     ] GC(149) Old regions: 661->661
[2025-10-14T10:56:25.881+0300][53.573s][info][gc,heap     ] GC(149) Humongous regions: 0->0
[2025-10-14T10:56:25.881+0300][53.573s][info][gc,metaspace] GC(149) Metaspace: 3784K(3968K)->3784K(3968K) NonClass: 3366K(3456K)->3366K(3456K) Class: 418K(512K)->418K(512K)
[2025-10-14T10:56:25.881+0300][53.573s][info][gc          ] GC(149) Pause Young (Normal) (G1 Evacuation Pause) 7233M->2949M(7948M) 8.320ms
[2025-10-14T10:56:25.881+0300][53.573s][info][gc,cpu      ] GC(149) User=0.05s Sys=0.01s Real=0.01s
[2025-10-14T10:56:26.148+0300][53.839s][info][gc,start    ] GC(150) Pause Young (Normal) (G1 Evacuation Pause)
[2025-10-14T10:56:26.148+0300][53.840s][info][gc,task     ] GC(150) Using 9 workers of 9 for evacuation
[2025-10-14T10:56:26.156+0300][53.848s][info][gc,phases   ] GC(150)   Pre Evacuate Collection Set: 0.28ms
[2025-10-14T10:56:26.157+0300][53.848s][info][gc,phases   ] GC(150)   Merge Heap Roots: 0.18ms
[2025-10-14T10:56:26.157+0300][53.848s][info][gc,phases   ] GC(150)   Evacuate Collection Set: 7.40ms
[2025-10-14T10:56:26.157+0300][53.848s][info][gc,phases   ] GC(150)   Post Evacuate Collection Set: 0.49ms
[2025-10-14T10:56:26.157+0300][53.848s][info][gc,phases   ] GC(150)   Other: 0.10ms
[2025-10-14T10:56:26.157+0300][53.848s][info][gc,heap     ] GC(150) Eden regions: 1071->0(1071)
[2025-10-14T10:56:26.157+0300][53.848s][info][gc,heap     ] GC(150) Survivor regions: 79->79(144)
[2025-10-14T10:56:26.157+0300][53.848s][info][gc,heap     ] GC(150) Old regions: 661->661
[2025-10-14T10:56:26.157+0300][53.848s][info][gc,heap     ] GC(150) Humongous regions: 0->0
[2025-10-14T10:56:26.157+0300][53.848s][info][gc,metaspace] GC(150) Metaspace: 3784K(3968K)->3784K(3968K) NonClass: 3366K(3456K)->3366K(3456K) Class: 418K(512K)->418K(512K)
[2025-10-14T10:56:26.157+0300][53.848s][info][gc          ] GC(150) Pause Young (Normal) (G1 Evacuation Pause) 7233M->2949M(7948M) 8.700ms
[2025-10-14T10:56:26.157+0300][53.848s][info][gc,cpu      ] GC(150) User=0.05s Sys=0.01s Real=0.01s
[2025-10-14T10:56:26.432+0300][54.124s][info][gc,start    ] GC(151) Pause Young (Normal) (G1 Evacuation Pause)
[2025-10-14T10:56:26.432+0300][54.124s][info][gc,task     ] GC(151) Using 9 workers of 9 for evacuation
[2025-10-14T10:56:26.440+0300][54.132s][info][gc,phases   ] GC(151)   Pre Evacuate Collection Set: 0.11ms
[2025-10-14T10:56:26.440+0300][54.132s][info][gc,phases   ] GC(151)   Merge Heap Roots: 0.18ms
[2025-10-14T10:56:26.440+0300][54.132s][info][gc,phases   ] GC(151)   Evacuate Collection Set: 6.97ms
[2025-10-14T10:56:26.440+0300][54.132s][info][gc,phases   ] GC(151)   Post Evacuate Collection Set: 0.55ms
[2025-10-14T10:56:26.440+0300][54.132s][info][gc,phases   ] GC(151)   Other: 0.10ms
[2025-10-14T10:56:26.441+0300][54.132s][info][gc,heap     ] GC(151) Eden regions: 1071->0(1071)
[2025-10-14T10:56:26.441+0300][54.132s][info][gc,heap     ] GC(151) Survivor regions: 79->79(144)
[2025-10-14T10:56:26.441+0300][54.132s][info][gc,heap     ] GC(151) Old regions: 661->661
[2025-10-14T10:56:26.441+0300][54.132s][info][gc,heap     ] GC(151) Humongous regions: 0->0
[2025-10-14T10:56:26.441+0300][54.132s][info][gc,metaspace] GC(151) Metaspace: 3784K(3968K)->3784K(3968K) NonClass: 3366K(3456K)->3366K(3456K) Class: 418K(512K)->418K(512K)
[2025-10-14T10:56:26.441+0300][54.132s][info][gc          ] GC(151) Pause Young (Normal) (G1 Evacuation Pause) 7233M->2949M(7948M) 8.145ms
[2025-10-14T10:56:26.441+0300][54.132s][info][gc,cpu      ] GC(151) User=0.04s Sys=0.00s Real=0.01s
[2025-10-14T10:56:26.738+0300][54.430s][info][gc,start    ] GC(152) Pause Young (Normal) (G1 Evacuation Pause)
[2025-10-14T10:56:26.738+0300][54.430s][info][gc,task     ] GC(152) Using 9 workers of 9 for evacuation
[2025-10-14T10:56:26.746+0300][54.438s][info][gc,phases   ] GC(152)   Pre Evacuate Collection Set: 0.15ms
[2025-10-14T10:56:26.746+0300][54.438s][info][gc,phases   ] GC(152)   Merge Heap Roots: 0.18ms
[2025-10-14T10:56:26.746+0300][54.438s][info][gc,phases   ] GC(152)   Evacuate Collection Set: 6.89ms
[2025-10-14T10:56:26.746+0300][54.438s][info][gc,phases   ] GC(152)   Post Evacuate Collection Set: 0.59ms
[2025-10-14T10:56:26.746+0300][54.438s][info][gc,phases   ] GC(152)   Other: 0.10ms
[2025-10-14T10:56:26.746+0300][54.438s][info][gc,heap     ] GC(152) Eden regions: 1071->0(1071)
[2025-10-14T10:56:26.746+0300][54.438s][info][gc,heap     ] GC(152) Survivor regions: 79->79(144)
[2025-10-14T10:56:26.746+0300][54.438s][info][gc,heap     ] GC(152) Old regions: 661->661
[2025-10-14T10:56:26.746+0300][54.438s][info][gc,heap     ] GC(152) Humongous regions: 0->0
[2025-10-14T10:56:26.746+0300][54.438s][info][gc,metaspace] GC(152) Metaspace: 3784K(3968K)->3784K(3968K) NonClass: 3366K(3456K)->3366K(3456K) Class: 418K(512K)->418K(512K)
[2025-10-14T10:56:26.747+0300][54.438s][info][gc          ] GC(152) Pause Young (Normal) (G1 Evacuation Pause) 7233M->2949M(7948M) 8.194ms
[2025-10-14T10:56:26.747+0300][54.438s][info][gc,cpu      ] GC(152) User=0.04s Sys=0.00s Real=0.01s
[2025-10-14T10:56:27.047+0300][54.739s][info][gc,start    ] GC(153) Pause Young (Normal) (G1 Evacuation Pause)
[2025-10-14T10:56:27.048+0300][54.739s][info][gc,task     ] GC(153) Using 9 workers of 9 for evacuation
[2025-10-14T10:56:27.055+0300][54.747s][info][gc,phases   ] GC(153)   Pre Evacuate Collection Set: 0.18ms
[2025-10-14T10:56:27.055+0300][54.747s][info][gc,phases   ] GC(153)   Merge Heap Roots: 0.17ms
[2025-10-14T10:56:27.055+0300][54.747s][info][gc,phases   ] GC(153)   Evacuate Collection Set: 6.92ms
[2025-10-14T10:56:27.055+0300][54.747s][info][gc,phases   ] GC(153)   Post Evacuate Collection Set: 0.47ms
[2025-10-14T10:56:27.056+0300][54.747s][info][gc,phases   ] GC(153)   Other: 0.10ms
[2025-10-14T10:56:27.056+0300][54.747s][info][gc,heap     ] GC(153) Eden regions: 1071->0(1071)
[2025-10-14T10:56:27.056+0300][54.747s][info][gc,heap     ] GC(153) Survivor regions: 79->79(144)
[2025-10-14T10:56:27.056+0300][54.747s][info][gc,heap     ] GC(153) Old regions: 661->661
[2025-10-14T10:56:27.056+0300][54.747s][info][gc,heap     ] GC(153) Humongous regions: 0->0
[2025-10-14T10:56:27.056+0300][54.747s][info][gc,metaspace] GC(153) Metaspace: 3784K(3968K)->3784K(3968K) NonClass: 3366K(3456K)->3366K(3456K) Class: 418K(512K)->418K(512K)
[2025-10-14T10:56:27.056+0300][54.747s][info][gc          ] GC(153) Pause Young (Normal) (G1 Evacuation Pause) 7233M->2949M(7948M) 8.100ms
[2025-10-14T10:56:27.056+0300][54.747s][info][gc,cpu      ] GC(153) User=0.04s Sys=0.00s Real=0.01s
[2025-10-14T10:56:27.345+0300][55.037s][info][gc,start    ] GC(154) Pause Young (Normal) (G1 Evacuation Pause)
[2025-10-14T10:56:27.345+0300][55.037s][info][gc,task     ] GC(154) Using 9 workers of 9 for evacuation
[2025-10-14T10:56:27.353+0300][55.045s][info][gc,phases   ] GC(154)   Pre Evacuate Collection Set: 0.25ms
[2025-10-14T10:56:27.353+0300][55.045s][info][gc,phases   ] GC(154)   Merge Heap Roots: 0.15ms
[2025-10-14T10:56:27.353+0300][55.045s][info][gc,phases   ] GC(154)   Evacuate Collection Set: 6.71ms
[2025-10-14T10:56:27.353+0300][55.045s][info][gc,phases   ] GC(154)   Post Evacuate Collection Set: 0.47ms
[2025-10-14T10:56:27.353+0300][55.045s][info][gc,phases   ] GC(154)   Other: 0.09ms
[2025-10-14T10:56:27.353+0300][55.045s][info][gc,heap     ] GC(154) Eden regions: 1071->0(1072)
[2025-10-14T10:56:27.353+0300][55.045s][info][gc,heap     ] GC(154) Survivor regions: 79->79(144)
[2025-10-14T10:56:27.353+0300][55.045s][info][gc,heap     ] GC(154) Old regions: 661->661
[2025-10-14T10:56:27.353+0300][55.045s][info][gc,heap     ] GC(154) Humongous regions: 0->0
[2025-10-14T10:56:27.353+0300][55.045s][info][gc,metaspace] GC(154) Metaspace: 3784K(3968K)->3784K(3968K) NonClass: 3366K(3456K)->3366K(3456K) Class: 418K(512K)->418K(512K)
[2025-10-14T10:56:27.353+0300][55.045s][info][gc          ] GC(154) Pause Young (Normal) (G1 Evacuation Pause) 7233M->2949M(7948M) 7.923ms
[2025-10-14T10:56:27.353+0300][55.045s][info][gc,cpu      ] GC(154) User=0.05s Sys=0.01s Real=0.01s
[2025-10-14T10:56:27.643+0300][55.335s][info][gc,start    ] GC(155) Pause Young (Normal) (G1 Evacuation Pause)
[2025-10-14T10:56:27.643+0300][55.335s][info][gc,task     ] GC(155) Using 9 workers of 9 for evacuation
[2025-10-14T10:56:27.651+0300][55.343s][info][gc,phases   ] GC(155)   Pre Evacuate Collection Set: 0.15ms
[2025-10-14T10:56:27.651+0300][55.343s][info][gc,phases   ] GC(155)   Merge Heap Roots: 0.18ms
[2025-10-14T10:56:27.651+0300][55.343s][info][gc,phases   ] GC(155)   Evacuate Collection Set: 6.92ms
[2025-10-14T10:56:27.651+0300][55.343s][info][gc,phases   ] GC(155)   Post Evacuate Collection Set: 0.48ms
[2025-10-14T10:56:27.651+0300][55.343s][info][gc,phases   ] GC(155)   Other: 0.10ms
[2025-10-14T10:56:27.651+0300][55.343s][info][gc,heap     ] GC(155) Eden regions: 1072->0(1072)
[2025-10-14T10:56:27.651+0300][55.343s][info][gc,heap     ] GC(155) Survivor regions: 79->79(144)
[2025-10-14T10:56:27.651+0300][55.343s][info][gc,heap     ] GC(155) Old regions: 661->661
[2025-10-14T10:56:27.651+0300][55.343s][info][gc,heap     ] GC(155) Humongous regions: 0->0
[2025-10-14T10:56:27.651+0300][55.343s][info][gc,metaspace] GC(155) Metaspace: 3784K(3968K)->3784K(3968K) NonClass: 3366K(3456K)->3366K(3456K) Class: 418K(512K)->418K(512K)
[2025-10-14T10:56:27.652+0300][55.343s][info][gc          ] GC(155) Pause Young (Normal) (G1 Evacuation Pause) 7237M->2949M(7948M) 8.137ms
[2025-10-14T10:56:27.652+0300][55.343s][info][gc,cpu      ] GC(155) User=0.05s Sys=0.00s Real=0.01s
[2025-10-14T10:56:27.966+0300][55.658s][info][gc,start    ] GC(156) Pause Young (Normal) (G1 Evacuation Pause)
[2025-10-14T10:56:27.967+0300][55.658s][info][gc,task     ] GC(156) Using 9 workers of 9 for evacuation
[2025-10-14T10:56:27.977+0300][55.669s][info][gc,phases   ] GC(156)   Pre Evacuate Collection Set: 0.18ms
[2025-10-14T10:56:27.978+0300][55.669s][info][gc,phases   ] GC(156)   Merge Heap Roots: 0.23ms
[2025-10-14T10:56:27.978+0300][55.669s][info][gc,phases   ] GC(156)   Evacuate Collection Set: 9.57ms
[2025-10-14T10:56:27.978+0300][55.669s][info][gc,phases   ] GC(156)   Post Evacuate Collection Set: 0.82ms
[2025-10-14T10:56:27.978+0300][55.669s][info][gc,phases   ] GC(156)   Other: 0.15ms
[2025-10-14T10:56:27.978+0300][55.669s][info][gc,heap     ] GC(156) Eden regions: 1072->0(1072)
[2025-10-14T10:56:27.978+0300][55.669s][info][gc,heap     ] GC(156) Survivor regions: 79->79(144)
[2025-10-14T10:56:27.978+0300][55.669s][info][gc,heap     ] GC(156) Old regions: 661->661
[2025-10-14T10:56:27.978+0300][55.669s][info][gc,heap     ] GC(156) Humongous regions: 0->0
[2025-10-14T10:56:27.978+0300][55.669s][info][gc,metaspace] GC(156) Metaspace: 3784K(3968K)->3784K(3968K) NonClass: 3366K(3456K)->3366K(3456K) Class: 418K(512K)->418K(512K)
[2025-10-14T10:56:27.978+0300][55.669s][info][gc          ] GC(156) Pause Young (Normal) (G1 Evacuation Pause) 7237M->2949M(7948M) 11.301ms
[2025-10-14T10:56:27.978+0300][55.669s][info][gc,cpu      ] GC(156) User=0.05s Sys=0.01s Real=0.01s
[2025-10-14T10:56:28.270+0300][55.961s][info][gc,start    ] GC(157) Pause Young (Normal) (G1 Evacuation Pause)
[2025-10-14T10:56:28.270+0300][55.961s][info][gc,task     ] GC(157) Using 9 workers of 9 for evacuation
[2025-10-14T10:56:28.278+0300][55.970s][info][gc,phases   ] GC(157)   Pre Evacuate Collection Set: 0.12ms
[2025-10-14T10:56:28.279+0300][55.970s][info][gc,phases   ] GC(157)   Merge Heap Roots: 0.21ms
[2025-10-14T10:56:28.279+0300][55.970s][info][gc,phases   ] GC(157)   Evacuate Collection Set: 7.59ms
[2025-10-14T10:56:28.279+0300][55.970s][info][gc,phases   ] GC(157)   Post Evacuate Collection Set: 0.51ms
[2025-10-14T10:56:28.279+0300][55.970s][info][gc,phases   ] GC(157)   Other: 0.11ms
[2025-10-14T10:56:28.279+0300][55.970s][info][gc,heap     ] GC(157) Eden regions: 1072->0(1072)
[2025-10-14T10:56:28.279+0300][55.970s][info][gc,heap     ] GC(157) Survivor regions: 79->79(144)
[2025-10-14T10:56:28.279+0300][55.970s][info][gc,heap     ] GC(157) Old regions: 661->661
[2025-10-14T10:56:28.279+0300][55.970s][info][gc,heap     ] GC(157) Humongous regions: 0->0
[2025-10-14T10:56:28.279+0300][55.970s][info][gc,metaspace] GC(157) Metaspace: 3784K(3968K)->3784K(3968K) NonClass: 3366K(3456K)->3366K(3456K) Class: 418K(512K)->418K(512K)
[2025-10-14T10:56:28.279+0300][55.970s][info][gc          ] GC(157) Pause Young (Normal) (G1 Evacuation Pause) 7237M->2949M(7948M) 8.820ms
[2025-10-14T10:56:28.279+0300][55.970s][info][gc,cpu      ] GC(157) User=0.05s Sys=0.00s Real=0.00s
[2025-10-14T10:56:28.594+0300][56.286s][info][gc,start    ] GC(158) Pause Young (Normal) (G1 Evacuation Pause)
[2025-10-14T10:56:28.594+0300][56.286s][info][gc,task     ] GC(158) Using 9 workers of 9 for evacuation
[2025-10-14T10:56:28.614+0300][56.306s][info][gc,phases   ] GC(158)   Pre Evacuate Collection Set: 0.32ms
[2025-10-14T10:56:28.614+0300][56.306s][info][gc,phases   ] GC(158)   Merge Heap Roots: 0.20ms
[2025-10-14T10:56:28.614+0300][56.306s][info][gc,phases   ] GC(158)   Evacuate Collection Set: 18.68ms
[2025-10-14T10:56:28.614+0300][56.306s][info][gc,phases   ] GC(158)   Post Evacuate Collection Set: 0.48ms
[2025-10-14T10:56:28.614+0300][56.306s][info][gc,phases   ] GC(158)   Other: 0.11ms
[2025-10-14T10:56:28.614+0300][56.306s][info][gc,heap     ] GC(158) Eden regions: 1072->0(1071)
[2025-10-14T10:56:28.614+0300][56.306s][info][gc,heap     ] GC(158) Survivor regions: 79->79(144)
[2025-10-14T10:56:28.614+0300][56.306s][info][gc,heap     ] GC(158) Old regions: 661->661
[2025-10-14T10:56:28.614+0300][56.306s][info][gc,heap     ] GC(158) Humongous regions: 0->0
[2025-10-14T10:56:28.614+0300][56.306s][info][gc,metaspace] GC(158) Metaspace: 3784K(3968K)->3784K(3968K) NonClass: 3366K(3456K)->3366K(3456K) Class: 418K(512K)->418K(512K)
[2025-10-14T10:56:28.614+0300][56.306s][info][gc          ] GC(158) Pause Young (Normal) (G1 Evacuation Pause) 7237M->2949M(7948M) 20.098ms
[2025-10-14T10:56:28.614+0300][56.306s][info][gc,cpu      ] GC(158) User=0.05s Sys=0.04s Real=0.02s
[2025-10-14T10:56:29.002+0300][56.694s][info][gc,start    ] GC(159) Pause Young (Normal) (G1 Evacuation Pause)
[2025-10-14T10:56:29.002+0300][56.694s][info][gc,task     ] GC(159) Using 9 workers of 9 for evacuation
[2025-10-14T10:56:29.016+0300][56.707s][info][gc,phases   ] GC(159)   Pre Evacuate Collection Set: 0.15ms
[2025-10-14T10:56:29.016+0300][56.707s][info][gc,phases   ] GC(159)   Merge Heap Roots: 0.25ms
[2025-10-14T10:56:29.016+0300][56.707s][info][gc,phases   ] GC(159)   Evacuate Collection Set: 12.07ms
[2025-10-14T10:56:29.016+0300][56.707s][info][gc,phases   ] GC(159)   Post Evacuate Collection Set: 0.61ms
[2025-10-14T10:56:29.016+0300][56.707s][info][gc,phases   ] GC(159)   Other: 0.28ms
[2025-10-14T10:56:29.016+0300][56.707s][info][gc,heap     ] GC(159) Eden regions: 1071->0(1072)
[2025-10-14T10:56:29.016+0300][56.707s][info][gc,heap     ] GC(159) Survivor regions: 79->79(144)
[2025-10-14T10:56:29.016+0300][56.707s][info][gc,heap     ] GC(159) Old regions: 661->661
[2025-10-14T10:56:29.016+0300][56.707s][info][gc,heap     ] GC(159) Humongous regions: 0->0
[2025-10-14T10:56:29.016+0300][56.707s][info][gc,metaspace] GC(159) Metaspace: 3784K(3968K)->3784K(3968K) NonClass: 3366K(3456K)->3366K(3456K) Class: 418K(512K)->418K(512K)
[2025-10-14T10:56:29.016+0300][56.707s][info][gc          ] GC(159) Pause Young (Normal) (G1 Evacuation Pause) 7233M->2949M(7948M) 13.685ms
[2025-10-14T10:56:29.016+0300][56.707s][info][gc,cpu      ] GC(159) User=0.05s Sys=0.01s Real=0.01s
[2025-10-14T10:56:29.471+0300][57.162s][info][gc,start    ] GC(160) Pause Young (Normal) (G1 Evacuation Pause)
[2025-10-14T10:56:29.471+0300][57.162s][info][gc,task     ] GC(160) Using 9 workers of 9 for evacuation
[2025-10-14T10:56:29.536+0300][57.228s][info][gc,phases   ] GC(160)   Pre Evacuate Collection Set: 0.22ms
[2025-10-14T10:56:29.536+0300][57.228s][info][gc,phases   ] GC(160)   Merge Heap Roots: 0.19ms
[2025-10-14T10:56:29.536+0300][57.228s][info][gc,phases   ] GC(160)   Evacuate Collection Set: 64.41ms
[2025-10-14T10:56:29.536+0300][57.228s][info][gc,phases   ] GC(160)   Post Evacuate Collection Set: 0.48ms
[2025-10-14T10:56:29.536+0300][57.228s][info][gc,phases   ] GC(160)   Other: 0.15ms
[2025-10-14T10:56:29.536+0300][57.228s][info][gc,heap     ] GC(160) Eden regions: 1072->0(1071)
[2025-10-14T10:56:29.536+0300][57.228s][info][gc,heap     ] GC(160) Survivor regions: 79->79(144)
[2025-10-14T10:56:29.536+0300][57.228s][info][gc,heap     ] GC(160) Old regions: 661->661
[2025-10-14T10:56:29.536+0300][57.228s][info][gc,heap     ] GC(160) Humongous regions: 0->0
[2025-10-14T10:56:29.536+0300][57.228s][info][gc,metaspace] GC(160) Metaspace: 3784K(3968K)->3784K(3968K) NonClass: 3366K(3456K)->3366K(3456K) Class: 418K(512K)->418K(512K)
[2025-10-14T10:56:29.536+0300][57.228s][info][gc          ] GC(160) Pause Young (Normal) (G1 Evacuation Pause) 7237M->2949M(7948M) 65.725ms
[2025-10-14T10:56:29.536+0300][57.228s][info][gc,cpu      ] GC(160) User=0.04s Sys=0.19s Real=0.06s
[2025-10-14T10:56:29.834+0300][57.526s][info][gc,start    ] GC(161) Pause Young (Normal) (G1 Evacuation Pause)
[2025-10-14T10:56:29.834+0300][57.526s][info][gc,task     ] GC(161) Using 9 workers of 9 for evacuation
[2025-10-14T10:56:29.901+0300][57.593s][info][gc,phases   ] GC(161)   Pre Evacuate Collection Set: 0.16ms
[2025-10-14T10:56:29.903+0300][57.594s][info][gc,phases   ] GC(161)   Merge Heap Roots: 0.17ms
[2025-10-14T10:56:29.903+0300][57.594s][info][gc,phases   ] GC(161)   Evacuate Collection Set: 65.70ms
[2025-10-14T10:56:29.903+0300][57.594s][info][gc,phases   ] GC(161)   Post Evacuate Collection Set: 0.67ms
[2025-10-14T10:56:29.903+0300][57.594s][info][gc,phases   ] GC(161)   Other: 0.12ms
[2025-10-14T10:56:29.903+0300][57.594s][info][gc,heap     ] GC(161) Eden regions: 1071->0(1072)
[2025-10-14T10:56:29.903+0300][57.594s][info][gc,heap     ] GC(161) Survivor regions: 79->79(144)
[2025-10-14T10:56:29.903+0300][57.594s][info][gc,heap     ] GC(161) Old regions: 661->661
[2025-10-14T10:56:29.903+0300][57.594s][info][gc,heap     ] GC(161) Humongous regions: 0->0
[2025-10-14T10:56:29.903+0300][57.594s][info][gc,metaspace] GC(161) Metaspace: 3784K(3968K)->3784K(3968K) NonClass: 3366K(3456K)->3366K(3456K) Class: 418K(512K)->418K(512K)
[2025-10-14T10:56:29.903+0300][57.594s][info][gc          ] GC(161) Pause Young (Normal) (G1 Evacuation Pause) 7233M->2949M(7948M) 68.739ms
[2025-10-14T10:56:29.903+0300][57.594s][info][gc,cpu      ] GC(161) User=0.05s Sys=0.15s Real=0.07s
[2025-10-14T10:56:30.205+0300][57.896s][info][gc,start    ] GC(162) Pause Young (Normal) (G1 Evacuation Pause)
[2025-10-14T10:56:30.205+0300][57.897s][info][gc,task     ] GC(162) Using 9 workers of 9 for evacuation
[2025-10-14T10:56:30.220+0300][57.911s][info][gc,phases   ] GC(162)   Pre Evacuate Collection Set: 0.14ms
[2025-10-14T10:56:30.220+0300][57.911s][info][gc,phases   ] GC(162)   Merge Heap Roots: 0.15ms
[2025-10-14T10:56:30.220+0300][57.912s][info][gc,phases   ] GC(162)   Evacuate Collection Set: 14.01ms
[2025-10-14T10:56:30.220+0300][57.912s][info][gc,phases   ] GC(162)   Post Evacuate Collection Set: 0.52ms
[2025-10-14T10:56:30.220+0300][57.912s][info][gc,phases   ] GC(162)   Other: 0.10ms
[2025-10-14T10:56:30.220+0300][57.912s][info][gc,heap     ] GC(162) Eden regions: 1072->0(1072)
[2025-10-14T10:56:30.220+0300][57.912s][info][gc,heap     ] GC(162) Survivor regions: 79->79(144)
[2025-10-14T10:56:30.220+0300][57.912s][info][gc,heap     ] GC(162) Old regions: 661->661
[2025-10-14T10:56:30.220+0300][57.912s][info][gc,heap     ] GC(162) Humongous regions: 0->0
[2025-10-14T10:56:30.220+0300][57.912s][info][gc,metaspace] GC(162) Metaspace: 3784K(3968K)->3784K(3968K) NonClass: 3366K(3456K)->3366K(3456K) Class: 418K(512K)->418K(512K)
[2025-10-14T10:56:30.220+0300][57.912s][info][gc          ] GC(162) Pause Young (Normal) (G1 Evacuation Pause) 7237M->2949M(7948M) 15.187ms
[2025-10-14T10:56:30.220+0300][57.912s][info][gc,cpu      ] GC(162) User=0.05s Sys=0.04s Real=0.02s
[2025-10-14T10:56:30.504+0300][58.196s][info][gc,start    ] GC(163) Pause Young (Normal) (G1 Evacuation Pause)
[2025-10-14T10:56:30.505+0300][58.196s][info][gc,task     ] GC(163) Using 9 workers of 9 for evacuation
[2025-10-14T10:56:30.513+0300][58.205s][info][gc,phases   ] GC(163)   Pre Evacuate Collection Set: 0.14ms
[2025-10-14T10:56:30.513+0300][58.205s][info][gc,phases   ] GC(163)   Merge Heap Roots: 0.18ms
[2025-10-14T10:56:30.513+0300][58.205s][info][gc,phases   ] GC(163)   Evacuate Collection Set: 7.54ms
[2025-10-14T10:56:30.513+0300][58.205s][info][gc,phases   ] GC(163)   Post Evacuate Collection Set: 0.50ms
[2025-10-14T10:56:30.513+0300][58.205s][info][gc,phases   ] GC(163)   Other: 0.12ms
[2025-10-14T10:56:30.513+0300][58.205s][info][gc,heap     ] GC(163) Eden regions: 1072->0(1071)
[2025-10-14T10:56:30.513+0300][58.205s][info][gc,heap     ] GC(163) Survivor regions: 79->79(144)
[2025-10-14T10:56:30.513+0300][58.205s][info][gc,heap     ] GC(163) Old regions: 661->661
[2025-10-14T10:56:30.513+0300][58.205s][info][gc,heap     ] GC(163) Humongous regions: 0->0
[2025-10-14T10:56:30.513+0300][58.205s][info][gc,metaspace] GC(163) Metaspace: 3784K(3968K)->3784K(3968K) NonClass: 3366K(3456K)->3366K(3456K) Class: 418K(512K)->418K(512K)
[2025-10-14T10:56:30.513+0300][58.205s][info][gc          ] GC(163) Pause Young (Normal) (G1 Evacuation Pause) 7237M->2949M(7948M) 8.819ms
[2025-10-14T10:56:30.513+0300][58.205s][info][gc,cpu      ] GC(163) User=0.04s Sys=0.00s Real=0.01s
[2025-10-14T10:56:30.802+0300][58.494s][info][gc,start    ] GC(164) Pause Young (Normal) (G1 Evacuation Pause)
[2025-10-14T10:56:30.802+0300][58.494s][info][gc,task     ] GC(164) Using 9 workers of 9 for evacuation
[2025-10-14T10:56:30.809+0300][58.501s][info][gc,phases   ] GC(164)   Pre Evacuate Collection Set: 0.12ms
[2025-10-14T10:56:30.809+0300][58.501s][info][gc,phases   ] GC(164)   Merge Heap Roots: 0.16ms
[2025-10-14T10:56:30.809+0300][58.501s][info][gc,phases   ] GC(164)   Evacuate Collection Set: 6.42ms
[2025-10-14T10:56:30.809+0300][58.501s][info][gc,phases   ] GC(164)   Post Evacuate Collection Set: 0.46ms
[2025-10-14T10:56:30.809+0300][58.501s][info][gc,phases   ] GC(164)   Other: 0.09ms
[2025-10-14T10:56:30.809+0300][58.501s][info][gc,heap     ] GC(164) Eden regions: 1071->0(1071)
[2025-10-14T10:56:30.810+0300][58.501s][info][gc,heap     ] GC(164) Survivor regions: 79->79(144)
[2025-10-14T10:56:30.810+0300][58.501s][info][gc,heap     ] GC(164) Old regions: 661->661
[2025-10-14T10:56:30.810+0300][58.501s][info][gc,heap     ] GC(164) Humongous regions: 0->0
[2025-10-14T10:56:30.810+0300][58.501s][info][gc,metaspace] GC(164) Metaspace: 3784K(3968K)->3784K(3968K) NonClass: 3366K(3456K)->3366K(3456K) Class: 418K(512K)->418K(512K)
[2025-10-14T10:56:30.810+0300][58.501s][info][gc          ] GC(164) Pause Young (Normal) (G1 Evacuation Pause) 7233M->2949M(7948M) 7.553ms
[2025-10-14T10:56:30.810+0300][58.501s][info][gc,cpu      ] GC(164) User=0.06s Sys=0.00s Real=0.01s
[2025-10-14T10:56:31.108+0300][58.799s][info][gc,start    ] GC(165) Pause Young (Normal) (G1 Evacuation Pause)
[2025-10-14T10:56:31.108+0300][58.799s][info][gc,task     ] GC(165) Using 9 workers of 9 for evacuation
[2025-10-14T10:56:31.115+0300][58.807s][info][gc,phases   ] GC(165)   Pre Evacuate Collection Set: 0.13ms
[2025-10-14T10:56:31.115+0300][58.807s][info][gc,phases   ] GC(165)   Merge Heap Roots: 0.15ms
[2025-10-14T10:56:31.115+0300][58.807s][info][gc,phases   ] GC(165)   Evacuate Collection Set: 6.43ms
[2025-10-14T10:56:31.115+0300][58.807s][info][gc,phases   ] GC(165)   Post Evacuate Collection Set: 0.45ms
[2025-10-14T10:56:31.115+0300][58.807s][info][gc,phases   ] GC(165)   Other: 0.09ms
[2025-10-14T10:56:31.115+0300][58.807s][info][gc,heap     ] GC(165) Eden regions: 1071->0(1071)
[2025-10-14T10:56:31.115+0300][58.807s][info][gc,heap     ] GC(165) Survivor regions: 79->79(144)
[2025-10-14T10:56:31.115+0300][58.807s][info][gc,heap     ] GC(165) Old regions: 661->661
[2025-10-14T10:56:31.115+0300][58.807s][info][gc,heap     ] GC(165) Humongous regions: 0->0
[2025-10-14T10:56:31.115+0300][58.807s][info][gc,metaspace] GC(165) Metaspace: 3784K(3968K)->3784K(3968K) NonClass: 3366K(3456K)->3366K(3456K) Class: 418K(512K)->418K(512K)
[2025-10-14T10:56:31.115+0300][58.807s][info][gc          ] GC(165) Pause Young (Normal) (G1 Evacuation Pause) 7233M->2949M(7948M) 7.533ms
[2025-10-14T10:56:31.115+0300][58.807s][info][gc,cpu      ] GC(165) User=0.05s Sys=0.01s Real=0.01s
[2025-10-14T10:56:31.410+0300][59.101s][info][gc,start    ] GC(166) Pause Young (Normal) (G1 Evacuation Pause)
[2025-10-14T10:56:31.410+0300][59.102s][info][gc,task     ] GC(166) Using 9 workers of 9 for evacuation
[2025-10-14T10:56:31.418+0300][59.109s][info][gc,phases   ] GC(166)   Pre Evacuate Collection Set: 0.14ms
[2025-10-14T10:56:31.418+0300][59.109s][info][gc,phases   ] GC(166)   Merge Heap Roots: 0.18ms
[2025-10-14T10:56:31.418+0300][59.109s][info][gc,phases   ] GC(166)   Evacuate Collection Set: 6.68ms
[2025-10-14T10:56:31.418+0300][59.109s][info][gc,phases   ] GC(166)   Post Evacuate Collection Set: 0.46ms
[2025-10-14T10:56:31.418+0300][59.109s][info][gc,phases   ] GC(166)   Other: 0.11ms
[2025-10-14T10:56:31.418+0300][59.109s][info][gc,heap     ] GC(166) Eden regions: 1071->0(1071)
[2025-10-14T10:56:31.418+0300][59.109s][info][gc,heap     ] GC(166) Survivor regions: 79->79(144)
[2025-10-14T10:56:31.418+0300][59.109s][info][gc,heap     ] GC(166) Old regions: 661->661
[2025-10-14T10:56:31.418+0300][59.110s][info][gc,heap     ] GC(166) Humongous regions: 0->0
[2025-10-14T10:56:31.418+0300][59.110s][info][gc,metaspace] GC(166) Metaspace: 3784K(3968K)->3784K(3968K) NonClass: 3366K(3456K)->3366K(3456K) Class: 418K(512K)->418K(512K)
[2025-10-14T10:56:31.418+0300][59.110s][info][gc          ] GC(166) Pause Young (Normal) (G1 Evacuation Pause) 7233M->2949M(7948M) 8.076ms
[2025-10-14T10:56:31.418+0300][59.110s][info][gc,cpu      ] GC(166) User=0.05s Sys=0.01s Real=0.00s
[2025-10-14T10:56:31.708+0300][59.400s][info][gc,start    ] GC(167) Pause Young (Normal) (G1 Evacuation Pause)
[2025-10-14T10:56:31.709+0300][59.400s][info][gc,task     ] GC(167) Using 9 workers of 9 for evacuation
[2025-10-14T10:56:31.716+0300][59.407s][info][gc,phases   ] GC(167)   Pre Evacuate Collection Set: 0.09ms
[2025-10-14T10:56:31.716+0300][59.407s][info][gc,phases   ] GC(167)   Merge Heap Roots: 0.07ms
[2025-10-14T10:56:31.716+0300][59.407s][info][gc,phases   ] GC(167)   Evacuate Collection Set: 6.33ms
[2025-10-14T10:56:31.716+0300][59.407s][info][gc,phases   ] GC(167)   Post Evacuate Collection Set: 0.40ms
[2025-10-14T10:56:31.716+0300][59.407s][info][gc,phases   ] GC(167)   Other: 0.09ms
[2025-10-14T10:56:31.716+0300][59.407s][info][gc,heap     ] GC(167) Eden regions: 1071->0(1072)
[2025-10-14T10:56:31.716+0300][59.407s][info][gc,heap     ] GC(167) Survivor regions: 79->79(144)
[2025-10-14T10:56:31.716+0300][59.407s][info][gc,heap     ] GC(167) Old regions: 661->661
[2025-10-14T10:56:31.716+0300][59.407s][info][gc,heap     ] GC(167) Humongous regions: 0->0
[2025-10-14T10:56:31.716+0300][59.407s][info][gc,metaspace] GC(167) Metaspace: 3784K(3968K)->3784K(3968K) NonClass: 3366K(3456K)->3366K(3456K) Class: 418K(512K)->418K(512K)
[2025-10-14T10:56:31.716+0300][59.407s][info][gc          ] GC(167) Pause Young (Normal) (G1 Evacuation Pause) 7233M->2949M(7948M) 7.227ms
[2025-10-14T10:56:31.716+0300][59.407s][info][gc,cpu      ] GC(167) User=0.05s Sys=0.00s Real=0.01s
[2025-10-14T10:56:32.023+0300][59.714s][info][gc,start    ] GC(168) Pause Young (Normal) (G1 Evacuation Pause)
[2025-10-14T10:56:32.023+0300][59.714s][info][gc,task     ] GC(168) Using 9 workers of 9 for evacuation
[2025-10-14T10:56:32.030+0300][59.722s][info][gc,phases   ] GC(168)   Pre Evacuate Collection Set: 0.15ms
[2025-10-14T10:56:32.030+0300][59.722s][info][gc,phases   ] GC(168)   Merge Heap Roots: 0.12ms
[2025-10-14T10:56:32.030+0300][59.722s][info][gc,phases   ] GC(168)   Evacuate Collection Set: 6.75ms
[2025-10-14T10:56:32.030+0300][59.722s][info][gc,phases   ] GC(168)   Post Evacuate Collection Set: 0.40ms
[2025-10-14T10:56:32.031+0300][59.722s][info][gc,phases   ] GC(168)   Other: 0.10ms
[2025-10-14T10:56:32.031+0300][59.722s][info][gc,heap     ] GC(168) Eden regions: 1072->0(1072)
[2025-10-14T10:56:32.031+0300][59.722s][info][gc,heap     ] GC(168) Survivor regions: 79->79(144)
[2025-10-14T10:56:32.031+0300][59.722s][info][gc,heap     ] GC(168) Old regions: 661->661
[2025-10-14T10:56:32.031+0300][59.722s][info][gc,heap     ] GC(168) Humongous regions: 0->0
[2025-10-14T10:56:32.031+0300][59.722s][info][gc,metaspace] GC(168) Metaspace: 3784K(3968K)->3784K(3968K) NonClass: 3366K(3456K)->3366K(3456K) Class: 418K(512K)->418K(512K)
[2025-10-14T10:56:32.031+0300][59.722s][info][gc          ] GC(168) Pause Young (Normal) (G1 Evacuation Pause) 7237M->2949M(7948M) 7.797ms
[2025-10-14T10:56:32.031+0300][59.722s][info][gc,cpu      ] GC(168) User=0.05s Sys=0.01s Real=0.01s
[2025-10-14T10:56:32.363+0300][60.054s][info][gc,start    ] GC(169) Pause Young (Normal) (G1 Evacuation Pause)
[2025-10-14T10:56:32.363+0300][60.054s][info][gc,task     ] GC(169) Using 9 workers of 9 for evacuation
[2025-10-14T10:56:32.370+0300][60.062s][info][gc,phases   ] GC(169)   Pre Evacuate Collection Set: 0.18ms
[2025-10-14T10:56:32.370+0300][60.062s][info][gc,phases   ] GC(169)   Merge Heap Roots: 0.15ms
[2025-10-14T10:56:32.370+0300][60.062s][info][gc,phases   ] GC(169)   Evacuate Collection Set: 6.58ms
[2025-10-14T10:56:32.371+0300][60.062s][info][gc,phases   ] GC(169)   Post Evacuate Collection Set: 0.42ms
[2025-10-14T10:56:32.371+0300][60.062s][info][gc,phases   ] GC(169)   Other: 0.13ms
[2025-10-14T10:56:32.371+0300][60.062s][info][gc,heap     ] GC(169) Eden regions: 1072->0(1071)
[2025-10-14T10:56:32.371+0300][60.062s][info][gc,heap     ] GC(169) Survivor regions: 79->79(144)
[2025-10-14T10:56:32.371+0300][60.062s][info][gc,heap     ] GC(169) Old regions: 661->661
[2025-10-14T10:56:32.371+0300][60.062s][info][gc,heap     ] GC(169) Humongous regions: 0->0
[2025-10-14T10:56:32.371+0300][60.062s][info][gc,metaspace] GC(169) Metaspace: 3784K(3968K)->3784K(3968K) NonClass: 3366K(3456K)->3366K(3456K) Class: 418K(512K)->418K(512K)
[2025-10-14T10:56:32.371+0300][60.062s][info][gc          ] GC(169) Pause Young (Normal) (G1 Evacuation Pause) 7237M->2949M(7948M) 7.875ms
[2025-10-14T10:56:32.371+0300][60.062s][info][gc,cpu      ] GC(169) User=0.05s Sys=0.01s Real=0.01s
[2025-10-14T10:56:32.683+0300][60.375s][info][gc,start    ] GC(170) Pause Young (Normal) (G1 Evacuation Pause)
[2025-10-14T10:56:32.683+0300][60.375s][info][gc,task     ] GC(170) Using 9 workers of 9 for evacuation
[2025-10-14T10:56:32.691+0300][60.382s][info][gc,phases   ] GC(170)   Pre Evacuate Collection Set: 0.12ms
[2025-10-14T10:56:32.691+0300][60.382s][info][gc,phases   ] GC(170)   Merge Heap Roots: 0.15ms
[2025-10-14T10:56:32.691+0300][60.382s][info][gc,phases   ] GC(170)   Evacuate Collection Set: 6.56ms
[2025-10-14T10:56:32.691+0300][60.382s][info][gc,phases   ] GC(170)   Post Evacuate Collection Set: 0.48ms
[2025-10-14T10:56:32.691+0300][60.382s][info][gc,phases   ] GC(170)   Other: 0.10ms
[2025-10-14T10:56:32.691+0300][60.382s][info][gc,heap     ] GC(170) Eden regions: 1071->0(1072)
[2025-10-14T10:56:32.691+0300][60.382s][info][gc,heap     ] GC(170) Survivor regions: 79->79(144)
[2025-10-14T10:56:32.691+0300][60.382s][info][gc,heap     ] GC(170) Old regions: 661->661
[2025-10-14T10:56:32.691+0300][60.382s][info][gc,heap     ] GC(170) Humongous regions: 0->0
[2025-10-14T10:56:32.691+0300][60.382s][info][gc,metaspace] GC(170) Metaspace: 3784K(3968K)->3784K(3968K) NonClass: 3366K(3456K)->3366K(3456K) Class: 418K(512K)->418K(512K)
[2025-10-14T10:56:32.691+0300][60.382s][info][gc          ] GC(170) Pause Young (Normal) (G1 Evacuation Pause) 7233M->2949M(7948M) 7.658ms
[2025-10-14T10:56:32.691+0300][60.382s][info][gc,cpu      ] GC(170) User=0.05s Sys=0.00s Real=0.01s
[2025-10-14T10:56:32.994+0300][60.686s][info][gc,start    ] GC(171) Pause Young (Normal) (G1 Evacuation Pause)
[2025-10-14T10:56:32.994+0300][60.686s][info][gc,task     ] GC(171) Using 9 workers of 9 for evacuation
[2025-10-14T10:56:33.002+0300][60.693s][info][gc,phases   ] GC(171)   Pre Evacuate Collection Set: 0.12ms
[2025-10-14T10:56:33.002+0300][60.693s][info][gc,phases   ] GC(171)   Merge Heap Roots: 0.17ms
[2025-10-14T10:56:33.002+0300][60.693s][info][gc,phases   ] GC(171)   Evacuate Collection Set: 6.72ms
[2025-10-14T10:56:33.002+0300][60.693s][info][gc,phases   ] GC(171)   Post Evacuate Collection Set: 0.49ms
[2025-10-14T10:56:33.002+0300][60.693s][info][gc,phases   ] GC(171)   Other: 0.10ms
[2025-10-14T10:56:33.002+0300][60.693s][info][gc,heap     ] GC(171) Eden regions: 1072->0(1071)
[2025-10-14T10:56:33.002+0300][60.693s][info][gc,heap     ] GC(171) Survivor regions: 79->79(144)
[2025-10-14T10:56:33.002+0300][60.693s][info][gc,heap     ] GC(171) Old regions: 661->661
[2025-10-14T10:56:33.002+0300][60.693s][info][gc,heap     ] GC(171) Humongous regions: 0->0
[2025-10-14T10:56:33.002+0300][60.693s][info][gc,metaspace] GC(171) Metaspace: 3784K(3968K)->3784K(3968K) NonClass: 3366K(3456K)->3366K(3456K) Class: 418K(512K)->418K(512K)
[2025-10-14T10:56:33.002+0300][60.694s][info][gc          ] GC(171) Pause Young (Normal) (G1 Evacuation Pause) 7237M->2949M(7948M) 7.963ms
[2025-10-14T10:56:33.002+0300][60.694s][info][gc,cpu      ] GC(171) User=0.05s Sys=0.00s Real=0.01s
[2025-10-14T10:56:33.306+0300][60.998s][info][gc,start    ] GC(172) Pause Young (Normal) (G1 Evacuation Pause)
[2025-10-14T10:56:33.306+0300][60.998s][info][gc,task     ] GC(172) Using 9 workers of 9 for evacuation
[2025-10-14T10:56:33.317+0300][61.009s][info][gc,phases   ] GC(172)   Pre Evacuate Collection Set: 0.23ms
[2025-10-14T10:56:33.317+0300][61.009s][info][gc,phases   ] GC(172)   Merge Heap Roots: 0.24ms
[2025-10-14T10:56:33.317+0300][61.009s][info][gc,phases   ] GC(172)   Evacuate Collection Set: 9.81ms
[2025-10-14T10:56:33.317+0300][61.009s][info][gc,phases   ] GC(172)   Post Evacuate Collection Set: 0.49ms
[2025-10-14T10:56:33.317+0300][61.009s][info][gc,phases   ] GC(172)   Other: 0.12ms
[2025-10-14T10:56:33.317+0300][61.009s][info][gc,heap     ] GC(172) Eden regions: 1071->0(1071)
[2025-10-14T10:56:33.317+0300][61.009s][info][gc,heap     ] GC(172) Survivor regions: 79->79(144)
[2025-10-14T10:56:33.318+0300][61.009s][info][gc,heap     ] GC(172) Old regions: 661->661
[2025-10-14T10:56:33.318+0300][61.009s][info][gc,heap     ] GC(172) Humongous regions: 0->0
[2025-10-14T10:56:33.318+0300][61.009s][info][gc,metaspace] GC(172) Metaspace: 3784K(3968K)->3784K(3968K) NonClass: 3366K(3456K)->3366K(3456K) Class: 418K(512K)->418K(512K)
[2025-10-14T10:56:33.318+0300][61.009s][info][gc          ] GC(172) Pause Young (Normal) (G1 Evacuation Pause) 7233M->2949M(7948M) 11.495ms
[2025-10-14T10:56:33.318+0300][61.009s][info][gc,cpu      ] GC(172) User=0.05s Sys=0.01s Real=0.01s
[2025-10-14T10:56:33.634+0300][61.326s][info][gc,start    ] GC(173) Pause Young (Normal) (G1 Evacuation Pause)
[2025-10-14T10:56:33.635+0300][61.326s][info][gc,task     ] GC(173) Using 9 workers of 9 for evacuation
[2025-10-14T10:56:33.642+0300][61.334s][info][gc,phases   ] GC(173)   Pre Evacuate Collection Set: 0.16ms
[2025-10-14T10:56:33.642+0300][61.334s][info][gc,phases   ] GC(173)   Merge Heap Roots: 0.19ms
[2025-10-14T10:56:33.642+0300][61.334s][info][gc,phases   ] GC(173)   Evacuate Collection Set: 6.66ms
[2025-10-14T10:56:33.642+0300][61.334s][info][gc,phases   ] GC(173)   Post Evacuate Collection Set: 0.49ms
[2025-10-14T10:56:33.642+0300][61.334s][info][gc,phases   ] GC(173)   Other: 0.10ms
[2025-10-14T10:56:33.642+0300][61.334s][info][gc,heap     ] GC(173) Eden regions: 1071->0(1071)
[2025-10-14T10:56:33.642+0300][61.334s][info][gc,heap     ] GC(173) Survivor regions: 79->79(144)
[2025-10-14T10:56:33.642+0300][61.334s][info][gc,heap     ] GC(173) Old regions: 661->661
[2025-10-14T10:56:33.642+0300][61.334s][info][gc,heap     ] GC(173) Humongous regions: 0->0
[2025-10-14T10:56:33.642+0300][61.334s][info][gc,metaspace] GC(173) Metaspace: 3784K(3968K)->3784K(3968K) NonClass: 3366K(3456K)->3366K(3456K) Class: 418K(512K)->418K(512K)
[2025-10-14T10:56:33.642+0300][61.334s][info][gc          ] GC(173) Pause Young (Normal) (G1 Evacuation Pause) 7233M->2949M(7948M) 7.963ms
[2025-10-14T10:56:33.642+0300][61.334s][info][gc,cpu      ] GC(173) User=0.05s Sys=0.01s Real=0.01s
[2025-10-14T10:56:33.945+0300][61.636s][info][gc,start    ] GC(174) Pause Young (Normal) (G1 Evacuation Pause)
[2025-10-14T10:56:33.945+0300][61.637s][info][gc,task     ] GC(174) Using 9 workers of 9 for evacuation
[2025-10-14T10:56:33.953+0300][61.645s][info][gc,phases   ] GC(174)   Pre Evacuate Collection Set: 0.12ms
[2025-10-14T10:56:33.953+0300][61.645s][info][gc,phases   ] GC(174)   Merge Heap Roots: 0.20ms
[2025-10-14T10:56:33.953+0300][61.645s][info][gc,phases   ] GC(174)   Evacuate Collection Set: 7.13ms
[2025-10-14T10:56:33.953+0300][61.645s][info][gc,phases   ] GC(174)   Post Evacuate Collection Set: 0.45ms
[2025-10-14T10:56:33.953+0300][61.645s][info][gc,phases   ] GC(174)   Other: 0.09ms
[2025-10-14T10:56:33.953+0300][61.645s][info][gc,heap     ] GC(174) Eden regions: 1071->0(1071)
[2025-10-14T10:56:33.953+0300][61.645s][info][gc,heap     ] GC(174) Survivor regions: 79->79(144)
[2025-10-14T10:56:33.953+0300][61.645s][info][gc,heap     ] GC(174) Old regions: 661->661
[2025-10-14T10:56:33.953+0300][61.645s][info][gc,heap     ] GC(174) Humongous regions: 0->0
[2025-10-14T10:56:33.953+0300][61.645s][info][gc,metaspace] GC(174) Metaspace: 3784K(3968K)->3784K(3968K) NonClass: 3366K(3456K)->3366K(3456K) Class: 418K(512K)->418K(512K)
[2025-10-14T10:56:33.953+0300][61.645s][info][gc          ] GC(174) Pause Young (Normal) (G1 Evacuation Pause) 7233M->2949M(7948M) 8.226ms
[2025-10-14T10:56:33.953+0300][61.645s][info][gc,cpu      ] GC(174) User=0.05s Sys=0.00s Real=0.01s
[2025-10-14T10:56:34.259+0300][61.950s][info][gc,start    ] GC(175) Pause Young (Normal) (G1 Evacuation Pause)
[2025-10-14T10:56:34.259+0300][61.950s][info][gc,task     ] GC(175) Using 9 workers of 9 for evacuation
[2025-10-14T10:56:34.266+0300][61.958s][info][gc,phases   ] GC(175)   Pre Evacuate Collection Set: 0.25ms
[2025-10-14T10:56:34.266+0300][61.958s][info][gc,phases   ] GC(175)   Merge Heap Roots: 0.21ms
[2025-10-14T10:56:34.266+0300][61.958s][info][gc,phases   ] GC(175)   Evacuate Collection Set: 6.65ms
[2025-10-14T10:56:34.266+0300][61.958s][info][gc,phases   ] GC(175)   Post Evacuate Collection Set: 0.48ms
[2025-10-14T10:56:34.266+0300][61.958s][info][gc,phases   ] GC(175)   Other: 0.10ms
[2025-10-14T10:56:34.266+0300][61.958s][info][gc,heap     ] GC(175) Eden regions: 1071->0(1071)
[2025-10-14T10:56:34.266+0300][61.958s][info][gc,heap     ] GC(175) Survivor regions: 79->79(144)
[2025-10-14T10:56:34.266+0300][61.958s][info][gc,heap     ] GC(175) Old regions: 661->661
[2025-10-14T10:56:34.266+0300][61.958s][info][gc,heap     ] GC(175) Humongous regions: 0->0
[2025-10-14T10:56:34.266+0300][61.958s][info][gc,metaspace] GC(175) Metaspace: 3784K(3968K)->3784K(3968K) NonClass: 3366K(3456K)->3366K(3456K) Class: 418K(512K)->418K(512K)
[2025-10-14T10:56:34.267+0300][61.958s][info][gc          ] GC(175) Pause Young (Normal) (G1 Evacuation Pause) 7233M->2949M(7948M) 7.891ms
[2025-10-14T10:56:34.267+0300][61.958s][info][gc,cpu      ] GC(175) User=0.05s Sys=0.01s Real=0.01s
[2025-10-14T10:56:34.553+0300][62.245s][info][gc,start    ] GC(176) Pause Young (Normal) (G1 Evacuation Pause)
[2025-10-14T10:56:34.553+0300][62.245s][info][gc,task     ] GC(176) Using 9 workers of 9 for evacuation
[2025-10-14T10:56:34.561+0300][62.253s][info][gc,phases   ] GC(176)   Pre Evacuate Collection Set: 0.16ms
[2025-10-14T10:56:34.561+0300][62.253s][info][gc,phases   ] GC(176)   Merge Heap Roots: 0.20ms
[2025-10-14T10:56:34.561+0300][62.253s][info][gc,phases   ] GC(176)   Evacuate Collection Set: 7.09ms
[2025-10-14T10:56:34.561+0300][62.253s][info][gc,phases   ] GC(176)   Post Evacuate Collection Set: 0.50ms
[2025-10-14T10:56:34.561+0300][62.253s][info][gc,phases   ] GC(176)   Other: 0.17ms
[2025-10-14T10:56:34.561+0300][62.253s][info][gc,heap     ] GC(176) Eden regions: 1071->0(1071)
[2025-10-14T10:56:34.561+0300][62.253s][info][gc,heap     ] GC(176) Survivor regions: 79->79(144)
[2025-10-14T10:56:34.561+0300][62.253s][info][gc,heap     ] GC(176) Old regions: 661->661
[2025-10-14T10:56:34.561+0300][62.253s][info][gc,heap     ] GC(176) Humongous regions: 0->0
[2025-10-14T10:56:34.561+0300][62.253s][info][gc,metaspace] GC(176) Metaspace: 3784K(3968K)->3784K(3968K) NonClass: 3366K(3456K)->3366K(3456K) Class: 418K(512K)->418K(512K)
[2025-10-14T10:56:34.561+0300][62.253s][info][gc          ] GC(176) Pause Young (Normal) (G1 Evacuation Pause) 7233M->2949M(7948M) 8.392ms
[2025-10-14T10:56:34.561+0300][62.253s][info][gc,cpu      ] GC(176) User=0.05s Sys=0.00s Real=0.01s
[2025-10-14T10:56:34.836+0300][62.527s][info][gc,start    ] GC(177) Pause Young (Normal) (G1 Evacuation Pause)
[2025-10-14T10:56:34.836+0300][62.527s][info][gc,task     ] GC(177) Using 9 workers of 9 for evacuation
[2025-10-14T10:56:34.845+0300][62.537s][info][gc,phases   ] GC(177)   Pre Evacuate Collection Set: 0.11ms
[2025-10-14T10:56:34.845+0300][62.537s][info][gc,phases   ] GC(177)   Merge Heap Roots: 0.15ms
[2025-10-14T10:56:34.845+0300][62.537s][info][gc,phases   ] GC(177)   Evacuate Collection Set: 8.35ms
[2025-10-14T10:56:34.845+0300][62.537s][info][gc,phases   ] GC(177)   Post Evacuate Collection Set: 0.50ms
[2025-10-14T10:56:34.845+0300][62.537s][info][gc,phases   ] GC(177)   Other: 0.10ms
[2025-10-14T10:56:34.845+0300][62.537s][info][gc,heap     ] GC(177) Eden regions: 1071->0(1072)
[2025-10-14T10:56:34.845+0300][62.537s][info][gc,heap     ] GC(177) Survivor regions: 79->79(144)
[2025-10-14T10:56:34.845+0300][62.537s][info][gc,heap     ] GC(177) Old regions: 661->661
[2025-10-14T10:56:34.845+0300][62.537s][info][gc,heap     ] GC(177) Humongous regions: 0->0
[2025-10-14T10:56:34.845+0300][62.537s][info][gc,metaspace] GC(177) Metaspace: 3784K(3968K)->3784K(3968K) NonClass: 3366K(3456K)->3366K(3456K) Class: 418K(512K)->418K(512K)
[2025-10-14T10:56:34.845+0300][62.537s][info][gc          ] GC(177) Pause Young (Normal) (G1 Evacuation Pause) 7233M->2949M(7948M) 9.448ms
[2025-10-14T10:56:34.845+0300][62.537s][info][gc,cpu      ] GC(177) User=0.05s Sys=0.02s Real=0.01s
[2025-10-14T10:56:35.194+0300][62.885s][info][gc,start    ] GC(178) Pause Young (Normal) (G1 Evacuation Pause)
[2025-10-14T10:56:35.194+0300][62.885s][info][gc,task     ] GC(178) Using 9 workers of 9 for evacuation
[2025-10-14T10:56:35.204+0300][62.896s][info][gc,phases   ] GC(178)   Pre Evacuate Collection Set: 0.20ms
[2025-10-14T10:56:35.204+0300][62.896s][info][gc,phases   ] GC(178)   Merge Heap Roots: 0.18ms
[2025-10-14T10:56:35.204+0300][62.896s][info][gc,phases   ] GC(178)   Evacuate Collection Set: 8.72ms
[2025-10-14T10:56:35.204+0300][62.896s][info][gc,phases   ] GC(178)   Post Evacuate Collection Set: 0.84ms
[2025-10-14T10:56:35.204+0300][62.896s][info][gc,phases   ] GC(178)   Other: 0.17ms
[2025-10-14T10:56:35.204+0300][62.896s][info][gc,heap     ] GC(178) Eden regions: 1072->0(1072)
[2025-10-14T10:56:35.204+0300][62.896s][info][gc,heap     ] GC(178) Survivor regions: 79->79(144)
[2025-10-14T10:56:35.204+0300][62.896s][info][gc,heap     ] GC(178) Old regions: 661->661
[2025-10-14T10:56:35.204+0300][62.896s][info][gc,heap     ] GC(178) Humongous regions: 0->0
[2025-10-14T10:56:35.204+0300][62.896s][info][gc,metaspace] GC(178) Metaspace: 3784K(3968K)->3784K(3968K) NonClass: 3366K(3456K)->3366K(3456K) Class: 418K(512K)->418K(512K)
[2025-10-14T10:56:35.204+0300][62.896s][info][gc          ] GC(178) Pause Young (Normal) (G1 Evacuation Pause) 7237M->2949M(7948M) 10.371ms
[2025-10-14T10:56:35.204+0300][62.896s][info][gc,cpu      ] GC(178) User=0.05s Sys=0.00s Real=0.01s
[2025-10-14T10:56:35.574+0300][63.265s][info][gc,start    ] GC(179) Pause Young (Normal) (G1 Evacuation Pause)
[2025-10-14T10:56:35.574+0300][63.265s][info][gc,task     ] GC(179) Using 9 workers of 9 for evacuation
[2025-10-14T10:56:35.682+0300][63.374s][info][gc,phases   ] GC(179)   Pre Evacuate Collection Set: 0.23ms
[2025-10-14T10:56:35.682+0300][63.374s][info][gc,phases   ] GC(179)   Merge Heap Roots: 0.26ms
[2025-10-14T10:56:35.682+0300][63.374s][info][gc,phases   ] GC(179)   Evacuate Collection Set: 106.68ms
[2025-10-14T10:56:35.682+0300][63.374s][info][gc,phases   ] GC(179)   Post Evacuate Collection Set: 1.27ms
[2025-10-14T10:56:35.682+0300][63.374s][info][gc,phases   ] GC(179)   Other: 0.11ms
[2025-10-14T10:56:35.682+0300][63.374s][info][gc,heap     ] GC(179) Eden regions: 1072->0(1072)
[2025-10-14T10:56:35.682+0300][63.374s][info][gc,heap     ] GC(179) Survivor regions: 79->79(144)
[2025-10-14T10:56:35.682+0300][63.374s][info][gc,heap     ] GC(179) Old regions: 661->661
[2025-10-14T10:56:35.682+0300][63.374s][info][gc,heap     ] GC(179) Humongous regions: 0->0
[2025-10-14T10:56:35.682+0300][63.374s][info][gc,metaspace] GC(179) Metaspace: 3784K(3968K)->3784K(3968K) NonClass: 3366K(3456K)->3366K(3456K) Class: 418K(512K)->418K(512K)
[2025-10-14T10:56:35.682+0300][63.374s][info][gc          ] GC(179) Pause Young (Normal) (G1 Evacuation Pause) 7237M->2949M(7948M) 108.798ms
[2025-10-14T10:56:35.682+0300][63.374s][info][gc,cpu      ] GC(179) User=0.04s Sys=0.29s Real=0.11s
[2025-10-14T10:56:36.106+0300][63.798s][info][gc,start    ] GC(180) Pause Young (Normal) (G1 Evacuation Pause)
[2025-10-14T10:56:36.106+0300][63.798s][info][gc,task     ] GC(180) Using 9 workers of 9 for evacuation
[2025-10-14T10:56:36.303+0300][63.995s][info][gc,phases   ] GC(180)   Pre Evacuate Collection Set: 0.11ms
[2025-10-14T10:56:36.303+0300][63.995s][info][gc,phases   ] GC(180)   Merge Heap Roots: 0.17ms
[2025-10-14T10:56:36.303+0300][63.995s][info][gc,phases   ] GC(180)   Evacuate Collection Set: 196.17ms
[2025-10-14T10:56:36.303+0300][63.995s][info][gc,phases   ] GC(180)   Post Evacuate Collection Set: 0.56ms
[2025-10-14T10:56:36.303+0300][63.995s][info][gc,phases   ] GC(180)   Other: 0.11ms
[2025-10-14T10:56:36.304+0300][63.995s][info][gc,heap     ] GC(180) Eden regions: 1072->0(1071)
[2025-10-14T10:56:36.304+0300][63.995s][info][gc,heap     ] GC(180) Survivor regions: 79->79(144)
[2025-10-14T10:56:36.304+0300][63.995s][info][gc,heap     ] GC(180) Old regions: 661->661
[2025-10-14T10:56:36.304+0300][63.995s][info][gc,heap     ] GC(180) Humongous regions: 0->0
[2025-10-14T10:56:36.304+0300][63.995s][info][gc,metaspace] GC(180) Metaspace: 3784K(3968K)->3784K(3968K) NonClass: 3366K(3456K)->3366K(3456K) Class: 418K(512K)->418K(512K)
[2025-10-14T10:56:36.304+0300][63.995s][info][gc          ] GC(180) Pause Young (Normal) (G1 Evacuation Pause) 7237M->2949M(7948M) 197.367ms
[2025-10-14T10:56:36.304+0300][63.995s][info][gc,cpu      ] GC(180) User=0.04s Sys=0.46s Real=0.20s
[2025-10-14T10:56:36.637+0300][64.328s][info][gc,start    ] GC(181) Pause Young (Normal) (G1 Evacuation Pause)
[2025-10-14T10:56:36.637+0300][64.328s][info][gc,task     ] GC(181) Using 9 workers of 9 for evacuation
[2025-10-14T10:56:36.646+0300][64.338s][info][gc,phases   ] GC(181)   Pre Evacuate Collection Set: 0.22ms
[2025-10-14T10:56:36.646+0300][64.338s][info][gc,phases   ] GC(181)   Merge Heap Roots: 0.12ms
[2025-10-14T10:56:36.646+0300][64.338s][info][gc,phases   ] GC(181)   Evacuate Collection Set: 8.38ms
[2025-10-14T10:56:36.646+0300][64.338s][info][gc,phases   ] GC(181)   Post Evacuate Collection Set: 0.53ms
[2025-10-14T10:56:36.646+0300][64.338s][info][gc,phases   ] GC(181)   Other: 0.21ms
[2025-10-14T10:56:36.646+0300][64.338s][info][gc,heap     ] GC(181) Eden regions: 1071->0(1071)
[2025-10-14T10:56:36.646+0300][64.338s][info][gc,heap     ] GC(181) Survivor regions: 79->79(144)
[2025-10-14T10:56:36.646+0300][64.338s][info][gc,heap     ] GC(181) Old regions: 661->661
[2025-10-14T10:56:36.646+0300][64.338s][info][gc,heap     ] GC(181) Humongous regions: 0->0
[2025-10-14T10:56:36.646+0300][64.338s][info][gc,metaspace] GC(181) Metaspace: 3784K(3968K)->3784K(3968K) NonClass: 3366K(3456K)->3366K(3456K) Class: 418K(512K)->418K(512K)
[2025-10-14T10:56:36.646+0300][64.338s][info][gc          ] GC(181) Pause Young (Normal) (G1 Evacuation Pause) 7233M->2949M(7948M) 9.753ms
[2025-10-14T10:56:36.646+0300][64.338s][info][gc,cpu      ] GC(181) User=0.05s Sys=0.01s Real=0.01s
[2025-10-14T10:56:36.943+0300][64.634s][info][gc,start    ] GC(182) Pause Young (Normal) (G1 Evacuation Pause)
[2025-10-14T10:56:36.943+0300][64.634s][info][gc,task     ] GC(182) Using 9 workers of 9 for evacuation
[2025-10-14T10:56:36.951+0300][64.642s][info][gc,phases   ] GC(182)   Pre Evacuate Collection Set: 0.14ms
[2025-10-14T10:56:36.951+0300][64.642s][info][gc,phases   ] GC(182)   Merge Heap Roots: 0.29ms
[2025-10-14T10:56:36.951+0300][64.642s][info][gc,phases   ] GC(182)   Evacuate Collection Set: 7.05ms
[2025-10-14T10:56:36.951+0300][64.642s][info][gc,phases   ] GC(182)   Post Evacuate Collection Set: 0.56ms
[2025-10-14T10:56:36.951+0300][64.642s][info][gc,phases   ] GC(182)   Other: 0.13ms
[2025-10-14T10:56:36.951+0300][64.642s][info][gc,heap     ] GC(182) Eden regions: 1071->0(1071)
[2025-10-14T10:56:36.951+0300][64.642s][info][gc,heap     ] GC(182) Survivor regions: 79->79(144)
[2025-10-14T10:56:36.951+0300][64.642s][info][gc,heap     ] GC(182) Old regions: 661->661
[2025-10-14T10:56:36.951+0300][64.642s][info][gc,heap     ] GC(182) Humongous regions: 0->0
[2025-10-14T10:56:36.951+0300][64.642s][info][gc,metaspace] GC(182) Metaspace: 3784K(3968K)->3784K(3968K) NonClass: 3366K(3456K)->3366K(3456K) Class: 418K(512K)->418K(512K)
[2025-10-14T10:56:36.951+0300][64.643s][info][gc          ] GC(182) Pause Young (Normal) (G1 Evacuation Pause) 7233M->2949M(7948M) 8.441ms
[2025-10-14T10:56:36.951+0300][64.643s][info][gc,cpu      ] GC(182) User=0.05s Sys=0.00s Real=0.01s
[2025-10-14T10:56:37.240+0300][64.931s][info][gc,start    ] GC(183) Pause Young (Normal) (G1 Evacuation Pause)
[2025-10-14T10:56:37.240+0300][64.931s][info][gc,task     ] GC(183) Using 9 workers of 9 for evacuation
[2025-10-14T10:56:37.249+0300][64.940s][info][gc,phases   ] GC(183)   Pre Evacuate Collection Set: 0.21ms
[2025-10-14T10:56:37.249+0300][64.940s][info][gc,phases   ] GC(183)   Merge Heap Roots: 0.13ms
[2025-10-14T10:56:37.249+0300][64.940s][info][gc,phases   ] GC(183)   Evacuate Collection Set: 7.77ms
[2025-10-14T10:56:37.249+0300][64.940s][info][gc,phases   ] GC(183)   Post Evacuate Collection Set: 0.51ms
[2025-10-14T10:56:37.249+0300][64.940s][info][gc,phases   ] GC(183)   Other: 0.10ms
[2025-10-14T10:56:37.249+0300][64.940s][info][gc,heap     ] GC(183) Eden regions: 1071->0(1071)
[2025-10-14T10:56:37.249+0300][64.940s][info][gc,heap     ] GC(183) Survivor regions: 79->79(144)
[2025-10-14T10:56:37.249+0300][64.940s][info][gc,heap     ] GC(183) Old regions: 661->661
[2025-10-14T10:56:37.249+0300][64.940s][info][gc,heap     ] GC(183) Humongous regions: 0->0
[2025-10-14T10:56:37.249+0300][64.940s][info][gc,metaspace] GC(183) Metaspace: 3784K(3968K)->3784K(3968K) NonClass: 3366K(3456K)->3366K(3456K) Class: 418K(512K)->418K(512K)
[2025-10-14T10:56:37.249+0300][64.940s][info][gc          ] GC(183) Pause Young (Normal) (G1 Evacuation Pause) 7233M->2949M(7948M) 8.972ms
[2025-10-14T10:56:37.249+0300][64.940s][info][gc,cpu      ] GC(183) User=0.06s Sys=0.00s Real=0.00s
[2025-10-14T10:56:37.532+0300][65.224s][info][gc,start    ] GC(184) Pause Young (Normal) (G1 Evacuation Pause)
[2025-10-14T10:56:37.532+0300][65.224s][info][gc,task     ] GC(184) Using 9 workers of 9 for evacuation
[2025-10-14T10:56:37.541+0300][65.232s][info][gc,phases   ] GC(184)   Pre Evacuate Collection Set: 0.27ms
[2025-10-14T10:56:37.541+0300][65.232s][info][gc,phases   ] GC(184)   Merge Heap Roots: 0.21ms
[2025-10-14T10:56:37.541+0300][65.232s][info][gc,phases   ] GC(184)   Evacuate Collection Set: 7.05ms
[2025-10-14T10:56:37.541+0300][65.232s][info][gc,phases   ] GC(184)   Post Evacuate Collection Set: 0.45ms
[2025-10-14T10:56:37.541+0300][65.232s][info][gc,phases   ] GC(184)   Other: 0.11ms
[2025-10-14T10:56:37.541+0300][65.232s][info][gc,heap     ] GC(184) Eden regions: 1071->0(1071)
[2025-10-14T10:56:37.541+0300][65.232s][info][gc,heap     ] GC(184) Survivor regions: 79->79(144)
[2025-10-14T10:56:37.541+0300][65.232s][info][gc,heap     ] GC(184) Old regions: 661->661
[2025-10-14T10:56:37.541+0300][65.232s][info][gc,heap     ] GC(184) Humongous regions: 0->0
[2025-10-14T10:56:37.541+0300][65.232s][info][gc,metaspace] GC(184) Metaspace: 3784K(3968K)->3784K(3968K) NonClass: 3366K(3456K)->3366K(3456K) Class: 418K(512K)->418K(512K)
[2025-10-14T10:56:37.541+0300][65.232s][info][gc          ] GC(184) Pause Young (Normal) (G1 Evacuation Pause) 7233M->2949M(7948M) 8.336ms
[2025-10-14T10:56:37.541+0300][65.232s][info][gc,cpu      ] GC(184) User=0.05s Sys=0.01s Real=0.01s
[2025-10-14T10:56:37.823+0300][65.514s][info][gc,start    ] GC(185) Pause Young (Normal) (G1 Evacuation Pause)
[2025-10-14T10:56:37.823+0300][65.515s][info][gc,task     ] GC(185) Using 9 workers of 9 for evacuation
[2025-10-14T10:56:37.832+0300][65.524s][info][gc,phases   ] GC(185)   Pre Evacuate Collection Set: 0.17ms
[2025-10-14T10:56:37.832+0300][65.524s][info][gc,phases   ] GC(185)   Merge Heap Roots: 0.16ms
[2025-10-14T10:56:37.832+0300][65.524s][info][gc,phases   ] GC(185)   Evacuate Collection Set: 8.29ms
[2025-10-14T10:56:37.832+0300][65.524s][info][gc,phases   ] GC(185)   Post Evacuate Collection Set: 0.51ms
[2025-10-14T10:56:37.832+0300][65.524s][info][gc,phases   ] GC(185)   Other: 0.11ms
[2025-10-14T10:56:37.832+0300][65.524s][info][gc,heap     ] GC(185) Eden regions: 1071->0(1071)
[2025-10-14T10:56:37.832+0300][65.524s][info][gc,heap     ] GC(185) Survivor regions: 79->79(144)
[2025-10-14T10:56:37.832+0300][65.524s][info][gc,heap     ] GC(185) Old regions: 661->661
[2025-10-14T10:56:37.832+0300][65.524s][info][gc,heap     ] GC(185) Humongous regions: 0->0
[2025-10-14T10:56:37.832+0300][65.524s][info][gc,metaspace] GC(185) Metaspace: 3784K(3968K)->3784K(3968K) NonClass: 3366K(3456K)->3366K(3456K) Class: 418K(512K)->418K(512K)
[2025-10-14T10:56:37.832+0300][65.524s][info][gc          ] GC(185) Pause Young (Normal) (G1 Evacuation Pause) 7233M->2949M(7948M) 9.480ms
[2025-10-14T10:56:37.832+0300][65.524s][info][gc,cpu      ] GC(185) User=0.04s Sys=0.00s Real=0.01s
[2025-10-14T10:56:38.108+0300][65.799s][info][gc,start    ] GC(186) Pause Young (Normal) (G1 Evacuation Pause)
[2025-10-14T10:56:38.108+0300][65.799s][info][gc,task     ] GC(186) Using 9 workers of 9 for evacuation
[2025-10-14T10:56:38.115+0300][65.807s][info][gc,phases   ] GC(186)   Pre Evacuate Collection Set: 0.12ms
[2025-10-14T10:56:38.115+0300][65.807s][info][gc,phases   ] GC(186)   Merge Heap Roots: 0.16ms
[2025-10-14T10:56:38.116+0300][65.807s][info][gc,phases   ] GC(186)   Evacuate Collection Set: 6.75ms
[2025-10-14T10:56:38.116+0300][65.807s][info][gc,phases   ] GC(186)   Post Evacuate Collection Set: 0.44ms
[2025-10-14T10:56:38.116+0300][65.807s][info][gc,phases   ] GC(186)   Other: 0.10ms
[2025-10-14T10:56:38.116+0300][65.807s][info][gc,heap     ] GC(186) Eden regions: 1071->0(1071)
[2025-10-14T10:56:38.116+0300][65.807s][info][gc,heap     ] GC(186) Survivor regions: 79->79(144)
[2025-10-14T10:56:38.116+0300][65.807s][info][gc,heap     ] GC(186) Old regions: 661->661
[2025-10-14T10:56:38.116+0300][65.807s][info][gc,heap     ] GC(186) Humongous regions: 0->0
[2025-10-14T10:56:38.116+0300][65.807s][info][gc,metaspace] GC(186) Metaspace: 3784K(3968K)->3784K(3968K) NonClass: 3366K(3456K)->3366K(3456K) Class: 418K(512K)->418K(512K)
[2025-10-14T10:56:38.116+0300][65.807s][info][gc          ] GC(186) Pause Young (Normal) (G1 Evacuation Pause) 7233M->2949M(7948M) 7.821ms
[2025-10-14T10:56:38.116+0300][65.807s][info][gc,cpu      ] GC(186) User=0.05s Sys=0.01s Real=0.01s
[2025-10-14T10:56:38.397+0300][66.089s][info][gc,start    ] GC(187) Pause Young (Normal) (G1 Evacuation Pause)
[2025-10-14T10:56:38.397+0300][66.089s][info][gc,task     ] GC(187) Using 9 workers of 9 for evacuation
[2025-10-14T10:56:38.405+0300][66.096s][info][gc,phases   ] GC(187)   Pre Evacuate Collection Set: 0.15ms
[2025-10-14T10:56:38.405+0300][66.096s][info][gc,phases   ] GC(187)   Merge Heap Roots: 0.15ms
[2025-10-14T10:56:38.405+0300][66.096s][info][gc,phases   ] GC(187)   Evacuate Collection Set: 6.55ms
[2025-10-14T10:56:38.405+0300][66.096s][info][gc,phases   ] GC(187)   Post Evacuate Collection Set: 0.51ms
[2025-10-14T10:56:38.405+0300][66.096s][info][gc,phases   ] GC(187)   Other: 0.10ms
[2025-10-14T10:56:38.405+0300][66.097s][info][gc,heap     ] GC(187) Eden regions: 1071->0(1071)
[2025-10-14T10:56:38.405+0300][66.097s][info][gc,heap     ] GC(187) Survivor regions: 79->79(144)
[2025-10-14T10:56:38.405+0300][66.097s][info][gc,heap     ] GC(187) Old regions: 661->661
[2025-10-14T10:56:38.405+0300][66.097s][info][gc,heap     ] GC(187) Humongous regions: 0->0
[2025-10-14T10:56:38.405+0300][66.097s][info][gc,metaspace] GC(187) Metaspace: 3784K(3968K)->3784K(3968K) NonClass: 3366K(3456K)->3366K(3456K) Class: 418K(512K)->418K(512K)
[2025-10-14T10:56:38.405+0300][66.097s][info][gc          ] GC(187) Pause Young (Normal) (G1 Evacuation Pause) 7233M->2949M(7948M) 7.718ms
[2025-10-14T10:56:38.405+0300][66.097s][info][gc,cpu      ] GC(187) User=0.05s Sys=0.01s Real=0.01s
[2025-10-14T10:56:38.690+0300][66.381s][info][gc,start    ] GC(188) Pause Young (Normal) (G1 Evacuation Pause)
[2025-10-14T10:56:38.690+0300][66.382s][info][gc,task     ] GC(188) Using 9 workers of 9 for evacuation
[2025-10-14T10:56:38.698+0300][66.389s][info][gc,phases   ] GC(188)   Pre Evacuate Collection Set: 0.16ms
[2025-10-14T10:56:38.698+0300][66.389s][info][gc,phases   ] GC(188)   Merge Heap Roots: 0.15ms
[2025-10-14T10:56:38.698+0300][66.389s][info][gc,phases   ] GC(188)   Evacuate Collection Set: 6.79ms
[2025-10-14T10:56:38.698+0300][66.389s][info][gc,phases   ] GC(188)   Post Evacuate Collection Set: 0.50ms
[2025-10-14T10:56:38.698+0300][66.389s][info][gc,phases   ] GC(188)   Other: 0.09ms
[2025-10-14T10:56:38.698+0300][66.389s][info][gc,heap     ] GC(188) Eden regions: 1071->0(1072)
[2025-10-14T10:56:38.698+0300][66.389s][info][gc,heap     ] GC(188) Survivor regions: 79->79(144)
[2025-10-14T10:56:38.698+0300][66.389s][info][gc,heap     ] GC(188) Old regions: 661->661
[2025-10-14T10:56:38.698+0300][66.389s][info][gc,heap     ] GC(188) Humongous regions: 0->0
[2025-10-14T10:56:38.698+0300][66.389s][info][gc,metaspace] GC(188) Metaspace: 3784K(3968K)->3784K(3968K) NonClass: 3366K(3456K)->3366K(3456K) Class: 418K(512K)->418K(512K)
[2025-10-14T10:56:38.698+0300][66.389s][info][gc          ] GC(188) Pause Young (Normal) (G1 Evacuation Pause) 7233M->2949M(7948M) 7.920ms
[2025-10-14T10:56:38.698+0300][66.389s][info][gc,cpu      ] GC(188) User=0.05s Sys=0.00s Real=0.00s
[2025-10-14T10:56:38.970+0300][66.662s][info][gc,start    ] GC(189) Pause Young (Normal) (G1 Evacuation Pause)
[2025-10-14T10:56:38.971+0300][66.662s][info][gc,task     ] GC(189) Using 9 workers of 9 for evacuation
[2025-10-14T10:56:38.981+0300][66.673s][info][gc,phases   ] GC(189)   Pre Evacuate Collection Set: 0.13ms
[2025-10-14T10:56:38.981+0300][66.673s][info][gc,phases   ] GC(189)   Merge Heap Roots: 0.16ms
[2025-10-14T10:56:38.981+0300][66.673s][info][gc,phases   ] GC(189)   Evacuate Collection Set: 9.49ms
[2025-10-14T10:56:38.981+0300][66.673s][info][gc,phases   ] GC(189)   Post Evacuate Collection Set: 0.49ms
[2025-10-14T10:56:38.981+0300][66.673s][info][gc,phases   ] GC(189)   Other: 0.10ms
[2025-10-14T10:56:38.981+0300][66.673s][info][gc,heap     ] GC(189) Eden regions: 1072->0(1071)
[2025-10-14T10:56:38.981+0300][66.673s][info][gc,heap     ] GC(189) Survivor regions: 79->79(144)
[2025-10-14T10:56:38.981+0300][66.673s][info][gc,heap     ] GC(189) Old regions: 661->661
[2025-10-14T10:56:38.981+0300][66.673s][info][gc,heap     ] GC(189) Humongous regions: 0->0
[2025-10-14T10:56:38.981+0300][66.673s][info][gc,metaspace] GC(189) Metaspace: 3784K(3968K)->3784K(3968K) NonClass: 3366K(3456K)->3366K(3456K) Class: 418K(512K)->418K(512K)
[2025-10-14T10:56:38.981+0300][66.673s][info][gc          ] GC(189) Pause Young (Normal) (G1 Evacuation Pause) 7237M->2949M(7948M) 11.021ms
[2025-10-14T10:56:38.981+0300][66.673s][info][gc,cpu      ] GC(189) User=0.05s Sys=0.01s Real=0.01s
[2025-10-14T10:56:39.264+0300][66.956s][info][gc,start    ] GC(190) Pause Young (Normal) (G1 Evacuation Pause)
[2025-10-14T10:56:39.264+0300][66.956s][info][gc,task     ] GC(190) Using 9 workers of 9 for evacuation
[2025-10-14T10:56:39.273+0300][66.964s][info][gc,phases   ] GC(190)   Pre Evacuate Collection Set: 0.13ms
[2025-10-14T10:56:39.273+0300][66.964s][info][gc,phases   ] GC(190)   Merge Heap Roots: 0.06ms
[2025-10-14T10:56:39.273+0300][66.964s][info][gc,phases   ] GC(190)   Evacuate Collection Set: 7.69ms
[2025-10-14T10:56:39.273+0300][66.964s][info][gc,phases   ] GC(190)   Post Evacuate Collection Set: 0.45ms
[2025-10-14T10:56:39.273+0300][66.964s][info][gc,phases   ] GC(190)   Other: 0.10ms
[2025-10-14T10:56:39.273+0300][66.964s][info][gc,heap     ] GC(190) Eden regions: 1071->0(1074)
[2025-10-14T10:56:39.273+0300][66.964s][info][gc,heap     ] GC(190) Survivor regions: 79->79(144)
[2025-10-14T10:56:39.273+0300][66.964s][info][gc,heap     ] GC(190) Old regions: 661->661
[2025-10-14T10:56:39.273+0300][66.964s][info][gc,heap     ] GC(190) Humongous regions: 0->0
[2025-10-14T10:56:39.273+0300][66.964s][info][gc,metaspace] GC(190) Metaspace: 3784K(3968K)->3784K(3968K) NonClass: 3366K(3456K)->3366K(3456K) Class: 418K(512K)->418K(512K)
[2025-10-14T10:56:39.273+0300][66.964s][info][gc          ] GC(190) Pause Young (Normal) (G1 Evacuation Pause) 7233M->2949M(7960M) 8.651ms
[2025-10-14T10:56:39.273+0300][66.964s][info][gc,cpu      ] GC(190) User=0.05s Sys=0.00s Real=0.01s
[2025-10-14T10:56:39.568+0300][67.260s][info][gc,start    ] GC(191) Pause Young (Normal) (G1 Evacuation Pause)
[2025-10-14T10:56:39.568+0300][67.260s][info][gc,task     ] GC(191) Using 9 workers of 9 for evacuation
[2025-10-14T10:56:39.575+0300][67.267s][info][gc,phases   ] GC(191)   Pre Evacuate Collection Set: 0.13ms
[2025-10-14T10:56:39.575+0300][67.267s][info][gc,phases   ] GC(191)   Merge Heap Roots: 0.13ms
[2025-10-14T10:56:39.575+0300][67.267s][info][gc,phases   ] GC(191)   Evacuate Collection Set: 6.49ms
[2025-10-14T10:56:39.575+0300][67.267s][info][gc,phases   ] GC(191)   Post Evacuate Collection Set: 0.43ms
[2025-10-14T10:56:39.575+0300][67.267s][info][gc,phases   ] GC(191)   Other: 0.10ms
[2025-10-14T10:56:39.575+0300][67.267s][info][gc,heap     ] GC(191) Eden regions: 1074->0(1075)
[2025-10-14T10:56:39.576+0300][67.267s][info][gc,heap     ] GC(191) Survivor regions: 79->79(145)
[2025-10-14T10:56:39.576+0300][67.267s][info][gc,heap     ] GC(191) Old regions: 661->661
[2025-10-14T10:56:39.576+0300][67.267s][info][gc,heap     ] GC(191) Humongous regions: 0->0
[2025-10-14T10:56:39.576+0300][67.267s][info][gc,metaspace] GC(191) Metaspace: 3784K(3968K)->3784K(3968K) NonClass: 3366K(3456K)->3366K(3456K) Class: 418K(512K)->418K(512K)
[2025-10-14T10:56:39.576+0300][67.267s][info][gc          ] GC(191) Pause Young (Normal) (G1 Evacuation Pause) 7245M->2949M(7960M) 7.547ms
[2025-10-14T10:56:39.576+0300][67.267s][info][gc,cpu      ] GC(191) User=0.05s Sys=0.00s Real=0.01s
[2025-10-14T10:56:39.896+0300][67.588s][info][gc,start    ] GC(192) Pause Young (Normal) (G1 Evacuation Pause)
[2025-10-14T10:56:39.896+0300][67.588s][info][gc,task     ] GC(192) Using 9 workers of 9 for evacuation
[2025-10-14T10:56:39.904+0300][67.596s][info][gc,phases   ] GC(192)   Pre Evacuate Collection Set: 0.23ms
[2025-10-14T10:56:39.904+0300][67.596s][info][gc,phases   ] GC(192)   Merge Heap Roots: 0.14ms
[2025-10-14T10:56:39.904+0300][67.596s][info][gc,phases   ] GC(192)   Evacuate Collection Set: 7.02ms
[2025-10-14T10:56:39.904+0300][67.596s][info][gc,phases   ] GC(192)   Post Evacuate Collection Set: 0.43ms
[2025-10-14T10:56:39.904+0300][67.596s][info][gc,phases   ] GC(192)   Other: 0.10ms
[2025-10-14T10:56:39.904+0300][67.596s][info][gc,heap     ] GC(192) Eden regions: 1075->0(1074)
[2025-10-14T10:56:39.904+0300][67.596s][info][gc,heap     ] GC(192) Survivor regions: 79->79(145)
[2025-10-14T10:56:39.904+0300][67.596s][info][gc,heap     ] GC(192) Old regions: 661->661
[2025-10-14T10:56:39.904+0300][67.596s][info][gc,heap     ] GC(192) Humongous regions: 0->0
[2025-10-14T10:56:39.904+0300][67.596s][info][gc,metaspace] GC(192) Metaspace: 3784K(3968K)->3784K(3968K) NonClass: 3366K(3456K)->3366K(3456K) Class: 418K(512K)->418K(512K)
[2025-10-14T10:56:39.904+0300][67.596s][info][gc          ] GC(192) Pause Young (Normal) (G1 Evacuation Pause) 7249M->2949M(7960M) 8.163ms
[2025-10-14T10:56:39.904+0300][67.596s][info][gc,cpu      ] GC(192) User=0.05s Sys=0.00s Real=0.01s
[2025-10-14T10:56:40.234+0300][67.925s][info][gc,start    ] GC(193) Pause Young (Normal) (G1 Evacuation Pause)
[2025-10-14T10:56:40.234+0300][67.925s][info][gc,task     ] GC(193) Using 9 workers of 9 for evacuation
[2025-10-14T10:56:40.241+0300][67.933s][info][gc,phases   ] GC(193)   Pre Evacuate Collection Set: 0.16ms
[2025-10-14T10:56:40.241+0300][67.933s][info][gc,phases   ] GC(193)   Merge Heap Roots: 0.16ms
[2025-10-14T10:56:40.241+0300][67.933s][info][gc,phases   ] GC(193)   Evacuate Collection Set: 6.59ms
[2025-10-14T10:56:40.241+0300][67.933s][info][gc,phases   ] GC(193)   Post Evacuate Collection Set: 0.39ms
[2025-10-14T10:56:40.241+0300][67.933s][info][gc,phases   ] GC(193)   Other: 0.10ms
[2025-10-14T10:56:40.241+0300][67.933s][info][gc,heap     ] GC(193) Eden regions: 1074->0(1075)
[2025-10-14T10:56:40.241+0300][67.933s][info][gc,heap     ] GC(193) Survivor regions: 79->79(145)
[2025-10-14T10:56:40.241+0300][67.933s][info][gc,heap     ] GC(193) Old regions: 661->661
[2025-10-14T10:56:40.241+0300][67.933s][info][gc,heap     ] GC(193) Humongous regions: 0->0
[2025-10-14T10:56:40.241+0300][67.933s][info][gc,metaspace] GC(193) Metaspace: 3784K(3968K)->3784K(3968K) NonClass: 3366K(3456K)->3366K(3456K) Class: 418K(512K)->418K(512K)
[2025-10-14T10:56:40.241+0300][67.933s][info][gc          ] GC(193) Pause Young (Normal) (G1 Evacuation Pause) 7245M->2949M(7960M) 7.645ms
[2025-10-14T10:56:40.241+0300][67.933s][info][gc,cpu      ] GC(193) User=0.05s Sys=0.00s Real=0.01s
[2025-10-14T10:56:40.562+0300][68.253s][info][gc,start    ] GC(194) Pause Young (Normal) (G1 Evacuation Pause)
[2025-10-14T10:56:40.562+0300][68.253s][info][gc,task     ] GC(194) Using 9 workers of 9 for evacuation
[2025-10-14T10:56:40.569+0300][68.261s][info][gc,phases   ] GC(194)   Pre Evacuate Collection Set: 0.16ms
[2025-10-14T10:56:40.569+0300][68.261s][info][gc,phases   ] GC(194)   Merge Heap Roots: 0.13ms
[2025-10-14T10:56:40.569+0300][68.261s][info][gc,phases   ] GC(194)   Evacuate Collection Set: 6.50ms
[2025-10-14T10:56:40.569+0300][68.261s][info][gc,phases   ] GC(194)   Post Evacuate Collection Set: 0.44ms
[2025-10-14T10:56:40.569+0300][68.261s][info][gc,phases   ] GC(194)   Other: 0.12ms
[2025-10-14T10:56:40.569+0300][68.261s][info][gc,heap     ] GC(194) Eden regions: 1075->0(1075)
[2025-10-14T10:56:40.569+0300][68.261s][info][gc,heap     ] GC(194) Survivor regions: 79->79(145)
[2025-10-14T10:56:40.569+0300][68.261s][info][gc,heap     ] GC(194) Old regions: 661->661
[2025-10-14T10:56:40.569+0300][68.261s][info][gc,heap     ] GC(194) Humongous regions: 0->0
[2025-10-14T10:56:40.569+0300][68.261s][info][gc,metaspace] GC(194) Metaspace: 3784K(3968K)->3784K(3968K) NonClass: 3366K(3456K)->3366K(3456K) Class: 418K(512K)->418K(512K)
[2025-10-14T10:56:40.569+0300][68.261s][info][gc          ] GC(194) Pause Young (Normal) (G1 Evacuation Pause) 7249M->2949M(7960M) 7.614ms
[2025-10-14T10:56:40.569+0300][68.261s][info][gc,cpu      ] GC(194) User=0.06s Sys=0.00s Real=0.00s
[2025-10-14T10:56:40.876+0300][68.567s][info][gc,start    ] GC(195) Pause Young (Normal) (G1 Evacuation Pause)
[2025-10-14T10:56:40.876+0300][68.567s][info][gc,task     ] GC(195) Using 9 workers of 9 for evacuation
[2025-10-14T10:56:40.883+0300][68.575s][info][gc,phases   ] GC(195)   Pre Evacuate Collection Set: 0.15ms
[2025-10-14T10:56:40.883+0300][68.575s][info][gc,phases   ] GC(195)   Merge Heap Roots: 0.14ms
[2025-10-14T10:56:40.883+0300][68.575s][info][gc,phases   ] GC(195)   Evacuate Collection Set: 6.48ms
[2025-10-14T10:56:40.883+0300][68.575s][info][gc,phases   ] GC(195)   Post Evacuate Collection Set: 0.44ms
[2025-10-14T10:56:40.883+0300][68.575s][info][gc,phases   ] GC(195)   Other: 0.10ms
[2025-10-14T10:56:40.883+0300][68.575s][info][gc,heap     ] GC(195) Eden regions: 1075->0(1075)
[2025-10-14T10:56:40.883+0300][68.575s][info][gc,heap     ] GC(195) Survivor regions: 79->79(145)
[2025-10-14T10:56:40.883+0300][68.575s][info][gc,heap     ] GC(195) Old regions: 661->661
[2025-10-14T10:56:40.883+0300][68.575s][info][gc,heap     ] GC(195) Humongous regions: 0->0
[2025-10-14T10:56:40.883+0300][68.575s][info][gc,metaspace] GC(195) Metaspace: 3784K(3968K)->3784K(3968K) NonClass: 3366K(3456K)->3366K(3456K) Class: 418K(512K)->418K(512K)
[2025-10-14T10:56:40.883+0300][68.575s][info][gc          ] GC(195) Pause Young (Normal) (G1 Evacuation Pause) 7249M->2949M(7960M) 7.574ms
[2025-10-14T10:56:40.883+0300][68.575s][info][gc,cpu      ] GC(195) User=0.05s Sys=0.00s Real=0.01s
[2025-10-14T10:56:41.170+0300][68.862s][info][gc,start    ] GC(196) Pause Young (Normal) (G1 Evacuation Pause)
[2025-10-14T10:56:41.170+0300][68.862s][info][gc,task     ] GC(196) Using 9 workers of 9 for evacuation
[2025-10-14T10:56:41.178+0300][68.870s][info][gc,phases   ] GC(196)   Pre Evacuate Collection Set: 0.09ms
[2025-10-14T10:56:41.178+0300][68.870s][info][gc,phases   ] GC(196)   Merge Heap Roots: 0.15ms
[2025-10-14T10:56:41.178+0300][68.870s][info][gc,phases   ] GC(196)   Evacuate Collection Set: 7.12ms
[2025-10-14T10:56:41.179+0300][68.870s][info][gc,phases   ] GC(196)   Post Evacuate Collection Set: 0.46ms
[2025-10-14T10:56:41.179+0300][68.870s][info][gc,phases   ] GC(196)   Other: 0.10ms
[2025-10-14T10:56:41.179+0300][68.870s][info][gc,heap     ] GC(196) Eden regions: 1075->0(1075)
[2025-10-14T10:56:41.179+0300][68.870s][info][gc,heap     ] GC(196) Survivor regions: 79->79(145)
[2025-10-14T10:56:41.179+0300][68.870s][info][gc,heap     ] GC(196) Old regions: 661->661
[2025-10-14T10:56:41.179+0300][68.870s][info][gc,heap     ] GC(196) Humongous regions: 0->0
[2025-10-14T10:56:41.179+0300][68.870s][info][gc,metaspace] GC(196) Metaspace: 3784K(3968K)->3784K(3968K) NonClass: 3366K(3456K)->3366K(3456K) Class: 418K(512K)->418K(512K)
[2025-10-14T10:56:41.179+0300][68.870s][info][gc          ] GC(196) Pause Young (Normal) (G1 Evacuation Pause) 7249M->2949M(7960M) 8.181ms
[2025-10-14T10:56:41.179+0300][68.870s][info][gc,cpu      ] GC(196) User=0.05s Sys=0.00s Real=0.00s
[2025-10-14T10:56:41.503+0300][69.194s][info][gc,start    ] GC(197) Pause Young (Normal) (G1 Evacuation Pause)
[2025-10-14T10:56:41.503+0300][69.194s][info][gc,task     ] GC(197) Using 9 workers of 9 for evacuation
[2025-10-14T10:56:41.511+0300][69.202s][info][gc,phases   ] GC(197)   Pre Evacuate Collection Set: 0.14ms
[2025-10-14T10:56:41.511+0300][69.202s][info][gc,phases   ] GC(197)   Merge Heap Roots: 0.13ms
[2025-10-14T10:56:41.511+0300][69.202s][info][gc,phases   ] GC(197)   Evacuate Collection Set: 6.96ms
[2025-10-14T10:56:41.511+0300][69.202s][info][gc,phases   ] GC(197)   Post Evacuate Collection Set: 0.46ms
[2025-10-14T10:56:41.511+0300][69.202s][info][gc,phases   ] GC(197)   Other: 0.10ms
[2025-10-14T10:56:41.511+0300][69.202s][info][gc,heap     ] GC(197) Eden regions: 1075->0(1075)
[2025-10-14T10:56:41.511+0300][69.202s][info][gc,heap     ] GC(197) Survivor regions: 79->79(145)
[2025-10-14T10:56:41.511+0300][69.202s][info][gc,heap     ] GC(197) Old regions: 661->661
[2025-10-14T10:56:41.511+0300][69.202s][info][gc,heap     ] GC(197) Humongous regions: 0->0
[2025-10-14T10:56:41.511+0300][69.202s][info][gc,metaspace] GC(197) Metaspace: 3784K(3968K)->3784K(3968K) NonClass: 3366K(3456K)->3366K(3456K) Class: 418K(512K)->418K(512K)
[2025-10-14T10:56:41.511+0300][69.202s][info][gc          ] GC(197) Pause Young (Normal) (G1 Evacuation Pause) 7249M->2949M(7960M) 8.035ms
[2025-10-14T10:56:41.511+0300][69.202s][info][gc,cpu      ] GC(197) User=0.05s Sys=0.01s Real=0.01s
[2025-10-14T10:56:41.841+0300][69.532s][info][gc,start    ] GC(198) Pause Young (Normal) (G1 Evacuation Pause)
[2025-10-14T10:56:41.841+0300][69.532s][info][gc,task     ] GC(198) Using 9 workers of 9 for evacuation
[2025-10-14T10:56:41.848+0300][69.539s][info][gc,phases   ] GC(198)   Pre Evacuate Collection Set: 0.10ms
[2025-10-14T10:56:41.848+0300][69.539s][info][gc,phases   ] GC(198)   Merge Heap Roots: 0.12ms
[2025-10-14T10:56:41.848+0300][69.539s][info][gc,phases   ] GC(198)   Evacuate Collection Set: 6.50ms
[2025-10-14T10:56:41.848+0300][69.539s][info][gc,phases   ] GC(198)   Post Evacuate Collection Set: 0.39ms
[2025-10-14T10:56:41.848+0300][69.539s][info][gc,phases   ] GC(198)   Other: 0.10ms
[2025-10-14T10:56:41.848+0300][69.539s][info][gc,heap     ] GC(198) Eden regions: 1075->0(1075)
[2025-10-14T10:56:41.848+0300][69.539s][info][gc,heap     ] GC(198) Survivor regions: 79->79(145)
[2025-10-14T10:56:41.848+0300][69.539s][info][gc,heap     ] GC(198) Old regions: 661->661
[2025-10-14T10:56:41.848+0300][69.539s][info][gc,heap     ] GC(198) Humongous regions: 0->0
[2025-10-14T10:56:41.848+0300][69.539s][info][gc,metaspace] GC(198) Metaspace: 3784K(3968K)->3784K(3968K) NonClass: 3366K(3456K)->3366K(3456K) Class: 418K(512K)->418K(512K)
[2025-10-14T10:56:41.848+0300][69.540s][info][gc          ] GC(198) Pause Young (Normal) (G1 Evacuation Pause) 7249M->2949M(7960M) 7.485ms
[2025-10-14T10:56:41.848+0300][69.540s][info][gc,cpu      ] GC(198) User=0.05s Sys=0.00s Real=0.00s
[2025-10-14T10:56:42.190+0300][69.881s][info][gc,start    ] GC(199) Pause Young (Normal) (G1 Evacuation Pause)
[2025-10-14T10:56:42.190+0300][69.881s][info][gc,task     ] GC(199) Using 9 workers of 9 for evacuation
[2025-10-14T10:56:42.198+0300][69.889s][info][gc,phases   ] GC(199)   Pre Evacuate Collection Set: 0.14ms
[2025-10-14T10:56:42.198+0300][69.889s][info][gc,phases   ] GC(199)   Merge Heap Roots: 0.15ms
[2025-10-14T10:56:42.198+0300][69.889s][info][gc,phases   ] GC(199)   Evacuate Collection Set: 7.19ms
[2025-10-14T10:56:42.198+0300][69.889s][info][gc,phases   ] GC(199)   Post Evacuate Collection Set: 0.45ms
[2025-10-14T10:56:42.198+0300][69.889s][info][gc,phases   ] GC(199)   Other: 0.09ms
[2025-10-14T10:56:42.198+0300][69.889s][info][gc,heap     ] GC(199) Eden regions: 1075->0(1075)
[2025-10-14T10:56:42.198+0300][69.889s][info][gc,heap     ] GC(199) Survivor regions: 79->79(145)
[2025-10-14T10:56:42.198+0300][69.889s][info][gc,heap     ] GC(199) Old regions: 661->661
[2025-10-14T10:56:42.198+0300][69.889s][info][gc,heap     ] GC(199) Humongous regions: 0->0
[2025-10-14T10:56:42.198+0300][69.889s][info][gc,metaspace] GC(199) Metaspace: 3784K(3968K)->3784K(3968K) NonClass: 3366K(3456K)->3366K(3456K) Class: 418K(512K)->418K(512K)
[2025-10-14T10:56:42.198+0300][69.889s][info][gc          ] GC(199) Pause Young (Normal) (G1 Evacuation Pause) 7249M->2949M(7960M) 8.325ms
[2025-10-14T10:56:42.198+0300][69.890s][info][gc,cpu      ] GC(199) User=0.05s Sys=0.01s Real=0.00s
[2025-10-14T10:56:42.496+0300][70.187s][info][gc,start    ] GC(200) Pause Young (Normal) (G1 Evacuation Pause)
[2025-10-14T10:56:42.496+0300][70.187s][info][gc,task     ] GC(200) Using 9 workers of 9 for evacuation
[2025-10-14T10:56:42.503+0300][70.195s][info][gc,phases   ] GC(200)   Pre Evacuate Collection Set: 0.15ms
[2025-10-14T10:56:42.503+0300][70.195s][info][gc,phases   ] GC(200)   Merge Heap Roots: 0.15ms
[2025-10-14T10:56:42.503+0300][70.195s][info][gc,phases   ] GC(200)   Evacuate Collection Set: 6.69ms
[2025-10-14T10:56:42.503+0300][70.195s][info][gc,phases   ] GC(200)   Post Evacuate Collection Set: 0.47ms
[2025-10-14T10:56:42.503+0300][70.195s][info][gc,phases   ] GC(200)   Other: 0.10ms
[2025-10-14T10:56:42.504+0300][70.195s][info][gc,heap     ] GC(200) Eden regions: 1075->0(1075)
[2025-10-14T10:56:42.504+0300][70.195s][info][gc,heap     ] GC(200) Survivor regions: 79->79(145)
[2025-10-14T10:56:42.504+0300][70.195s][info][gc,heap     ] GC(200) Old regions: 661->661
[2025-10-14T10:56:42.504+0300][70.195s][info][gc,heap     ] GC(200) Humongous regions: 0->0
[2025-10-14T10:56:42.504+0300][70.195s][info][gc,metaspace] GC(200) Metaspace: 3784K(3968K)->3784K(3968K) NonClass: 3366K(3456K)->3366K(3456K) Class: 418K(512K)->418K(512K)
[2025-10-14T10:56:42.504+0300][70.195s][info][gc          ] GC(200) Pause Young (Normal) (G1 Evacuation Pause) 7249M->2949M(7960M) 7.826ms
[2025-10-14T10:56:42.504+0300][70.195s][info][gc,cpu      ] GC(200) User=0.04s Sys=0.00s Real=0.01s
[2025-10-14T10:56:42.567+0300][70.258s][info][gc,exit     ] Heap
[2025-10-14T10:56:42.567+0300][70.258s][info][gc,exit     ]  garbage-first heap   total reserved 8388608K, committed 8151040K, used 3737376K [0x0000000600000000, 0x0000000800000000)
[2025-10-14T10:56:42.567+0300][70.258s][info][gc,exit     ]   region size 4096K, 254 young (1040384K), 79 survivors (323584K)
[2025-10-14T10:56:42.567+0300][70.258s][info][gc,exit     ]  Metaspace       used 3846K, committed 4032K, reserved 1114112K
[2025-10-14T10:56:42.567+0300][70.258s][info][gc,exit     ]   class space    used 429K, committed 512K, reserved 1048576K
