[2025-10-14T10:57:53.061+0300][0.008s][info][gc,init] CardTable entry size: 512
[2025-10-14T10:57:53.061+0300][0.008s][info][gc     ] Using Serial
[2025-10-14T10:57:53.061+0300][0.008s][info][gc,init] Version: 25+36-LTS (release)
[2025-10-14T10:57:53.061+0300][0.008s][info][gc,init] CPUs: 10 total, 10 available
[2025-10-14T10:57:53.061+0300][0.008s][info][gc,init] Memory: 32768M
[2025-10-14T10:57:53.061+0300][0.008s][info][gc,init] Large Page Support: Disabled
[2025-10-14T10:57:53.061+0300][0.008s][info][gc,init] NUMA Support: Disabled
[2025-10-14T10:57:53.061+0300][0.008s][info][gc,init] Compressed Oops: Enabled (Zero based)
[2025-10-14T10:57:53.061+0300][0.008s][info][gc,init] Heap Min Capacity: 8M
[2025-10-14T10:57:53.061+0300][0.008s][info][gc,init] Heap Initial Capacity: 512M
[2025-10-14T10:57:53.061+0300][0.008s][info][gc,init] Heap Max Capacity: 8G
[2025-10-14T10:57:53.062+0300][0.008s][info][gc,init] Pre-touch: Disabled
[2025-10-14T10:57:53.065+0300][0.011s][info][gc,metaspace] CDS archive(s) mapped at: [0x000007f000000000-0x000007f000d94000-0x000007f000d94000), size 14237696, SharedBaseAddress: 0x000007f000000000, ArchiveRelocationMode: 1.
[2025-10-14T10:57:53.065+0300][0.011s][info][gc,metaspace] Compressed class space mapped at: 0x000007f001000000-0x000007f041000000, reserved size: 1073741824
[2025-10-14T10:57:53.065+0300][0.011s][info][gc,metaspace] UseCompressedClassPointers 1, UseCompactObjectHeaders 0
[2025-10-14T10:57:53.065+0300][0.011s][info][gc,metaspace] Narrow klass pointer bits 32, Max shift 3
[2025-10-14T10:57:53.065+0300][0.011s][info][gc,metaspace] Narrow klass base: 0x000007f000000000, Narrow klass shift: 0
[2025-10-14T10:57:53.065+0300][0.011s][info][gc,metaspace] Encoding Range: [0x000007f000000000 - 0x000007f100000000), (4294967296 bytes)
[2025-10-14T10:57:53.065+0300][0.011s][info][gc,metaspace] Klass Range:    [0x000007f000004000 - 0x000007f041000000), (1090502656 bytes)
[2025-10-14T10:57:53.065+0300][0.011s][info][gc,metaspace] Klass ID Range:  [16384 - 1090519033) (1090502649)
[2025-10-14T10:57:53.065+0300][0.011s][info][gc,metaspace] Protection zone: [0x000007f000000000 - 0x000007f000004000), (16384 bytes)
[2025-10-14T10:57:53.245+0300][0.192s][info][gc,start    ] GC(0) Pause Young (Allocation Failure)
[2025-10-14T10:57:53.261+0300][0.207s][info][gc,heap     ] GC(0) DefNew: 139776K(157248K)->17471K(157248K) Eden: 139776K(139776K)->0K(139776K) From: 0K(17472K)->17471K(17472K)
[2025-10-14T10:57:53.261+0300][0.208s][info][gc,heap     ] GC(0) Tenured: 1150K(349568K)->80127K(349568K)
[2025-10-14T10:57:53.261+0300][0.208s][info][gc,metaspace] GC(0) Metaspace: 3766K(3968K)->3766K(3968K) NonClass: 3352K(3456K)->3352K(3456K) Class: 413K(512K)->413K(512K)
[2025-10-14T10:57:53.261+0300][0.208s][info][gc          ] GC(0) Pause Young (Allocation Failure) 137M->95M(494M) 15.609ms
[2025-10-14T10:57:53.261+0300][0.208s][info][gc,cpu      ] GC(0) User=0.01s Sys=0.01s Real=0.02s
[2025-10-14T10:57:53.264+0300][0.211s][info][gc,start    ] GC(1) Pause Young (Allocation Failure)
[2025-10-14T10:57:53.282+0300][0.228s][info][gc,heap     ] GC(1) DefNew: 157247K(157248K)->17453K(157248K) Eden: 139776K(139776K)->0K(139776K) From: 17471K(17472K)->17453K(17472K)
[2025-10-14T10:57:53.282+0300][0.228s][info][gc,heap     ] GC(1) Tenured: 80127K(349568K)->185914K(349568K)
[2025-10-14T10:57:53.282+0300][0.228s][info][gc,metaspace] GC(1) Metaspace: 3766K(3968K)->3766K(3968K) NonClass: 3352K(3456K)->3352K(3456K) Class: 413K(512K)->413K(512K)
[2025-10-14T10:57:53.282+0300][0.229s][info][gc          ] GC(1) Pause Young (Allocation Failure) 231M->198M(494M) 17.780ms
[2025-10-14T10:57:53.282+0300][0.229s][info][gc,cpu      ] GC(1) User=0.01s Sys=0.01s Real=0.02s
[2025-10-14T10:57:53.285+0300][0.231s][info][gc,start    ] GC(2) Pause Young (Allocation Failure)
[2025-10-14T10:57:53.301+0300][0.247s][info][gc,heap     ] GC(2) DefNew: 157229K(157248K)->17471K(157248K) Eden: 139776K(139776K)->0K(139776K) From: 17453K(17472K)->17471K(17472K)
[2025-10-14T10:57:53.301+0300][0.247s][info][gc,heap     ] GC(2) Tenured: 185914K(349568K)->293647K(349568K)
[2025-10-14T10:57:53.301+0300][0.247s][info][gc,metaspace] GC(2) Metaspace: 3766K(3968K)->3766K(3968K) NonClass: 3353K(3456K)->3353K(3456K) Class: 413K(512K)->413K(512K)
[2025-10-14T10:57:53.301+0300][0.247s][info][gc          ] GC(2) Pause Young (Allocation Failure) 335M->303M(494M) 16.255ms
[2025-10-14T10:57:53.301+0300][0.248s][info][gc,cpu      ] GC(2) User=0.01s Sys=0.01s Real=0.02s
[2025-10-14T10:57:53.312+0300][0.258s][info][gc,start    ] GC(3) Pause Young (Allocation Failure)
[2025-10-14T10:57:53.327+0300][0.273s][info][gc,heap     ] GC(3) DefNew: 157247K(157248K)->17448K(157248K) Eden: 139776K(139776K)->0K(139776K) From: 17471K(17472K)->17448K(17472K)
[2025-10-14T10:57:53.327+0300][0.273s][info][gc,heap     ] GC(3) Tenured: 293647K(349568K)->400538K(400640K)
[2025-10-14T10:57:53.327+0300][0.273s][info][gc,metaspace] GC(3) Metaspace: 3767K(3968K)->3767K(3968K) NonClass: 3354K(3456K)->3354K(3456K) Class: 413K(512K)->413K(512K)
[2025-10-14T10:57:53.327+0300][0.273s][info][gc          ] GC(3) Pause Young (Allocation Failure) 440M->408M(544M) 14.859ms
[2025-10-14T10:57:53.327+0300][0.273s][info][gc,cpu      ] GC(3) User=0.01s Sys=0.01s Real=0.01s
[2025-10-14T10:57:53.335+0300][0.282s][info][gc,start    ] GC(4) Pause Young (Allocation Failure)
[2025-10-14T10:57:53.350+0300][0.297s][info][gc,heap     ] GC(4) DefNew: 157224K(157248K)->17448K(157248K) Eden: 139776K(139776K)->0K(139776K) From: 17448K(17472K)->17448K(17472K)
[2025-10-14T10:57:53.350+0300][0.297s][info][gc,heap     ] GC(4) Tenured: 400538K(400640K)->508078K(508160K)
[2025-10-14T10:57:53.350+0300][0.297s][info][gc,metaspace] GC(4) Metaspace: 3767K(3968K)->3767K(3968K) NonClass: 3354K(3456K)->3354K(3456K) Class: 413K(512K)->413K(512K)
[2025-10-14T10:57:53.350+0300][0.297s][info][gc          ] GC(4) Pause Young (Allocation Failure) 544M->513M(649M) 15.024ms
[2025-10-14T10:57:53.350+0300][0.297s][info][gc,cpu      ] GC(4) User=0.01s Sys=0.01s Real=0.02s
[2025-10-14T10:57:53.358+0300][0.305s][info][gc,start    ] GC(5) Pause Young (Allocation Failure)
[2025-10-14T10:57:53.372+0300][0.319s][info][gc,heap     ] GC(5) DefNew: 157224K(157248K)->17448K(157248K) Eden: 139776K(139776K)->0K(139776K) From: 17448K(17472K)->17448K(17472K)
[2025-10-14T10:57:53.373+0300][0.319s][info][gc,heap     ] GC(5) Tenured: 508078K(508160K)->614786K(614912K)
[2025-10-14T10:57:53.373+0300][0.319s][info][gc,metaspace] GC(5) Metaspace: 3767K(3968K)->3767K(3968K) NonClass: 3354K(3456K)->3354K(3456K) Class: 413K(512K)->413K(512K)
[2025-10-14T10:57:53.373+0300][0.319s][info][gc          ] GC(5) Pause Young (Allocation Failure) 649M->617M(754M) 14.504ms
[2025-10-14T10:57:53.373+0300][0.319s][info][gc,cpu      ] GC(5) User=0.01s Sys=0.01s Real=0.02s
[2025-10-14T10:57:53.381+0300][0.327s][info][gc,start    ] GC(6) Pause Young (Allocation Failure)
[2025-10-14T10:57:53.395+0300][0.341s][info][gc,heap     ] GC(6) DefNew: 157224K(157248K)->17448K(157248K) Eden: 139776K(139776K)->0K(139776K) From: 17448K(17472K)->17448K(17472K)
[2025-10-14T10:57:53.395+0300][0.341s][info][gc,heap     ] GC(6) Tenured: 614786K(614912K)->721430K(721472K)
[2025-10-14T10:57:53.395+0300][0.341s][info][gc,metaspace] GC(6) Metaspace: 3767K(3968K)->3767K(3968K) NonClass: 3354K(3456K)->3354K(3456K) Class: 413K(512K)->413K(512K)
[2025-10-14T10:57:53.395+0300][0.341s][info][gc          ] GC(6) Pause Young (Allocation Failure) 753M->721M(858M) 14.141ms
[2025-10-14T10:57:53.395+0300][0.341s][info][gc,cpu      ] GC(6) User=0.01s Sys=0.01s Real=0.01s
[2025-10-14T10:57:53.403+0300][0.349s][info][gc,start    ] GC(7) Pause Young (Allocation Failure)
[2025-10-14T10:57:53.417+0300][0.364s][info][gc,heap     ] GC(7) DefNew: 157224K(157248K)->17448K(157248K) Eden: 139776K(139776K)->0K(139776K) From: 17448K(17472K)->17448K(17472K)
[2025-10-14T10:57:53.417+0300][0.364s][info][gc,heap     ] GC(7) Tenured: 721430K(721472K)->829387K(829568K)
[2025-10-14T10:57:53.417+0300][0.364s][info][gc,metaspace] GC(7) Metaspace: 3767K(3968K)->3767K(3968K) NonClass: 3354K(3456K)->3354K(3456K) Class: 413K(512K)->413K(512K)
[2025-10-14T10:57:53.417+0300][0.364s][info][gc          ] GC(7) Pause Young (Allocation Failure) 858M->826M(963M) 14.563ms
[2025-10-14T10:57:53.417+0300][0.364s][info][gc,cpu      ] GC(7) User=0.00s Sys=0.01s Real=0.01s
[2025-10-14T10:57:53.425+0300][0.372s][info][gc,start    ] GC(8) Pause Young (Allocation Failure)
[2025-10-14T10:57:53.440+0300][0.387s][info][gc,heap     ] GC(8) DefNew: 157224K(157248K)->17448K(157248K) Eden: 139776K(139776K)->0K(139776K) From: 17448K(17472K)->17448K(17472K)
[2025-10-14T10:57:53.440+0300][0.387s][info][gc,heap     ] GC(8) Tenured: 829387K(829568K)->937600K(937664K)
[2025-10-14T10:57:53.440+0300][0.387s][info][gc,metaspace] GC(8) Metaspace: 3767K(3968K)->3767K(3968K) NonClass: 3354K(3456K)->3354K(3456K) Class: 413K(512K)->413K(512K)
[2025-10-14T10:57:53.440+0300][0.387s][info][gc          ] GC(8) Pause Young (Allocation Failure) 963M->932M(1069M) 14.793ms
[2025-10-14T10:57:53.440+0300][0.387s][info][gc,cpu      ] GC(8) User=0.01s Sys=0.00s Real=0.02s
[2025-10-14T10:57:53.448+0300][0.395s][info][gc,start    ] GC(9) Pause Young (Allocation Failure)
[2025-10-14T10:57:53.463+0300][0.409s][info][gc,heap     ] GC(9) DefNew: 157224K(157248K)->17448K(157248K) Eden: 139776K(139776K)->0K(139776K) From: 17448K(17472K)->17448K(17472K)
[2025-10-14T10:57:53.463+0300][0.409s][info][gc,heap     ] GC(9) Tenured: 937600K(937664K)->1045172K(1045184K)
[2025-10-14T10:57:53.463+0300][0.409s][info][gc,metaspace] GC(9) Metaspace: 3767K(3968K)->3767K(3968K) NonClass: 3354K(3456K)->3354K(3456K) Class: 413K(512K)->413K(512K)
[2025-10-14T10:57:53.463+0300][0.409s][info][gc          ] GC(9) Pause Young (Allocation Failure) 1069M->1037M(1174M) 14.506ms
[2025-10-14T10:57:53.463+0300][0.409s][info][gc,cpu      ] GC(9) User=0.01s Sys=0.00s Real=0.02s
[2025-10-14T10:57:53.471+0300][0.417s][info][gc,start    ] GC(10) Pause Young (Allocation Failure)
[2025-10-14T10:57:53.485+0300][0.431s][info][gc,heap     ] GC(10) DefNew: 157224K(157248K)->17448K(157248K) Eden: 139776K(139776K)->0K(139776K) From: 17448K(17472K)->17448K(17472K)
[2025-10-14T10:57:53.485+0300][0.431s][info][gc,heap     ] GC(10) Tenured: 1045172K(1045184K)->1152521K(1152704K)
[2025-10-14T10:57:53.485+0300][0.431s][info][gc,metaspace] GC(10) Metaspace: 3767K(3968K)->3767K(3968K) NonClass: 3354K(3456K)->3354K(3456K) Class: 413K(512K)->413K(512K)
[2025-10-14T10:57:53.485+0300][0.431s][info][gc          ] GC(10) Pause Young (Allocation Failure) 1174M->1142M(1279M) 14.363ms
[2025-10-14T10:57:53.485+0300][0.432s][info][gc,cpu      ] GC(10) User=0.00s Sys=0.01s Real=0.01s
[2025-10-14T10:57:53.493+0300][0.439s][info][gc,start    ] GC(11) Pause Young (Allocation Failure)
[2025-10-14T10:57:53.507+0300][0.454s][info][gc,heap     ] GC(11) DefNew: 157224K(157248K)->17448K(157248K) Eden: 139776K(139776K)->0K(139776K) From: 17448K(17472K)->17448K(17472K)
[2025-10-14T10:57:53.507+0300][0.454s][info][gc,heap     ] GC(11) Tenured: 1152521K(1152704K)->1260029K(1260032K)
[2025-10-14T10:57:53.507+0300][0.454s][info][gc,metaspace] GC(11) Metaspace: 3767K(3968K)->3767K(3968K) NonClass: 3354K(3456K)->3354K(3456K) Class: 413K(512K)->413K(512K)
[2025-10-14T10:57:53.507+0300][0.454s][info][gc          ] GC(11) Pause Young (Allocation Failure) 1279M->1247M(1384M) 14.411ms
[2025-10-14T10:57:53.507+0300][0.454s][info][gc,cpu      ] GC(11) User=0.01s Sys=0.01s Real=0.01s
[2025-10-14T10:57:53.515+0300][0.462s][info][gc,start    ] GC(12) Pause Young (Allocation Failure)
[2025-10-14T10:57:53.530+0300][0.477s][info][gc,heap     ] GC(12) DefNew: 157224K(157248K)->17448K(157248K) Eden: 139776K(139776K)->0K(139776K) From: 17448K(17472K)->17448K(17472K)
[2025-10-14T10:57:53.530+0300][0.477s][info][gc,heap     ] GC(12) Tenured: 1260029K(1260032K)->1367602K(1367744K)
[2025-10-14T10:57:53.530+0300][0.477s][info][gc,metaspace] GC(12) Metaspace: 3767K(3968K)->3767K(3968K) NonClass: 3354K(3456K)->3354K(3456K) Class: 413K(512K)->413K(512K)
[2025-10-14T10:57:53.530+0300][0.477s][info][gc          ] GC(12) Pause Young (Allocation Failure) 1384M->1352M(1489M) 15.296ms
[2025-10-14T10:57:53.530+0300][0.477s][info][gc,cpu      ] GC(12) User=0.01s Sys=0.01s Real=0.02s
[2025-10-14T10:57:53.538+0300][0.485s][info][gc,start    ] GC(13) Pause Young (Allocation Failure)
[2025-10-14T10:57:53.553+0300][0.500s][info][gc,heap     ] GC(13) DefNew: 157224K(157248K)->17448K(157248K) Eden: 139776K(139776K)->0K(139776K) From: 17448K(17472K)->17448K(17472K)
[2025-10-14T10:57:53.554+0300][0.500s][info][gc,heap     ] GC(13) Tenured: 1367602K(1367744K)->1475558K(1475648K)
[2025-10-14T10:57:53.554+0300][0.500s][info][gc,metaspace] GC(13) Metaspace: 3767K(3968K)->3767K(3968K) NonClass: 3354K(3456K)->3354K(3456K) Class: 413K(512K)->413K(512K)
[2025-10-14T10:57:53.554+0300][0.500s][info][gc          ] GC(13) Pause Young (Allocation Failure) 1489M->1458M(1594M) 15.351ms
[2025-10-14T10:57:53.554+0300][0.500s][info][gc,cpu      ] GC(13) User=0.00s Sys=0.01s Real=0.02s
[2025-10-14T10:57:53.561+0300][0.508s][info][gc,start    ] GC(14) Pause Young (Allocation Failure)
[2025-10-14T10:57:53.576+0300][0.523s][info][gc,heap     ] GC(14) DefNew: 157224K(157248K)->17448K(157248K) Eden: 139776K(139776K)->0K(139776K) From: 17448K(17472K)->17448K(17472K)
[2025-10-14T10:57:53.576+0300][0.523s][info][gc,heap     ] GC(14) Tenured: 1475558K(1475648K)->1582651K(1582784K)
[2025-10-14T10:57:53.576+0300][0.523s][info][gc,metaspace] GC(14) Metaspace: 3767K(3968K)->3767K(3968K) NonClass: 3354K(3456K)->3354K(3456K) Class: 413K(512K)->413K(512K)
[2025-10-14T10:57:53.576+0300][0.523s][info][gc          ] GC(14) Pause Young (Allocation Failure) 1594M->1562M(1699M) 14.893ms
[2025-10-14T10:57:53.576+0300][0.523s][info][gc,cpu      ] GC(14) User=0.01s Sys=0.01s Real=0.01s
[2025-10-14T10:57:53.584+0300][0.531s][info][gc,start    ] GC(15) Pause Young (Allocation Failure)
[2025-10-14T10:57:53.598+0300][0.545s][info][gc,heap     ] GC(15) DefNew: 157224K(157248K)->17448K(157248K) Eden: 139776K(139776K)->0K(139776K) From: 17448K(17472K)->17448K(17472K)
[2025-10-14T10:57:53.598+0300][0.545s][info][gc,heap     ] GC(15) Tenured: 1582651K(1582784K)->1690479K(1690496K)
[2025-10-14T10:57:53.598+0300][0.545s][info][gc,metaspace] GC(15) Metaspace: 3767K(3968K)->3767K(3968K) NonClass: 3354K(3456K)->3354K(3456K) Class: 413K(512K)->413K(512K)
[2025-10-14T10:57:53.598+0300][0.545s][info][gc          ] GC(15) Pause Young (Allocation Failure) 1699M->1667M(1804M) 14.241ms
[2025-10-14T10:57:53.598+0300][0.545s][info][gc,cpu      ] GC(15) User=0.01s Sys=0.00s Real=0.01s
[2025-10-14T10:57:53.606+0300][0.553s][info][gc,start    ] GC(16) Pause Young (Allocation Failure)
[2025-10-14T10:57:53.620+0300][0.567s][info][gc,heap     ] GC(16) DefNew: 157224K(157248K)->17448K(157248K) Eden: 139776K(139776K)->0K(139776K) From: 17448K(17472K)->17448K(17472K)
[2025-10-14T10:57:53.620+0300][0.567s][info][gc,heap     ] GC(16) Tenured: 1690479K(1690496K)->1797572K(1797632K)
[2025-10-14T10:57:53.620+0300][0.567s][info][gc,metaspace] GC(16) Metaspace: 3767K(3968K)->3767K(3968K) NonClass: 3354K(3456K)->3354K(3456K) Class: 413K(512K)->413K(512K)
[2025-10-14T10:57:53.620+0300][0.567s][info][gc          ] GC(16) Pause Young (Allocation Failure) 1804M->1772M(1909M) 14.374ms
[2025-10-14T10:57:53.620+0300][0.567s][info][gc,cpu      ] GC(16) User=0.00s Sys=0.01s Real=0.02s
[2025-10-14T10:57:53.628+0300][0.575s][info][gc,start    ] GC(17) Pause Young (Allocation Failure)
[2025-10-14T10:57:53.643+0300][0.589s][info][gc,heap     ] GC(17) DefNew: 157224K(157248K)->17448K(157248K) Eden: 139776K(139776K)->0K(139776K) From: 17448K(17472K)->17448K(17472K)
[2025-10-14T10:57:53.643+0300][0.589s][info][gc,heap     ] GC(17) Tenured: 1797572K(1797632K)->1905080K(1905152K)
[2025-10-14T10:57:53.643+0300][0.589s][info][gc,metaspace] GC(17) Metaspace: 3767K(3968K)->3767K(3968K) NonClass: 3354K(3456K)->3354K(3456K) Class: 413K(512K)->413K(512K)
[2025-10-14T10:57:53.643+0300][0.589s][info][gc          ] GC(17) Pause Young (Allocation Failure) 1908M->1877M(2014M) 14.426ms
[2025-10-14T10:57:53.643+0300][0.589s][info][gc,cpu      ] GC(17) User=0.00s Sys=0.01s Real=0.02s
[2025-10-14T10:57:53.651+0300][0.597s][info][gc,start    ] GC(18) Pause Young (Allocation Failure)
[2025-10-14T10:57:53.665+0300][0.611s][info][gc,heap     ] GC(18) DefNew: 157224K(157248K)->17448K(157248K) Eden: 139776K(139776K)->0K(139776K) From: 17448K(17472K)->17448K(17472K)
[2025-10-14T10:57:53.665+0300][0.612s][info][gc,heap     ] GC(18) Tenured: 1905080K(1905152K)->2012941K(2013056K)
[2025-10-14T10:57:53.665+0300][0.612s][info][gc,metaspace] GC(18) Metaspace: 3767K(3968K)->3767K(3968K) NonClass: 3354K(3456K)->3354K(3456K) Class: 413K(512K)->413K(512K)
[2025-10-14T10:57:53.665+0300][0.612s][info][gc          ] GC(18) Pause Young (Allocation Failure) 2013M->1982M(2119M) 14.445ms
[2025-10-14T10:57:53.665+0300][0.612s][info][gc,cpu      ] GC(18) User=0.01s Sys=0.01s Real=0.01s
[2025-10-14T10:57:53.673+0300][0.619s][info][gc,start    ] GC(19) Pause Young (Allocation Failure)
[2025-10-14T10:57:53.688+0300][0.635s][info][gc,heap     ] GC(19) DefNew: 157224K(157248K)->17448K(157248K) Eden: 139776K(139776K)->0K(139776K) From: 17448K(17472K)->17448K(17472K)
[2025-10-14T10:57:53.688+0300][0.635s][info][gc,heap     ] GC(19) Tenured: 2012941K(2013056K)->2120417K(2120576K)
[2025-10-14T10:57:53.688+0300][0.635s][info][gc,metaspace] GC(19) Metaspace: 3767K(3968K)->3767K(3968K) NonClass: 3354K(3456K)->3354K(3456K) Class: 413K(512K)->413K(512K)
[2025-10-14T10:57:53.688+0300][0.635s][info][gc          ] GC(19) Pause Young (Allocation Failure) 2119M->2087M(2224M) 15.325ms
[2025-10-14T10:57:53.688+0300][0.635s][info][gc,cpu      ] GC(19) User=0.01s Sys=0.01s Real=0.01s
[2025-10-14T10:57:53.696+0300][0.643s][info][gc,start    ] GC(20) Pause Young (Allocation Failure)
[2025-10-14T10:57:53.711+0300][0.657s][info][gc,heap     ] GC(20) DefNew: 157224K(157248K)->17448K(157248K) Eden: 139776K(139776K)->0K(139776K) From: 17448K(17472K)->17448K(17472K)
[2025-10-14T10:57:53.711+0300][0.657s][info][gc,heap     ] GC(20) Tenured: 2120417K(2120576K)->2228694K(2228864K)
[2025-10-14T10:57:53.711+0300][0.657s][info][gc,metaspace] GC(20) Metaspace: 3767K(3968K)->3767K(3968K) NonClass: 3354K(3456K)->3354K(3456K) Class: 413K(512K)->413K(512K)
[2025-10-14T10:57:53.711+0300][0.657s][info][gc          ] GC(20) Pause Young (Allocation Failure) 2224M->2193M(2330M) 14.770ms
[2025-10-14T10:57:53.711+0300][0.658s][info][gc,cpu      ] GC(20) User=0.01s Sys=0.01s Real=0.02s
[2025-10-14T10:57:53.719+0300][0.665s][info][gc,start    ] GC(21) Pause Young (Allocation Failure)
[2025-10-14T10:57:53.733+0300][0.680s][info][gc,heap     ] GC(21) DefNew: 157224K(157248K)->17448K(157248K) Eden: 139776K(139776K)->0K(139776K) From: 17448K(17472K)->17448K(17472K)
[2025-10-14T10:57:53.733+0300][0.680s][info][gc,heap     ] GC(21) Tenured: 2228694K(2228864K)->2336971K(2337152K)
[2025-10-14T10:57:53.733+0300][0.680s][info][gc,metaspace] GC(21) Metaspace: 3767K(3968K)->3767K(3968K) NonClass: 3354K(3456K)->3354K(3456K) Class: 413K(512K)->413K(512K)
[2025-10-14T10:57:53.733+0300][0.680s][info][gc          ] GC(21) Pause Young (Allocation Failure) 2329M->2299M(2435M) 14.639ms
[2025-10-14T10:57:53.733+0300][0.680s][info][gc,cpu      ] GC(21) User=0.01s Sys=0.00s Real=0.02s
[2025-10-14T10:57:53.741+0300][0.688s][info][gc,start    ] GC(22) Pause Young (Allocation Failure)
[2025-10-14T10:57:53.756+0300][0.702s][info][gc,heap     ] GC(22) DefNew: 157224K(157248K)->17448K(157248K) Eden: 139776K(139776K)->0K(139776K) From: 17448K(17472K)->17448K(17472K)
[2025-10-14T10:57:53.756+0300][0.702s][info][gc,heap     ] GC(22) Tenured: 2336971K(2337152K)->2445280K(2445440K)
[2025-10-14T10:57:53.756+0300][0.702s][info][gc,metaspace] GC(22) Metaspace: 3767K(3968K)->3767K(3968K) NonClass: 3354K(3456K)->3354K(3456K) Class: 413K(512K)->413K(512K)
[2025-10-14T10:57:53.756+0300][0.702s][info][gc          ] GC(22) Pause Young (Allocation Failure) 2435M->2405M(2541M) 14.421ms
[2025-10-14T10:57:53.756+0300][0.702s][info][gc,cpu      ] GC(22) User=0.01s Sys=0.01s Real=0.01s
[2025-10-14T10:57:53.764+0300][0.710s][info][gc,start    ] GC(23) Pause Young (Allocation Failure)
[2025-10-14T10:57:53.778+0300][0.725s][info][gc,heap     ] GC(23) DefNew: 157216K(157248K)->17448K(157248K) Eden: 139768K(139776K)->0K(139776K) From: 17448K(17472K)->17448K(17472K)
[2025-10-14T10:57:53.779+0300][0.725s][info][gc,heap     ] GC(23) Tenured: 2445280K(2445440K)->2553012K(2553152K)
[2025-10-14T10:57:53.779+0300][0.725s][info][gc,metaspace] GC(23) Metaspace: 3767K(3968K)->3767K(3968K) NonClass: 3354K(3456K)->3354K(3456K) Class: 413K(512K)->413K(512K)
[2025-10-14T10:57:53.779+0300][0.725s][info][gc          ] GC(23) Pause Young (Allocation Failure) 2541M->2510M(2646M) 14.889ms
[2025-10-14T10:57:53.779+0300][0.725s][info][gc,cpu      ] GC(23) User=0.00s Sys=0.01s Real=0.01s
[2025-10-14T10:57:53.786+0300][0.733s][info][gc,start    ] GC(24) Pause Young (Allocation Failure)
[2025-10-14T10:57:53.805+0300][0.751s][info][gc,heap     ] GC(24) DefNew: 157224K(157248K)->17448K(157248K) Eden: 139776K(139776K)->0K(139776K) From: 17448K(17472K)->17448K(17472K)
[2025-10-14T10:57:53.805+0300][0.751s][info][gc,heap     ] GC(24) Tenured: 2553012K(2553152K)->2660649K(2660672K)
[2025-10-14T10:57:53.805+0300][0.751s][info][gc,metaspace] GC(24) Metaspace: 3767K(3968K)->3767K(3968K) NonClass: 3354K(3456K)->3354K(3456K) Class: 413K(512K)->413K(512K)
[2025-10-14T10:57:53.805+0300][0.751s][info][gc          ] GC(24) Pause Young (Allocation Failure) 2646M->2615M(2751M) 18.378ms
[2025-10-14T10:57:53.805+0300][0.751s][info][gc,cpu      ] GC(24) User=0.01s Sys=0.01s Real=0.02s
[2025-10-14T10:57:53.813+0300][0.760s][info][gc,start    ] GC(25) Pause Young (Allocation Failure)
[2025-10-14T10:57:53.829+0300][0.776s][info][gc,heap     ] GC(25) DefNew: 157224K(157248K)->17448K(157248K) Eden: 139776K(139776K)->0K(139776K) From: 17448K(17472K)->17448K(17472K)
[2025-10-14T10:57:53.829+0300][0.776s][info][gc,heap     ] GC(25) Tenured: 2660649K(2660672K)->2767997K(2768000K)
[2025-10-14T10:57:53.829+0300][0.776s][info][gc,metaspace] GC(25) Metaspace: 3767K(3968K)->3767K(3968K) NonClass: 3354K(3456K)->3354K(3456K) Class: 413K(512K)->413K(512K)
[2025-10-14T10:57:53.829+0300][0.776s][info][gc          ] GC(25) Pause Young (Allocation Failure) 2751M->2720M(2856M) 16.392ms
[2025-10-14T10:57:53.829+0300][0.776s][info][gc,cpu      ] GC(25) User=0.00s Sys=0.01s Real=0.01s
[2025-10-14T10:57:53.837+0300][0.784s][info][gc,start    ] GC(26) Pause Young (Allocation Failure)
[2025-10-14T10:57:53.857+0300][0.803s][info][gc,heap     ] GC(26) DefNew: 157224K(157248K)->17448K(157248K) Eden: 139776K(139776K)->0K(139776K) From: 17448K(17472K)->17448K(17472K)
[2025-10-14T10:57:53.857+0300][0.803s][info][gc,heap     ] GC(26) Tenured: 2767997K(2768000K)->2876082K(2876096K)
[2025-10-14T10:57:53.857+0300][0.803s][info][gc,metaspace] GC(26) Metaspace: 3767K(3968K)->3767K(3968K) NonClass: 3354K(3456K)->3354K(3456K) Class: 413K(512K)->413K(512K)
[2025-10-14T10:57:53.857+0300][0.803s][info][gc          ] GC(26) Pause Young (Allocation Failure) 2856M->2825M(2962M) 19.511ms
[2025-10-14T10:57:53.857+0300][0.804s][info][gc,cpu      ] GC(26) User=0.01s Sys=0.02s Real=0.02s
[2025-10-14T10:57:53.865+0300][0.811s][info][gc,start    ] GC(27) Pause Young (Allocation Failure)
[2025-10-14T10:57:53.895+0300][0.841s][info][gc,heap     ] GC(27) DefNew: 157224K(157248K)->17448K(157248K) Eden: 139776K(139776K)->0K(139776K) From: 17448K(17472K)->17448K(17472K)
[2025-10-14T10:57:53.895+0300][0.841s][info][gc,heap     ] GC(27) Tenured: 2876082K(2876096K)->2983334K(2983424K)
[2025-10-14T10:57:53.895+0300][0.841s][info][gc,metaspace] GC(27) Metaspace: 3767K(3968K)->3767K(3968K) NonClass: 3354K(3456K)->3354K(3456K) Class: 413K(512K)->413K(512K)
[2025-10-14T10:57:53.895+0300][0.841s][info][gc          ] GC(27) Pause Young (Allocation Failure) 2962M->2930M(3067M) 30.099ms
[2025-10-14T10:57:53.895+0300][0.841s][info][gc,cpu      ] GC(27) User=0.00s Sys=0.01s Real=0.03s
[2025-10-14T10:57:53.903+0300][0.850s][info][gc,start    ] GC(28) Pause Young (Allocation Failure)
[2025-10-14T10:57:53.926+0300][0.873s][info][gc,heap     ] GC(28) DefNew: 157211K(157248K)->17448K(157248K) Eden: 139763K(139776K)->0K(139776K) From: 17448K(17472K)->17448K(17472K)
[2025-10-14T10:57:53.927+0300][0.873s][info][gc,heap     ] GC(28) Tenured: 2983334K(2983424K)->3090106K(3090176K)
[2025-10-14T10:57:53.927+0300][0.873s][info][gc,metaspace] GC(28) Metaspace: 3767K(3968K)->3767K(3968K) NonClass: 3354K(3456K)->3354K(3456K) Class: 413K(512K)->413K(512K)
[2025-10-14T10:57:53.927+0300][0.873s][info][gc          ] GC(28) Pause Young (Allocation Failure) 3066M->3034M(3171M) 23.208ms
[2025-10-14T10:57:53.927+0300][0.873s][info][gc,cpu      ] GC(28) User=0.01s Sys=0.01s Real=0.02s
[2025-10-14T10:57:53.935+0300][0.882s][info][gc,start    ] GC(29) Pause Young (Allocation Failure)
[2025-10-14T10:57:53.957+0300][0.904s][info][gc,heap     ] GC(29) DefNew: 157224K(157248K)->17448K(157248K) Eden: 139776K(139776K)->0K(139776K) From: 17448K(17472K)->17448K(17472K)
[2025-10-14T10:57:53.958+0300][0.904s][info][gc,heap     ] GC(29) Tenured: 3090106K(3090176K)->3198351K(3198464K)
[2025-10-14T10:57:53.958+0300][0.904s][info][gc,metaspace] GC(29) Metaspace: 3767K(3968K)->3767K(3968K) NonClass: 3354K(3456K)->3354K(3456K) Class: 413K(512K)->413K(512K)
[2025-10-14T10:57:53.958+0300][0.904s][info][gc          ] GC(29) Pause Young (Allocation Failure) 3171M->3140M(3277M) 22.570ms
[2025-10-14T10:57:53.958+0300][0.904s][info][gc,cpu      ] GC(29) User=0.01s Sys=0.02s Real=0.02s
[2025-10-14T10:57:53.966+0300][0.913s][info][gc,start    ] GC(30) Pause Young (Allocation Failure)
[2025-10-14T10:57:53.991+0300][0.937s][info][gc,heap     ] GC(30) DefNew: 157224K(157248K)->17448K(157248K) Eden: 139776K(139776K)->0K(139776K) From: 17448K(17472K)->17448K(17472K)
[2025-10-14T10:57:53.991+0300][0.937s][info][gc,heap     ] GC(30) Tenured: 3198351K(3198464K)->3305315K(3305408K)
[2025-10-14T10:57:53.991+0300][0.937s][info][gc,metaspace] GC(30) Metaspace: 3767K(3968K)->3767K(3968K) NonClass: 3354K(3456K)->3354K(3456K) Class: 413K(512K)->413K(512K)
[2025-10-14T10:57:53.991+0300][0.938s][info][gc          ] GC(30) Pause Young (Allocation Failure) 3276M->3244M(3381M) 24.580ms
[2025-10-14T10:57:53.991+0300][0.938s][info][gc,cpu      ] GC(30) User=0.01s Sys=0.01s Real=0.03s
[2025-10-14T10:57:53.999+0300][0.946s][info][gc,start    ] GC(31) Pause Young (Allocation Failure)
[2025-10-14T10:57:54.021+0300][0.968s][info][gc,heap     ] GC(31) DefNew: 157224K(157248K)->17448K(157248K) Eden: 139776K(139776K)->0K(139776K) From: 17448K(17472K)->17448K(17472K)
[2025-10-14T10:57:54.021+0300][0.968s][info][gc,heap     ] GC(31) Tenured: 3305315K(3305408K)->3412696K(3412736K)
[2025-10-14T10:57:54.021+0300][0.968s][info][gc,metaspace] GC(31) Metaspace: 3767K(3968K)->3767K(3968K) NonClass: 3354K(3456K)->3354K(3456K) Class: 413K(512K)->413K(512K)
[2025-10-14T10:57:54.021+0300][0.968s][info][gc          ] GC(31) Pause Young (Allocation Failure) 3381M->3349M(3486M) 21.833ms
[2025-10-14T10:57:54.021+0300][0.968s][info][gc,cpu      ] GC(31) User=0.01s Sys=0.01s Real=0.03s
[2025-10-14T10:57:54.030+0300][0.976s][info][gc,start    ] GC(32) Pause Young (Allocation Failure)
[2025-10-14T10:57:54.050+0300][0.997s][info][gc,heap     ] GC(32) DefNew: 157224K(157248K)->17448K(157248K) Eden: 139776K(139776K)->0K(139776K) From: 17448K(17472K)->17448K(17472K)
[2025-10-14T10:57:54.050+0300][0.997s][info][gc,heap     ] GC(32) Tenured: 3412696K(3412736K)->3519948K(3520064K)
[2025-10-14T10:57:54.050+0300][0.997s][info][gc,metaspace] GC(32) Metaspace: 3767K(3968K)->3767K(3968K) NonClass: 3354K(3456K)->3354K(3456K) Class: 413K(512K)->413K(512K)
[2025-10-14T10:57:54.050+0300][0.997s][info][gc          ] GC(32) Pause Young (Allocation Failure) 3486M->3454M(3591M) 20.582ms
[2025-10-14T10:57:54.050+0300][0.997s][info][gc,cpu      ] GC(32) User=0.01s Sys=0.02s Real=0.02s
[2025-10-14T10:57:54.059+0300][1.005s][info][gc,start    ] GC(33) Pause Young (Allocation Failure)
[2025-10-14T10:57:54.083+0300][1.029s][info][gc,heap     ] GC(33) DefNew: 157224K(157248K)->17448K(157248K) Eden: 139776K(139776K)->0K(139776K) From: 17448K(17472K)->17448K(17472K)
[2025-10-14T10:57:54.083+0300][1.029s][info][gc,heap     ] GC(33) Tenured: 3519948K(3520064K)->3627073K(3627200K)
[2025-10-14T10:57:54.083+0300][1.029s][info][gc,metaspace] GC(33) Metaspace: 3767K(3968K)->3767K(3968K) NonClass: 3354K(3456K)->3354K(3456K) Class: 413K(512K)->413K(512K)
[2025-10-14T10:57:54.083+0300][1.030s][info][gc          ] GC(33) Pause Young (Allocation Failure) 3590M->3559M(3695M) 24.131ms
[2025-10-14T10:57:54.083+0300][1.030s][info][gc,cpu      ] GC(33) User=0.01s Sys=0.01s Real=0.03s
[2025-10-14T10:57:54.091+0300][1.038s][info][gc,start    ] GC(34) Pause Young (Allocation Failure)
[2025-10-14T10:57:54.110+0300][1.057s][info][gc,heap     ] GC(34) DefNew: 157224K(157248K)->17448K(157248K) Eden: 139776K(139776K)->0K(139776K) From: 17448K(17472K)->17448K(17472K)
[2025-10-14T10:57:54.110+0300][1.057s][info][gc,heap     ] GC(34) Tenured: 3627073K(3627200K)->3734421K(3734528K)
[2025-10-14T10:57:54.110+0300][1.057s][info][gc,metaspace] GC(34) Metaspace: 3767K(3968K)->3767K(3968K) NonClass: 3354K(3456K)->3354K(3456K) Class: 413K(512K)->413K(512K)
[2025-10-14T10:57:54.110+0300][1.057s][info][gc          ] GC(34) Pause Young (Allocation Failure) 3695M->3663M(3800M) 19.244ms
[2025-10-14T10:57:54.110+0300][1.057s][info][gc,cpu      ] GC(34) User=0.00s Sys=0.01s Real=0.02s
[2025-10-14T10:57:54.119+0300][1.065s][info][gc,start    ] GC(35) Pause Young (Allocation Failure)
[2025-10-14T10:57:54.139+0300][1.085s][info][gc,heap     ] GC(35) DefNew: 157224K(157248K)->17448K(157248K) Eden: 139776K(139776K)->0K(139776K) From: 17448K(17472K)->17448K(17472K)
[2025-10-14T10:57:54.139+0300][1.085s][info][gc,heap     ] GC(35) Tenured: 3734421K(3734528K)->3842698K(3842816K)
[2025-10-14T10:57:54.139+0300][1.085s][info][gc,metaspace] GC(35) Metaspace: 3767K(3968K)->3767K(3968K) NonClass: 3354K(3456K)->3354K(3456K) Class: 413K(512K)->413K(512K)
[2025-10-14T10:57:54.139+0300][1.085s][info][gc          ] GC(35) Pause Young (Allocation Failure) 3800M->3769M(3906M) 20.231ms
[2025-10-14T10:57:54.139+0300][1.085s][info][gc,cpu      ] GC(35) User=0.01s Sys=0.01s Real=0.02s
[2025-10-14T10:57:54.147+0300][1.093s][info][gc,start    ] GC(36) Pause Young (Allocation Failure)
[2025-10-14T10:57:54.167+0300][1.114s][info][gc,heap     ] GC(36) DefNew: 157224K(157248K)->17448K(157248K) Eden: 139776K(139776K)->0K(139776K) From: 17448K(17472K)->17448K(17472K)
[2025-10-14T10:57:54.167+0300][1.114s][info][gc,heap     ] GC(36) Tenured: 3842698K(3842816K)->3950430K(3950528K)
[2025-10-14T10:57:54.167+0300][1.114s][info][gc,metaspace] GC(36) Metaspace: 3767K(3968K)->3767K(3968K) NonClass: 3354K(3456K)->3354K(3456K) Class: 413K(512K)->413K(512K)
[2025-10-14T10:57:54.167+0300][1.114s][info][gc          ] GC(36) Pause Young (Allocation Failure) 3906M->3874M(4011M) 20.599ms
[2025-10-14T10:57:54.167+0300][1.114s][info][gc,cpu      ] GC(36) User=0.01s Sys=0.02s Real=0.02s
[2025-10-14T10:57:54.176+0300][1.122s][info][gc,start    ] GC(37) Pause Young (Allocation Failure)
[2025-10-14T10:57:54.205+0300][1.151s][info][gc,heap     ] GC(37) DefNew: 157224K(157248K)->17448K(157248K) Eden: 139776K(139776K)->0K(139776K) From: 17448K(17472K)->17448K(17472K)
[2025-10-14T10:57:54.205+0300][1.151s][info][gc,heap     ] GC(37) Tenured: 3950430K(3950528K)->4058451K(4058624K)
[2025-10-14T10:57:54.205+0300][1.151s][info][gc,metaspace] GC(37) Metaspace: 3767K(3968K)->3767K(3968K) NonClass: 3354K(3456K)->3354K(3456K) Class: 413K(512K)->413K(512K)
[2025-10-14T10:57:54.205+0300][1.151s][info][gc          ] GC(37) Pause Young (Allocation Failure) 4011M->3980M(4117M) 28.873ms
[2025-10-14T10:57:54.205+0300][1.151s][info][gc,cpu      ] GC(37) User=0.01s Sys=0.01s Real=0.03s
[2025-10-14T10:57:54.213+0300][1.159s][info][gc,start    ] GC(38) Pause Young (Allocation Failure)
[2025-10-14T10:57:54.234+0300][1.181s][info][gc,heap     ] GC(38) DefNew: 157224K(157248K)->17448K(157248K) Eden: 139776K(139776K)->0K(139776K) From: 17448K(17472K)->17448K(17472K)
[2025-10-14T10:57:54.234+0300][1.181s][info][gc,heap     ] GC(38) Tenured: 4058451K(4058624K)->4166376K(4166528K)
[2025-10-14T10:57:54.234+0300][1.181s][info][gc,metaspace] GC(38) Metaspace: 3767K(3968K)->3767K(3968K) NonClass: 3354K(3456K)->3354K(3456K) Class: 413K(512K)->413K(512K)
[2025-10-14T10:57:54.234+0300][1.181s][info][gc          ] GC(38) Pause Young (Allocation Failure) 4116M->4085M(4222M) 21.617ms
[2025-10-14T10:57:54.234+0300][1.181s][info][gc,cpu      ] GC(38) User=0.01s Sys=0.01s Real=0.02s
[2025-10-14T10:57:54.242+0300][1.189s][info][gc,start    ] GC(39) Pause Young (Allocation Failure)
[2025-10-14T10:57:54.263+0300][1.210s][info][gc,heap     ] GC(39) DefNew: 157224K(157248K)->17448K(157248K) Eden: 139776K(139776K)->0K(139776K) From: 17448K(17472K)->17448K(17472K)
[2025-10-14T10:57:54.263+0300][1.210s][info][gc,heap     ] GC(39) Tenured: 4166376K(4166528K)->4273372K(4273472K)
[2025-10-14T10:57:54.263+0300][1.210s][info][gc,metaspace] GC(39) Metaspace: 3767K(3968K)->3767K(3968K) NonClass: 3354K(3456K)->3354K(3456K) Class: 413K(512K)->413K(512K)
[2025-10-14T10:57:54.263+0300][1.210s][info][gc          ] GC(39) Pause Young (Allocation Failure) 4222M->4190M(4326M) 21.195ms
[2025-10-14T10:57:54.263+0300][1.210s][info][gc,cpu      ] GC(39) User=0.01s Sys=0.02s Real=0.02s
[2025-10-14T10:57:54.271+0300][1.217s][info][gc,start    ] GC(40) Pause Young (Allocation Failure)
[2025-10-14T10:57:54.295+0300][1.241s][info][gc,heap     ] GC(40) DefNew: 157224K(157248K)->17448K(157248K) Eden: 139776K(139776K)->0K(139776K) From: 17448K(17472K)->17448K(17472K)
[2025-10-14T10:57:54.295+0300][1.241s][info][gc,heap     ] GC(40) Tenured: 4273372K(4273472K)->4380752K(4380800K)
[2025-10-14T10:57:54.295+0300][1.241s][info][gc,metaspace] GC(40) Metaspace: 3767K(3968K)->3767K(3968K) NonClass: 3354K(3456K)->3354K(3456K) Class: 413K(512K)->413K(512K)
[2025-10-14T10:57:54.295+0300][1.241s][info][gc          ] GC(40) Pause Young (Allocation Failure) 4326M->4295M(4431M) 23.843ms
[2025-10-14T10:57:54.295+0300][1.241s][info][gc,cpu      ] GC(40) User=0.01s Sys=0.01s Real=0.02s
[2025-10-14T10:57:54.302+0300][1.249s][info][gc,start    ] GC(41) Pause Young (Allocation Failure)
[2025-10-14T10:57:54.325+0300][1.271s][info][gc,heap     ] GC(41) DefNew: 157224K(157248K)->17448K(157248K) Eden: 139776K(139776K)->0K(139776K) From: 17448K(17472K)->17448K(17472K)
[2025-10-14T10:57:54.325+0300][1.271s][info][gc,heap     ] GC(41) Tenured: 4380752K(4380800K)->4488645K(4488704K)
[2025-10-14T10:57:54.325+0300][1.271s][info][gc,metaspace] GC(41) Metaspace: 3767K(3968K)->3767K(3968K) NonClass: 3354K(3456K)->3354K(3456K) Class: 413K(512K)->413K(512K)
[2025-10-14T10:57:54.325+0300][1.271s][info][gc          ] GC(41) Pause Young (Allocation Failure) 4431M->4400M(4537M) 22.226ms
[2025-10-14T10:57:54.325+0300][1.271s][info][gc,cpu      ] GC(41) User=0.01s Sys=0.01s Real=0.02s
[2025-10-14T10:57:54.332+0300][1.279s][info][gc,start    ] GC(42) Pause Young (Allocation Failure)
[2025-10-14T10:57:54.355+0300][1.301s][info][gc,heap     ] GC(42) DefNew: 157224K(157248K)->17448K(157248K) Eden: 139776K(139776K)->0K(139776K) From: 17448K(17472K)->17448K(17472K)
[2025-10-14T10:57:54.355+0300][1.302s][info][gc,heap     ] GC(42) Tenured: 4488645K(4488704K)->4595417K(4595456K)
[2025-10-14T10:57:54.355+0300][1.302s][info][gc,metaspace] GC(42) Metaspace: 3767K(3968K)->3767K(3968K) NonClass: 3354K(3456K)->3354K(3456K) Class: 413K(512K)->413K(512K)
[2025-10-14T10:57:54.355+0300][1.302s][info][gc          ] GC(42) Pause Young (Allocation Failure) 4536M->4504M(4641M) 22.551ms
[2025-10-14T10:57:54.355+0300][1.302s][info][gc,cpu      ] GC(42) User=0.01s Sys=0.01s Real=0.02s
[2025-10-14T10:57:54.363+0300][1.310s][info][gc,start    ] GC(43) Pause Young (Allocation Failure)
[2025-10-14T10:57:54.384+0300][1.330s][info][gc,heap     ] GC(43) DefNew: 157224K(157248K)->17448K(157248K) Eden: 139776K(139776K)->0K(139776K) From: 17448K(17472K)->17448K(17472K)
[2025-10-14T10:57:54.384+0300][1.330s][info][gc,heap     ] GC(43) Tenured: 4595417K(4595456K)->4703278K(4703360K)
[2025-10-14T10:57:54.384+0300][1.330s][info][gc,metaspace] GC(43) Metaspace: 3767K(3968K)->3767K(3968K) NonClass: 3354K(3456K)->3354K(3456K) Class: 413K(512K)->413K(512K)
[2025-10-14T10:57:54.384+0300][1.330s][info][gc          ] GC(43) Pause Young (Allocation Failure) 4641M->4610M(4746M) 20.611ms
[2025-10-14T10:57:54.384+0300][1.330s][info][gc,cpu      ] GC(43) User=0.00s Sys=0.02s Real=0.02s
[2025-10-14T10:57:54.392+0300][1.338s][info][gc,start    ] GC(44) Pause Young (Allocation Failure)
[2025-10-14T10:57:54.413+0300][1.360s][info][gc,heap     ] GC(44) DefNew: 157224K(157248K)->17448K(157248K) Eden: 139776K(139776K)->0K(139776K) From: 17448K(17472K)->17448K(17472K)
[2025-10-14T10:57:54.413+0300][1.360s][info][gc,heap     ] GC(44) Tenured: 4703278K(4703360K)->4810690K(4810880K)
[2025-10-14T10:57:54.413+0300][1.360s][info][gc,metaspace] GC(44) Metaspace: 3767K(3968K)->3767K(3968K) NonClass: 3354K(3456K)->3354K(3456K) Class: 413K(512K)->413K(512K)
[2025-10-14T10:57:54.413+0300][1.360s][info][gc          ] GC(44) Pause Young (Allocation Failure) 4746M->4714M(4851M) 21.535ms
[2025-10-14T10:57:54.413+0300][1.360s][info][gc,cpu      ] GC(44) User=0.01s Sys=0.01s Real=0.02s
[2025-10-14T10:57:54.421+0300][1.367s][info][gc,start    ] GC(45) Pause Young (Allocation Failure)
[2025-10-14T10:57:54.446+0300][1.393s][info][gc,heap     ] GC(45) DefNew: 157224K(157248K)->17448K(157248K) Eden: 139776K(139776K)->0K(139776K) From: 17448K(17472K)->17448K(17472K)
[2025-10-14T10:57:54.447+0300][1.393s][info][gc,heap     ] GC(45) Tenured: 4810690K(4810880K)->4918839K(4918976K)
[2025-10-14T10:57:54.447+0300][1.393s][info][gc,metaspace] GC(45) Metaspace: 3767K(3968K)->3767K(3968K) NonClass: 3354K(3456K)->3354K(3456K) Class: 413K(512K)->413K(512K)
[2025-10-14T10:57:54.447+0300][1.393s][info][gc          ] GC(45) Pause Young (Allocation Failure) 4851M->4820M(4957M) 25.673ms
[2025-10-14T10:57:54.447+0300][1.393s][info][gc,cpu      ] GC(45) User=0.00s Sys=0.01s Real=0.02s
[2025-10-14T10:57:54.454+0300][1.401s][info][gc,start    ] GC(46) Pause Young (Allocation Failure)
[2025-10-14T10:57:54.478+0300][1.425s][info][gc,heap     ] GC(46) DefNew: 157224K(157248K)->17448K(157248K) Eden: 139776K(139776K)->0K(139776K) From: 17448K(17472K)->17448K(17472K)
[2025-10-14T10:57:54.478+0300][1.425s][info][gc,heap     ] GC(46) Tenured: 4918839K(4918976K)->5026988K(5027072K)
[2025-10-14T10:57:54.478+0300][1.425s][info][gc,metaspace] GC(46) Metaspace: 3767K(3968K)->3767K(3968K) NonClass: 3354K(3456K)->3354K(3456K) Class: 413K(512K)->413K(512K)
[2025-10-14T10:57:54.478+0300][1.425s][info][gc          ] GC(46) Pause Young (Allocation Failure) 4957M->4926M(5062M) 23.961ms
[2025-10-14T10:57:54.478+0300][1.425s][info][gc,cpu      ] GC(46) User=0.01s Sys=0.01s Real=0.02s
[2025-10-14T10:57:54.486+0300][1.433s][info][gc,start    ] GC(47) Pause Young (Allocation Failure)
[2025-10-14T10:57:54.514+0300][1.460s][info][gc,heap     ] GC(47) DefNew: 157224K(157248K)->17448K(157248K) Eden: 139776K(139776K)->0K(139776K) From: 17448K(17472K)->17448K(17472K)
[2025-10-14T10:57:54.514+0300][1.460s][info][gc,heap     ] GC(47) Tenured: 5026988K(5027072K)->5134336K(5134400K)
[2025-10-14T10:57:54.514+0300][1.460s][info][gc,metaspace] GC(47) Metaspace: 3767K(3968K)->3767K(3968K) NonClass: 3354K(3456K)->3354K(3456K) Class: 413K(512K)->413K(512K)
[2025-10-14T10:57:54.514+0300][1.460s][info][gc          ] GC(47) Pause Young (Allocation Failure) 5062M->5031M(5167M) 27.404ms
[2025-10-14T10:57:54.514+0300][1.460s][info][gc,cpu      ] GC(47) User=0.00s Sys=0.01s Real=0.03s
[2025-10-14T10:57:54.522+0300][1.468s][info][gc,start    ] GC(48) Pause Young (Allocation Failure)
[2025-10-14T10:57:54.543+0300][1.490s][info][gc,heap     ] GC(48) DefNew: 157224K(157248K)->17448K(157248K) Eden: 139776K(139776K)->0K(139776K) From: 17448K(17472K)->17448K(17472K)
[2025-10-14T10:57:54.543+0300][1.490s][info][gc,heap     ] GC(48) Tenured: 5134336K(5134400K)->5241236K(5241344K)
[2025-10-14T10:57:54.543+0300][1.490s][info][gc,metaspace] GC(48) Metaspace: 3767K(3968K)->3767K(3968K) NonClass: 3354K(3456K)->3354K(3456K) Class: 413K(512K)->413K(512K)
[2025-10-14T10:57:54.543+0300][1.490s][info][gc          ] GC(48) Pause Young (Allocation Failure) 5167M->5135M(5272M) 21.804ms
[2025-10-14T10:57:54.543+0300][1.490s][info][gc,cpu      ] GC(48) User=0.01s Sys=0.01s Real=0.02s
[2025-10-14T10:57:54.551+0300][1.498s][info][gc,start    ] GC(49) Pause Young (Allocation Failure)
[2025-10-14T10:57:54.575+0300][1.522s][info][gc,heap     ] GC(49) DefNew: 157224K(157248K)->17448K(157248K) Eden: 139776K(139776K)->0K(139776K) From: 17448K(17472K)->17448K(17472K)
[2025-10-14T10:57:54.575+0300][1.522s][info][gc,heap     ] GC(49) Tenured: 5241236K(5241344K)->5348553K(5348672K)
[2025-10-14T10:57:54.575+0300][1.522s][info][gc,metaspace] GC(49) Metaspace: 3767K(3968K)->3767K(3968K) NonClass: 3354K(3456K)->3354K(3456K) Class: 413K(512K)->413K(512K)
[2025-10-14T10:57:54.575+0300][1.522s][info][gc          ] GC(49) Pause Young (Allocation Failure) 5271M->5240M(5376M) 24.142ms
[2025-10-14T10:57:54.575+0300][1.522s][info][gc,cpu      ] GC(49) User=0.00s Sys=0.01s Real=0.02s
[2025-10-14T10:57:54.583+0300][1.530s][info][gc,start    ] GC(50) Pause Young (Allocation Failure)
[2025-10-14T10:57:54.610+0300][1.556s][info][gc,heap     ] GC(50) DefNew: 157224K(157248K)->17448K(157248K) Eden: 139776K(139776K)->0K(139776K) From: 17448K(17472K)->17448K(17472K)
[2025-10-14T10:57:54.610+0300][1.556s][info][gc,heap     ] GC(50) Tenured: 5348553K(5348672K)->5456381K(5456384K)
[2025-10-14T10:57:54.610+0300][1.556s][info][gc,metaspace] GC(50) Metaspace: 3767K(3968K)->3767K(3968K) NonClass: 3354K(3456K)->3354K(3456K) Class: 413K(512K)->413K(512K)
[2025-10-14T10:57:54.610+0300][1.557s][info][gc          ] GC(50) Pause Young (Allocation Failure) 5376M->5345M(5482M) 26.841ms
[2025-10-14T10:57:54.610+0300][1.557s][info][gc,cpu      ] GC(50) User=0.01s Sys=0.02s Real=0.03s
[2025-10-14T10:57:54.618+0300][1.564s][info][gc,start    ] GC(51) Pause Young (Allocation Failure)
[2025-10-14T10:57:54.640+0300][1.587s][info][gc,heap     ] GC(51) DefNew: 157224K(157248K)->17448K(157248K) Eden: 139776K(139776K)->0K(139776K) From: 17448K(17472K)->17448K(17472K)
[2025-10-14T10:57:54.640+0300][1.587s][info][gc,heap     ] GC(51) Tenured: 5456381K(5456384K)->5564082K(5564096K)
[2025-10-14T10:57:54.640+0300][1.587s][info][gc,metaspace] GC(51) Metaspace: 3767K(3968K)->3767K(3968K) NonClass: 3354K(3456K)->3354K(3456K) Class: 413K(512K)->413K(512K)
[2025-10-14T10:57:54.640+0300][1.587s][info][gc          ] GC(51) Pause Young (Allocation Failure) 5482M->5450M(5587M) 22.513ms
[2025-10-14T10:57:54.640+0300][1.587s][info][gc,cpu      ] GC(51) User=0.01s Sys=0.01s Real=0.03s
[2025-10-14T10:57:54.648+0300][1.595s][info][gc,start    ] GC(52) Pause Full (Allocation Failure)
[2025-10-14T10:57:54.648+0300][1.595s][info][gc,phases,start] GC(52) Phase 1: Mark live objects
[2025-10-14T10:57:54.652+0300][1.599s][info][gc,phases      ] GC(52) Phase 1: Mark live objects 3.915ms
[2025-10-14T10:57:54.652+0300][1.599s][info][gc,phases,start] GC(52) Phase 2: Compute new object addresses
[2025-10-14T10:57:54.867+0300][1.814s][info][gc,phases      ] GC(52) Phase 2: Compute new object addresses 214.743ms
[2025-10-14T10:57:54.867+0300][1.814s][info][gc,phases,start] GC(52) Phase 3: Adjust pointers
[2025-10-14T10:57:54.870+0300][1.816s][info][gc,phases      ] GC(52) Phase 3: Adjust pointers 2.713ms
[2025-10-14T10:57:54.870+0300][1.816s][info][gc,phases,start] GC(52) Phase 4: Move objects
[2025-10-14T10:57:54.912+0300][1.859s][info][gc,phases      ] GC(52) Phase 4: Move objects 42.465ms
[2025-10-14T10:57:54.914+0300][1.860s][info][gc,heap        ] GC(52) DefNew: 157224K(157248K)->0K(2503872K) Eden: 139776K(139776K)->0K(2225664K) From: 17448K(17472K)->0K(278208K)
[2025-10-14T10:57:54.914+0300][1.860s][info][gc,heap        ] GC(52) Tenured: 5564082K(5564096K)->400954K(5564096K)
[2025-10-14T10:57:54.914+0300][1.860s][info][gc,metaspace   ] GC(52) Metaspace: 3767K(3968K)->3746K(3968K) NonClass: 3354K(3456K)->3338K(3456K) Class: 413K(512K)->407K(512K)
[2025-10-14T10:57:54.914+0300][1.860s][info][gc             ] GC(52) Pause Full (Allocation Failure) 5587M->391M(7878M) 265.304ms
[2025-10-14T10:57:54.914+0300][1.860s][info][gc,cpu         ] GC(52) User=0.07s Sys=0.17s Real=0.27s
[2025-10-14T10:57:55.350+0300][2.297s][info][gc,start       ] GC(53) Pause Young (Allocation Failure)
[2025-10-14T10:57:55.455+0300][2.402s][info][gc,heap        ] GC(53) DefNew: 2225664K(2503872K)->278183K(2503872K) Eden: 2225664K(2225664K)->0K(2225664K) From: 0K(278208K)->278183K(278208K)
[2025-10-14T10:57:55.455+0300][2.402s][info][gc,heap        ] GC(53) Tenured: 400954K(5564096K)->442959K(5564096K)
[2025-10-14T10:57:55.455+0300][2.402s][info][gc,metaspace   ] GC(53) Metaspace: 3746K(3968K)->3746K(3968K) NonClass: 3338K(3456K)->3338K(3456K) Class: 407K(512K)->407K(512K)
[2025-10-14T10:57:55.455+0300][2.402s][info][gc             ] GC(53) Pause Young (Allocation Failure) 2565M->704M(7878M) 105.155ms
[2025-10-14T10:57:55.455+0300][2.402s][info][gc,cpu         ] GC(53) User=0.04s Sys=0.06s Real=0.10s
[2025-10-14T10:57:55.982+0300][2.929s][info][gc,start       ] GC(54) Pause Young (Allocation Failure)
[2025-10-14T10:57:56.076+0300][3.023s][info][gc,heap        ] GC(54) DefNew: 2503847K(2503872K)->278183K(2503872K) Eden: 2225664K(2225664K)->0K(2225664K) From: 278183K(278208K)->278183K(278208K)
[2025-10-14T10:57:56.076+0300][3.023s][info][gc,heap        ] GC(54) Tenured: 442959K(5564096K)->484963K(5564096K)
[2025-10-14T10:57:56.076+0300][3.023s][info][gc,metaspace   ] GC(54) Metaspace: 3746K(3968K)->3746K(3968K) NonClass: 3338K(3456K)->3338K(3456K) Class: 407K(512K)->407K(512K)
[2025-10-14T10:57:56.076+0300][3.023s][info][gc             ] GC(54) Pause Young (Allocation Failure) 2877M->745M(7878M) 93.950ms
[2025-10-14T10:57:56.076+0300][3.023s][info][gc,cpu         ] GC(54) User=0.02s Sys=0.04s Real=0.09s
[2025-10-14T10:57:56.236+0300][3.182s][info][gc,start       ] GC(55) Pause Young (Allocation Failure)
[2025-10-14T10:57:56.305+0300][3.251s][info][gc,heap        ] GC(55) DefNew: 2503847K(2503872K)->278183K(2503872K) Eden: 2225664K(2225664K)->0K(2225664K) From: 278183K(278208K)->278183K(278208K)
[2025-10-14T10:57:56.305+0300][3.252s][info][gc,heap        ] GC(55) Tenured: 484963K(5564096K)->527000K(5564096K)
[2025-10-14T10:57:56.305+0300][3.252s][info][gc,metaspace   ] GC(55) Metaspace: 3746K(3968K)->3746K(3968K) NonClass: 3338K(3456K)->3338K(3456K) Class: 407K(512K)->407K(512K)
[2025-10-14T10:57:56.305+0300][3.252s][info][gc             ] GC(55) Pause Young (Allocation Failure) 2918M->786M(7878M) 69.377ms
[2025-10-14T10:57:56.305+0300][3.252s][info][gc,cpu         ] GC(55) User=0.02s Sys=0.03s Real=0.07s
[2025-10-14T10:57:56.458+0300][3.405s][info][gc,start       ] GC(56) Pause Young (Allocation Failure)
[2025-10-14T10:57:56.491+0300][3.438s][info][gc,heap        ] GC(56) DefNew: 2503847K(2503872K)->278183K(2503872K) Eden: 2225664K(2225664K)->0K(2225664K) From: 278183K(278208K)->278183K(278208K)
[2025-10-14T10:57:56.491+0300][3.438s][info][gc,heap        ] GC(56) Tenured: 527000K(5564096K)->569036K(5564096K)
[2025-10-14T10:57:56.491+0300][3.438s][info][gc,metaspace   ] GC(56) Metaspace: 3746K(3968K)->3746K(3968K) NonClass: 3338K(3456K)->3338K(3456K) Class: 407K(512K)->407K(512K)
[2025-10-14T10:57:56.491+0300][3.438s][info][gc             ] GC(56) Pause Young (Allocation Failure) 2959M->827M(7878M) 32.775ms
[2025-10-14T10:57:56.491+0300][3.438s][info][gc,cpu         ] GC(56) User=0.02s Sys=0.01s Real=0.04s
[2025-10-14T10:57:56.643+0300][3.590s][info][gc,start       ] GC(57) Pause Young (Allocation Failure)
[2025-10-14T10:57:56.662+0300][3.609s][info][gc,heap        ] GC(57) DefNew: 2503847K(2503872K)->278183K(2503872K) Eden: 2225664K(2225664K)->0K(2225664K) From: 278183K(278208K)->278183K(278208K)
[2025-10-14T10:57:56.662+0300][3.609s][info][gc,heap        ] GC(57) Tenured: 569036K(5564096K)->611105K(5564096K)
[2025-10-14T10:57:56.662+0300][3.609s][info][gc,metaspace   ] GC(57) Metaspace: 3746K(3968K)->3746K(3968K) NonClass: 3338K(3456K)->3338K(3456K) Class: 407K(512K)->407K(512K)
[2025-10-14T10:57:56.662+0300][3.609s][info][gc             ] GC(57) Pause Young (Allocation Failure) 3000M->868M(7878M) 19.032ms
[2025-10-14T10:57:56.662+0300][3.609s][info][gc,cpu         ] GC(57) User=0.01s Sys=0.00s Real=0.02s
[2025-10-14T10:57:56.811+0300][3.757s][info][gc,start       ] GC(58) Pause Young (Allocation Failure)
[2025-10-14T10:57:56.830+0300][3.776s][info][gc,heap        ] GC(58) DefNew: 2503847K(2503872K)->278183K(2503872K) Eden: 2225664K(2225664K)->0K(2225664K) From: 278183K(278208K)->278183K(278208K)
[2025-10-14T10:57:56.830+0300][3.777s][info][gc,heap        ] GC(58) Tenured: 611105K(5564096K)->653141K(5564096K)
[2025-10-14T10:57:56.830+0300][3.777s][info][gc,metaspace   ] GC(58) Metaspace: 3746K(3968K)->3746K(3968K) NonClass: 3338K(3456K)->3338K(3456K) Class: 407K(512K)->407K(512K)
[2025-10-14T10:57:56.830+0300][3.777s][info][gc             ] GC(58) Pause Young (Allocation Failure) 3041M->909M(7878M) 19.436ms
[2025-10-14T10:57:56.830+0300][3.777s][info][gc,cpu         ] GC(58) User=0.02s Sys=0.00s Real=0.02s
[2025-10-14T10:57:56.978+0300][3.925s][info][gc,start       ] GC(59) Pause Young (Allocation Failure)
[2025-10-14T10:57:57.003+0300][3.950s][info][gc,heap        ] GC(59) DefNew: 2503847K(2503872K)->278183K(2503872K) Eden: 2225664K(2225664K)->0K(2225664K) From: 278183K(278208K)->278183K(278208K)
[2025-10-14T10:57:57.003+0300][3.950s][info][gc,heap        ] GC(59) Tenured: 653141K(5564096K)->695178K(5564096K)
[2025-10-14T10:57:57.003+0300][3.950s][info][gc,metaspace   ] GC(59) Metaspace: 3746K(3968K)->3746K(3968K) NonClass: 3338K(3456K)->3338K(3456K) Class: 407K(512K)->407K(512K)
[2025-10-14T10:57:57.003+0300][3.950s][info][gc             ] GC(59) Pause Young (Allocation Failure) 3082M->950M(7878M) 25.165ms
[2025-10-14T10:57:57.003+0300][3.950s][info][gc,cpu         ] GC(59) User=0.01s Sys=0.00s Real=0.03s
[2025-10-14T10:57:57.151+0300][4.098s][info][gc,start       ] GC(60) Pause Young (Allocation Failure)
[2025-10-14T10:57:57.174+0300][4.120s][info][gc,heap        ] GC(60) DefNew: 2503847K(2503872K)->278183K(2503872K) Eden: 2225664K(2225664K)->0K(2225664K) From: 278183K(278208K)->278183K(278208K)
[2025-10-14T10:57:57.174+0300][4.120s][info][gc,heap        ] GC(60) Tenured: 695178K(5564096K)->737214K(5564096K)
[2025-10-14T10:57:57.174+0300][4.120s][info][gc,metaspace   ] GC(60) Metaspace: 3746K(3968K)->3746K(3968K) NonClass: 3338K(3456K)->3338K(3456K) Class: 407K(512K)->407K(512K)
[2025-10-14T10:57:57.174+0300][4.120s][info][gc             ] GC(60) Pause Young (Allocation Failure) 3124M->991M(7878M) 22.833ms
[2025-10-14T10:57:57.174+0300][4.120s][info][gc,cpu         ] GC(60) User=0.02s Sys=0.00s Real=0.02s
[2025-10-14T10:57:57.318+0300][4.265s][info][gc,start       ] GC(61) Pause Young (Allocation Failure)
[2025-10-14T10:57:57.336+0300][4.283s][info][gc,heap        ] GC(61) DefNew: 2503847K(2503872K)->278183K(2503872K) Eden: 2225664K(2225664K)->0K(2225664K) From: 278183K(278208K)->278183K(278208K)
[2025-10-14T10:57:57.336+0300][4.283s][info][gc,heap        ] GC(61) Tenured: 737214K(5564096K)->779251K(5564096K)
[2025-10-14T10:57:57.336+0300][4.283s][info][gc,metaspace   ] GC(61) Metaspace: 3746K(3968K)->3746K(3968K) NonClass: 3338K(3456K)->3338K(3456K) Class: 407K(512K)->407K(512K)
[2025-10-14T10:57:57.336+0300][4.283s][info][gc             ] GC(61) Pause Young (Allocation Failure) 3165M->1032M(7878M) 17.643ms
[2025-10-14T10:57:57.336+0300][4.283s][info][gc,cpu         ] GC(61) User=0.02s Sys=0.00s Real=0.02s
[2025-10-14T10:57:57.479+0300][4.426s][info][gc,start       ] GC(62) Pause Young (Allocation Failure)
[2025-10-14T10:57:57.499+0300][4.446s][info][gc,heap        ] GC(62) DefNew: 2503847K(2503872K)->278183K(2503872K) Eden: 2225664K(2225664K)->0K(2225664K) From: 278183K(278208K)->278183K(278208K)
[2025-10-14T10:57:57.499+0300][4.446s][info][gc,heap        ] GC(62) Tenured: 779251K(5564096K)->821287K(5564096K)
[2025-10-14T10:57:57.499+0300][4.446s][info][gc,metaspace   ] GC(62) Metaspace: 3746K(3968K)->3746K(3968K) NonClass: 3338K(3456K)->3338K(3456K) Class: 407K(512K)->407K(512K)
[2025-10-14T10:57:57.499+0300][4.446s][info][gc             ] GC(62) Pause Young (Allocation Failure) 3206M->1073M(7878M) 20.112ms
[2025-10-14T10:57:57.499+0300][4.446s][info][gc,cpu         ] GC(62) User=0.01s Sys=0.00s Real=0.02s
[2025-10-14T10:57:57.644+0300][4.591s][info][gc,start       ] GC(63) Pause Young (Allocation Failure)
[2025-10-14T10:57:57.665+0300][4.611s][info][gc,heap        ] GC(63) DefNew: 2503847K(2503872K)->278183K(2503872K) Eden: 2225664K(2225664K)->0K(2225664K) From: 278183K(278208K)->278183K(278208K)
[2025-10-14T10:57:57.665+0300][4.611s][info][gc,heap        ] GC(63) Tenured: 821287K(5564096K)->863324K(5564096K)
[2025-10-14T10:57:57.665+0300][4.611s][info][gc,metaspace   ] GC(63) Metaspace: 3746K(3968K)->3746K(3968K) NonClass: 3338K(3456K)->3338K(3456K) Class: 407K(512K)->407K(512K)
[2025-10-14T10:57:57.665+0300][4.611s][info][gc             ] GC(63) Pause Young (Allocation Failure) 3247M->1114M(7878M) 20.413ms
[2025-10-14T10:57:57.665+0300][4.611s][info][gc,cpu         ] GC(63) User=0.02s Sys=0.01s Real=0.02s
[2025-10-14T10:57:57.808+0300][4.755s][info][gc,start       ] GC(64) Pause Young (Allocation Failure)
[2025-10-14T10:57:57.829+0300][4.776s][info][gc,heap        ] GC(64) DefNew: 2503847K(2503872K)->278183K(2503872K) Eden: 2225664K(2225664K)->0K(2225664K) From: 278183K(278208K)->278183K(278208K)
[2025-10-14T10:57:57.829+0300][4.776s][info][gc,heap        ] GC(64) Tenured: 863324K(5564096K)->905360K(5564096K)
[2025-10-14T10:57:57.829+0300][4.776s][info][gc,metaspace   ] GC(64) Metaspace: 3746K(3968K)->3746K(3968K) NonClass: 3338K(3456K)->3338K(3456K) Class: 407K(512K)->407K(512K)
[2025-10-14T10:57:57.829+0300][4.776s][info][gc             ] GC(64) Pause Young (Allocation Failure) 3288M->1155M(7878M) 21.042ms
[2025-10-14T10:57:57.829+0300][4.776s][info][gc,cpu         ] GC(64) User=0.02s Sys=0.00s Real=0.02s
[2025-10-14T10:57:57.976+0300][4.923s][info][gc,start       ] GC(65) Pause Young (Allocation Failure)
[2025-10-14T10:57:58.001+0300][4.948s][info][gc,heap        ] GC(65) DefNew: 2503847K(2503872K)->278183K(2503872K) Eden: 2225664K(2225664K)->0K(2225664K) From: 278183K(278208K)->278183K(278208K)
[2025-10-14T10:57:58.001+0300][4.948s][info][gc,heap        ] GC(65) Tenured: 905360K(5564096K)->947397K(5564096K)
[2025-10-14T10:57:58.001+0300][4.948s][info][gc,metaspace   ] GC(65) Metaspace: 3746K(3968K)->3746K(3968K) NonClass: 3338K(3456K)->3338K(3456K) Class: 407K(512K)->407K(512K)
[2025-10-14T10:57:58.001+0300][4.948s][info][gc             ] GC(65) Pause Young (Allocation Failure) 3329M->1196M(7878M) 24.835ms
[2025-10-14T10:57:58.001+0300][4.948s][info][gc,cpu         ] GC(65) User=0.02s Sys=0.00s Real=0.03s
[2025-10-14T10:57:58.152+0300][5.098s][info][gc,start       ] GC(66) Pause Young (Allocation Failure)
[2025-10-14T10:57:58.178+0300][5.125s][info][gc,heap        ] GC(66) DefNew: 2503847K(2503872K)->278183K(2503872K) Eden: 2225664K(2225664K)->0K(2225664K) From: 278183K(278208K)->278183K(278208K)
[2025-10-14T10:57:58.179+0300][5.125s][info][gc,heap        ] GC(66) Tenured: 947397K(5564096K)->989433K(5564096K)
[2025-10-14T10:57:58.179+0300][5.125s][info][gc,metaspace   ] GC(66) Metaspace: 3746K(3968K)->3746K(3968K) NonClass: 3338K(3456K)->3338K(3456K) Class: 407K(512K)->407K(512K)
[2025-10-14T10:57:58.179+0300][5.125s][info][gc             ] GC(66) Pause Young (Allocation Failure) 3370M->1237M(7878M) 26.716ms
[2025-10-14T10:57:58.179+0300][5.125s][info][gc,cpu         ] GC(66) User=0.01s Sys=0.01s Real=0.02s
[2025-10-14T10:57:58.339+0300][5.285s][info][gc,start       ] GC(67) Pause Young (Allocation Failure)
[2025-10-14T10:57:58.376+0300][5.322s][info][gc,heap        ] GC(67) DefNew: 2503847K(2503872K)->278183K(2503872K) Eden: 2225664K(2225664K)->0K(2225664K) From: 278183K(278208K)->278183K(278208K)
[2025-10-14T10:57:58.376+0300][5.322s][info][gc,heap        ] GC(67) Tenured: 989433K(5564096K)->1031470K(5564096K)
[2025-10-14T10:57:58.376+0300][5.322s][info][gc,metaspace   ] GC(67) Metaspace: 3746K(3968K)->3746K(3968K) NonClass: 3338K(3456K)->3338K(3456K) Class: 407K(512K)->407K(512K)
[2025-10-14T10:57:58.376+0300][5.322s][info][gc             ] GC(67) Pause Young (Allocation Failure) 3411M->1278M(7878M) 37.181ms
[2025-10-14T10:57:58.376+0300][5.322s][info][gc,cpu         ] GC(67) User=0.02s Sys=0.00s Real=0.04s
[2025-10-14T10:57:58.556+0300][5.502s][info][gc,start       ] GC(68) Pause Young (Allocation Failure)
[2025-10-14T10:57:58.669+0300][5.616s][info][gc,heap        ] GC(68) DefNew: 2503847K(2503872K)->278183K(2503872K) Eden: 2225664K(2225664K)->0K(2225664K) From: 278183K(278208K)->278183K(278208K)
[2025-10-14T10:57:58.670+0300][5.616s][info][gc,heap        ] GC(68) Tenured: 1031470K(5564096K)->1073538K(5564096K)
[2025-10-14T10:57:58.670+0300][5.616s][info][gc,metaspace   ] GC(68) Metaspace: 3746K(3968K)->3746K(3968K) NonClass: 3338K(3456K)->3338K(3456K) Class: 407K(512K)->407K(512K)
[2025-10-14T10:57:58.670+0300][5.616s][info][gc             ] GC(68) Pause Young (Allocation Failure) 3452M->1320M(7878M) 113.963ms
[2025-10-14T10:57:58.670+0300][5.616s][info][gc,cpu         ] GC(68) User=0.02s Sys=0.02s Real=0.12s
[2025-10-14T10:57:58.981+0300][5.928s][info][gc,start       ] GC(69) Pause Young (Allocation Failure)
[2025-10-14T10:57:59.011+0300][5.958s][info][gc,heap        ] GC(69) DefNew: 2503847K(2503872K)->278183K(2503872K) Eden: 2225664K(2225664K)->0K(2225664K) From: 278183K(278208K)->278183K(278208K)
[2025-10-14T10:57:59.011+0300][5.958s][info][gc,heap        ] GC(69) Tenured: 1073538K(5564096K)->1115607K(5564096K)
[2025-10-14T10:57:59.011+0300][5.958s][info][gc,metaspace   ] GC(69) Metaspace: 3746K(3968K)->3746K(3968K) NonClass: 3338K(3456K)->3338K(3456K) Class: 407K(512K)->407K(512K)
[2025-10-14T10:57:59.012+0300][5.958s][info][gc             ] GC(69) Pause Young (Allocation Failure) 3493M->1361M(7878M) 30.570ms
[2025-10-14T10:57:59.012+0300][5.958s][info][gc,cpu         ] GC(69) User=0.02s Sys=0.00s Real=0.03s
[2025-10-14T10:57:59.261+0300][6.208s][info][gc,start       ] GC(70) Pause Young (Allocation Failure)
[2025-10-14T10:57:59.285+0300][6.231s][info][gc,heap        ] GC(70) DefNew: 2503847K(2503872K)->278183K(2503872K) Eden: 2225664K(2225664K)->0K(2225664K) From: 278183K(278208K)->278183K(278208K)
[2025-10-14T10:57:59.285+0300][6.231s][info][gc,heap        ] GC(70) Tenured: 1115607K(5564096K)->1157611K(5564096K)
[2025-10-14T10:57:59.285+0300][6.231s][info][gc,metaspace   ] GC(70) Metaspace: 3746K(3968K)->3746K(3968K) NonClass: 3338K(3456K)->3338K(3456K) Class: 407K(512K)->407K(512K)
[2025-10-14T10:57:59.285+0300][6.231s][info][gc             ] GC(70) Pause Young (Allocation Failure) 3534M->1402M(7878M) 23.373ms
[2025-10-14T10:57:59.285+0300][6.231s][info][gc,cpu         ] GC(70) User=0.01s Sys=0.00s Real=0.02s
[2025-10-14T10:57:59.432+0300][6.379s][info][gc,start       ] GC(71) Pause Young (Allocation Failure)
[2025-10-14T10:57:59.455+0300][6.401s][info][gc,heap        ] GC(71) DefNew: 2503847K(2503872K)->278183K(2503872K) Eden: 2225664K(2225664K)->0K(2225664K) From: 278183K(278208K)->278183K(278208K)
[2025-10-14T10:57:59.455+0300][6.401s][info][gc,heap        ] GC(71) Tenured: 1157611K(5564096K)->1199648K(5564096K)
[2025-10-14T10:57:59.455+0300][6.401s][info][gc,metaspace   ] GC(71) Metaspace: 3746K(3968K)->3746K(3968K) NonClass: 3338K(3456K)->3338K(3456K) Class: 407K(512K)->407K(512K)
[2025-10-14T10:57:59.455+0300][6.401s][info][gc             ] GC(71) Pause Young (Allocation Failure) 3575M->1443M(7878M) 22.420ms
[2025-10-14T10:57:59.455+0300][6.401s][info][gc,cpu         ] GC(71) User=0.02s Sys=0.01s Real=0.02s
[2025-10-14T10:57:59.603+0300][6.550s][info][gc,start       ] GC(72) Pause Young (Allocation Failure)
[2025-10-14T10:57:59.627+0300][6.574s][info][gc,heap        ] GC(72) DefNew: 2503847K(2503872K)->278183K(2503872K) Eden: 2225664K(2225664K)->0K(2225664K) From: 278183K(278208K)->278183K(278208K)
[2025-10-14T10:57:59.627+0300][6.574s][info][gc,heap        ] GC(72) Tenured: 1199648K(5564096K)->1241684K(5564096K)
[2025-10-14T10:57:59.627+0300][6.574s][info][gc,metaspace   ] GC(72) Metaspace: 3746K(3968K)->3746K(3968K) NonClass: 3338K(3456K)->3338K(3456K) Class: 407K(512K)->407K(512K)
[2025-10-14T10:57:59.627+0300][6.574s][info][gc             ] GC(72) Pause Young (Allocation Failure) 3616M->1484M(7878M) 24.194ms
[2025-10-14T10:57:59.627+0300][6.574s][info][gc,cpu         ] GC(72) User=0.02s Sys=0.01s Real=0.02s
[2025-10-14T10:57:59.781+0300][6.727s][info][gc,start       ] GC(73) Pause Young (Allocation Failure)
[2025-10-14T10:57:59.806+0300][6.753s][info][gc,heap        ] GC(73) DefNew: 2503847K(2503872K)->278183K(2503872K) Eden: 2225664K(2225664K)->0K(2225664K) From: 278183K(278208K)->278183K(278208K)
[2025-10-14T10:57:59.807+0300][6.753s][info][gc,heap        ] GC(73) Tenured: 1241684K(5564096K)->1283721K(5564096K)
[2025-10-14T10:57:59.807+0300][6.753s][info][gc,metaspace   ] GC(73) Metaspace: 3746K(3968K)->3746K(3968K) NonClass: 3338K(3456K)->3338K(3456K) Class: 407K(512K)->407K(512K)
[2025-10-14T10:57:59.807+0300][6.753s][info][gc             ] GC(73) Pause Young (Allocation Failure) 3657M->1525M(7878M) 26.065ms
[2025-10-14T10:57:59.807+0300][6.753s][info][gc,cpu         ] GC(73) User=0.01s Sys=0.01s Real=0.02s
[2025-10-14T10:57:59.959+0300][6.906s][info][gc,start       ] GC(74) Pause Young (Allocation Failure)
[2025-10-14T10:57:59.990+0300][6.937s][info][gc,heap        ] GC(74) DefNew: 2503847K(2503872K)->278183K(2503872K) Eden: 2225664K(2225664K)->0K(2225664K) From: 278183K(278208K)->278183K(278208K)
[2025-10-14T10:57:59.990+0300][6.937s][info][gc,heap        ] GC(74) Tenured: 1283721K(5564096K)->1325789K(5564096K)
[2025-10-14T10:57:59.990+0300][6.937s][info][gc,metaspace   ] GC(74) Metaspace: 3746K(3968K)->3746K(3968K) NonClass: 3338K(3456K)->3338K(3456K) Class: 407K(512K)->407K(512K)
[2025-10-14T10:57:59.990+0300][6.937s][info][gc             ] GC(74) Pause Young (Allocation Failure) 3698M->1566M(7878M) 30.906ms
[2025-10-14T10:57:59.990+0300][6.937s][info][gc,cpu         ] GC(74) User=0.02s Sys=0.01s Real=0.04s
[2025-10-14T10:58:00.142+0300][7.088s][info][gc,start       ] GC(75) Pause Young (Allocation Failure)
[2025-10-14T10:58:00.170+0300][7.117s][info][gc,heap        ] GC(75) DefNew: 2503847K(2503872K)->278183K(2503872K) Eden: 2225664K(2225664K)->0K(2225664K) From: 278183K(278208K)->278183K(278208K)
[2025-10-14T10:58:00.170+0300][7.117s][info][gc,heap        ] GC(75) Tenured: 1325789K(5564096K)->1367826K(5564096K)
[2025-10-14T10:58:00.170+0300][7.117s][info][gc,metaspace   ] GC(75) Metaspace: 3746K(3968K)->3746K(3968K) NonClass: 3338K(3456K)->3338K(3456K) Class: 407K(512K)->407K(512K)
[2025-10-14T10:58:00.170+0300][7.117s][info][gc             ] GC(75) Pause Young (Allocation Failure) 3739M->1607M(7878M) 28.650ms
[2025-10-14T10:58:00.170+0300][7.117s][info][gc,cpu         ] GC(75) User=0.01s Sys=0.01s Real=0.03s
[2025-10-14T10:58:00.324+0300][7.270s][info][gc,start       ] GC(76) Pause Young (Allocation Failure)
[2025-10-14T10:58:00.350+0300][7.297s][info][gc,heap        ] GC(76) DefNew: 2503847K(2503872K)->278183K(2503872K) Eden: 2225664K(2225664K)->0K(2225664K) From: 278183K(278208K)->278183K(278208K)
[2025-10-14T10:58:00.350+0300][7.297s][info][gc,heap        ] GC(76) Tenured: 1367826K(5564096K)->1409862K(5564096K)
[2025-10-14T10:58:00.350+0300][7.297s][info][gc,metaspace   ] GC(76) Metaspace: 3746K(3968K)->3746K(3968K) NonClass: 3338K(3456K)->3338K(3456K) Class: 407K(512K)->407K(512K)
[2025-10-14T10:58:00.350+0300][7.297s][info][gc             ] GC(76) Pause Young (Allocation Failure) 3780M->1648M(7878M) 26.573ms
[2025-10-14T10:58:00.350+0300][7.297s][info][gc,cpu         ] GC(76) User=0.02s Sys=0.01s Real=0.03s
[2025-10-14T10:58:00.499+0300][7.446s][info][gc,start       ] GC(77) Pause Young (Allocation Failure)
[2025-10-14T10:58:00.525+0300][7.472s][info][gc,heap        ] GC(77) DefNew: 2503847K(2503872K)->278183K(2503872K) Eden: 2225664K(2225664K)->0K(2225664K) From: 278183K(278208K)->278183K(278208K)
[2025-10-14T10:58:00.525+0300][7.472s][info][gc,heap        ] GC(77) Tenured: 1409862K(5564096K)->1451867K(5564096K)
[2025-10-14T10:58:00.525+0300][7.472s][info][gc,metaspace   ] GC(77) Metaspace: 3746K(3968K)->3746K(3968K) NonClass: 3338K(3456K)->3338K(3456K) Class: 407K(512K)->407K(512K)
[2025-10-14T10:58:00.525+0300][7.472s][info][gc             ] GC(77) Pause Young (Allocation Failure) 3821M->1689M(7878M) 25.913ms
[2025-10-14T10:58:00.525+0300][7.472s][info][gc,cpu         ] GC(77) User=0.02s Sys=0.00s Real=0.03s
[2025-10-14T10:58:00.673+0300][7.619s][info][gc,start       ] GC(78) Pause Young (Allocation Failure)
[2025-10-14T10:58:00.699+0300][7.645s][info][gc,heap        ] GC(78) DefNew: 2503847K(2503872K)->278183K(2503872K) Eden: 2225664K(2225664K)->0K(2225664K) From: 278183K(278208K)->278183K(278208K)
[2025-10-14T10:58:00.699+0300][7.646s][info][gc,heap        ] GC(78) Tenured: 1451867K(5564096K)->1493903K(5564096K)
[2025-10-14T10:58:00.699+0300][7.646s][info][gc,metaspace   ] GC(78) Metaspace: 3746K(3968K)->3746K(3968K) NonClass: 3338K(3456K)->3338K(3456K) Class: 407K(512K)->407K(512K)
[2025-10-14T10:58:00.699+0300][7.646s][info][gc             ] GC(78) Pause Young (Allocation Failure) 3863M->1730M(7878M) 26.345ms
[2025-10-14T10:58:00.699+0300][7.646s][info][gc,cpu         ] GC(78) User=0.01s Sys=0.00s Real=0.02s
[2025-10-14T10:58:00.843+0300][7.790s][info][gc,start       ] GC(79) Pause Young (Allocation Failure)
[2025-10-14T10:58:00.868+0300][7.815s][info][gc,heap        ] GC(79) DefNew: 2503847K(2503872K)->278183K(2503872K) Eden: 2225664K(2225664K)->0K(2225664K) From: 278183K(278208K)->278183K(278208K)
[2025-10-14T10:58:00.869+0300][7.815s][info][gc,heap        ] GC(79) Tenured: 1493903K(5564096K)->1535940K(5564096K)
[2025-10-14T10:58:00.869+0300][7.815s][info][gc,metaspace   ] GC(79) Metaspace: 3746K(3968K)->3746K(3968K) NonClass: 3338K(3456K)->3338K(3456K) Class: 407K(512K)->407K(512K)
[2025-10-14T10:58:00.869+0300][7.815s][info][gc             ] GC(79) Pause Young (Allocation Failure) 3904M->1771M(7878M) 25.489ms
[2025-10-14T10:58:00.869+0300][7.815s][info][gc,cpu         ] GC(79) User=0.02s Sys=0.01s Real=0.02s
[2025-10-14T10:58:01.015+0300][7.961s][info][gc,start       ] GC(80) Pause Young (Allocation Failure)
[2025-10-14T10:58:01.038+0300][7.985s][info][gc,heap        ] GC(80) DefNew: 2503847K(2503872K)->278183K(2503872K) Eden: 2225664K(2225664K)->0K(2225664K) From: 278183K(278208K)->278183K(278208K)
[2025-10-14T10:58:01.038+0300][7.985s][info][gc,heap        ] GC(80) Tenured: 1535940K(5564096K)->1577976K(5564096K)
[2025-10-14T10:58:01.038+0300][7.985s][info][gc,metaspace   ] GC(80) Metaspace: 3746K(3968K)->3746K(3968K) NonClass: 3338K(3456K)->3338K(3456K) Class: 407K(512K)->407K(512K)
[2025-10-14T10:58:01.038+0300][7.985s][info][gc             ] GC(80) Pause Young (Allocation Failure) 3945M->1812M(7878M) 23.706ms
[2025-10-14T10:58:01.038+0300][7.985s][info][gc,cpu         ] GC(80) User=0.02s Sys=0.00s Real=0.02s
[2025-10-14T10:58:01.184+0300][8.131s][info][gc,start       ] GC(81) Pause Young (Allocation Failure)
[2025-10-14T10:58:01.212+0300][8.159s][info][gc,heap        ] GC(81) DefNew: 2503847K(2503872K)->278183K(2503872K) Eden: 2225664K(2225664K)->0K(2225664K) From: 278183K(278208K)->278183K(278208K)
[2025-10-14T10:58:01.212+0300][8.159s][info][gc,heap        ] GC(81) Tenured: 1577976K(5564096K)->1620013K(5564096K)
[2025-10-14T10:58:01.212+0300][8.159s][info][gc,metaspace   ] GC(81) Metaspace: 3746K(3968K)->3746K(3968K) NonClass: 3338K(3456K)->3338K(3456K) Class: 407K(512K)->407K(512K)
[2025-10-14T10:58:01.212+0300][8.159s][info][gc             ] GC(81) Pause Young (Allocation Failure) 3986M->1853M(7878M) 27.666ms
[2025-10-14T10:58:01.212+0300][8.159s][info][gc,cpu         ] GC(81) User=0.02s Sys=0.00s Real=0.03s
[2025-10-14T10:58:01.358+0300][8.304s][info][gc,start       ] GC(82) Pause Young (Allocation Failure)
[2025-10-14T10:58:01.383+0300][8.329s][info][gc,heap        ] GC(82) DefNew: 2503847K(2503872K)->278183K(2503872K) Eden: 2225664K(2225664K)->0K(2225664K) From: 278183K(278208K)->278183K(278208K)
[2025-10-14T10:58:01.383+0300][8.329s][info][gc,heap        ] GC(82) Tenured: 1620013K(5564096K)->1662049K(5564096K)
[2025-10-14T10:58:01.383+0300][8.329s][info][gc,metaspace   ] GC(82) Metaspace: 3746K(3968K)->3746K(3968K) NonClass: 3338K(3456K)->3338K(3456K) Class: 407K(512K)->407K(512K)
[2025-10-14T10:58:01.383+0300][8.329s][info][gc             ] GC(82) Pause Young (Allocation Failure) 4027M->1894M(7878M) 24.723ms
[2025-10-14T10:58:01.383+0300][8.329s][info][gc,cpu         ] GC(82) User=0.01s Sys=0.01s Real=0.03s
[2025-10-14T10:58:01.525+0300][8.471s][info][gc,start       ] GC(83) Pause Young (Allocation Failure)
[2025-10-14T10:58:01.553+0300][8.500s][info][gc,heap        ] GC(83) DefNew: 2503847K(2503872K)->278183K(2503872K) Eden: 2225664K(2225664K)->0K(2225664K) From: 278183K(278208K)->278183K(278208K)
[2025-10-14T10:58:01.553+0300][8.500s][info][gc,heap        ] GC(83) Tenured: 1662049K(5564096K)->1704086K(5564096K)
[2025-10-14T10:58:01.553+0300][8.500s][info][gc,metaspace   ] GC(83) Metaspace: 3746K(3968K)->3746K(3968K) NonClass: 3338K(3456K)->3338K(3456K) Class: 407K(512K)->407K(512K)
[2025-10-14T10:58:01.553+0300][8.500s][info][gc             ] GC(83) Pause Young (Allocation Failure) 4068M->1935M(7878M) 28.561ms
[2025-10-14T10:58:01.553+0300][8.500s][info][gc,cpu         ] GC(83) User=0.01s Sys=0.00s Real=0.03s
[2025-10-14T10:58:01.699+0300][8.645s][info][gc,start       ] GC(84) Pause Young (Allocation Failure)
[2025-10-14T10:58:01.723+0300][8.670s][info][gc,heap        ] GC(84) DefNew: 2503847K(2503872K)->278183K(2503872K) Eden: 2225664K(2225664K)->0K(2225664K) From: 278183K(278208K)->278183K(278208K)
[2025-10-14T10:58:01.723+0300][8.670s][info][gc,heap        ] GC(84) Tenured: 1704086K(5564096K)->1746123K(5564096K)
[2025-10-14T10:58:01.723+0300][8.670s][info][gc,metaspace   ] GC(84) Metaspace: 3746K(3968K)->3746K(3968K) NonClass: 3338K(3456K)->3338K(3456K) Class: 407K(512K)->407K(512K)
[2025-10-14T10:58:01.723+0300][8.670s][info][gc             ] GC(84) Pause Young (Allocation Failure) 4109M->1976M(7878M) 24.901ms
[2025-10-14T10:58:01.723+0300][8.670s][info][gc,cpu         ] GC(84) User=0.02s Sys=0.00s Real=0.03s
[2025-10-14T10:58:01.867+0300][8.814s][info][gc,start       ] GC(85) Pause Young (Allocation Failure)
[2025-10-14T10:58:01.899+0300][8.846s][info][gc,heap        ] GC(85) DefNew: 2503847K(2503872K)->278183K(2503872K) Eden: 2225664K(2225664K)->0K(2225664K) From: 278183K(278208K)->278183K(278208K)
[2025-10-14T10:58:01.899+0300][8.846s][info][gc,heap        ] GC(85) Tenured: 1746123K(5564096K)->1788191K(5564096K)
[2025-10-14T10:58:01.899+0300][8.846s][info][gc,metaspace   ] GC(85) Metaspace: 3746K(3968K)->3746K(3968K) NonClass: 3338K(3456K)->3338K(3456K) Class: 407K(512K)->407K(512K)
[2025-10-14T10:58:01.899+0300][8.846s][info][gc             ] GC(85) Pause Young (Allocation Failure) 4150M->2017M(7878M) 32.101ms
[2025-10-14T10:58:01.899+0300][8.846s][info][gc,cpu         ] GC(85) User=0.02s Sys=0.00s Real=0.03s
[2025-10-14T10:58:02.065+0300][9.011s][info][gc,start       ] GC(86) Pause Young (Allocation Failure)
[2025-10-14T10:58:02.091+0300][9.038s][info][gc,heap        ] GC(86) DefNew: 2503847K(2503872K)->278183K(2503872K) Eden: 2225664K(2225664K)->0K(2225664K) From: 278183K(278208K)->278183K(278208K)
[2025-10-14T10:58:02.091+0300][9.038s][info][gc,heap        ] GC(86) Tenured: 1788191K(5564096K)->1830228K(5564096K)
[2025-10-14T10:58:02.091+0300][9.038s][info][gc,metaspace   ] GC(86) Metaspace: 3746K(3968K)->3746K(3968K) NonClass: 3338K(3456K)->3338K(3456K) Class: 407K(512K)->407K(512K)
[2025-10-14T10:58:02.091+0300][9.038s][info][gc             ] GC(86) Pause Young (Allocation Failure) 4191M->2058M(7878M) 26.506ms
[2025-10-14T10:58:02.091+0300][9.038s][info][gc,cpu         ] GC(86) User=0.02s Sys=0.00s Real=0.03s
[2025-10-14T10:58:02.260+0300][9.206s][info][gc,start       ] GC(87) Pause Young (Allocation Failure)
[2025-10-14T10:58:02.287+0300][9.234s][info][gc,heap        ] GC(87) DefNew: 2503847K(2503872K)->278183K(2503872K) Eden: 2225664K(2225664K)->0K(2225664K) From: 278183K(278208K)->278183K(278208K)
[2025-10-14T10:58:02.287+0300][9.234s][info][gc,heap        ] GC(87) Tenured: 1830228K(5564096K)->1872264K(5564096K)
[2025-10-14T10:58:02.287+0300][9.234s][info][gc,metaspace   ] GC(87) Metaspace: 3746K(3968K)->3746K(3968K) NonClass: 3338K(3456K)->3338K(3456K) Class: 407K(512K)->407K(512K)
[2025-10-14T10:58:02.287+0300][9.234s][info][gc             ] GC(87) Pause Young (Allocation Failure) 4232M->2100M(7878M) 27.635ms
[2025-10-14T10:58:02.287+0300][9.234s][info][gc,cpu         ] GC(87) User=0.02s Sys=0.01s Real=0.02s
[2025-10-14T10:58:02.446+0300][9.393s][info][gc,start       ] GC(88) Pause Young (Allocation Failure)
[2025-10-14T10:58:02.473+0300][9.420s][info][gc,heap        ] GC(88) DefNew: 2503847K(2503872K)->278183K(2503872K) Eden: 2225664K(2225664K)->0K(2225664K) From: 278183K(278208K)->278183K(278208K)
[2025-10-14T10:58:02.473+0300][9.420s][info][gc,heap        ] GC(88) Tenured: 1872264K(5564096K)->1914301K(5564096K)
[2025-10-14T10:58:02.473+0300][9.420s][info][gc,metaspace   ] GC(88) Metaspace: 3746K(3968K)->3746K(3968K) NonClass: 3338K(3456K)->3338K(3456K) Class: 407K(512K)->407K(512K)
[2025-10-14T10:58:02.473+0300][9.420s][info][gc             ] GC(88) Pause Young (Allocation Failure) 4273M->2141M(7878M) 26.976ms
[2025-10-14T10:58:02.473+0300][9.420s][info][gc,cpu         ] GC(88) User=0.02s Sys=0.00s Real=0.03s
[2025-10-14T10:58:02.628+0300][9.575s][info][gc,start       ] GC(89) Pause Young (Allocation Failure)
[2025-10-14T10:58:02.656+0300][9.603s][info][gc,heap        ] GC(89) DefNew: 2503847K(2503872K)->278183K(2503872K) Eden: 2225664K(2225664K)->0K(2225664K) From: 278183K(278208K)->278183K(278208K)
[2025-10-14T10:58:02.656+0300][9.603s][info][gc,heap        ] GC(89) Tenured: 1914301K(5564096K)->1956369K(5564096K)
[2025-10-14T10:58:02.656+0300][9.603s][info][gc,metaspace   ] GC(89) Metaspace: 3746K(3968K)->3746K(3968K) NonClass: 3338K(3456K)->3338K(3456K) Class: 407K(512K)->407K(512K)
[2025-10-14T10:58:02.656+0300][9.603s][info][gc             ] GC(89) Pause Young (Allocation Failure) 4314M->2182M(7878M) 28.239ms
[2025-10-14T10:58:02.656+0300][9.603s][info][gc,cpu         ] GC(89) User=0.02s Sys=0.00s Real=0.03s
[2025-10-14T10:58:02.806+0300][9.753s][info][gc,start       ] GC(90) Pause Young (Allocation Failure)
[2025-10-14T10:58:02.835+0300][9.781s][info][gc,heap        ] GC(90) DefNew: 2503847K(2503872K)->278183K(2503872K) Eden: 2225664K(2225664K)->0K(2225664K) From: 278183K(278208K)->278183K(278208K)
[2025-10-14T10:58:02.835+0300][9.781s][info][gc,heap        ] GC(90) Tenured: 1956369K(5564096K)->1998406K(5564096K)
[2025-10-14T10:58:02.835+0300][9.781s][info][gc,metaspace   ] GC(90) Metaspace: 3746K(3968K)->3746K(3968K) NonClass: 3338K(3456K)->3338K(3456K) Class: 407K(512K)->407K(512K)
[2025-10-14T10:58:02.835+0300][9.781s][info][gc             ] GC(90) Pause Young (Allocation Failure) 4355M->2223M(7878M) 28.265ms
[2025-10-14T10:58:02.835+0300][9.781s][info][gc,cpu         ] GC(90) User=0.01s Sys=0.00s Real=0.03s
[2025-10-14T10:58:02.996+0300][9.943s][info][gc,start       ] GC(91) Pause Young (Allocation Failure)
[2025-10-14T10:58:03.025+0300][9.972s][info][gc,heap        ] GC(91) DefNew: 2503847K(2503872K)->278183K(2503872K) Eden: 2225664K(2225664K)->0K(2225664K) From: 278183K(278208K)->278183K(278208K)
[2025-10-14T10:58:03.025+0300][9.972s][info][gc,heap        ] GC(91) Tenured: 1998406K(5564096K)->2040410K(5564096K)
[2025-10-14T10:58:03.025+0300][9.972s][info][gc,metaspace   ] GC(91) Metaspace: 3746K(3968K)->3746K(3968K) NonClass: 3338K(3456K)->3338K(3456K) Class: 407K(512K)->407K(512K)
[2025-10-14T10:58:03.025+0300][9.972s][info][gc             ] GC(91) Pause Young (Allocation Failure) 4396M->2264M(7878M) 29.207ms
[2025-10-14T10:58:03.025+0300][9.972s][info][gc,cpu         ] GC(91) User=0.02s Sys=0.01s Real=0.03s
[2025-10-14T10:58:03.179+0300][10.126s][info][gc,start       ] GC(92) Pause Young (Allocation Failure)
[2025-10-14T10:58:03.199+0300][10.146s][info][gc,heap        ] GC(92) DefNew: 2503847K(2503872K)->278183K(2503872K) Eden: 2225664K(2225664K)->0K(2225664K) From: 278183K(278208K)->278183K(278208K)
[2025-10-14T10:58:03.199+0300][10.146s][info][gc,heap        ] GC(92) Tenured: 2040410K(5564096K)->2082447K(5564096K)
[2025-10-14T10:58:03.199+0300][10.146s][info][gc,metaspace   ] GC(92) Metaspace: 3746K(3968K)->3746K(3968K) NonClass: 3338K(3456K)->3338K(3456K) Class: 407K(512K)->407K(512K)
[2025-10-14T10:58:03.199+0300][10.146s][info][gc             ] GC(92) Pause Young (Allocation Failure) 4437M->2305M(7878M) 19.865ms
[2025-10-14T10:58:03.199+0300][10.146s][info][gc,cpu         ] GC(92) User=0.01s Sys=0.00s Real=0.02s
[2025-10-14T10:58:03.351+0300][10.297s][info][gc,start       ] GC(93) Pause Young (Allocation Failure)
[2025-10-14T10:58:03.380+0300][10.326s][info][gc,heap        ] GC(93) DefNew: 2503847K(2503872K)->278207K(2503872K) Eden: 2225664K(2225664K)->0K(2225664K) From: 278183K(278208K)->278207K(278208K)
[2025-10-14T10:58:03.380+0300][10.326s][info][gc,heap        ] GC(93) Tenured: 2082447K(5564096K)->2124519K(5564096K)
[2025-10-14T10:58:03.380+0300][10.326s][info][gc,metaspace   ] GC(93) Metaspace: 3787K(3968K)->3787K(3968K) NonClass: 3370K(3456K)->3370K(3456K) Class: 416K(512K)->416K(512K)
[2025-10-14T10:58:03.380+0300][10.326s][info][gc             ] GC(93) Pause Young (Allocation Failure) 4478M->2346M(7878M) 28.962ms
[2025-10-14T10:58:03.380+0300][10.326s][info][gc,cpu         ] GC(93) User=0.02s Sys=0.01s Real=0.03s
[2025-10-14T10:58:03.523+0300][10.470s][info][gc,start       ] GC(94) Pause Young (Allocation Failure)
[2025-10-14T10:58:03.547+0300][10.494s][info][gc,heap        ] GC(94) DefNew: 2503871K(2503872K)->278183K(2503872K) Eden: 2225664K(2225664K)->0K(2225664K) From: 278207K(278208K)->278183K(278208K)
[2025-10-14T10:58:03.547+0300][10.494s][info][gc,heap        ] GC(94) Tenured: 2124519K(5564096K)->2166579K(5564096K)
[2025-10-14T10:58:03.547+0300][10.494s][info][gc,metaspace   ] GC(94) Metaspace: 3787K(3968K)->3787K(3968K) NonClass: 3370K(3456K)->3370K(3456K) Class: 416K(512K)->416K(512K)
[2025-10-14T10:58:03.547+0300][10.494s][info][gc             ] GC(94) Pause Young (Allocation Failure) 4519M->2387M(7878M) 23.812ms
[2025-10-14T10:58:03.547+0300][10.494s][info][gc,cpu         ] GC(94) User=0.01s Sys=0.01s Real=0.02s
[2025-10-14T10:58:03.690+0300][10.637s][info][gc,start       ] GC(95) Pause Young (Allocation Failure)
[2025-10-14T10:58:03.719+0300][10.665s][info][gc,heap        ] GC(95) DefNew: 2503847K(2503872K)->278183K(2503872K) Eden: 2225664K(2225664K)->0K(2225664K) From: 278183K(278208K)->278183K(278208K)
[2025-10-14T10:58:03.719+0300][10.666s][info][gc,heap        ] GC(95) Tenured: 2166579K(5564096K)->2208616K(5564096K)
[2025-10-14T10:58:03.719+0300][10.666s][info][gc,metaspace   ] GC(95) Metaspace: 3787K(3968K)->3787K(3968K) NonClass: 3370K(3456K)->3370K(3456K) Class: 416K(512K)->416K(512K)
[2025-10-14T10:58:03.719+0300][10.666s][info][gc             ] GC(95) Pause Young (Allocation Failure) 4560M->2428M(7878M) 29.031ms
[2025-10-14T10:58:03.719+0300][10.666s][info][gc,cpu         ] GC(95) User=0.02s Sys=0.01s Real=0.02s
[2025-10-14T10:58:03.861+0300][10.808s][info][gc,start       ] GC(96) Pause Young (Allocation Failure)
[2025-10-14T10:58:03.890+0300][10.836s][info][gc,heap        ] GC(96) DefNew: 2503847K(2503872K)->278183K(2503872K) Eden: 2225664K(2225664K)->0K(2225664K) From: 278183K(278208K)->278183K(278208K)
[2025-10-14T10:58:03.890+0300][10.836s][info][gc,heap        ] GC(96) Tenured: 2208616K(5564096K)->2250652K(5564096K)
[2025-10-14T10:58:03.890+0300][10.836s][info][gc,metaspace   ] GC(96) Metaspace: 3787K(3968K)->3787K(3968K) NonClass: 3370K(3456K)->3370K(3456K) Class: 416K(512K)->416K(512K)
[2025-10-14T10:58:03.890+0300][10.836s][info][gc             ] GC(96) Pause Young (Allocation Failure) 4602M->2469M(7878M) 28.394ms
[2025-10-14T10:58:03.890+0300][10.836s][info][gc,cpu         ] GC(96) User=0.01s Sys=0.00s Real=0.03s
[2025-10-14T10:58:04.032+0300][10.979s][info][gc,start       ] GC(97) Pause Young (Allocation Failure)
[2025-10-14T10:58:04.061+0300][11.008s][info][gc,heap        ] GC(97) DefNew: 2503847K(2503872K)->278183K(2503872K) Eden: 2225664K(2225664K)->0K(2225664K) From: 278183K(278208K)->278183K(278208K)
[2025-10-14T10:58:04.061+0300][11.008s][info][gc,heap        ] GC(97) Tenured: 2250652K(5564096K)->2292689K(5564096K)
[2025-10-14T10:58:04.061+0300][11.008s][info][gc,metaspace   ] GC(97) Metaspace: 3787K(3968K)->3787K(3968K) NonClass: 3370K(3456K)->3370K(3456K) Class: 416K(512K)->416K(512K)
[2025-10-14T10:58:04.061+0300][11.008s][info][gc             ] GC(97) Pause Young (Allocation Failure) 4643M->2510M(7878M) 29.152ms
[2025-10-14T10:58:04.061+0300][11.008s][info][gc,cpu         ] GC(97) User=0.01s Sys=0.01s Real=0.03s
[2025-10-14T10:58:04.204+0300][11.151s][info][gc,start       ] GC(98) Pause Young (Allocation Failure)
[2025-10-14T10:58:04.230+0300][11.176s][info][gc,heap        ] GC(98) DefNew: 2503847K(2503872K)->278183K(2503872K) Eden: 2225664K(2225664K)->0K(2225664K) From: 278183K(278208K)->278183K(278208K)
[2025-10-14T10:58:04.230+0300][11.176s][info][gc,heap        ] GC(98) Tenured: 2292689K(5564096K)->2334726K(5564096K)
[2025-10-14T10:58:04.230+0300][11.176s][info][gc,metaspace   ] GC(98) Metaspace: 3787K(3968K)->3787K(3968K) NonClass: 3370K(3456K)->3370K(3456K) Class: 416K(512K)->416K(512K)
[2025-10-14T10:58:04.230+0300][11.176s][info][gc             ] GC(98) Pause Young (Allocation Failure) 4684M->2551M(7878M) 25.856ms
[2025-10-14T10:58:04.230+0300][11.176s][info][gc,cpu         ] GC(98) User=0.02s Sys=0.00s Real=0.03s
[2025-10-14T10:58:04.392+0300][11.339s][info][gc,start       ] GC(99) Pause Young (Allocation Failure)
[2025-10-14T10:58:04.436+0300][11.383s][info][gc,heap        ] GC(99) DefNew: 2503847K(2503872K)->278183K(2503872K) Eden: 2225664K(2225664K)->0K(2225664K) From: 278183K(278208K)->278183K(278208K)
[2025-10-14T10:58:04.436+0300][11.383s][info][gc,heap        ] GC(99) Tenured: 2334726K(5564096K)->2376762K(5564096K)
[2025-10-14T10:58:04.436+0300][11.383s][info][gc,metaspace   ] GC(99) Metaspace: 3787K(3968K)->3787K(3968K) NonClass: 3370K(3456K)->3370K(3456K) Class: 416K(512K)->416K(512K)
[2025-10-14T10:58:04.436+0300][11.383s][info][gc             ] GC(99) Pause Young (Allocation Failure) 4725M->2592M(7878M) 43.811ms
[2025-10-14T10:58:04.436+0300][11.383s][info][gc,cpu         ] GC(99) User=0.02s Sys=0.02s Real=0.04s
[2025-10-14T10:58:04.594+0300][11.541s][info][gc,start       ] GC(100) Pause Young (Allocation Failure)
[2025-10-14T10:58:04.618+0300][11.565s][info][gc,heap        ] GC(100) DefNew: 2503847K(2503872K)->278183K(2503872K) Eden: 2225664K(2225664K)->0K(2225664K) From: 278183K(278208K)->278183K(278208K)
[2025-10-14T10:58:04.618+0300][11.565s][info][gc,heap        ] GC(100) Tenured: 2376762K(5564096K)->2418799K(5564096K)
[2025-10-14T10:58:04.618+0300][11.565s][info][gc,metaspace   ] GC(100) Metaspace: 3787K(3968K)->3787K(3968K) NonClass: 3370K(3456K)->3370K(3456K) Class: 416K(512K)->416K(512K)
[2025-10-14T10:58:04.618+0300][11.565s][info][gc             ] GC(100) Pause Young (Allocation Failure) 4766M->2633M(7878M) 24.214ms
[2025-10-14T10:58:04.618+0300][11.565s][info][gc,cpu         ] GC(100) User=0.02s Sys=0.00s Real=0.02s
[2025-10-14T10:58:04.770+0300][11.716s][info][gc,start       ] GC(101) Pause Young (Allocation Failure)
[2025-10-14T10:58:04.792+0300][11.739s][info][gc,heap        ] GC(101) DefNew: 2503847K(2503872K)->278183K(2503872K) Eden: 2225664K(2225664K)->0K(2225664K) From: 278183K(278208K)->278183K(278208K)
[2025-10-14T10:58:04.792+0300][11.739s][info][gc,heap        ] GC(101) Tenured: 2418799K(5564096K)->2460835K(5564096K)
[2025-10-14T10:58:04.792+0300][11.739s][info][gc,metaspace   ] GC(101) Metaspace: 3787K(3968K)->3787K(3968K) NonClass: 3370K(3456K)->3370K(3456K) Class: 416K(512K)->416K(512K)
[2025-10-14T10:58:04.793+0300][11.739s][info][gc             ] GC(101) Pause Young (Allocation Failure) 4807M->2674M(7878M) 22.876ms
[2025-10-14T10:58:04.793+0300][11.739s][info][gc,cpu         ] GC(101) User=0.02s Sys=0.00s Real=0.02s
[2025-10-14T10:58:04.951+0300][11.898s][info][gc,start       ] GC(102) Pause Young (Allocation Failure)
[2025-10-14T10:58:04.994+0300][11.941s][info][gc,heap        ] GC(102) DefNew: 2503847K(2503872K)->278183K(2503872K) Eden: 2225664K(2225664K)->0K(2225664K) From: 278183K(278208K)->278183K(278208K)
[2025-10-14T10:58:04.994+0300][11.941s][info][gc,heap        ] GC(102) Tenured: 2460835K(5564096K)->2502840K(5564096K)
[2025-10-14T10:58:04.994+0300][11.941s][info][gc,metaspace   ] GC(102) Metaspace: 3787K(3968K)->3787K(3968K) NonClass: 3370K(3456K)->3370K(3456K) Class: 416K(512K)->416K(512K)
[2025-10-14T10:58:04.994+0300][11.941s][info][gc             ] GC(102) Pause Young (Allocation Failure) 4848M->2715M(7878M) 43.250ms
[2025-10-14T10:58:04.994+0300][11.941s][info][gc,cpu         ] GC(102) User=0.02s Sys=0.02s Real=0.04s
[2025-10-14T10:58:05.151+0300][12.098s][info][gc,start       ] GC(103) Pause Young (Allocation Failure)
[2025-10-14T10:58:05.176+0300][12.123s][info][gc,heap        ] GC(103) DefNew: 2503847K(2503872K)->278183K(2503872K) Eden: 2225664K(2225664K)->0K(2225664K) From: 278183K(278208K)->278183K(278208K)
[2025-10-14T10:58:05.176+0300][12.123s][info][gc,heap        ] GC(103) Tenured: 2502840K(5564096K)->2544844K(5564096K)
[2025-10-14T10:58:05.176+0300][12.123s][info][gc,metaspace   ] GC(103) Metaspace: 3787K(3968K)->3787K(3968K) NonClass: 3370K(3456K)->3370K(3456K) Class: 416K(512K)->416K(512K)
[2025-10-14T10:58:05.176+0300][12.123s][info][gc             ] GC(103) Pause Young (Allocation Failure) 4889M->2756M(7878M) 25.281ms
[2025-10-14T10:58:05.176+0300][12.123s][info][gc,cpu         ] GC(103) User=0.02s Sys=0.01s Real=0.02s
[2025-10-14T10:58:05.334+0300][12.280s][info][gc,start       ] GC(104) Pause Young (Allocation Failure)
[2025-10-14T10:58:05.365+0300][12.312s][info][gc,heap        ] GC(104) DefNew: 2503847K(2503872K)->278183K(2503872K) Eden: 2225664K(2225664K)->0K(2225664K) From: 278183K(278208K)->278183K(278208K)
[2025-10-14T10:58:05.365+0300][12.312s][info][gc,heap        ] GC(104) Tenured: 2544844K(5564096K)->2586881K(5564096K)
[2025-10-14T10:58:05.365+0300][12.312s][info][gc,metaspace   ] GC(104) Metaspace: 3787K(3968K)->3787K(3968K) NonClass: 3370K(3456K)->3370K(3456K) Class: 416K(512K)->416K(512K)
[2025-10-14T10:58:05.365+0300][12.312s][info][gc             ] GC(104) Pause Young (Allocation Failure) 4930M->2797M(7878M) 31.390ms
[2025-10-14T10:58:05.365+0300][12.312s][info][gc,cpu         ] GC(104) User=0.02s Sys=0.01s Real=0.03s
[2025-10-14T10:58:05.520+0300][12.466s][info][gc,start       ] GC(105) Pause Young (Allocation Failure)
[2025-10-14T10:58:05.551+0300][12.497s][info][gc,heap        ] GC(105) DefNew: 2503847K(2503872K)->278183K(2503872K) Eden: 2225664K(2225664K)->0K(2225664K) From: 278183K(278208K)->278183K(278208K)
[2025-10-14T10:58:05.551+0300][12.497s][info][gc,heap        ] GC(105) Tenured: 2586881K(5564096K)->2628917K(5564096K)
[2025-10-14T10:58:05.551+0300][12.497s][info][gc,metaspace   ] GC(105) Metaspace: 3787K(3968K)->3787K(3968K) NonClass: 3370K(3456K)->3370K(3456K) Class: 416K(512K)->416K(512K)
[2025-10-14T10:58:05.551+0300][12.497s][info][gc             ] GC(105) Pause Young (Allocation Failure) 4971M->2838M(7878M) 30.838ms
[2025-10-14T10:58:05.551+0300][12.497s][info][gc,cpu         ] GC(105) User=0.02s Sys=0.01s Real=0.03s
[2025-10-14T10:58:05.707+0300][12.653s][info][gc,start       ] GC(106) Pause Young (Allocation Failure)
[2025-10-14T10:58:05.736+0300][12.682s][info][gc,heap        ] GC(106) DefNew: 2503847K(2503872K)->278183K(2503872K) Eden: 2225664K(2225664K)->0K(2225664K) From: 278183K(278208K)->278183K(278208K)
[2025-10-14T10:58:05.736+0300][12.682s][info][gc,heap        ] GC(106) Tenured: 2628917K(5564096K)->2670954K(5564096K)
[2025-10-14T10:58:05.736+0300][12.682s][info][gc,metaspace   ] GC(106) Metaspace: 3787K(3968K)->3787K(3968K) NonClass: 3370K(3456K)->3370K(3456K) Class: 416K(512K)->416K(512K)
[2025-10-14T10:58:05.736+0300][12.682s][info][gc             ] GC(106) Pause Young (Allocation Failure) 5012M->2880M(7878M) 29.113ms
[2025-10-14T10:58:05.736+0300][12.682s][info][gc,cpu         ] GC(106) User=0.02s Sys=0.01s Real=0.03s
[2025-10-14T10:58:05.887+0300][12.833s][info][gc,start       ] GC(107) Pause Young (Allocation Failure)
[2025-10-14T10:58:05.923+0300][12.869s][info][gc,heap        ] GC(107) DefNew: 2503847K(2503872K)->278183K(2503872K) Eden: 2225664K(2225664K)->0K(2225664K) From: 278183K(278208K)->278183K(278208K)
[2025-10-14T10:58:05.923+0300][12.869s][info][gc,heap        ] GC(107) Tenured: 2670954K(5564096K)->2712990K(5564096K)
[2025-10-14T10:58:05.923+0300][12.869s][info][gc,metaspace   ] GC(107) Metaspace: 3787K(3968K)->3787K(3968K) NonClass: 3370K(3456K)->3370K(3456K) Class: 416K(512K)->416K(512K)
[2025-10-14T10:58:05.923+0300][12.869s][info][gc             ] GC(107) Pause Young (Allocation Failure) 5053M->2921M(7878M) 36.171ms
[2025-10-14T10:58:05.923+0300][12.869s][info][gc,cpu         ] GC(107) User=0.01s Sys=0.00s Real=0.04s
[2025-10-14T10:58:06.073+0300][13.019s][info][gc,start       ] GC(108) Pause Young (Allocation Failure)
[2025-10-14T10:58:06.108+0300][13.055s][info][gc,heap        ] GC(108) DefNew: 2503847K(2503872K)->278183K(2503872K) Eden: 2225664K(2225664K)->0K(2225664K) From: 278183K(278208K)->278183K(278208K)
[2025-10-14T10:58:06.108+0300][13.055s][info][gc,heap        ] GC(108) Tenured: 2712990K(5564096K)->2755027K(5564096K)
[2025-10-14T10:58:06.108+0300][13.055s][info][gc,metaspace   ] GC(108) Metaspace: 3787K(3968K)->3787K(3968K) NonClass: 3370K(3456K)->3370K(3456K) Class: 416K(512K)->416K(512K)
[2025-10-14T10:58:06.108+0300][13.055s][info][gc             ] GC(108) Pause Young (Allocation Failure) 5094M->2962M(7878M) 35.760ms
[2025-10-14T10:58:06.108+0300][13.055s][info][gc,cpu         ] GC(108) User=0.02s Sys=0.01s Real=0.03s
[2025-10-14T10:58:06.266+0300][13.212s][info][gc,start       ] GC(109) Pause Young (Allocation Failure)
[2025-10-14T10:58:06.295+0300][13.242s][info][gc,heap        ] GC(109) DefNew: 2503847K(2503872K)->278183K(2503872K) Eden: 2225664K(2225664K)->0K(2225664K) From: 278183K(278208K)->278183K(278208K)
[2025-10-14T10:58:06.295+0300][13.242s][info][gc,heap        ] GC(109) Tenured: 2755027K(5564096K)->2797063K(5564096K)
[2025-10-14T10:58:06.295+0300][13.242s][info][gc,metaspace   ] GC(109) Metaspace: 3787K(3968K)->3787K(3968K) NonClass: 3370K(3456K)->3370K(3456K) Class: 416K(512K)->416K(512K)
[2025-10-14T10:58:06.295+0300][13.242s][info][gc             ] GC(109) Pause Young (Allocation Failure) 5135M->3003M(7878M) 29.583ms
[2025-10-14T10:58:06.295+0300][13.242s][info][gc,cpu         ] GC(109) User=0.02s Sys=0.01s Real=0.03s
[2025-10-14T10:58:06.456+0300][13.403s][info][gc,start       ] GC(110) Pause Young (Allocation Failure)
[2025-10-14T10:58:06.488+0300][13.435s][info][gc,heap        ] GC(110) DefNew: 2503847K(2503872K)->278183K(2503872K) Eden: 2225664K(2225664K)->0K(2225664K) From: 278183K(278208K)->278183K(278208K)
[2025-10-14T10:58:06.488+0300][13.435s][info][gc,heap        ] GC(110) Tenured: 2797063K(5564096K)->2839068K(5564096K)
[2025-10-14T10:58:06.488+0300][13.435s][info][gc,metaspace   ] GC(110) Metaspace: 3787K(3968K)->3787K(3968K) NonClass: 3370K(3456K)->3370K(3456K) Class: 416K(512K)->416K(512K)
[2025-10-14T10:58:06.488+0300][13.435s][info][gc             ] GC(110) Pause Young (Allocation Failure) 5176M->3044M(7878M) 31.926ms
[2025-10-14T10:58:06.488+0300][13.435s][info][gc,cpu         ] GC(110) User=0.02s Sys=0.01s Real=0.03s
[2025-10-14T10:58:06.632+0300][13.579s][info][gc,start       ] GC(111) Pause Young (Allocation Failure)
[2025-10-14T10:58:06.664+0300][13.611s][info][gc,heap        ] GC(111) DefNew: 2503847K(2503872K)->278183K(2503872K) Eden: 2225664K(2225664K)->0K(2225664K) From: 278183K(278208K)->278183K(278208K)
[2025-10-14T10:58:06.664+0300][13.611s][info][gc,heap        ] GC(111) Tenured: 2839068K(5564096K)->2881104K(5564096K)
[2025-10-14T10:58:06.664+0300][13.611s][info][gc,metaspace   ] GC(111) Metaspace: 3787K(3968K)->3787K(3968K) NonClass: 3370K(3456K)->3370K(3456K) Class: 416K(512K)->416K(512K)
[2025-10-14T10:58:06.664+0300][13.611s][info][gc             ] GC(111) Pause Young (Allocation Failure) 5217M->3085M(7878M) 32.487ms
[2025-10-14T10:58:06.664+0300][13.611s][info][gc,cpu         ] GC(111) User=0.02s Sys=0.01s Real=0.03s
[2025-10-14T10:58:06.806+0300][13.753s][info][gc,start       ] GC(112) Pause Young (Allocation Failure)
[2025-10-14T10:58:06.839+0300][13.786s][info][gc,heap        ] GC(112) DefNew: 2503847K(2503872K)->278183K(2503872K) Eden: 2225664K(2225664K)->0K(2225664K) From: 278183K(278208K)->278183K(278208K)
[2025-10-14T10:58:06.839+0300][13.786s][info][gc,heap        ] GC(112) Tenured: 2881104K(5564096K)->2923141K(5564096K)
[2025-10-14T10:58:06.839+0300][13.786s][info][gc,metaspace   ] GC(112) Metaspace: 3787K(3968K)->3787K(3968K) NonClass: 3370K(3456K)->3370K(3456K) Class: 416K(512K)->416K(512K)
[2025-10-14T10:58:06.839+0300][13.786s][info][gc             ] GC(112) Pause Young (Allocation Failure) 5258M->3126M(7878M) 33.023ms
[2025-10-14T10:58:06.839+0300][13.786s][info][gc,cpu         ] GC(112) User=0.02s Sys=0.00s Real=0.03s
[2025-10-14T10:58:06.983+0300][13.930s][info][gc,start       ] GC(113) Pause Young (Allocation Failure)
[2025-10-14T10:58:07.013+0300][13.960s][info][gc,heap        ] GC(113) DefNew: 2503847K(2503872K)->278183K(2503872K) Eden: 2225664K(2225664K)->0K(2225664K) From: 278183K(278208K)->278183K(278208K)
[2025-10-14T10:58:07.013+0300][13.960s][info][gc,heap        ] GC(113) Tenured: 2923141K(5564096K)->2965145K(5564096K)
[2025-10-14T10:58:07.013+0300][13.960s][info][gc,metaspace   ] GC(113) Metaspace: 3787K(3968K)->3787K(3968K) NonClass: 3370K(3456K)->3370K(3456K) Class: 416K(512K)->416K(512K)
[2025-10-14T10:58:07.014+0300][13.960s][info][gc             ] GC(113) Pause Young (Allocation Failure) 5299M->3167M(7878M) 30.181ms
[2025-10-14T10:58:07.014+0300][13.960s][info][gc,cpu         ] GC(113) User=0.01s Sys=0.01s Real=0.03s
[2025-10-14T10:58:07.158+0300][14.104s][info][gc,start       ] GC(114) Pause Young (Allocation Failure)
[2025-10-14T10:58:07.188+0300][14.134s][info][gc,heap        ] GC(114) DefNew: 2503847K(2503872K)->278183K(2503872K) Eden: 2225664K(2225664K)->0K(2225664K) From: 278183K(278208K)->278183K(278208K)
[2025-10-14T10:58:07.188+0300][14.134s][info][gc,heap        ] GC(114) Tenured: 2965145K(5564096K)->3007182K(5564096K)
[2025-10-14T10:58:07.188+0300][14.134s][info][gc,metaspace   ] GC(114) Metaspace: 3787K(3968K)->3787K(3968K) NonClass: 3370K(3456K)->3370K(3456K) Class: 416K(512K)->416K(512K)
[2025-10-14T10:58:07.188+0300][14.134s][info][gc             ] GC(114) Pause Young (Allocation Failure) 5340M->3208M(7878M) 30.277ms
[2025-10-14T10:58:07.188+0300][14.134s][info][gc,cpu         ] GC(114) User=0.01s Sys=0.00s Real=0.03s
[2025-10-14T10:58:07.333+0300][14.280s][info][gc,start       ] GC(115) Pause Young (Allocation Failure)
[2025-10-14T10:58:07.364+0300][14.311s][info][gc,heap        ] GC(115) DefNew: 2503847K(2503872K)->278183K(2503872K) Eden: 2225664K(2225664K)->0K(2225664K) From: 278183K(278208K)->278183K(278208K)
[2025-10-14T10:58:07.364+0300][14.311s][info][gc,heap        ] GC(115) Tenured: 3007182K(5564096K)->3049218K(5564096K)
[2025-10-14T10:58:07.364+0300][14.311s][info][gc,metaspace   ] GC(115) Metaspace: 3787K(3968K)->3787K(3968K) NonClass: 3370K(3456K)->3370K(3456K) Class: 416K(512K)->416K(512K)
[2025-10-14T10:58:07.364+0300][14.311s][info][gc             ] GC(115) Pause Young (Allocation Failure) 5381M->3249M(7878M) 31.419ms
[2025-10-14T10:58:07.364+0300][14.311s][info][gc,cpu         ] GC(115) User=0.02s Sys=0.00s Real=0.03s
[2025-10-14T10:58:07.506+0300][14.452s][info][gc,start       ] GC(116) Pause Young (Allocation Failure)
[2025-10-14T10:58:07.535+0300][14.481s][info][gc,heap        ] GC(116) DefNew: 2503847K(2503872K)->278183K(2503872K) Eden: 2225664K(2225664K)->0K(2225664K) From: 278183K(278208K)->278183K(278208K)
[2025-10-14T10:58:07.535+0300][14.482s][info][gc,heap        ] GC(116) Tenured: 3049218K(5564096K)->3091255K(5564096K)
[2025-10-14T10:58:07.535+0300][14.482s][info][gc,metaspace   ] GC(116) Metaspace: 3787K(3968K)->3787K(3968K) NonClass: 3370K(3456K)->3370K(3456K) Class: 416K(512K)->416K(512K)
[2025-10-14T10:58:07.535+0300][14.482s][info][gc             ] GC(116) Pause Young (Allocation Failure) 5422M->3290M(7878M) 29.462ms
[2025-10-14T10:58:07.535+0300][14.482s][info][gc,cpu         ] GC(116) User=0.02s Sys=0.00s Real=0.03s
[2025-10-14T10:58:07.678+0300][14.625s][info][gc,start       ] GC(117) Pause Young (Allocation Failure)
[2025-10-14T10:58:07.705+0300][14.651s][info][gc,heap        ] GC(117) DefNew: 2503839K(2503872K)->278183K(2503872K) Eden: 2225655K(2225664K)->0K(2225664K) From: 278183K(278208K)->278183K(278208K)
[2025-10-14T10:58:07.705+0300][14.651s][info][gc,heap        ] GC(117) Tenured: 3091255K(5564096K)->3133323K(5564096K)
[2025-10-14T10:58:07.705+0300][14.651s][info][gc,metaspace   ] GC(117) Metaspace: 3787K(3968K)->3787K(3968K) NonClass: 3370K(3456K)->3370K(3456K) Class: 416K(512K)->416K(512K)
[2025-10-14T10:58:07.705+0300][14.651s][info][gc             ] GC(117) Pause Young (Allocation Failure) 5463M->3331M(7878M) 26.318ms
[2025-10-14T10:58:07.705+0300][14.651s][info][gc,cpu         ] GC(117) User=0.01s Sys=0.01s Real=0.03s
[2025-10-14T10:58:07.852+0300][14.798s][info][gc,start       ] GC(118) Pause Young (Allocation Failure)
[2025-10-14T10:58:07.886+0300][14.833s][info][gc,heap        ] GC(118) DefNew: 2503847K(2503872K)->278183K(2503872K) Eden: 2225664K(2225664K)->0K(2225664K) From: 278183K(278208K)->278183K(278208K)
[2025-10-14T10:58:07.886+0300][14.833s][info][gc,heap        ] GC(118) Tenured: 3133323K(5564096K)->3175328K(5564096K)
[2025-10-14T10:58:07.886+0300][14.833s][info][gc,metaspace   ] GC(118) Metaspace: 3787K(3968K)->3787K(3968K) NonClass: 3370K(3456K)->3370K(3456K) Class: 416K(512K)->416K(512K)
[2025-10-14T10:58:07.886+0300][14.833s][info][gc             ] GC(118) Pause Young (Allocation Failure) 5505M->3372M(7878M) 34.511ms
[2025-10-14T10:58:07.886+0300][14.833s][info][gc,cpu         ] GC(118) User=0.02s Sys=0.01s Real=0.03s
[2025-10-14T10:58:08.037+0300][14.983s][info][gc,start       ] GC(119) Pause Young (Allocation Failure)
[2025-10-14T10:58:08.069+0300][15.015s][info][gc,heap        ] GC(119) DefNew: 2503847K(2503872K)->278183K(2503872K) Eden: 2225664K(2225664K)->0K(2225664K) From: 278183K(278208K)->278183K(278208K)
[2025-10-14T10:58:08.069+0300][15.015s][info][gc,heap        ] GC(119) Tenured: 3175328K(5564096K)->3217364K(5564096K)
[2025-10-14T10:58:08.069+0300][15.015s][info][gc,metaspace   ] GC(119) Metaspace: 3787K(3968K)->3787K(3968K) NonClass: 3370K(3456K)->3370K(3456K) Class: 416K(512K)->416K(512K)
[2025-10-14T10:58:08.069+0300][15.016s][info][gc             ] GC(119) Pause Young (Allocation Failure) 5546M->3413M(7878M) 32.450ms
[2025-10-14T10:58:08.069+0300][15.016s][info][gc,cpu         ] GC(119) User=0.01s Sys=0.00s Real=0.03s
[2025-10-14T10:58:08.213+0300][15.160s][info][gc,start       ] GC(120) Pause Young (Allocation Failure)
[2025-10-14T10:58:08.243+0300][15.190s][info][gc,heap        ] GC(120) DefNew: 2503847K(2503872K)->278183K(2503872K) Eden: 2225664K(2225664K)->0K(2225664K) From: 278183K(278208K)->278183K(278208K)
[2025-10-14T10:58:08.243+0300][15.190s][info][gc,heap        ] GC(120) Tenured: 3217364K(5564096K)->3259401K(5564096K)
[2025-10-14T10:58:08.243+0300][15.190s][info][gc,metaspace   ] GC(120) Metaspace: 3787K(3968K)->3787K(3968K) NonClass: 3370K(3456K)->3370K(3456K) Class: 416K(512K)->416K(512K)
[2025-10-14T10:58:08.243+0300][15.190s][info][gc             ] GC(120) Pause Young (Allocation Failure) 5587M->3454M(7878M) 30.022ms
[2025-10-14T10:58:08.243+0300][15.190s][info][gc,cpu         ] GC(120) User=0.01s Sys=0.00s Real=0.03s
[2025-10-14T10:58:08.387+0300][15.334s][info][gc,start       ] GC(121) Pause Young (Allocation Failure)
[2025-10-14T10:58:08.419+0300][15.366s][info][gc,heap        ] GC(121) DefNew: 2503847K(2503872K)->278183K(2503872K) Eden: 2225664K(2225664K)->0K(2225664K) From: 278183K(278208K)->278183K(278208K)
[2025-10-14T10:58:08.419+0300][15.366s][info][gc,heap        ] GC(121) Tenured: 3259401K(5564096K)->3301437K(5564096K)
[2025-10-14T10:58:08.419+0300][15.366s][info][gc,metaspace   ] GC(121) Metaspace: 3787K(3968K)->3787K(3968K) NonClass: 3370K(3456K)->3370K(3456K) Class: 416K(512K)->416K(512K)
[2025-10-14T10:58:08.419+0300][15.366s][info][gc             ] GC(121) Pause Young (Allocation Failure) 5628M->3495M(7878M) 32.033ms
[2025-10-14T10:58:08.419+0300][15.366s][info][gc,cpu         ] GC(121) User=0.02s Sys=0.00s Real=0.03s
[2025-10-14T10:58:08.564+0300][15.510s][info][gc,start       ] GC(122) Pause Young (Allocation Failure)
[2025-10-14T10:58:08.595+0300][15.542s][info][gc,heap        ] GC(122) DefNew: 2503847K(2503872K)->278183K(2503872K) Eden: 2225664K(2225664K)->0K(2225664K) From: 278183K(278208K)->278183K(278208K)
[2025-10-14T10:58:08.595+0300][15.542s][info][gc,heap        ] GC(122) Tenured: 3301437K(5564096K)->3343474K(5564096K)
[2025-10-14T10:58:08.595+0300][15.542s][info][gc,metaspace   ] GC(122) Metaspace: 3787K(3968K)->3787K(3968K) NonClass: 3370K(3456K)->3370K(3456K) Class: 416K(512K)->416K(512K)
[2025-10-14T10:58:08.595+0300][15.542s][info][gc             ] GC(122) Pause Young (Allocation Failure) 5669M->3536M(7878M) 31.513ms
[2025-10-14T10:58:08.595+0300][15.542s][info][gc,cpu         ] GC(122) User=0.02s Sys=0.01s Real=0.03s
[2025-10-14T10:58:08.738+0300][15.685s][info][gc,start       ] GC(123) Pause Young (Allocation Failure)
[2025-10-14T10:58:08.768+0300][15.715s][info][gc,heap        ] GC(123) DefNew: 2503847K(2503872K)->278183K(2503872K) Eden: 2225664K(2225664K)->0K(2225664K) From: 278183K(278208K)->278183K(278208K)
[2025-10-14T10:58:08.768+0300][15.715s][info][gc,heap        ] GC(123) Tenured: 3343474K(5564096K)->3385510K(5564096K)
[2025-10-14T10:58:08.768+0300][15.715s][info][gc,metaspace   ] GC(123) Metaspace: 3787K(3968K)->3787K(3968K) NonClass: 3370K(3456K)->3370K(3456K) Class: 416K(512K)->416K(512K)
[2025-10-14T10:58:08.768+0300][15.715s][info][gc             ] GC(123) Pause Young (Allocation Failure) 5710M->3577M(7878M) 30.100ms
[2025-10-14T10:58:08.769+0300][15.715s][info][gc,cpu         ] GC(123) User=0.02s Sys=0.00s Real=0.03s
[2025-10-14T10:58:08.910+0300][15.857s][info][gc,start       ] GC(124) Pause Young (Allocation Failure)
[2025-10-14T10:58:08.937+0300][15.883s][info][gc,heap        ] GC(124) DefNew: 2503847K(2503872K)->278183K(2503872K) Eden: 2225664K(2225664K)->0K(2225664K) From: 278183K(278208K)->278183K(278208K)
[2025-10-14T10:58:08.937+0300][15.883s][info][gc,heap        ] GC(124) Tenured: 3385510K(5564096K)->3427547K(5564096K)
[2025-10-14T10:58:08.937+0300][15.883s][info][gc,metaspace   ] GC(124) Metaspace: 3787K(3968K)->3787K(3968K) NonClass: 3370K(3456K)->3370K(3456K) Class: 416K(512K)->416K(512K)
[2025-10-14T10:58:08.937+0300][15.883s][info][gc             ] GC(124) Pause Young (Allocation Failure) 5751M->3618M(7878M) 26.654ms
[2025-10-14T10:58:08.937+0300][15.883s][info][gc,cpu         ] GC(124) User=0.02s Sys=0.01s Real=0.02s
[2025-10-14T10:58:09.079+0300][16.026s][info][gc,start       ] GC(125) Pause Young (Allocation Failure)
[2025-10-14T10:58:09.109+0300][16.056s][info][gc,heap        ] GC(125) DefNew: 2503821K(2503872K)->278183K(2503872K) Eden: 2225637K(2225664K)->0K(2225664K) From: 278183K(278208K)->278183K(278208K)
[2025-10-14T10:58:09.110+0300][16.056s][info][gc,heap        ] GC(125) Tenured: 3427547K(5564096K)->3469583K(5564096K)
[2025-10-14T10:58:09.110+0300][16.056s][info][gc,metaspace   ] GC(125) Metaspace: 3787K(3968K)->3787K(3968K) NonClass: 3370K(3456K)->3370K(3456K) Class: 416K(512K)->416K(512K)
[2025-10-14T10:58:09.110+0300][16.056s][info][gc             ] GC(125) Pause Young (Allocation Failure) 5792M->3659M(7878M) 30.509ms
[2025-10-14T10:58:09.110+0300][16.056s][info][gc,cpu         ] GC(125) User=0.01s Sys=0.01s Real=0.04s
[2025-10-14T10:58:09.252+0300][16.199s][info][gc,start       ] GC(126) Pause Young (Allocation Failure)
[2025-10-14T10:58:09.281+0300][16.227s][info][gc,heap        ] GC(126) DefNew: 2503847K(2503872K)->278183K(2503872K) Eden: 2225664K(2225664K)->0K(2225664K) From: 278183K(278208K)->278183K(278208K)
[2025-10-14T10:58:09.281+0300][16.228s][info][gc,heap        ] GC(126) Tenured: 3469583K(5564096K)->3511620K(5564096K)
[2025-10-14T10:58:09.281+0300][16.228s][info][gc,metaspace   ] GC(126) Metaspace: 3787K(3968K)->3787K(3968K) NonClass: 3370K(3456K)->3370K(3456K) Class: 416K(512K)->416K(512K)
[2025-10-14T10:58:09.281+0300][16.228s][info][gc             ] GC(126) Pause Young (Allocation Failure) 5833M->3700M(7878M) 29.066ms
[2025-10-14T10:58:09.281+0300][16.228s][info][gc,cpu         ] GC(126) User=0.02s Sys=0.00s Real=0.03s
[2025-10-14T10:58:09.431+0300][16.377s][info][gc,start       ] GC(127) Pause Young (Allocation Failure)
[2025-10-14T10:58:09.458+0300][16.404s][info][gc,heap        ] GC(127) DefNew: 2503847K(2503872K)->278183K(2503872K) Eden: 2225664K(2225664K)->0K(2225664K) From: 278183K(278208K)->278183K(278208K)
[2025-10-14T10:58:09.458+0300][16.405s][info][gc,heap        ] GC(127) Tenured: 3511620K(5564096K)->3553656K(5564096K)
[2025-10-14T10:58:09.458+0300][16.405s][info][gc,metaspace   ] GC(127) Metaspace: 3787K(3968K)->3787K(3968K) NonClass: 3370K(3456K)->3370K(3456K) Class: 416K(512K)->416K(512K)
[2025-10-14T10:58:09.458+0300][16.405s][info][gc             ] GC(127) Pause Young (Allocation Failure) 5874M->3742M(7878M) 27.157ms
[2025-10-14T10:58:09.458+0300][16.405s][info][gc,cpu         ] GC(127) User=0.02s Sys=0.01s Real=0.02s
[2025-10-14T10:58:09.602+0300][16.548s][info][gc,start       ] GC(128) Pause Young (Allocation Failure)
[2025-10-14T10:58:09.633+0300][16.579s][info][gc,heap        ] GC(128) DefNew: 2503847K(2503872K)->278183K(2503872K) Eden: 2225664K(2225664K)->0K(2225664K) From: 278183K(278208K)->278183K(278208K)
[2025-10-14T10:58:09.633+0300][16.579s][info][gc,heap        ] GC(128) Tenured: 3553656K(5564096K)->3595693K(5564096K)
[2025-10-14T10:58:09.633+0300][16.579s][info][gc,metaspace   ] GC(128) Metaspace: 3787K(3968K)->3787K(3968K) NonClass: 3370K(3456K)->3370K(3456K) Class: 416K(512K)->416K(512K)
[2025-10-14T10:58:09.633+0300][16.579s][info][gc             ] GC(128) Pause Young (Allocation Failure) 5915M->3783M(7878M) 30.968ms
[2025-10-14T10:58:09.633+0300][16.579s][info][gc,cpu         ] GC(128) User=0.01s Sys=0.00s Real=0.03s
[2025-10-14T10:58:09.787+0300][16.734s][info][gc,start       ] GC(129) Pause Young (Allocation Failure)
[2025-10-14T10:58:09.818+0300][16.765s][info][gc,heap        ] GC(129) DefNew: 2503847K(2503872K)->278183K(2503872K) Eden: 2225664K(2225664K)->0K(2225664K) From: 278183K(278208K)->278183K(278208K)
[2025-10-14T10:58:09.818+0300][16.765s][info][gc,heap        ] GC(129) Tenured: 3595693K(5564096K)->3637729K(5564096K)
[2025-10-14T10:58:09.818+0300][16.765s][info][gc,metaspace   ] GC(129) Metaspace: 3787K(3968K)->3787K(3968K) NonClass: 3370K(3456K)->3370K(3456K) Class: 416K(512K)->416K(512K)
[2025-10-14T10:58:09.818+0300][16.765s][info][gc             ] GC(129) Pause Young (Allocation Failure) 5956M->3824M(7878M) 31.212ms
[2025-10-14T10:58:09.818+0300][16.765s][info][gc,cpu         ] GC(129) User=0.02s Sys=0.00s Real=0.03s
[2025-10-14T10:58:09.969+0300][16.916s][info][gc,start       ] GC(130) Pause Young (Allocation Failure)
[2025-10-14T10:58:10.004+0300][16.950s][info][gc,heap        ] GC(130) DefNew: 2503847K(2503872K)->278183K(2503872K) Eden: 2225664K(2225664K)->0K(2225664K) From: 278183K(278208K)->278183K(278208K)
[2025-10-14T10:58:10.004+0300][16.950s][info][gc,heap        ] GC(130) Tenured: 3637729K(5564096K)->3679734K(5564096K)
[2025-10-14T10:58:10.004+0300][16.950s][info][gc,metaspace   ] GC(130) Metaspace: 3787K(3968K)->3787K(3968K) NonClass: 3370K(3456K)->3370K(3456K) Class: 416K(512K)->416K(512K)
[2025-10-14T10:58:10.004+0300][16.950s][info][gc             ] GC(130) Pause Young (Allocation Failure) 5997M->3865M(7878M) 34.489ms
[2025-10-14T10:58:10.004+0300][16.950s][info][gc,cpu         ] GC(130) User=0.01s Sys=0.01s Real=0.04s
[2025-10-14T10:58:10.148+0300][17.095s][info][gc,start       ] GC(131) Pause Young (Allocation Failure)
[2025-10-14T10:58:10.173+0300][17.120s][info][gc,heap        ] GC(131) DefNew: 2503847K(2503872K)->278183K(2503872K) Eden: 2225664K(2225664K)->0K(2225664K) From: 278183K(278208K)->278183K(278208K)
[2025-10-14T10:58:10.173+0300][17.120s][info][gc,heap        ] GC(131) Tenured: 3679734K(5564096K)->3721770K(5564096K)
[2025-10-14T10:58:10.173+0300][17.120s][info][gc,metaspace   ] GC(131) Metaspace: 3787K(3968K)->3787K(3968K) NonClass: 3370K(3456K)->3370K(3456K) Class: 416K(512K)->416K(512K)
[2025-10-14T10:58:10.173+0300][17.120s][info][gc             ] GC(131) Pause Young (Allocation Failure) 6038M->3906M(7878M) 25.272ms
[2025-10-14T10:58:10.173+0300][17.120s][info][gc,cpu         ] GC(131) User=0.02s Sys=0.01s Real=0.03s
[2025-10-14T10:58:10.315+0300][17.261s][info][gc,start       ] GC(132) Pause Young (Allocation Failure)
[2025-10-14T10:58:10.344+0300][17.290s][info][gc,heap        ] GC(132) DefNew: 2503847K(2503872K)->278183K(2503872K) Eden: 2225664K(2225664K)->0K(2225664K) From: 278183K(278208K)->278183K(278208K)
[2025-10-14T10:58:10.344+0300][17.290s][info][gc,heap        ] GC(132) Tenured: 3721770K(5564096K)->3763807K(5564096K)
[2025-10-14T10:58:10.344+0300][17.290s][info][gc,metaspace   ] GC(132) Metaspace: 3787K(3968K)->3787K(3968K) NonClass: 3370K(3456K)->3370K(3456K) Class: 416K(512K)->416K(512K)
[2025-10-14T10:58:10.344+0300][17.290s][info][gc             ] GC(132) Pause Young (Allocation Failure) 6079M->3947M(7878M) 28.834ms
[2025-10-14T10:58:10.344+0300][17.290s][info][gc,cpu         ] GC(132) User=0.01s Sys=0.00s Real=0.03s
[2025-10-14T10:58:10.490+0300][17.436s][info][gc,start       ] GC(133) Pause Young (Allocation Failure)
[2025-10-14T10:58:10.516+0300][17.462s][info][gc,heap        ] GC(133) DefNew: 2503847K(2503872K)->278183K(2503872K) Eden: 2225664K(2225664K)->0K(2225664K) From: 278183K(278208K)->278183K(278208K)
[2025-10-14T10:58:10.516+0300][17.463s][info][gc,heap        ] GC(133) Tenured: 3763807K(5564096K)->3805843K(5564096K)
[2025-10-14T10:58:10.516+0300][17.463s][info][gc,metaspace   ] GC(133) Metaspace: 3787K(3968K)->3787K(3968K) NonClass: 3370K(3456K)->3370K(3456K) Class: 416K(512K)->416K(512K)
[2025-10-14T10:58:10.516+0300][17.463s][info][gc             ] GC(133) Pause Young (Allocation Failure) 6120M->3988M(7878M) 26.234ms
[2025-10-14T10:58:10.516+0300][17.463s][info][gc,cpu         ] GC(133) User=0.02s Sys=0.00s Real=0.02s
[2025-10-14T10:58:10.659+0300][17.606s][info][gc,start       ] GC(134) Pause Young (Allocation Failure)
[2025-10-14T10:58:10.679+0300][17.626s][info][gc,heap        ] GC(134) DefNew: 2503847K(2503872K)->278183K(2503872K) Eden: 2225664K(2225664K)->0K(2225664K) From: 278183K(278208K)->278183K(278208K)
[2025-10-14T10:58:10.679+0300][17.626s][info][gc,heap        ] GC(134) Tenured: 3805843K(5564096K)->3847880K(5564096K)
[2025-10-14T10:58:10.679+0300][17.626s][info][gc,metaspace   ] GC(134) Metaspace: 3787K(3968K)->3787K(3968K) NonClass: 3370K(3456K)->3370K(3456K) Class: 416K(512K)->416K(512K)
[2025-10-14T10:58:10.679+0300][17.626s][info][gc             ] GC(134) Pause Young (Allocation Failure) 6161M->4029M(7878M) 19.831ms
[2025-10-14T10:58:10.679+0300][17.626s][info][gc,cpu         ] GC(134) User=0.02s Sys=0.00s Real=0.02s
[2025-10-14T10:58:10.832+0300][17.778s][info][gc,start       ] GC(135) Pause Young (Allocation Failure)
[2025-10-14T10:58:10.871+0300][17.817s][info][gc,heap        ] GC(135) DefNew: 2503847K(2503872K)->278183K(2503872K) Eden: 2225664K(2225664K)->0K(2225664K) From: 278183K(278208K)->278183K(278208K)
[2025-10-14T10:58:10.871+0300][17.817s][info][gc,heap        ] GC(135) Tenured: 3847880K(5564096K)->3889917K(5564096K)
[2025-10-14T10:58:10.871+0300][17.817s][info][gc,metaspace   ] GC(135) Metaspace: 3787K(3968K)->3787K(3968K) NonClass: 3370K(3456K)->3370K(3456K) Class: 416K(512K)->416K(512K)
[2025-10-14T10:58:10.871+0300][17.817s][info][gc             ] GC(135) Pause Young (Allocation Failure) 6202M->4070M(7878M) 38.848ms
[2025-10-14T10:58:10.871+0300][17.817s][info][gc,cpu         ] GC(135) User=0.02s Sys=0.01s Real=0.04s
[2025-10-14T10:58:11.015+0300][17.962s][info][gc,start       ] GC(136) Pause Young (Allocation Failure)
[2025-10-14T10:58:11.043+0300][17.990s][info][gc,heap        ] GC(136) DefNew: 2503847K(2503872K)->278183K(2503872K) Eden: 2225664K(2225664K)->0K(2225664K) From: 278183K(278208K)->278183K(278208K)
[2025-10-14T10:58:11.043+0300][17.990s][info][gc,heap        ] GC(136) Tenured: 3889917K(5564096K)->3931953K(5564096K)
[2025-10-14T10:58:11.043+0300][17.990s][info][gc,metaspace   ] GC(136) Metaspace: 3787K(3968K)->3787K(3968K) NonClass: 3370K(3456K)->3370K(3456K) Class: 416K(512K)->416K(512K)
[2025-10-14T10:58:11.043+0300][17.990s][info][gc             ] GC(136) Pause Young (Allocation Failure) 6243M->4111M(7878M) 27.863ms
[2025-10-14T10:58:11.043+0300][17.990s][info][gc,cpu         ] GC(136) User=0.02s Sys=0.01s Real=0.03s
[2025-10-14T10:58:11.187+0300][18.133s][info][gc,start       ] GC(137) Pause Young (Allocation Failure)
[2025-10-14T10:58:11.216+0300][18.162s][info][gc,heap        ] GC(137) DefNew: 2503847K(2503872K)->278183K(2503872K) Eden: 2225664K(2225664K)->0K(2225664K) From: 278183K(278208K)->278183K(278208K)
[2025-10-14T10:58:11.216+0300][18.162s][info][gc,heap        ] GC(137) Tenured: 3931953K(5564096K)->3973990K(5564096K)
[2025-10-14T10:58:11.216+0300][18.162s][info][gc,metaspace   ] GC(137) Metaspace: 3787K(3968K)->3787K(3968K) NonClass: 3370K(3456K)->3370K(3456K) Class: 416K(512K)->416K(512K)
[2025-10-14T10:58:11.216+0300][18.162s][info][gc             ] GC(137) Pause Young (Allocation Failure) 6284M->4152M(7878M) 29.263ms
[2025-10-14T10:58:11.216+0300][18.162s][info][gc,cpu         ] GC(137) User=0.02s Sys=0.00s Real=0.03s
[2025-10-14T10:58:11.358+0300][18.304s][info][gc,start       ] GC(138) Pause Young (Allocation Failure)
[2025-10-14T10:58:11.386+0300][18.333s][info][gc,heap        ] GC(138) DefNew: 2503847K(2503872K)->278183K(2503872K) Eden: 2225664K(2225664K)->0K(2225664K) From: 278183K(278208K)->278183K(278208K)
[2025-10-14T10:58:11.386+0300][18.333s][info][gc,heap        ] GC(138) Tenured: 3973990K(5564096K)->4016026K(5564096K)
[2025-10-14T10:58:11.386+0300][18.333s][info][gc,metaspace   ] GC(138) Metaspace: 3787K(3968K)->3787K(3968K) NonClass: 3370K(3456K)->3370K(3456K) Class: 416K(512K)->416K(512K)
[2025-10-14T10:58:11.386+0300][18.333s][info][gc             ] GC(138) Pause Young (Allocation Failure) 6326M->4193M(7878M) 28.554ms
[2025-10-14T10:58:11.386+0300][18.333s][info][gc,cpu         ] GC(138) User=0.02s Sys=0.00s Real=0.03s
[2025-10-14T10:58:11.528+0300][18.475s][info][gc,start       ] GC(139) Pause Young (Allocation Failure)
[2025-10-14T10:58:11.556+0300][18.502s][info][gc,heap        ] GC(139) DefNew: 2503847K(2503872K)->278183K(2503872K) Eden: 2225664K(2225664K)->0K(2225664K) From: 278183K(278208K)->278183K(278208K)
[2025-10-14T10:58:11.556+0300][18.503s][info][gc,heap        ] GC(139) Tenured: 4016026K(5564096K)->4058063K(5564096K)
[2025-10-14T10:58:11.556+0300][18.503s][info][gc,metaspace   ] GC(139) Metaspace: 3787K(3968K)->3787K(3968K) NonClass: 3370K(3456K)->3370K(3456K) Class: 416K(512K)->416K(512K)
[2025-10-14T10:58:11.556+0300][18.503s][info][gc             ] GC(139) Pause Young (Allocation Failure) 6367M->4234M(7878M) 28.082ms
[2025-10-14T10:58:11.556+0300][18.503s][info][gc,cpu         ] GC(139) User=0.02s Sys=0.01s Real=0.03s
[2025-10-14T10:58:11.699+0300][18.645s][info][gc,start       ] GC(140) Pause Young (Allocation Failure)
[2025-10-14T10:58:11.724+0300][18.671s][info][gc,heap        ] GC(140) DefNew: 2503847K(2503872K)->278183K(2503872K) Eden: 2225664K(2225664K)->0K(2225664K) From: 278183K(278208K)->278183K(278208K)
[2025-10-14T10:58:11.724+0300][18.671s][info][gc,heap        ] GC(140) Tenured: 4058063K(5564096K)->4100099K(5564096K)
[2025-10-14T10:58:11.724+0300][18.671s][info][gc,metaspace   ] GC(140) Metaspace: 3787K(3968K)->3787K(3968K) NonClass: 3370K(3456K)->3370K(3456K) Class: 416K(512K)->416K(512K)
[2025-10-14T10:58:11.724+0300][18.671s][info][gc             ] GC(140) Pause Young (Allocation Failure) 6408M->4275M(7878M) 25.706ms
[2025-10-14T10:58:11.724+0300][18.671s][info][gc,cpu         ] GC(140) User=0.01s Sys=0.00s Real=0.03s
[2025-10-14T10:58:11.869+0300][18.815s][info][gc,start       ] GC(141) Pause Young (Allocation Failure)
[2025-10-14T10:58:11.896+0300][18.842s][info][gc,heap        ] GC(141) DefNew: 2503847K(2503872K)->278183K(2503872K) Eden: 2225664K(2225664K)->0K(2225664K) From: 278183K(278208K)->278183K(278208K)
[2025-10-14T10:58:11.896+0300][18.842s][info][gc,heap        ] GC(141) Tenured: 4100099K(5564096K)->4142136K(5564096K)
[2025-10-14T10:58:11.896+0300][18.842s][info][gc,metaspace   ] GC(141) Metaspace: 3787K(3968K)->3787K(3968K) NonClass: 3370K(3456K)->3370K(3456K) Class: 416K(512K)->416K(512K)
[2025-10-14T10:58:11.896+0300][18.842s][info][gc             ] GC(141) Pause Young (Allocation Failure) 6449M->4316M(7878M) 27.302ms
[2025-10-14T10:58:11.896+0300][18.842s][info][gc,cpu         ] GC(141) User=0.01s Sys=0.01s Real=0.03s
[2025-10-14T10:58:12.038+0300][18.984s][info][gc,start       ] GC(142) Pause Young (Allocation Failure)
[2025-10-14T10:58:12.064+0300][19.010s][info][gc,heap        ] GC(142) DefNew: 2503847K(2503872K)->278183K(2503872K) Eden: 2225664K(2225664K)->0K(2225664K) From: 278183K(278208K)->278183K(278208K)
[2025-10-14T10:58:12.064+0300][19.011s][info][gc,heap        ] GC(142) Tenured: 4142136K(5564096K)->4184172K(5564096K)
[2025-10-14T10:58:12.064+0300][19.011s][info][gc,metaspace   ] GC(142) Metaspace: 3787K(3968K)->3787K(3968K) NonClass: 3370K(3456K)->3370K(3456K) Class: 416K(512K)->416K(512K)
[2025-10-14T10:58:12.064+0300][19.011s][info][gc             ] GC(142) Pause Young (Allocation Failure) 6490M->4357M(7878M) 26.482ms
[2025-10-14T10:58:12.064+0300][19.011s][info][gc,cpu         ] GC(142) User=0.02s Sys=0.00s Real=0.03s
[2025-10-14T10:58:12.211+0300][19.158s][info][gc,start       ] GC(143) Pause Young (Allocation Failure)
[2025-10-14T10:58:12.238+0300][19.184s][info][gc,heap        ] GC(143) DefNew: 2503847K(2503872K)->278183K(2503872K) Eden: 2225664K(2225664K)->0K(2225664K) From: 278183K(278208K)->278183K(278208K)
[2025-10-14T10:58:12.238+0300][19.184s][info][gc,heap        ] GC(143) Tenured: 4184172K(5564096K)->4226209K(5564096K)
[2025-10-14T10:58:12.238+0300][19.184s][info][gc,metaspace   ] GC(143) Metaspace: 3787K(3968K)->3787K(3968K) NonClass: 3370K(3456K)->3370K(3456K) Class: 416K(512K)->416K(512K)
[2025-10-14T10:58:12.238+0300][19.185s][info][gc             ] GC(143) Pause Young (Allocation Failure) 6531M->4398M(7878M) 26.821ms
[2025-10-14T10:58:12.238+0300][19.185s][info][gc,cpu         ] GC(143) User=0.02s Sys=0.00s Real=0.02s
[2025-10-14T10:58:12.393+0300][19.340s][info][gc,start       ] GC(144) Pause Young (Allocation Failure)
[2025-10-14T10:58:12.431+0300][19.378s][info][gc,heap        ] GC(144) DefNew: 2503847K(2503872K)->278183K(2503872K) Eden: 2225664K(2225664K)->0K(2225664K) From: 278183K(278208K)->278183K(278208K)
[2025-10-14T10:58:12.431+0300][19.378s][info][gc,heap        ] GC(144) Tenured: 4226209K(5564096K)->4268245K(5564096K)
[2025-10-14T10:58:12.431+0300][19.378s][info][gc,metaspace   ] GC(144) Metaspace: 3787K(3968K)->3787K(3968K) NonClass: 3370K(3456K)->3370K(3456K) Class: 416K(512K)->416K(512K)
[2025-10-14T10:58:12.431+0300][19.378s][info][gc             ] GC(144) Pause Young (Allocation Failure) 6572M->4439M(7878M) 37.682ms
[2025-10-14T10:58:12.431+0300][19.378s][info][gc,cpu         ] GC(144) User=0.02s Sys=0.01s Real=0.04s
[2025-10-14T10:58:12.576+0300][19.522s][info][gc,start       ] GC(145) Pause Young (Allocation Failure)
[2025-10-14T10:58:12.599+0300][19.546s][info][gc,heap        ] GC(145) DefNew: 2503847K(2503872K)->278183K(2503872K) Eden: 2225664K(2225664K)->0K(2225664K) From: 278183K(278208K)->278183K(278208K)
[2025-10-14T10:58:12.599+0300][19.546s][info][gc,heap        ] GC(145) Tenured: 4268245K(5564096K)->4310282K(5564096K)
[2025-10-14T10:58:12.599+0300][19.546s][info][gc,metaspace   ] GC(145) Metaspace: 3787K(3968K)->3787K(3968K) NonClass: 3370K(3456K)->3370K(3456K) Class: 416K(512K)->416K(512K)
[2025-10-14T10:58:12.599+0300][19.546s][info][gc             ] GC(145) Pause Young (Allocation Failure) 6613M->4480M(7878M) 23.705ms
[2025-10-14T10:58:12.599+0300][19.546s][info][gc,cpu         ] GC(145) User=0.01s Sys=0.00s Real=0.02s
[2025-10-14T10:58:12.748+0300][19.694s][info][gc,start       ] GC(146) Pause Young (Allocation Failure)
[2025-10-14T10:58:12.782+0300][19.729s][info][gc,heap        ] GC(146) DefNew: 2503847K(2503872K)->278183K(2503872K) Eden: 2225664K(2225664K)->0K(2225664K) From: 278183K(278208K)->278183K(278208K)
[2025-10-14T10:58:12.782+0300][19.729s][info][gc,heap        ] GC(146) Tenured: 4310282K(5564096K)->4352318K(5564096K)
[2025-10-14T10:58:12.782+0300][19.729s][info][gc,metaspace   ] GC(146) Metaspace: 3787K(3968K)->3787K(3968K) NonClass: 3370K(3456K)->3370K(3456K) Class: 416K(512K)->416K(512K)
[2025-10-14T10:58:12.782+0300][19.729s][info][gc             ] GC(146) Pause Young (Allocation Failure) 6654M->4521M(7878M) 34.324ms
[2025-10-14T10:58:12.782+0300][19.729s][info][gc,cpu         ] GC(146) User=0.01s Sys=0.01s Real=0.04s
[2025-10-14T10:58:12.935+0300][19.881s][info][gc,start       ] GC(147) Pause Young (Allocation Failure)
[2025-10-14T10:58:12.955+0300][19.902s][info][gc,heap        ] GC(147) DefNew: 2503847K(2503872K)->278183K(2503872K) Eden: 2225664K(2225664K)->0K(2225664K) From: 278183K(278208K)->278183K(278208K)
[2025-10-14T10:58:12.955+0300][19.902s][info][gc,heap        ] GC(147) Tenured: 4352318K(5564096K)->4394355K(5564096K)
[2025-10-14T10:58:12.955+0300][19.902s][info][gc,metaspace   ] GC(147) Metaspace: 3787K(3968K)->3787K(3968K) NonClass: 3370K(3456K)->3370K(3456K) Class: 416K(512K)->416K(512K)
[2025-10-14T10:58:12.955+0300][19.902s][info][gc             ] GC(147) Pause Young (Allocation Failure) 6695M->4563M(7878M) 20.650ms
[2025-10-14T10:58:12.955+0300][19.902s][info][gc,cpu         ] GC(147) User=0.01s Sys=0.00s Real=0.02s
[2025-10-14T10:58:13.103+0300][20.050s][info][gc,start       ] GC(148) Pause Young (Allocation Failure)
[2025-10-14T10:58:13.123+0300][20.070s][info][gc,heap        ] GC(148) DefNew: 2503847K(2503872K)->278183K(2503872K) Eden: 2225664K(2225664K)->0K(2225664K) From: 278183K(278208K)->278183K(278208K)
[2025-10-14T10:58:13.123+0300][20.070s][info][gc,heap        ] GC(148) Tenured: 4394355K(5564096K)->4436391K(5564096K)
[2025-10-14T10:58:13.123+0300][20.070s][info][gc,metaspace   ] GC(148) Metaspace: 3787K(3968K)->3787K(3968K) NonClass: 3370K(3456K)->3370K(3456K) Class: 416K(512K)->416K(512K)
[2025-10-14T10:58:13.123+0300][20.070s][info][gc             ] GC(148) Pause Young (Allocation Failure) 6736M->4604M(7878M) 20.077ms
[2025-10-14T10:58:13.123+0300][20.070s][info][gc,cpu         ] GC(148) User=0.01s Sys=0.00s Real=0.02s
[2025-10-14T10:58:13.269+0300][20.216s][info][gc,start       ] GC(149) Pause Young (Allocation Failure)
[2025-10-14T10:58:13.294+0300][20.241s][info][gc,heap        ] GC(149) DefNew: 2503847K(2503872K)->278183K(2503872K) Eden: 2225664K(2225664K)->0K(2225664K) From: 278183K(278208K)->278183K(278208K)
[2025-10-14T10:58:13.294+0300][20.241s][info][gc,heap        ] GC(149) Tenured: 4436391K(5564096K)->4478428K(5564096K)
[2025-10-14T10:58:13.294+0300][20.241s][info][gc,metaspace   ] GC(149) Metaspace: 3787K(3968K)->3787K(3968K) NonClass: 3370K(3456K)->3370K(3456K) Class: 416K(512K)->416K(512K)
[2025-10-14T10:58:13.294+0300][20.241s][info][gc             ] GC(149) Pause Young (Allocation Failure) 6777M->4645M(7878M) 25.301ms
[2025-10-14T10:58:13.294+0300][20.241s][info][gc,cpu         ] GC(149) User=0.02s Sys=0.00s Real=0.03s
[2025-10-14T10:58:13.440+0300][20.386s][info][gc,start       ] GC(150) Pause Young (Allocation Failure)
[2025-10-14T10:58:13.465+0300][20.411s][info][gc,heap        ] GC(150) DefNew: 2503847K(2503872K)->278183K(2503872K) Eden: 2225664K(2225664K)->0K(2225664K) From: 278183K(278208K)->278183K(278208K)
[2025-10-14T10:58:13.465+0300][20.411s][info][gc,heap        ] GC(150) Tenured: 4478428K(5564096K)->4520464K(5564096K)
[2025-10-14T10:58:13.465+0300][20.411s][info][gc,metaspace   ] GC(150) Metaspace: 3787K(3968K)->3787K(3968K) NonClass: 3370K(3456K)->3370K(3456K) Class: 416K(512K)->416K(512K)
[2025-10-14T10:58:13.465+0300][20.411s][info][gc             ] GC(150) Pause Young (Allocation Failure) 6818M->4686M(7878M) 25.057ms
[2025-10-14T10:58:13.465+0300][20.412s][info][gc,cpu         ] GC(150) User=0.01s Sys=0.00s Real=0.02s
[2025-10-14T10:58:13.610+0300][20.557s][info][gc,start       ] GC(151) Pause Young (Allocation Failure)
[2025-10-14T10:58:13.639+0300][20.586s][info][gc,heap        ] GC(151) DefNew: 2503847K(2503872K)->278183K(2503872K) Eden: 2225664K(2225664K)->0K(2225664K) From: 278183K(278208K)->278183K(278208K)
[2025-10-14T10:58:13.639+0300][20.586s][info][gc,heap        ] GC(151) Tenured: 4520464K(5564096K)->4562501K(5564096K)
[2025-10-14T10:58:13.639+0300][20.586s][info][gc,metaspace   ] GC(151) Metaspace: 3787K(3968K)->3787K(3968K) NonClass: 3370K(3456K)->3370K(3456K) Class: 416K(512K)->416K(512K)
[2025-10-14T10:58:13.639+0300][20.586s][info][gc             ] GC(151) Pause Young (Allocation Failure) 6859M->4727M(7878M) 29.383ms
[2025-10-14T10:58:13.639+0300][20.586s][info][gc,cpu         ] GC(151) User=0.02s Sys=0.01s Real=0.02s
[2025-10-14T10:58:13.787+0300][20.733s][info][gc,start       ] GC(152) Pause Young (Allocation Failure)
[2025-10-14T10:58:13.820+0300][20.767s][info][gc,heap        ] GC(152) DefNew: 2503847K(2503872K)->278183K(2503872K) Eden: 2225664K(2225664K)->0K(2225664K) From: 278183K(278208K)->278183K(278208K)
[2025-10-14T10:58:13.820+0300][20.767s][info][gc,heap        ] GC(152) Tenured: 4562501K(5564096K)->4604505K(5564096K)
[2025-10-14T10:58:13.820+0300][20.767s][info][gc,metaspace   ] GC(152) Metaspace: 3787K(3968K)->3787K(3968K) NonClass: 3370K(3456K)->3370K(3456K) Class: 416K(512K)->416K(512K)
[2025-10-14T10:58:13.820+0300][20.767s][info][gc             ] GC(152) Pause Young (Allocation Failure) 6900M->4768M(7878M) 33.466ms
[2025-10-14T10:58:13.820+0300][20.767s][info][gc,cpu         ] GC(152) User=0.01s Sys=0.01s Real=0.04s
[2025-10-14T10:58:14.002+0300][20.948s][info][gc,start       ] GC(153) Pause Young (Allocation Failure)
[2025-10-14T10:58:14.031+0300][20.978s][info][gc,heap        ] GC(153) DefNew: 2503847K(2503872K)->278183K(2503872K) Eden: 2225664K(2225664K)->0K(2225664K) From: 278183K(278208K)->278183K(278208K)
[2025-10-14T10:58:14.031+0300][20.978s][info][gc,heap        ] GC(153) Tenured: 4604505K(5564096K)->4646542K(5564096K)
[2025-10-14T10:58:14.031+0300][20.978s][info][gc,metaspace   ] GC(153) Metaspace: 3787K(3968K)->3787K(3968K) NonClass: 3370K(3456K)->3370K(3456K) Class: 416K(512K)->416K(512K)
[2025-10-14T10:58:14.031+0300][20.978s][info][gc             ] GC(153) Pause Young (Allocation Failure) 6941M->4809M(7878M) 29.890ms
[2025-10-14T10:58:14.031+0300][20.978s][info][gc,cpu         ] GC(153) User=0.01s Sys=0.01s Real=0.03s
[2025-10-14T10:58:14.179+0300][21.126s][info][gc,start       ] GC(154) Pause Young (Allocation Failure)
[2025-10-14T10:58:14.206+0300][21.153s][info][gc,heap        ] GC(154) DefNew: 2503847K(2503872K)->278183K(2503872K) Eden: 2225664K(2225664K)->0K(2225664K) From: 278183K(278208K)->278183K(278208K)
[2025-10-14T10:58:14.206+0300][21.153s][info][gc,heap        ] GC(154) Tenured: 4646542K(5564096K)->4688578K(5564096K)
[2025-10-14T10:58:14.206+0300][21.153s][info][gc,metaspace   ] GC(154) Metaspace: 3787K(3968K)->3787K(3968K) NonClass: 3370K(3456K)->3370K(3456K) Class: 416K(512K)->416K(512K)
[2025-10-14T10:58:14.206+0300][21.153s][info][gc             ] GC(154) Pause Young (Allocation Failure) 6982M->4850M(7878M) 27.035ms
[2025-10-14T10:58:14.206+0300][21.153s][info][gc,cpu         ] GC(154) User=0.02s Sys=0.01s Real=0.03s
[2025-10-14T10:58:14.352+0300][21.299s][info][gc,start       ] GC(155) Pause Young (Allocation Failure)
[2025-10-14T10:58:14.379+0300][21.326s][info][gc,heap        ] GC(155) DefNew: 2503847K(2503872K)->278183K(2503872K) Eden: 2225664K(2225664K)->0K(2225664K) From: 278183K(278208K)->278183K(278208K)
[2025-10-14T10:58:14.379+0300][21.326s][info][gc,heap        ] GC(155) Tenured: 4688578K(5564096K)->4730583K(5564096K)
[2025-10-14T10:58:14.379+0300][21.326s][info][gc,metaspace   ] GC(155) Metaspace: 3787K(3968K)->3787K(3968K) NonClass: 3370K(3456K)->3370K(3456K) Class: 416K(512K)->416K(512K)
[2025-10-14T10:58:14.379+0300][21.326s][info][gc             ] GC(155) Pause Young (Allocation Failure) 7023M->4891M(7878M) 26.985ms
[2025-10-14T10:58:14.379+0300][21.326s][info][gc,cpu         ] GC(155) User=0.01s Sys=0.01s Real=0.02s
[2025-10-14T10:58:14.527+0300][21.474s][info][gc,start       ] GC(156) Pause Young (Allocation Failure)
[2025-10-14T10:58:14.554+0300][21.501s][info][gc,heap        ] GC(156) DefNew: 2503847K(2503872K)->278183K(2503872K) Eden: 2225664K(2225664K)->0K(2225664K) From: 278183K(278208K)->278183K(278208K)
[2025-10-14T10:58:14.554+0300][21.501s][info][gc,heap        ] GC(156) Tenured: 4730583K(5564096K)->4772651K(5564096K)
[2025-10-14T10:58:14.554+0300][21.501s][info][gc,metaspace   ] GC(156) Metaspace: 3787K(3968K)->3787K(3968K) NonClass: 3370K(3456K)->3370K(3456K) Class: 416K(512K)->416K(512K)
[2025-10-14T10:58:14.554+0300][21.501s][info][gc             ] GC(156) Pause Young (Allocation Failure) 7064M->4932M(7878M) 27.273ms
[2025-10-14T10:58:14.554+0300][21.501s][info][gc,cpu         ] GC(156) User=0.02s Sys=0.00s Real=0.03s
[2025-10-14T10:58:14.698+0300][21.645s][info][gc,start       ] GC(157) Pause Young (Allocation Failure)
[2025-10-14T10:58:14.725+0300][21.672s][info][gc,heap        ] GC(157) DefNew: 2503847K(2503872K)->278183K(2503872K) Eden: 2225664K(2225664K)->0K(2225664K) From: 278183K(278208K)->278183K(278208K)
[2025-10-14T10:58:14.727+0300][21.673s][info][gc,heap        ] GC(157) Tenured: 4772651K(5564096K)->4814688K(5564096K)
[2025-10-14T10:58:14.727+0300][21.674s][info][gc,metaspace   ] GC(157) Metaspace: 3787K(3968K)->3787K(3968K) NonClass: 3370K(3456K)->3370K(3456K) Class: 416K(512K)->416K(512K)
[2025-10-14T10:58:14.727+0300][21.674s][info][gc             ] GC(157) Pause Young (Allocation Failure) 7105M->4973M(7878M) 28.646ms
[2025-10-14T10:58:14.727+0300][21.674s][info][gc,cpu         ] GC(157) User=0.02s Sys=0.01s Real=0.03s
[2025-10-14T10:58:14.872+0300][21.819s][info][gc,start       ] GC(158) Pause Young (Allocation Failure)
[2025-10-14T10:58:14.908+0300][21.855s][info][gc,heap        ] GC(158) DefNew: 2503847K(2503872K)->278183K(2503872K) Eden: 2225664K(2225664K)->0K(2225664K) From: 278183K(278208K)->278183K(278208K)
[2025-10-14T10:58:14.908+0300][21.855s][info][gc,heap        ] GC(158) Tenured: 4814688K(5564096K)->4856756K(5564096K)
[2025-10-14T10:58:14.908+0300][21.855s][info][gc,metaspace   ] GC(158) Metaspace: 3787K(3968K)->3787K(3968K) NonClass: 3370K(3456K)->3370K(3456K) Class: 416K(512K)->416K(512K)
[2025-10-14T10:58:14.908+0300][21.855s][info][gc             ] GC(158) Pause Young (Allocation Failure) 7147M->5014M(7878M) 36.266ms
[2025-10-14T10:58:14.908+0300][21.855s][info][gc,cpu         ] GC(158) User=0.01s Sys=0.01s Real=0.03s
[2025-10-14T10:58:15.053+0300][21.999s][info][gc,start       ] GC(159) Pause Young (Allocation Failure)
[2025-10-14T10:58:15.089+0300][22.035s][info][gc,heap        ] GC(159) DefNew: 2503847K(2503872K)->278183K(2503872K) Eden: 2225664K(2225664K)->0K(2225664K) From: 278183K(278208K)->278183K(278208K)
[2025-10-14T10:58:15.089+0300][22.035s][info][gc,heap        ] GC(159) Tenured: 4856756K(5564096K)->4898793K(5564096K)
[2025-10-14T10:58:15.089+0300][22.035s][info][gc,metaspace   ] GC(159) Metaspace: 3787K(3968K)->3787K(3968K) NonClass: 3370K(3456K)->3370K(3456K) Class: 416K(512K)->416K(512K)
[2025-10-14T10:58:15.089+0300][22.035s][info][gc             ] GC(159) Pause Young (Allocation Failure) 7188M->5055M(7878M) 36.123ms
[2025-10-14T10:58:15.089+0300][22.035s][info][gc,cpu         ] GC(159) User=0.02s Sys=0.01s Real=0.03s
[2025-10-14T10:58:15.238+0300][22.185s][info][gc,start       ] GC(160) Pause Young (Allocation Failure)
[2025-10-14T10:58:15.267+0300][22.213s][info][gc,heap        ] GC(160) DefNew: 2503847K(2503872K)->278183K(2503872K) Eden: 2225664K(2225664K)->0K(2225664K) From: 278183K(278208K)->278183K(278208K)
[2025-10-14T10:58:15.267+0300][22.213s][info][gc,heap        ] GC(160) Tenured: 4898793K(5564096K)->4940829K(5564096K)
[2025-10-14T10:58:15.267+0300][22.213s][info][gc,metaspace   ] GC(160) Metaspace: 3787K(3968K)->3787K(3968K) NonClass: 3370K(3456K)->3370K(3456K) Class: 416K(512K)->416K(512K)
[2025-10-14T10:58:15.267+0300][22.214s][info][gc             ] GC(160) Pause Young (Allocation Failure) 7229M->5096M(7878M) 28.862ms
[2025-10-14T10:58:15.267+0300][22.214s][info][gc,cpu         ] GC(160) User=0.02s Sys=0.01s Real=0.03s
[2025-10-14T10:58:15.434+0300][22.381s][info][gc,start       ] GC(161) Pause Young (Allocation Failure)
[2025-10-14T10:58:15.454+0300][22.401s][info][gc,heap        ] GC(161) DefNew: 2503847K(2503872K)->278183K(2503872K) Eden: 2225664K(2225664K)->0K(2225664K) From: 278183K(278208K)->278183K(278208K)
[2025-10-14T10:58:15.454+0300][22.401s][info][gc,heap        ] GC(161) Tenured: 4940829K(5564096K)->4982866K(5564096K)
[2025-10-14T10:58:15.454+0300][22.401s][info][gc,metaspace   ] GC(161) Metaspace: 3787K(3968K)->3787K(3968K) NonClass: 3370K(3456K)->3370K(3456K) Class: 416K(512K)->416K(512K)
[2025-10-14T10:58:15.454+0300][22.401s][info][gc             ] GC(161) Pause Young (Allocation Failure) 7270M->5137M(7878M) 20.235ms
[2025-10-14T10:58:15.454+0300][22.401s][info][gc,cpu         ] GC(161) User=0.01s Sys=0.00s Real=0.02s
[2025-10-14T10:58:15.603+0300][22.550s][info][gc,start       ] GC(162) Pause Young (Allocation Failure)
[2025-10-14T10:58:15.632+0300][22.578s][info][gc,heap        ] GC(162) DefNew: 2503847K(2503872K)->278183K(2503872K) Eden: 2225664K(2225664K)->0K(2225664K) From: 278183K(278208K)->278183K(278208K)
[2025-10-14T10:58:15.632+0300][22.578s][info][gc,heap        ] GC(162) Tenured: 4982866K(5564096K)->5024902K(5564096K)
[2025-10-14T10:58:15.632+0300][22.578s][info][gc,metaspace   ] GC(162) Metaspace: 3787K(3968K)->3787K(3968K) NonClass: 3370K(3456K)->3370K(3456K) Class: 416K(512K)->416K(512K)
[2025-10-14T10:58:15.632+0300][22.578s][info][gc             ] GC(162) Pause Young (Allocation Failure) 7311M->5178M(7878M) 28.773ms
[2025-10-14T10:58:15.632+0300][22.578s][info][gc,cpu         ] GC(162) User=0.01s Sys=0.01s Real=0.03s
[2025-10-14T10:58:15.781+0300][22.727s][info][gc,start       ] GC(163) Pause Young (Allocation Failure)
[2025-10-14T10:58:15.808+0300][22.754s][info][gc,heap        ] GC(163) DefNew: 2503847K(2503872K)->278183K(2503872K) Eden: 2225664K(2225664K)->0K(2225664K) From: 278183K(278208K)->278183K(278208K)
[2025-10-14T10:58:15.808+0300][22.754s][info][gc,heap        ] GC(163) Tenured: 5024902K(5564096K)->5066939K(5564096K)
[2025-10-14T10:58:15.808+0300][22.754s][info][gc,metaspace   ] GC(163) Metaspace: 3787K(3968K)->3787K(3968K) NonClass: 3370K(3456K)->3370K(3456K) Class: 416K(512K)->416K(512K)
[2025-10-14T10:58:15.808+0300][22.754s][info][gc             ] GC(163) Pause Young (Allocation Failure) 7352M->5219M(7878M) 27.143ms
[2025-10-14T10:58:15.808+0300][22.754s][info][gc,cpu         ] GC(163) User=0.01s Sys=0.00s Real=0.02s
[2025-10-14T10:58:15.957+0300][22.904s][info][gc,start       ] GC(164) Pause Young (Allocation Failure)
[2025-10-14T10:58:15.980+0300][22.927s][info][gc,heap        ] GC(164) DefNew: 2503847K(2503872K)->278183K(2503872K) Eden: 2225664K(2225664K)->0K(2225664K) From: 278183K(278208K)->278183K(278208K)
[2025-10-14T10:58:15.980+0300][22.927s][info][gc,heap        ] GC(164) Tenured: 5066939K(5564096K)->5108975K(5564096K)
[2025-10-14T10:58:15.980+0300][22.927s][info][gc,metaspace   ] GC(164) Metaspace: 3787K(3968K)->3787K(3968K) NonClass: 3370K(3456K)->3370K(3456K) Class: 416K(512K)->416K(512K)
[2025-10-14T10:58:15.981+0300][22.927s][info][gc             ] GC(164) Pause Young (Allocation Failure) 7393M->5260M(7878M) 23.323ms
[2025-10-14T10:58:15.981+0300][22.927s][info][gc,cpu         ] GC(164) User=0.02s Sys=0.01s Real=0.03s
[2025-10-14T10:58:16.126+0300][23.073s][info][gc,start       ] GC(165) Pause Young (Allocation Failure)
[2025-10-14T10:58:16.153+0300][23.099s][info][gc,heap        ] GC(165) DefNew: 2503847K(2503872K)->278183K(2503872K) Eden: 2225664K(2225664K)->0K(2225664K) From: 278183K(278208K)->278183K(278208K)
[2025-10-14T10:58:16.153+0300][23.099s][info][gc,heap        ] GC(165) Tenured: 5108975K(5564096K)->5151012K(5564096K)
[2025-10-14T10:58:16.153+0300][23.099s][info][gc,metaspace   ] GC(165) Metaspace: 3787K(3968K)->3787K(3968K) NonClass: 3370K(3456K)->3370K(3456K) Class: 416K(512K)->416K(512K)
[2025-10-14T10:58:16.153+0300][23.099s][info][gc             ] GC(165) Pause Young (Allocation Failure) 7434M->5301M(7878M) 26.486ms
[2025-10-14T10:58:16.153+0300][23.099s][info][gc,cpu         ] GC(165) User=0.01s Sys=0.01s Real=0.03s
[2025-10-14T10:58:16.299+0300][23.245s][info][gc,start       ] GC(166) Pause Young (Allocation Failure)
[2025-10-14T10:58:16.325+0300][23.271s][info][gc,heap        ] GC(166) DefNew: 2503847K(2503872K)->278183K(2503872K) Eden: 2225664K(2225664K)->0K(2225664K) From: 278183K(278208K)->278183K(278208K)
[2025-10-14T10:58:16.325+0300][23.271s][info][gc,heap        ] GC(166) Tenured: 5151012K(5564096K)->5193049K(5564096K)
[2025-10-14T10:58:16.325+0300][23.271s][info][gc,metaspace   ] GC(166) Metaspace: 3787K(3968K)->3787K(3968K) NonClass: 3370K(3456K)->3370K(3456K) Class: 416K(512K)->416K(512K)
[2025-10-14T10:58:16.325+0300][23.271s][info][gc             ] GC(166) Pause Young (Allocation Failure) 7475M->5343M(7878M) 26.201ms
[2025-10-14T10:58:16.325+0300][23.271s][info][gc,cpu         ] GC(166) User=0.02s Sys=0.00s Real=0.03s
[2025-10-14T10:58:16.471+0300][23.417s][info][gc,start       ] GC(167) Pause Young (Allocation Failure)
[2025-10-14T10:58:16.495+0300][23.442s][info][gc,heap        ] GC(167) DefNew: 2503847K(2503872K)->278183K(2503872K) Eden: 2225664K(2225664K)->0K(2225664K) From: 278183K(278208K)->278183K(278208K)
[2025-10-14T10:58:16.495+0300][23.442s][info][gc,heap        ] GC(167) Tenured: 5193049K(5564096K)->5235085K(5564096K)
[2025-10-14T10:58:16.495+0300][23.442s][info][gc,metaspace   ] GC(167) Metaspace: 3787K(3968K)->3787K(3968K) NonClass: 3370K(3456K)->3370K(3456K) Class: 416K(512K)->416K(512K)
[2025-10-14T10:58:16.495+0300][23.442s][info][gc             ] GC(167) Pause Young (Allocation Failure) 7516M->5384M(7878M) 24.280ms
[2025-10-14T10:58:16.495+0300][23.442s][info][gc,cpu         ] GC(167) User=0.01s Sys=0.00s Real=0.02s
[2025-10-14T10:58:16.642+0300][23.588s][info][gc,start       ] GC(168) Pause Young (Allocation Failure)
[2025-10-14T10:58:16.670+0300][23.616s][info][gc,heap        ] GC(168) DefNew: 2503847K(2503872K)->278183K(2503872K) Eden: 2225664K(2225664K)->0K(2225664K) From: 278183K(278208K)->278183K(278208K)
[2025-10-14T10:58:16.670+0300][23.616s][info][gc,heap        ] GC(168) Tenured: 5235085K(5564096K)->5277122K(5564096K)
[2025-10-14T10:58:16.670+0300][23.616s][info][gc,metaspace   ] GC(168) Metaspace: 3787K(3968K)->3787K(3968K) NonClass: 3370K(3456K)->3370K(3456K) Class: 416K(512K)->416K(512K)
[2025-10-14T10:58:16.670+0300][23.616s][info][gc             ] GC(168) Pause Young (Allocation Failure) 7557M->5425M(7878M) 28.231ms
[2025-10-14T10:58:16.670+0300][23.616s][info][gc,cpu         ] GC(168) User=0.02s Sys=0.00s Real=0.03s
[2025-10-14T10:58:16.823+0300][23.769s][info][gc,start       ] GC(169) Pause Young (Allocation Failure)
[2025-10-14T10:58:16.854+0300][23.800s][info][gc,heap        ] GC(169) DefNew: 2503847K(2503872K)->278183K(2503872K) Eden: 2225664K(2225664K)->0K(2225664K) From: 278183K(278208K)->278183K(278208K)
[2025-10-14T10:58:16.854+0300][23.800s][info][gc,heap        ] GC(169) Tenured: 5277122K(5564096K)->5319158K(5564096K)
[2025-10-14T10:58:16.854+0300][23.800s][info][gc,metaspace   ] GC(169) Metaspace: 3787K(3968K)->3787K(3968K) NonClass: 3370K(3456K)->3370K(3456K) Class: 416K(512K)->416K(512K)
[2025-10-14T10:58:16.854+0300][23.800s][info][gc             ] GC(169) Pause Young (Allocation Failure) 7598M->5466M(7878M) 30.906ms
[2025-10-14T10:58:16.854+0300][23.800s][info][gc,cpu         ] GC(169) User=0.02s Sys=0.01s Real=0.03s
[2025-10-14T10:58:17.020+0300][23.967s][info][gc,start       ] GC(170) Pause Young (Allocation Failure)
[2025-10-14T10:58:17.053+0300][24.000s][info][gc,heap        ] GC(170) DefNew: 2503847K(2503872K)->278183K(2503872K) Eden: 2225664K(2225664K)->0K(2225664K) From: 278183K(278208K)->278183K(278208K)
[2025-10-14T10:58:17.053+0300][24.000s][info][gc,heap        ] GC(170) Tenured: 5319158K(5564096K)->5361195K(5564096K)
[2025-10-14T10:58:17.054+0300][24.000s][info][gc,metaspace   ] GC(170) Metaspace: 3787K(3968K)->3787K(3968K) NonClass: 3370K(3456K)->3370K(3456K) Class: 416K(512K)->416K(512K)
[2025-10-14T10:58:17.054+0300][24.000s][info][gc             ] GC(170) Pause Young (Allocation Failure) 7639M->5507M(7878M) 33.426ms
[2025-10-14T10:58:17.054+0300][24.000s][info][gc,cpu         ] GC(170) User=0.02s Sys=0.01s Real=0.03s
[2025-10-14T10:58:17.216+0300][24.163s][info][gc,start       ] GC(171) Pause Young (Allocation Failure)
[2025-10-14T10:58:17.254+0300][24.201s][info][gc,heap        ] GC(171) DefNew: 2503847K(2503872K)->278183K(2503872K) Eden: 2225664K(2225664K)->0K(2225664K) From: 278183K(278208K)->278183K(278208K)
[2025-10-14T10:58:17.254+0300][24.201s][info][gc,heap        ] GC(171) Tenured: 5361195K(5564096K)->5403231K(5564096K)
[2025-10-14T10:58:17.254+0300][24.201s][info][gc,metaspace   ] GC(171) Metaspace: 3787K(3968K)->3787K(3968K) NonClass: 3370K(3456K)->3370K(3456K) Class: 416K(512K)->416K(512K)
[2025-10-14T10:58:17.254+0300][24.201s][info][gc             ] GC(171) Pause Young (Allocation Failure) 7680M->5548M(7878M) 38.165ms
[2025-10-14T10:58:17.254+0300][24.201s][info][gc,cpu         ] GC(171) User=0.01s Sys=0.02s Real=0.04s
[2025-10-14T10:58:17.401+0300][24.347s][info][gc,start       ] GC(172) Pause Young (Allocation Failure)
[2025-10-14T10:58:17.427+0300][24.373s][info][gc,heap        ] GC(172) DefNew: 2503847K(2503872K)->278183K(2503872K) Eden: 2225664K(2225664K)->0K(2225664K) From: 278183K(278208K)->278183K(278208K)
[2025-10-14T10:58:17.427+0300][24.373s][info][gc,heap        ] GC(172) Tenured: 5403231K(5564096K)->5445268K(5564096K)
[2025-10-14T10:58:17.427+0300][24.373s][info][gc,metaspace   ] GC(172) Metaspace: 3787K(3968K)->3787K(3968K) NonClass: 3370K(3456K)->3370K(3456K) Class: 416K(512K)->416K(512K)
[2025-10-14T10:58:17.427+0300][24.373s][info][gc             ] GC(172) Pause Young (Allocation Failure) 7721M->5589M(7878M) 26.053ms
[2025-10-14T10:58:17.427+0300][24.373s][info][gc,cpu         ] GC(172) User=0.02s Sys=0.01s Real=0.02s
[2025-10-14T10:58:17.571+0300][24.517s][info][gc,start       ] GC(173) Pause Young (Allocation Failure)
[2025-10-14T10:58:17.607+0300][24.553s][info][gc,heap        ] GC(173) DefNew: 2503847K(2503872K)->278183K(2503872K) Eden: 2225664K(2225664K)->0K(2225664K) From: 278183K(278208K)->278183K(278208K)
[2025-10-14T10:58:17.607+0300][24.553s][info][gc,heap        ] GC(173) Tenured: 5445268K(5564096K)->5487304K(5564096K)
[2025-10-14T10:58:17.607+0300][24.553s][info][gc,metaspace   ] GC(173) Metaspace: 3787K(3968K)->3787K(3968K) NonClass: 3370K(3456K)->3370K(3456K) Class: 416K(512K)->416K(512K)
[2025-10-14T10:58:17.607+0300][24.554s][info][gc             ] GC(173) Pause Young (Allocation Failure) 7762M->5630M(7878M) 36.220ms
[2025-10-14T10:58:17.607+0300][24.554s][info][gc,cpu         ] GC(173) User=0.02s Sys=0.02s Real=0.03s
[2025-10-14T10:58:17.766+0300][24.712s][info][gc,start       ] GC(174) Pause Young (Allocation Failure)
[2025-10-14T10:58:17.800+0300][24.746s][info][gc,heap        ] GC(174) DefNew: 2503847K(2503872K)->278183K(2503872K) Eden: 2225664K(2225664K)->0K(2225664K) From: 278183K(278208K)->278183K(278208K)
[2025-10-14T10:58:17.800+0300][24.746s][info][gc,heap        ] GC(174) Tenured: 5487304K(5564096K)->5529341K(5564096K)
[2025-10-14T10:58:17.800+0300][24.746s][info][gc,metaspace   ] GC(174) Metaspace: 3787K(3968K)->3787K(3968K) NonClass: 3370K(3456K)->3370K(3456K) Class: 416K(512K)->416K(512K)
[2025-10-14T10:58:17.800+0300][24.746s][info][gc             ] GC(174) Pause Young (Allocation Failure) 7803M->5671M(7878M) 33.670ms
[2025-10-14T10:58:17.800+0300][24.746s][info][gc,cpu         ] GC(174) User=0.02s Sys=0.02s Real=0.04s
[2025-10-14T10:58:17.950+0300][24.897s][info][gc,start       ] GC(175) Pause Young (Allocation Failure)
[2025-10-14T10:58:17.993+0300][24.940s][info][gc,heap        ] GC(175) DefNew: 2503847K(2503872K)->278183K(2503872K) Eden: 2225664K(2225664K)->0K(2225664K) From: 278183K(278208K)->278183K(278208K)
[2025-10-14T10:58:17.993+0300][24.940s][info][gc,heap        ] GC(175) Tenured: 5529341K(5564096K)->5571345K(5571392K)
[2025-10-14T10:58:17.993+0300][24.940s][info][gc,metaspace   ] GC(175) Metaspace: 3787K(3968K)->3787K(3968K) NonClass: 3370K(3456K)->3370K(3456K) Class: 416K(512K)->416K(512K)
[2025-10-14T10:58:17.993+0300][24.940s][info][gc             ] GC(175) Pause Young (Allocation Failure) 7844M->5712M(7886M) 43.241ms
[2025-10-14T10:58:17.993+0300][24.940s][info][gc,cpu         ] GC(175) User=0.02s Sys=0.02s Real=0.04s
[2025-10-14T10:58:18.139+0300][25.085s][info][gc,start       ] GC(176) Pause Full (Allocation Failure)
[2025-10-14T10:58:18.139+0300][25.085s][info][gc,phases,start] GC(176) Phase 1: Mark live objects
[2025-10-14T10:58:18.144+0300][25.090s][info][gc,phases      ] GC(176) Phase 1: Mark live objects 4.906ms
[2025-10-14T10:58:18.144+0300][25.090s][info][gc,phases,start] GC(176) Phase 2: Compute new object addresses
[2025-10-14T10:58:18.816+0300][25.762s][info][gc,phases      ] GC(176) Phase 2: Compute new object addresses 671.895ms
[2025-10-14T10:58:18.816+0300][25.762s][info][gc,phases,start] GC(176) Phase 3: Adjust pointers
[2025-10-14T10:58:18.819+0300][25.766s][info][gc,phases      ] GC(176) Phase 3: Adjust pointers 3.378ms
[2025-10-14T10:58:18.819+0300][25.766s][info][gc,phases,start] GC(176) Phase 4: Move objects
[2025-10-14T10:58:18.894+0300][25.841s][info][gc,phases      ] GC(176) Phase 4: Move objects 75.063ms
[2025-10-14T10:58:18.911+0300][25.857s][info][gc,heap        ] GC(176) DefNew: 2503847K(2503872K)->0K(2316672K) Eden: 2225664K(2225664K)->0K(2059328K) From: 278183K(278208K)->0K(257344K)
[2025-10-14T10:58:18.911+0300][25.857s][info][gc,heap        ] GC(176) Tenured: 5571345K(5571392K)->401013K(5147936K)
[2025-10-14T10:58:18.911+0300][25.857s][info][gc,metaspace   ] GC(176) Metaspace: 3787K(3968K)->3787K(3968K) NonClass: 3370K(3456K)->3370K(3456K) Class: 416K(512K)->416K(512K)
[2025-10-14T10:58:18.911+0300][25.857s][info][gc             ] GC(176) Pause Full (Allocation Failure) 7885M->391M(7289M) 771.942ms
[2025-10-14T10:58:18.911+0300][25.857s][info][gc,cpu         ] GC(176) User=0.12s Sys=0.38s Real=0.78s
[2025-10-14T10:58:19.050+0300][25.997s][info][gc,start       ] GC(177) Pause Young (Allocation Failure)
[2025-10-14T10:58:19.089+0300][26.036s][info][gc,heap        ] GC(177) DefNew: 2059328K(2316672K)->257341K(2316672K) Eden: 2059328K(2059328K)->0K(2059328K) From: 0K(257344K)->257341K(257344K)
[2025-10-14T10:58:19.089+0300][26.036s][info][gc,heap        ] GC(177) Tenured: 401013K(5147936K)->463892K(5147936K)
[2025-10-14T10:58:19.089+0300][26.036s][info][gc,metaspace   ] GC(177) Metaspace: 3787K(3968K)->3787K(3968K) NonClass: 3370K(3456K)->3370K(3456K) Class: 416K(512K)->416K(512K)
[2025-10-14T10:58:19.090+0300][26.036s][info][gc             ] GC(177) Pause Young (Allocation Failure) 2402M->704M(7289M) 39.446ms
[2025-10-14T10:58:19.090+0300][26.036s][info][gc,cpu         ] GC(177) User=0.02s Sys=0.02s Real=0.04s
[2025-10-14T10:58:19.226+0300][26.173s][info][gc,start       ] GC(178) Pause Young (Allocation Failure)
[2025-10-14T10:58:19.258+0300][26.205s][info][gc,heap        ] GC(178) DefNew: 2316669K(2316672K)->257341K(2316672K) Eden: 2059328K(2059328K)->0K(2059328K) From: 257341K(257344K)->257341K(257344K)
[2025-10-14T10:58:19.258+0300][26.205s][info][gc,heap        ] GC(178) Tenured: 463892K(5147936K)->526771K(5147936K)
[2025-10-14T10:58:19.258+0300][26.205s][info][gc,metaspace   ] GC(178) Metaspace: 3787K(3968K)->3787K(3968K) NonClass: 3370K(3456K)->3370K(3456K) Class: 416K(512K)->416K(512K)
[2025-10-14T10:58:19.258+0300][26.205s][info][gc             ] GC(178) Pause Young (Allocation Failure) 2715M->765M(7289M) 32.055ms
[2025-10-14T10:58:19.258+0300][26.205s][info][gc,cpu         ] GC(178) User=0.02s Sys=0.01s Real=0.03s
[2025-10-14T10:58:19.393+0300][26.339s][info][gc,start       ] GC(179) Pause Young (Allocation Failure)
[2025-10-14T10:58:19.415+0300][26.361s][info][gc,heap        ] GC(179) DefNew: 2316669K(2316672K)->257341K(2316672K) Eden: 2059328K(2059328K)->0K(2059328K) From: 257341K(257344K)->257341K(257344K)
[2025-10-14T10:58:19.415+0300][26.362s][info][gc,heap        ] GC(179) Tenured: 526771K(5147936K)->589649K(5147936K)
[2025-10-14T10:58:19.415+0300][26.362s][info][gc,metaspace   ] GC(179) Metaspace: 3787K(3968K)->3787K(3968K) NonClass: 3370K(3456K)->3370K(3456K) Class: 416K(512K)->416K(512K)
[2025-10-14T10:58:19.415+0300][26.362s][info][gc             ] GC(179) Pause Young (Allocation Failure) 2776M->827M(7289M) 22.056ms
[2025-10-14T10:58:19.415+0300][26.362s][info][gc,cpu         ] GC(179) User=0.02s Sys=0.01s Real=0.02s
[2025-10-14T10:58:19.550+0300][26.496s][info][gc,start       ] GC(180) Pause Young (Allocation Failure)
[2025-10-14T10:58:19.573+0300][26.520s][info][gc,heap        ] GC(180) DefNew: 2316669K(2316672K)->257341K(2316672K) Eden: 2059328K(2059328K)->0K(2059328K) From: 257341K(257344K)->257341K(257344K)
[2025-10-14T10:58:19.573+0300][26.520s][info][gc,heap        ] GC(180) Tenured: 589649K(5147936K)->652496K(5147936K)
[2025-10-14T10:58:19.573+0300][26.520s][info][gc,metaspace   ] GC(180) Metaspace: 3787K(3968K)->3787K(3968K) NonClass: 3370K(3456K)->3370K(3456K) Class: 416K(512K)->416K(512K)
[2025-10-14T10:58:19.573+0300][26.520s][info][gc             ] GC(180) Pause Young (Allocation Failure) 2838M->888M(7289M) 23.667ms
[2025-10-14T10:58:19.573+0300][26.520s][info][gc,cpu         ] GC(180) User=0.02s Sys=0.01s Real=0.02s
[2025-10-14T10:58:19.710+0300][26.656s][info][gc,start       ] GC(181) Pause Young (Allocation Failure)
[2025-10-14T10:58:19.732+0300][26.679s][info][gc,heap        ] GC(181) DefNew: 2316669K(2316672K)->257341K(2316672K) Eden: 2059328K(2059328K)->0K(2059328K) From: 257341K(257344K)->257341K(257344K)
[2025-10-14T10:58:19.732+0300][26.679s][info][gc,heap        ] GC(181) Tenured: 652496K(5147936K)->715375K(5147936K)
[2025-10-14T10:58:19.732+0300][26.679s][info][gc,metaspace   ] GC(181) Metaspace: 3787K(3968K)->3787K(3968K) NonClass: 3370K(3456K)->3370K(3456K) Class: 416K(512K)->416K(512K)
[2025-10-14T10:58:19.732+0300][26.679s][info][gc             ] GC(181) Pause Young (Allocation Failure) 2899M->949M(7289M) 22.427ms
[2025-10-14T10:58:19.732+0300][26.679s][info][gc,cpu         ] GC(181) User=0.01s Sys=0.01s Real=0.02s
[2025-10-14T10:58:19.868+0300][26.815s][info][gc,start       ] GC(182) Pause Young (Allocation Failure)
[2025-10-14T10:58:19.908+0300][26.854s][info][gc,heap        ] GC(182) DefNew: 2316669K(2316672K)->257341K(2316672K) Eden: 2059328K(2059328K)->0K(2059328K) From: 257341K(257344K)->257341K(257344K)
[2025-10-14T10:58:19.909+0300][26.855s][info][gc,heap        ] GC(182) Tenured: 715375K(5147936K)->778253K(5147936K)
[2025-10-14T10:58:19.909+0300][26.855s][info][gc,metaspace   ] GC(182) Metaspace: 3787K(3968K)->3787K(3968K) NonClass: 3370K(3456K)->3370K(3456K) Class: 416K(512K)->416K(512K)
[2025-10-14T10:58:19.909+0300][26.855s][info][gc             ] GC(182) Pause Young (Allocation Failure) 2960M->1011M(7289M) 40.942ms
[2025-10-14T10:58:19.909+0300][26.855s][info][gc,cpu         ] GC(182) User=0.02s Sys=0.02s Real=0.04s
[2025-10-14T10:58:20.044+0300][26.991s][info][gc,start       ] GC(183) Pause Young (Allocation Failure)
[2025-10-14T10:58:20.078+0300][27.025s][info][gc,heap        ] GC(183) DefNew: 2316669K(2316672K)->257341K(2316672K) Eden: 2059328K(2059328K)->0K(2059328K) From: 257341K(257344K)->257341K(257344K)
[2025-10-14T10:58:20.078+0300][27.025s][info][gc,heap        ] GC(183) Tenured: 778253K(5147936K)->841100K(5147936K)
[2025-10-14T10:58:20.078+0300][27.025s][info][gc,metaspace   ] GC(183) Metaspace: 3787K(3968K)->3787K(3968K) NonClass: 3370K(3456K)->3370K(3456K) Class: 416K(512K)->416K(512K)
[2025-10-14T10:58:20.078+0300][27.025s][info][gc             ] GC(183) Pause Young (Allocation Failure) 3022M->1072M(7289M) 33.777ms
[2025-10-14T10:58:20.078+0300][27.025s][info][gc,cpu         ] GC(183) User=0.02s Sys=0.01s Real=0.03s
[2025-10-14T10:58:20.217+0300][27.163s][info][gc,start       ] GC(184) Pause Young (Allocation Failure)
[2025-10-14T10:58:20.242+0300][27.189s][info][gc,heap        ] GC(184) DefNew: 2316669K(2316672K)->257341K(2316672K) Eden: 2059328K(2059328K)->0K(2059328K) From: 257341K(257344K)->257341K(257344K)
[2025-10-14T10:58:20.242+0300][27.189s][info][gc,heap        ] GC(184) Tenured: 841100K(5147936K)->903979K(5147936K)
[2025-10-14T10:58:20.242+0300][27.189s][info][gc,metaspace   ] GC(184) Metaspace: 3787K(3968K)->3787K(3968K) NonClass: 3370K(3456K)->3370K(3456K) Class: 416K(512K)->416K(512K)
[2025-10-14T10:58:20.242+0300][27.189s][info][gc             ] GC(184) Pause Young (Allocation Failure) 3083M->1134M(7289M) 25.446ms
[2025-10-14T10:58:20.242+0300][27.189s][info][gc,cpu         ] GC(184) User=0.02s Sys=0.01s Real=0.03s
[2025-10-14T10:58:20.391+0300][27.337s][info][gc,start       ] GC(185) Pause Young (Allocation Failure)
[2025-10-14T10:58:20.420+0300][27.367s][info][gc,heap        ] GC(185) DefNew: 2316669K(2316672K)->257341K(2316672K) Eden: 2059328K(2059328K)->0K(2059328K) From: 257341K(257344K)->257341K(257344K)
[2025-10-14T10:58:20.420+0300][27.367s][info][gc,heap        ] GC(185) Tenured: 903979K(5147936K)->966857K(5147936K)
[2025-10-14T10:58:20.420+0300][27.367s][info][gc,metaspace   ] GC(185) Metaspace: 3787K(3968K)->3787K(3968K) NonClass: 3370K(3456K)->3370K(3456K) Class: 416K(512K)->416K(512K)
[2025-10-14T10:58:20.421+0300][27.367s][info][gc             ] GC(185) Pause Young (Allocation Failure) 3145M->1195M(7289M) 29.850ms
[2025-10-14T10:58:20.421+0300][27.367s][info][gc,cpu         ] GC(185) User=0.01s Sys=0.01s Real=0.03s
[2025-10-14T10:58:20.579+0300][27.526s][info][gc,start       ] GC(186) Pause Young (Allocation Failure)
[2025-10-14T10:58:20.613+0300][27.560s][info][gc,heap        ] GC(186) DefNew: 2316669K(2316672K)->257341K(2316672K) Eden: 2059328K(2059328K)->0K(2059328K) From: 257341K(257344K)->257341K(257344K)
[2025-10-14T10:58:20.614+0300][27.560s][info][gc,heap        ] GC(186) Tenured: 966857K(5147936K)->1029736K(5147936K)
[2025-10-14T10:58:20.614+0300][27.560s][info][gc,metaspace   ] GC(186) Metaspace: 3787K(3968K)->3787K(3968K) NonClass: 3370K(3456K)->3370K(3456K) Class: 416K(512K)->416K(512K)
[2025-10-14T10:58:20.614+0300][27.560s][info][gc             ] GC(186) Pause Young (Allocation Failure) 3206M->1256M(7289M) 34.473ms
[2025-10-14T10:58:20.614+0300][27.560s][info][gc,cpu         ] GC(186) User=0.02s Sys=0.01s Real=0.04s
[2025-10-14T10:58:20.771+0300][27.717s][info][gc,start       ] GC(187) Pause Young (Allocation Failure)
[2025-10-14T10:58:20.800+0300][27.747s][info][gc,heap        ] GC(187) DefNew: 2316669K(2316672K)->257341K(2316672K) Eden: 2059328K(2059328K)->0K(2059328K) From: 257341K(257344K)->257341K(257344K)
[2025-10-14T10:58:20.800+0300][27.747s][info][gc,heap        ] GC(187) Tenured: 1029736K(5147936K)->1092615K(5147936K)
[2025-10-14T10:58:20.800+0300][27.747s][info][gc,metaspace   ] GC(187) Metaspace: 3787K(3968K)->3787K(3968K) NonClass: 3370K(3456K)->3370K(3456K) Class: 416K(512K)->416K(512K)
[2025-10-14T10:58:20.800+0300][27.747s][info][gc             ] GC(187) Pause Young (Allocation Failure) 3267M->1318M(7289M) 29.150ms
[2025-10-14T10:58:20.800+0300][27.747s][info][gc,cpu         ] GC(187) User=0.01s Sys=0.00s Real=0.03s
[2025-10-14T10:58:20.940+0300][27.887s][info][gc,start       ] GC(188) Pause Young (Allocation Failure)
[2025-10-14T10:58:20.968+0300][27.914s][info][gc,heap        ] GC(188) DefNew: 2316669K(2316672K)->257341K(2316672K) Eden: 2059328K(2059328K)->0K(2059328K) From: 257341K(257344K)->257341K(257344K)
[2025-10-14T10:58:20.968+0300][27.914s][info][gc,heap        ] GC(188) Tenured: 1092615K(5147936K)->1155493K(5147936K)
[2025-10-14T10:58:20.968+0300][27.914s][info][gc,metaspace   ] GC(188) Metaspace: 3787K(3968K)->3787K(3968K) NonClass: 3370K(3456K)->3370K(3456K) Class: 416K(512K)->416K(512K)
[2025-10-14T10:58:20.968+0300][27.914s][info][gc             ] GC(188) Pause Young (Allocation Failure) 3329M->1379M(7289M) 27.437ms
[2025-10-14T10:58:20.968+0300][27.914s][info][gc,cpu         ] GC(188) User=0.02s Sys=0.00s Real=0.02s
[2025-10-14T10:58:21.104+0300][28.051s][info][gc,start       ] GC(189) Pause Young (Allocation Failure)
[2025-10-14T10:58:21.143+0300][28.089s][info][gc,heap        ] GC(189) DefNew: 2316669K(2316672K)->257341K(2316672K) Eden: 2059328K(2059328K)->0K(2059328K) From: 257341K(257344K)->257341K(257344K)
[2025-10-14T10:58:21.143+0300][28.090s][info][gc,heap        ] GC(189) Tenured: 1155493K(5147936K)->1218340K(5147936K)
[2025-10-14T10:58:21.143+0300][28.090s][info][gc,metaspace   ] GC(189) Metaspace: 3787K(3968K)->3787K(3968K) NonClass: 3370K(3456K)->3370K(3456K) Class: 416K(512K)->416K(512K)
[2025-10-14T10:58:21.143+0300][28.090s][info][gc             ] GC(189) Pause Young (Allocation Failure) 3390M->1441M(7289M) 38.795ms
[2025-10-14T10:58:21.143+0300][28.090s][info][gc,cpu         ] GC(189) User=0.01s Sys=0.01s Real=0.04s
[2025-10-14T10:58:21.374+0300][28.321s][info][gc,start       ] GC(190) Pause Young (Allocation Failure)
[2025-10-14T10:58:21.418+0300][28.365s][info][gc,heap        ] GC(190) DefNew: 2316669K(2316672K)->257341K(2316672K) Eden: 2059328K(2059328K)->0K(2059328K) From: 257341K(257344K)->257341K(257344K)
[2025-10-14T10:58:21.418+0300][28.365s][info][gc,heap        ] GC(190) Tenured: 1218340K(5147936K)->1281219K(5147936K)
[2025-10-14T10:58:21.418+0300][28.365s][info][gc,metaspace   ] GC(190) Metaspace: 3787K(3968K)->3787K(3968K) NonClass: 3370K(3456K)->3370K(3456K) Class: 416K(512K)->416K(512K)
[2025-10-14T10:58:21.418+0300][28.365s][info][gc             ] GC(190) Pause Young (Allocation Failure) 3452M->1502M(7289M) 44.048ms
[2025-10-14T10:58:21.418+0300][28.365s][info][gc,cpu         ] GC(190) User=0.02s Sys=0.02s Real=0.04s
[2025-10-14T10:58:21.566+0300][28.512s][info][gc,start       ] GC(191) Pause Young (Allocation Failure)
[2025-10-14T10:58:21.629+0300][28.575s][info][gc,heap        ] GC(191) DefNew: 2316669K(2316672K)->257341K(2316672K) Eden: 2059328K(2059328K)->0K(2059328K) From: 257341K(257344K)->257341K(257344K)
[2025-10-14T10:58:21.629+0300][28.575s][info][gc,heap        ] GC(191) Tenured: 1281219K(5147936K)->1344129K(5147936K)
[2025-10-14T10:58:21.629+0300][28.575s][info][gc,metaspace   ] GC(191) Metaspace: 3787K(3968K)->3787K(3968K) NonClass: 3370K(3456K)->3370K(3456K) Class: 416K(512K)->416K(512K)
[2025-10-14T10:58:21.629+0300][28.575s][info][gc             ] GC(191) Pause Young (Allocation Failure) 3513M->1563M(7289M) 62.900ms
[2025-10-14T10:58:21.629+0300][28.575s][info][gc,cpu         ] GC(191) User=0.03s Sys=0.02s Real=0.06s
[2025-10-14T10:58:21.825+0300][28.771s][info][gc,start       ] GC(192) Pause Young (Allocation Failure)
[2025-10-14T10:58:21.853+0300][28.799s][info][gc,heap        ] GC(192) DefNew: 2316669K(2316672K)->257341K(2316672K) Eden: 2059328K(2059328K)->0K(2059328K) From: 257341K(257344K)->257341K(257344K)
[2025-10-14T10:58:21.853+0300][28.799s][info][gc,heap        ] GC(192) Tenured: 1344129K(5147936K)->1407008K(5147936K)
[2025-10-14T10:58:21.853+0300][28.799s][info][gc,metaspace   ] GC(192) Metaspace: 3787K(3968K)->3787K(3968K) NonClass: 3370K(3456K)->3370K(3456K) Class: 416K(512K)->416K(512K)
[2025-10-14T10:58:21.853+0300][28.799s][info][gc             ] GC(192) Pause Young (Allocation Failure) 3574M->1625M(7289M) 27.989ms
[2025-10-14T10:58:21.853+0300][28.799s][info][gc,cpu         ] GC(192) User=0.02s Sys=0.01s Real=0.03s
[2025-10-14T10:58:21.997+0300][28.944s][info][gc,start       ] GC(193) Pause Young (Allocation Failure)
[2025-10-14T10:58:22.027+0300][28.974s][info][gc,heap        ] GC(193) DefNew: 2316669K(2316672K)->257341K(2316672K) Eden: 2059328K(2059328K)->0K(2059328K) From: 257341K(257344K)->257341K(257344K)
[2025-10-14T10:58:22.027+0300][28.974s][info][gc,heap        ] GC(193) Tenured: 1407008K(5147936K)->1469887K(5147936K)
[2025-10-14T10:58:22.027+0300][28.974s][info][gc,metaspace   ] GC(193) Metaspace: 3787K(3968K)->3787K(3968K) NonClass: 3370K(3456K)->3370K(3456K) Class: 416K(512K)->416K(512K)
[2025-10-14T10:58:22.027+0300][28.974s][info][gc             ] GC(193) Pause Young (Allocation Failure) 3636M->1686M(7289M) 30.224ms
[2025-10-14T10:58:22.027+0300][28.974s][info][gc,cpu         ] GC(193) User=0.01s Sys=0.01s Real=0.03s
[2025-10-14T10:58:22.165+0300][29.112s][info][gc,start       ] GC(194) Pause Young (Allocation Failure)
[2025-10-14T10:58:22.193+0300][29.140s][info][gc,heap        ] GC(194) DefNew: 2316669K(2316672K)->257341K(2316672K) Eden: 2059328K(2059328K)->0K(2059328K) From: 257341K(257344K)->257341K(257344K)
[2025-10-14T10:58:22.193+0300][29.140s][info][gc,heap        ] GC(194) Tenured: 1469887K(5147936K)->1532797K(5147936K)
[2025-10-14T10:58:22.193+0300][29.140s][info][gc,metaspace   ] GC(194) Metaspace: 3787K(3968K)->3787K(3968K) NonClass: 3370K(3456K)->3370K(3456K) Class: 416K(512K)->416K(512K)
[2025-10-14T10:58:22.193+0300][29.140s][info][gc             ] GC(194) Pause Young (Allocation Failure) 3697M->1748M(7289M) 27.732ms
[2025-10-14T10:58:22.193+0300][29.140s][info][gc,cpu         ] GC(194) User=0.02s Sys=0.01s Real=0.03s
[2025-10-14T10:58:22.330+0300][29.276s][info][gc,start       ] GC(195) Pause Young (Allocation Failure)
[2025-10-14T10:58:22.357+0300][29.304s][info][gc,heap        ] GC(195) DefNew: 2316669K(2316672K)->257341K(2316672K) Eden: 2059328K(2059328K)->0K(2059328K) From: 257341K(257344K)->257341K(257344K)
[2025-10-14T10:58:22.357+0300][29.304s][info][gc,heap        ] GC(195) Tenured: 1532797K(5147936K)->1595676K(5147936K)
[2025-10-14T10:58:22.357+0300][29.304s][info][gc,metaspace   ] GC(195) Metaspace: 3787K(3968K)->3787K(3968K) NonClass: 3370K(3456K)->3370K(3456K) Class: 416K(512K)->416K(512K)
[2025-10-14T10:58:22.358+0300][29.304s][info][gc             ] GC(195) Pause Young (Allocation Failure) 3759M->1809M(7289M) 27.546ms
[2025-10-14T10:58:22.358+0300][29.305s][info][gc,cpu         ] GC(195) User=0.02s Sys=0.00s Real=0.02s
[2025-10-14T10:58:22.498+0300][29.444s][info][gc,start       ] GC(196) Pause Young (Allocation Failure)
[2025-10-14T10:58:22.526+0300][29.473s][info][gc,heap        ] GC(196) DefNew: 2316669K(2316672K)->257341K(2316672K) Eden: 2059328K(2059328K)->0K(2059328K) From: 257341K(257344K)->257341K(257344K)
[2025-10-14T10:58:22.526+0300][29.473s][info][gc,heap        ] GC(196) Tenured: 1595676K(5147936K)->1658523K(5147936K)
[2025-10-14T10:58:22.526+0300][29.473s][info][gc,metaspace   ] GC(196) Metaspace: 3787K(3968K)->3787K(3968K) NonClass: 3370K(3456K)->3370K(3456K) Class: 416K(512K)->416K(512K)
[2025-10-14T10:58:22.526+0300][29.473s][info][gc             ] GC(196) Pause Young (Allocation Failure) 3820M->1870M(7289M) 28.546ms
[2025-10-14T10:58:22.526+0300][29.473s][info][gc,cpu         ] GC(196) User=0.02s Sys=0.01s Real=0.03s
[2025-10-14T10:58:22.663+0300][29.610s][info][gc,start       ] GC(197) Pause Young (Allocation Failure)
[2025-10-14T10:58:22.698+0300][29.645s][info][gc,heap        ] GC(197) DefNew: 2316669K(2316672K)->257341K(2316672K) Eden: 2059328K(2059328K)->0K(2059328K) From: 257341K(257344K)->257341K(257344K)
[2025-10-14T10:58:22.698+0300][29.645s][info][gc,heap        ] GC(197) Tenured: 1658523K(5147936K)->1721402K(5147936K)
[2025-10-14T10:58:22.698+0300][29.645s][info][gc,metaspace   ] GC(197) Metaspace: 3787K(3968K)->3787K(3968K) NonClass: 3370K(3456K)->3370K(3456K) Class: 416K(512K)->416K(512K)
[2025-10-14T10:58:22.698+0300][29.645s][info][gc             ] GC(197) Pause Young (Allocation Failure) 3882M->1932M(7289M) 35.098ms
[2025-10-14T10:58:22.698+0300][29.645s][info][gc,cpu         ] GC(197) User=0.02s Sys=0.01s Real=0.03s
[2025-10-14T10:58:22.834+0300][29.781s][info][gc,start       ] GC(198) Pause Young (Allocation Failure)
[2025-10-14T10:58:22.857+0300][29.803s][info][gc,heap        ] GC(198) DefNew: 2316669K(2316672K)->257341K(2316672K) Eden: 2059328K(2059328K)->0K(2059328K) From: 257341K(257344K)->257341K(257344K)
[2025-10-14T10:58:22.857+0300][29.803s][info][gc,heap        ] GC(198) Tenured: 1721402K(5147936K)->1784280K(5147936K)
[2025-10-14T10:58:22.857+0300][29.803s][info][gc,metaspace   ] GC(198) Metaspace: 3787K(3968K)->3787K(3968K) NonClass: 3370K(3456K)->3370K(3456K) Class: 416K(512K)->416K(512K)
[2025-10-14T10:58:22.857+0300][29.803s][info][gc             ] GC(198) Pause Young (Allocation Failure) 3943M->1993M(7289M) 22.562ms
[2025-10-14T10:58:22.857+0300][29.803s][info][gc,cpu         ] GC(198) User=0.02s Sys=0.01s Real=0.02s
[2025-10-14T10:58:22.996+0300][29.943s][info][gc,start       ] GC(199) Pause Young (Allocation Failure)
[2025-10-14T10:58:23.025+0300][29.972s][info][gc,heap        ] GC(199) DefNew: 2316669K(2316672K)->257341K(2316672K) Eden: 2059328K(2059328K)->0K(2059328K) From: 257341K(257344K)->257341K(257344K)
[2025-10-14T10:58:23.025+0300][29.972s][info][gc,heap        ] GC(199) Tenured: 1784280K(5147936K)->1847159K(5147936K)
[2025-10-14T10:58:23.025+0300][29.972s][info][gc,metaspace   ] GC(199) Metaspace: 3787K(3968K)->3787K(3968K) NonClass: 3370K(3456K)->3370K(3456K) Class: 416K(512K)->416K(512K)
[2025-10-14T10:58:23.025+0300][29.972s][info][gc             ] GC(199) Pause Young (Allocation Failure) 4004M->2055M(7289M) 29.203ms
[2025-10-14T10:58:23.025+0300][29.972s][info][gc,cpu         ] GC(199) User=0.02s Sys=0.01s Real=0.03s
[2025-10-14T10:58:23.159+0300][30.105s][info][gc,start       ] GC(200) Pause Young (Allocation Failure)
[2025-10-14T10:58:23.187+0300][30.133s][info][gc,heap        ] GC(200) DefNew: 2316669K(2316672K)->257341K(2316672K) Eden: 2059328K(2059328K)->0K(2059328K) From: 257341K(257344K)->257341K(257344K)
[2025-10-14T10:58:23.187+0300][30.133s][info][gc,heap        ] GC(200) Tenured: 1847159K(5147936K)->1910038K(5147936K)
[2025-10-14T10:58:23.187+0300][30.133s][info][gc,metaspace   ] GC(200) Metaspace: 3787K(3968K)->3787K(3968K) NonClass: 3370K(3456K)->3370K(3456K) Class: 416K(512K)->416K(512K)
[2025-10-14T10:58:23.187+0300][30.133s][info][gc             ] GC(200) Pause Young (Allocation Failure) 4066M->2116M(7289M) 27.933ms
[2025-10-14T10:58:23.187+0300][30.133s][info][gc,cpu         ] GC(200) User=0.02s Sys=0.01s Real=0.03s
[2025-10-14T10:58:23.320+0300][30.266s][info][gc,start       ] GC(201) Pause Young (Allocation Failure)
[2025-10-14T10:58:23.349+0300][30.295s][info][gc,heap        ] GC(201) DefNew: 2316669K(2316672K)->257341K(2316672K) Eden: 2059328K(2059328K)->0K(2059328K) From: 257341K(257344K)->257341K(257344K)
[2025-10-14T10:58:23.349+0300][30.295s][info][gc,heap        ] GC(201) Tenured: 1910038K(5147936K)->1972916K(5147936K)
[2025-10-14T10:58:23.349+0300][30.295s][info][gc,metaspace   ] GC(201) Metaspace: 3787K(3968K)->3787K(3968K) NonClass: 3370K(3456K)->3370K(3456K) Class: 416K(512K)->416K(512K)
[2025-10-14T10:58:23.349+0300][30.295s][info][gc             ] GC(201) Pause Young (Allocation Failure) 4127M->2177M(7289M) 28.824ms
[2025-10-14T10:58:23.349+0300][30.295s][info][gc,cpu         ] GC(201) User=0.02s Sys=0.01s Real=0.02s
[2025-10-14T10:58:23.484+0300][30.430s][info][gc,start       ] GC(202) Pause Young (Allocation Failure)
[2025-10-14T10:58:23.512+0300][30.459s][info][gc,heap        ] GC(202) DefNew: 2316669K(2316672K)->257341K(2316672K) Eden: 2059328K(2059328K)->0K(2059328K) From: 257341K(257344K)->257341K(257344K)
[2025-10-14T10:58:23.513+0300][30.459s][info][gc,heap        ] GC(202) Tenured: 1972916K(5147936K)->2035795K(5147936K)
[2025-10-14T10:58:23.513+0300][30.459s][info][gc,metaspace   ] GC(202) Metaspace: 3787K(3968K)->3787K(3968K) NonClass: 3370K(3456K)->3370K(3456K) Class: 416K(512K)->416K(512K)
[2025-10-14T10:58:23.513+0300][30.459s][info][gc             ] GC(202) Pause Young (Allocation Failure) 4189M->2239M(7289M) 28.689ms
[2025-10-14T10:58:23.513+0300][30.459s][info][gc,cpu         ] GC(202) User=0.02s Sys=0.00s Real=0.03s
[2025-10-14T10:58:23.645+0300][30.592s][info][gc,start       ] GC(203) Pause Young (Allocation Failure)
[2025-10-14T10:58:23.673+0300][30.619s][info][gc,heap        ] GC(203) DefNew: 2316669K(2316672K)->257341K(2316672K) Eden: 2059328K(2059328K)->0K(2059328K) From: 257341K(257344K)->257341K(257344K)
[2025-10-14T10:58:23.673+0300][30.619s][info][gc,heap        ] GC(203) Tenured: 2035795K(5147936K)->2098674K(5147936K)
[2025-10-14T10:58:23.673+0300][30.619s][info][gc,metaspace   ] GC(203) Metaspace: 3787K(3968K)->3787K(3968K) NonClass: 3370K(3456K)->3370K(3456K) Class: 416K(512K)->416K(512K)
[2025-10-14T10:58:23.673+0300][30.619s][info][gc             ] GC(203) Pause Young (Allocation Failure) 4250M->2300M(7289M) 27.328ms
[2025-10-14T10:58:23.673+0300][30.619s][info][gc,cpu         ] GC(203) User=0.02s Sys=0.01s Real=0.03s
[2025-10-14T10:58:23.809+0300][30.756s][info][gc,start       ] GC(204) Pause Young (Allocation Failure)
[2025-10-14T10:58:23.836+0300][30.782s][info][gc,heap        ] GC(204) DefNew: 2316669K(2316672K)->257341K(2316672K) Eden: 2059328K(2059328K)->0K(2059328K) From: 257341K(257344K)->257341K(257344K)
[2025-10-14T10:58:23.836+0300][30.782s][info][gc,heap        ] GC(204) Tenured: 2098674K(5147936K)->2161552K(5147936K)
[2025-10-14T10:58:23.836+0300][30.782s][info][gc,metaspace   ] GC(204) Metaspace: 3787K(3968K)->3787K(3968K) NonClass: 3370K(3456K)->3370K(3456K) Class: 416K(512K)->416K(512K)
[2025-10-14T10:58:23.836+0300][30.782s][info][gc             ] GC(204) Pause Young (Allocation Failure) 4311M->2362M(7289M) 26.539ms
[2025-10-14T10:58:23.836+0300][30.783s][info][gc,cpu         ] GC(204) User=0.02s Sys=0.01s Real=0.03s
[2025-10-14T10:58:23.971+0300][30.918s][info][gc,start       ] GC(205) Pause Young (Allocation Failure)
[2025-10-14T10:58:23.998+0300][30.944s][info][gc,heap        ] GC(205) DefNew: 2316669K(2316672K)->257341K(2316672K) Eden: 2059328K(2059328K)->0K(2059328K) From: 257341K(257344K)->257341K(257344K)
[2025-10-14T10:58:23.998+0300][30.944s][info][gc,heap        ] GC(205) Tenured: 2161552K(5147936K)->2224431K(5147936K)
[2025-10-14T10:58:23.998+0300][30.944s][info][gc,metaspace   ] GC(205) Metaspace: 3787K(3968K)->3787K(3968K) NonClass: 3370K(3456K)->3370K(3456K) Class: 416K(512K)->416K(512K)
[2025-10-14T10:58:23.998+0300][30.944s][info][gc             ] GC(205) Pause Young (Allocation Failure) 4373M->2423M(7289M) 26.868ms
[2025-10-14T10:58:23.998+0300][30.944s][info][gc,cpu         ] GC(205) User=0.01s Sys=0.01s Real=0.02s
[2025-10-14T10:58:24.136+0300][31.082s][info][gc,start       ] GC(206) Pause Young (Allocation Failure)
[2025-10-14T10:58:24.165+0300][31.112s][info][gc,heap        ] GC(206) DefNew: 2316669K(2316672K)->257341K(2316672K) Eden: 2059328K(2059328K)->0K(2059328K) From: 257341K(257344K)->257341K(257344K)
[2025-10-14T10:58:24.165+0300][31.112s][info][gc,heap        ] GC(206) Tenured: 2224431K(5147936K)->2287278K(5147936K)
[2025-10-14T10:58:24.165+0300][31.112s][info][gc,metaspace   ] GC(206) Metaspace: 3787K(3968K)->3787K(3968K) NonClass: 3370K(3456K)->3370K(3456K) Class: 416K(512K)->416K(512K)
[2025-10-14T10:58:24.165+0300][31.112s][info][gc             ] GC(206) Pause Young (Allocation Failure) 4434M->2484M(7289M) 29.550ms
[2025-10-14T10:58:24.165+0300][31.112s][info][gc,cpu         ] GC(206) User=0.02s Sys=0.01s Real=0.03s
[2025-10-14T10:58:24.296+0300][31.243s][info][gc,start       ] GC(207) Pause Young (Allocation Failure)
[2025-10-14T10:58:24.332+0300][31.278s][info][gc,heap        ] GC(207) DefNew: 2316669K(2316672K)->257341K(2316672K) Eden: 2059328K(2059328K)->0K(2059328K) From: 257341K(257344K)->257341K(257344K)
[2025-10-14T10:58:24.332+0300][31.278s][info][gc,heap        ] GC(207) Tenured: 2287278K(5147936K)->2350156K(5147936K)
[2025-10-14T10:58:24.332+0300][31.278s][info][gc,metaspace   ] GC(207) Metaspace: 3787K(3968K)->3787K(3968K) NonClass: 3370K(3456K)->3370K(3456K) Class: 416K(512K)->416K(512K)
[2025-10-14T10:58:24.332+0300][31.278s][info][gc             ] GC(207) Pause Young (Allocation Failure) 4496M->2546M(7289M) 35.635ms
[2025-10-14T10:58:24.332+0300][31.278s][info][gc,cpu         ] GC(207) User=0.02s Sys=0.01s Real=0.04s
[2025-10-14T10:58:24.466+0300][31.412s][info][gc,start       ] GC(208) Pause Young (Allocation Failure)
[2025-10-14T10:58:24.496+0300][31.443s][info][gc,heap        ] GC(208) DefNew: 2316669K(2316672K)->257341K(2316672K) Eden: 2059328K(2059328K)->0K(2059328K) From: 257341K(257344K)->257341K(257344K)
[2025-10-14T10:58:24.496+0300][31.443s][info][gc,heap        ] GC(208) Tenured: 2350156K(5147936K)->2413035K(5147936K)
[2025-10-14T10:58:24.496+0300][31.443s][info][gc,metaspace   ] GC(208) Metaspace: 3787K(3968K)->3787K(3968K) NonClass: 3370K(3456K)->3370K(3456K) Class: 416K(512K)->416K(512K)
[2025-10-14T10:58:24.497+0300][31.443s][info][gc             ] GC(208) Pause Young (Allocation Failure) 4557M->2607M(7289M) 30.635ms
[2025-10-14T10:58:24.497+0300][31.443s][info][gc,cpu         ] GC(208) User=0.02s Sys=0.00s Real=0.03s
[2025-10-14T10:58:24.629+0300][31.575s][info][gc,start       ] GC(209) Pause Young (Allocation Failure)
[2025-10-14T10:58:24.659+0300][31.606s][info][gc,heap        ] GC(209) DefNew: 2316669K(2316672K)->257341K(2316672K) Eden: 2059328K(2059328K)->0K(2059328K) From: 257341K(257344K)->257341K(257344K)
[2025-10-14T10:58:24.659+0300][31.606s][info][gc,heap        ] GC(209) Tenured: 2413035K(5147936K)->2475914K(5147936K)
[2025-10-14T10:58:24.659+0300][31.606s][info][gc,metaspace   ] GC(209) Metaspace: 3787K(3968K)->3787K(3968K) NonClass: 3370K(3456K)->3370K(3456K) Class: 416K(512K)->416K(512K)
[2025-10-14T10:58:24.659+0300][31.606s][info][gc             ] GC(209) Pause Young (Allocation Failure) 4618M->2669M(7289M) 30.676ms
[2025-10-14T10:58:24.659+0300][31.606s][info][gc,cpu         ] GC(209) User=0.02s Sys=0.01s Real=0.03s
[2025-10-14T10:58:24.791+0300][31.738s][info][gc,start       ] GC(210) Pause Young (Allocation Failure)
[2025-10-14T10:58:24.820+0300][31.767s][info][gc,heap        ] GC(210) DefNew: 2316669K(2316672K)->257341K(2316672K) Eden: 2059328K(2059328K)->0K(2059328K) From: 257341K(257344K)->257341K(257344K)
[2025-10-14T10:58:24.820+0300][31.767s][info][gc,heap        ] GC(210) Tenured: 2475914K(5147936K)->2538792K(5147936K)
[2025-10-14T10:58:24.820+0300][31.767s][info][gc,metaspace   ] GC(210) Metaspace: 3787K(3968K)->3787K(3968K) NonClass: 3370K(3456K)->3370K(3456K) Class: 416K(512K)->416K(512K)
[2025-10-14T10:58:24.820+0300][31.767s][info][gc             ] GC(210) Pause Young (Allocation Failure) 4680M->2730M(7289M) 28.643ms
[2025-10-14T10:58:24.820+0300][31.767s][info][gc,cpu         ] GC(210) User=0.02s Sys=0.01s Real=0.03s
[2025-10-14T10:58:24.953+0300][31.899s][info][gc,start       ] GC(211) Pause Young (Allocation Failure)
[2025-10-14T10:58:24.981+0300][31.927s][info][gc,heap        ] GC(211) DefNew: 2316669K(2316672K)->257341K(2316672K) Eden: 2059328K(2059328K)->0K(2059328K) From: 257341K(257344K)->257341K(257344K)
[2025-10-14T10:58:24.981+0300][31.927s][info][gc,heap        ] GC(211) Tenured: 2538792K(5147936K)->2601671K(5147936K)
[2025-10-14T10:58:24.981+0300][31.927s][info][gc,metaspace   ] GC(211) Metaspace: 3787K(3968K)->3787K(3968K) NonClass: 3370K(3456K)->3370K(3456K) Class: 416K(512K)->416K(512K)
[2025-10-14T10:58:24.981+0300][31.927s][info][gc             ] GC(211) Pause Young (Allocation Failure) 4741M->2792M(7289M) 27.867ms
[2025-10-14T10:58:24.981+0300][31.927s][info][gc,cpu         ] GC(211) User=0.02s Sys=0.00s Real=0.03s
[2025-10-14T10:58:25.113+0300][32.059s][info][gc,start       ] GC(212) Pause Young (Allocation Failure)
[2025-10-14T10:58:25.141+0300][32.087s][info][gc,heap        ] GC(212) DefNew: 2316669K(2316672K)->257341K(2316672K) Eden: 2059328K(2059328K)->0K(2059328K) From: 257341K(257344K)->257341K(257344K)
[2025-10-14T10:58:25.141+0300][32.087s][info][gc,heap        ] GC(212) Tenured: 2601671K(5147936K)->2664550K(5147936K)
[2025-10-14T10:58:25.141+0300][32.087s][info][gc,metaspace   ] GC(212) Metaspace: 3787K(3968K)->3787K(3968K) NonClass: 3370K(3456K)->3370K(3456K) Class: 416K(512K)->416K(512K)
[2025-10-14T10:58:25.141+0300][32.087s][info][gc             ] GC(212) Pause Young (Allocation Failure) 4803M->2853M(7289M) 28.194ms
[2025-10-14T10:58:25.141+0300][32.087s][info][gc,cpu         ] GC(212) User=0.02s Sys=0.01s Real=0.03s
[2025-10-14T10:58:25.274+0300][32.220s][info][gc,start       ] GC(213) Pause Young (Allocation Failure)
[2025-10-14T10:58:25.300+0300][32.247s][info][gc,heap        ] GC(213) DefNew: 2316669K(2316672K)->257341K(2316672K) Eden: 2059328K(2059328K)->0K(2059328K) From: 257341K(257344K)->257341K(257344K)
[2025-10-14T10:58:25.300+0300][32.247s][info][gc,heap        ] GC(213) Tenured: 2664550K(5147936K)->2727429K(5147936K)
[2025-10-14T10:58:25.300+0300][32.247s][info][gc,metaspace   ] GC(213) Metaspace: 3787K(3968K)->3787K(3968K) NonClass: 3370K(3456K)->3370K(3456K) Class: 416K(512K)->416K(512K)
[2025-10-14T10:58:25.300+0300][32.247s][info][gc             ] GC(213) Pause Young (Allocation Failure) 4864M->2914M(7289M) 26.322ms
[2025-10-14T10:58:25.300+0300][32.247s][info][gc,cpu         ] GC(213) User=0.01s Sys=0.01s Real=0.03s
[2025-10-14T10:58:25.432+0300][32.379s][info][gc,start       ] GC(214) Pause Young (Allocation Failure)
[2025-10-14T10:58:25.461+0300][32.407s][info][gc,heap        ] GC(214) DefNew: 2316669K(2316672K)->257341K(2316672K) Eden: 2059328K(2059328K)->0K(2059328K) From: 257341K(257344K)->257341K(257344K)
[2025-10-14T10:58:25.461+0300][32.407s][info][gc,heap        ] GC(214) Tenured: 2727429K(5147936K)->2790275K(5147936K)
[2025-10-14T10:58:25.461+0300][32.407s][info][gc,metaspace   ] GC(214) Metaspace: 3787K(3968K)->3787K(3968K) NonClass: 3370K(3456K)->3370K(3456K) Class: 416K(512K)->416K(512K)
[2025-10-14T10:58:25.461+0300][32.407s][info][gc             ] GC(214) Pause Young (Allocation Failure) 4925M->2976M(7289M) 28.525ms
[2025-10-14T10:58:25.461+0300][32.407s][info][gc,cpu         ] GC(214) User=0.01s Sys=0.01s Real=0.03s
[2025-10-14T10:58:25.593+0300][32.539s][info][gc,start       ] GC(215) Pause Young (Allocation Failure)
[2025-10-14T10:58:25.621+0300][32.567s][info][gc,heap        ] GC(215) DefNew: 2316669K(2316672K)->257341K(2316672K) Eden: 2059328K(2059328K)->0K(2059328K) From: 257341K(257344K)->257341K(257344K)
[2025-10-14T10:58:25.621+0300][32.567s][info][gc,heap        ] GC(215) Tenured: 2790275K(5147936K)->2853122K(5147936K)
[2025-10-14T10:58:25.621+0300][32.567s][info][gc,metaspace   ] GC(215) Metaspace: 3787K(3968K)->3787K(3968K) NonClass: 3370K(3456K)->3370K(3456K) Class: 416K(512K)->416K(512K)
[2025-10-14T10:58:25.621+0300][32.567s][info][gc             ] GC(215) Pause Young (Allocation Failure) 4987M->3037M(7289M) 27.930ms
[2025-10-14T10:58:25.621+0300][32.567s][info][gc,cpu         ] GC(215) User=0.02s Sys=0.00s Real=0.03s
[2025-10-14T10:58:25.758+0300][32.705s][info][gc,start       ] GC(216) Pause Young (Allocation Failure)
[2025-10-14T10:58:25.789+0300][32.736s][info][gc,heap        ] GC(216) DefNew: 2316669K(2316672K)->257341K(2316672K) Eden: 2059328K(2059328K)->0K(2059328K) From: 257341K(257344K)->257341K(257344K)
[2025-10-14T10:58:25.789+0300][32.736s][info][gc,heap        ] GC(216) Tenured: 2853122K(5147936K)->2915969K(5147936K)
[2025-10-14T10:58:25.789+0300][32.736s][info][gc,metaspace   ] GC(216) Metaspace: 3787K(3968K)->3787K(3968K) NonClass: 3370K(3456K)->3370K(3456K) Class: 416K(512K)->416K(512K)
[2025-10-14T10:58:25.789+0300][32.736s][info][gc             ] GC(216) Pause Young (Allocation Failure) 5048M->3098M(7289M) 31.056ms
[2025-10-14T10:58:25.789+0300][32.736s][info][gc,cpu         ] GC(216) User=0.02s Sys=0.01s Real=0.03s
[2025-10-14T10:58:25.935+0300][32.881s][info][gc,start       ] GC(217) Pause Young (Allocation Failure)
[2025-10-14T10:58:25.969+0300][32.915s][info][gc,heap        ] GC(217) DefNew: 2316669K(2316672K)->257341K(2316672K) Eden: 2059328K(2059328K)->0K(2059328K) From: 257341K(257344K)->257341K(257344K)
[2025-10-14T10:58:25.969+0300][32.915s][info][gc,heap        ] GC(217) Tenured: 2915969K(5147936K)->2978847K(5147936K)
[2025-10-14T10:58:25.969+0300][32.916s][info][gc,metaspace   ] GC(217) Metaspace: 3787K(3968K)->3787K(3968K) NonClass: 3370K(3456K)->3370K(3456K) Class: 416K(512K)->416K(512K)
[2025-10-14T10:58:25.969+0300][32.916s][info][gc             ] GC(217) Pause Young (Allocation Failure) 5109M->3160M(7289M) 34.241ms
[2025-10-14T10:58:25.969+0300][32.916s][info][gc,cpu         ] GC(217) User=0.02s Sys=0.01s Real=0.03s
[2025-10-14T10:58:26.109+0300][33.055s][info][gc,start       ] GC(218) Pause Young (Allocation Failure)
[2025-10-14T10:58:26.137+0300][33.084s][info][gc,heap        ] GC(218) DefNew: 2316669K(2316672K)->257341K(2316672K) Eden: 2059328K(2059328K)->0K(2059328K) From: 257341K(257344K)->257341K(257344K)
[2025-10-14T10:58:26.137+0300][33.084s][info][gc,heap        ] GC(218) Tenured: 2978847K(5147936K)->3041726K(5147936K)
[2025-10-14T10:58:26.137+0300][33.084s][info][gc,metaspace   ] GC(218) Metaspace: 3787K(3968K)->3787K(3968K) NonClass: 3370K(3456K)->3370K(3456K) Class: 416K(512K)->416K(512K)
[2025-10-14T10:58:26.137+0300][33.084s][info][gc             ] GC(218) Pause Young (Allocation Failure) 5171M->3221M(7289M) 28.124ms
[2025-10-14T10:58:26.137+0300][33.084s][info][gc,cpu         ] GC(218) User=0.02s Sys=0.01s Real=0.03s
[2025-10-14T10:58:26.272+0300][33.218s][info][gc,start       ] GC(219) Pause Young (Allocation Failure)
[2025-10-14T10:58:26.302+0300][33.249s][info][gc,heap        ] GC(219) DefNew: 2316669K(2316672K)->257341K(2316672K) Eden: 2059328K(2059328K)->0K(2059328K) From: 257341K(257344K)->257341K(257344K)
[2025-10-14T10:58:26.303+0300][33.249s][info][gc,heap        ] GC(219) Tenured: 3041726K(5147936K)->3104605K(5147936K)
[2025-10-14T10:58:26.303+0300][33.249s][info][gc,metaspace   ] GC(219) Metaspace: 3787K(3968K)->3787K(3968K) NonClass: 3370K(3456K)->3370K(3456K) Class: 416K(512K)->416K(512K)
[2025-10-14T10:58:26.303+0300][33.249s][info][gc             ] GC(219) Pause Young (Allocation Failure) 5232M->3283M(7289M) 30.729ms
[2025-10-14T10:58:26.303+0300][33.249s][info][gc,cpu         ] GC(219) User=0.02s Sys=0.01s Real=0.03s
[2025-10-14T10:58:26.438+0300][33.385s][info][gc,start       ] GC(220) Pause Young (Allocation Failure)
[2025-10-14T10:58:26.471+0300][33.418s][info][gc,heap        ] GC(220) DefNew: 2316669K(2316672K)->257341K(2316672K) Eden: 2059328K(2059328K)->0K(2059328K) From: 257341K(257344K)->257341K(257344K)
[2025-10-14T10:58:26.471+0300][33.418s][info][gc,heap        ] GC(220) Tenured: 3104605K(5147936K)->3167515K(5147936K)
[2025-10-14T10:58:26.471+0300][33.418s][info][gc,metaspace   ] GC(220) Metaspace: 3787K(3968K)->3787K(3968K) NonClass: 3370K(3456K)->3370K(3456K) Class: 416K(512K)->416K(512K)
[2025-10-14T10:58:26.471+0300][33.418s][info][gc             ] GC(220) Pause Young (Allocation Failure) 5294M->3344M(7289M) 32.993ms
[2025-10-14T10:58:26.471+0300][33.418s][info][gc,cpu         ] GC(220) User=0.02s Sys=0.01s Real=0.04s
[2025-10-14T10:58:26.606+0300][33.553s][info][gc,start       ] GC(221) Pause Young (Allocation Failure)
[2025-10-14T10:58:26.642+0300][33.589s][info][gc,heap        ] GC(221) DefNew: 2316669K(2316672K)->257341K(2316672K) Eden: 2059328K(2059328K)->0K(2059328K) From: 257341K(257344K)->257341K(257344K)
[2025-10-14T10:58:26.642+0300][33.589s][info][gc,heap        ] GC(221) Tenured: 3167515K(5147936K)->3230394K(5147936K)
[2025-10-14T10:58:26.642+0300][33.589s][info][gc,metaspace   ] GC(221) Metaspace: 3787K(3968K)->3787K(3968K) NonClass: 3370K(3456K)->3370K(3456K) Class: 416K(512K)->416K(512K)
[2025-10-14T10:58:26.642+0300][33.589s][info][gc             ] GC(221) Pause Young (Allocation Failure) 5355M->3405M(7289M) 36.422ms
[2025-10-14T10:58:26.643+0300][33.589s][info][gc,cpu         ] GC(221) User=0.02s Sys=0.02s Real=0.04s
[2025-10-14T10:58:26.777+0300][33.724s][info][gc,start       ] GC(222) Pause Young (Allocation Failure)
[2025-10-14T10:58:26.808+0300][33.755s][info][gc,heap        ] GC(222) DefNew: 2316669K(2316672K)->257341K(2316672K) Eden: 2059328K(2059328K)->0K(2059328K) From: 257341K(257344K)->257341K(257344K)
[2025-10-14T10:58:26.808+0300][33.755s][info][gc,heap        ] GC(222) Tenured: 3230394K(5147936K)->3293273K(5147936K)
[2025-10-14T10:58:26.808+0300][33.755s][info][gc,metaspace   ] GC(222) Metaspace: 3787K(3968K)->3787K(3968K) NonClass: 3370K(3456K)->3370K(3456K) Class: 416K(512K)->416K(512K)
[2025-10-14T10:58:26.808+0300][33.755s][info][gc             ] GC(222) Pause Young (Allocation Failure) 5417M->3467M(7289M) 30.786ms
[2025-10-14T10:58:26.808+0300][33.755s][info][gc,cpu         ] GC(222) User=0.01s Sys=0.01s Real=0.03s
[2025-10-14T10:58:26.942+0300][33.888s][info][gc,start       ] GC(223) Pause Young (Allocation Failure)
[2025-10-14T10:58:26.970+0300][33.917s][info][gc,heap        ] GC(223) DefNew: 2316669K(2316672K)->257341K(2316672K) Eden: 2059328K(2059328K)->0K(2059328K) From: 257341K(257344K)->257341K(257344K)
[2025-10-14T10:58:26.970+0300][33.917s][info][gc,heap        ] GC(223) Tenured: 3293273K(5147936K)->3356151K(5147936K)
[2025-10-14T10:58:26.970+0300][33.917s][info][gc,metaspace   ] GC(223) Metaspace: 3787K(3968K)->3787K(3968K) NonClass: 3370K(3456K)->3370K(3456K) Class: 416K(512K)->416K(512K)
[2025-10-14T10:58:26.970+0300][33.917s][info][gc             ] GC(223) Pause Young (Allocation Failure) 5478M->3528M(7289M) 28.667ms
[2025-10-14T10:58:26.970+0300][33.917s][info][gc,cpu         ] GC(223) User=0.01s Sys=0.01s Real=0.03s
[2025-10-14T10:58:27.101+0300][34.047s][info][gc,start       ] GC(224) Pause Young (Allocation Failure)
[2025-10-14T10:58:27.129+0300][34.076s][info][gc,heap        ] GC(224) DefNew: 2316669K(2316672K)->257341K(2316672K) Eden: 2059328K(2059328K)->0K(2059328K) From: 257341K(257344K)->257341K(257344K)
[2025-10-14T10:58:27.129+0300][34.076s][info][gc,heap        ] GC(224) Tenured: 3356151K(5147936K)->3419030K(5147936K)
[2025-10-14T10:58:27.129+0300][34.076s][info][gc,metaspace   ] GC(224) Metaspace: 3787K(3968K)->3787K(3968K) NonClass: 3370K(3456K)->3370K(3456K) Class: 416K(512K)->416K(512K)
[2025-10-14T10:58:27.129+0300][34.076s][info][gc             ] GC(224) Pause Young (Allocation Failure) 5539M->3590M(7289M) 28.392ms
[2025-10-14T10:58:27.129+0300][34.076s][info][gc,cpu         ] GC(224) User=0.02s Sys=0.00s Real=0.02s
[2025-10-14T10:58:27.261+0300][34.208s][info][gc,start       ] GC(225) Pause Young (Allocation Failure)
[2025-10-14T10:58:27.303+0300][34.249s][info][gc,heap        ] GC(225) DefNew: 2316669K(2316672K)->257341K(2316672K) Eden: 2059328K(2059328K)->0K(2059328K) From: 257341K(257344K)->257341K(257344K)
[2025-10-14T10:58:27.303+0300][34.249s][info][gc,heap        ] GC(225) Tenured: 3419030K(5147936K)->3481877K(5147936K)
[2025-10-14T10:58:27.303+0300][34.249s][info][gc,metaspace   ] GC(225) Metaspace: 3787K(3968K)->3787K(3968K) NonClass: 3370K(3456K)->3370K(3456K) Class: 416K(512K)->416K(512K)
[2025-10-14T10:58:27.303+0300][34.249s][info][gc             ] GC(225) Pause Young (Allocation Failure) 5601M->3651M(7289M) 41.548ms
[2025-10-14T10:58:27.303+0300][34.249s][info][gc,cpu         ] GC(225) User=0.02s Sys=0.01s Real=0.04s
[2025-10-14T10:58:27.444+0300][34.391s][info][gc,start       ] GC(226) Pause Young (Allocation Failure)
[2025-10-14T10:58:27.481+0300][34.427s][info][gc,heap        ] GC(226) DefNew: 2316669K(2316672K)->257341K(2316672K) Eden: 2059328K(2059328K)->0K(2059328K) From: 257341K(257344K)->257341K(257344K)
[2025-10-14T10:58:27.481+0300][34.427s][info][gc,heap        ] GC(226) Tenured: 3481877K(5147936K)->3544755K(5147936K)
[2025-10-14T10:58:27.481+0300][34.427s][info][gc,metaspace   ] GC(226) Metaspace: 3787K(3968K)->3787K(3968K) NonClass: 3370K(3456K)->3370K(3456K) Class: 416K(512K)->416K(512K)
[2025-10-14T10:58:27.481+0300][34.427s][info][gc             ] GC(226) Pause Young (Allocation Failure) 5662M->3712M(7289M) 36.601ms
[2025-10-14T10:58:27.481+0300][34.427s][info][gc,cpu         ] GC(226) User=0.02s Sys=0.01s Real=0.04s
[2025-10-14T10:58:27.613+0300][34.560s][info][gc,start       ] GC(227) Pause Young (Allocation Failure)
[2025-10-14T10:58:27.643+0300][34.589s][info][gc,heap        ] GC(227) DefNew: 2316669K(2316672K)->257341K(2316672K) Eden: 2059328K(2059328K)->0K(2059328K) From: 257341K(257344K)->257341K(257344K)
[2025-10-14T10:58:27.643+0300][34.589s][info][gc,heap        ] GC(227) Tenured: 3544755K(5147936K)->3607666K(5147936K)
[2025-10-14T10:58:27.643+0300][34.589s][info][gc,metaspace   ] GC(227) Metaspace: 3787K(3968K)->3787K(3968K) NonClass: 3370K(3456K)->3370K(3456K) Class: 416K(512K)->416K(512K)
[2025-10-14T10:58:27.643+0300][34.589s][info][gc             ] GC(227) Pause Young (Allocation Failure) 5724M->3774M(7289M) 29.128ms
[2025-10-14T10:58:27.643+0300][34.589s][info][gc,cpu         ] GC(227) User=0.02s Sys=0.00s Real=0.03s
[2025-10-14T10:58:27.782+0300][34.728s][info][gc,start       ] GC(228) Pause Young (Allocation Failure)
[2025-10-14T10:58:27.813+0300][34.760s][info][gc,heap        ] GC(228) DefNew: 2316669K(2316672K)->257341K(2316672K) Eden: 2059328K(2059328K)->0K(2059328K) From: 257341K(257344K)->257341K(257344K)
[2025-10-14T10:58:27.813+0300][34.760s][info][gc,heap        ] GC(228) Tenured: 3607666K(5147936K)->3670545K(5147936K)
[2025-10-14T10:58:27.813+0300][34.760s][info][gc,metaspace   ] GC(228) Metaspace: 3787K(3968K)->3787K(3968K) NonClass: 3370K(3456K)->3370K(3456K) Class: 416K(512K)->416K(512K)
[2025-10-14T10:58:27.813+0300][34.760s][info][gc             ] GC(228) Pause Young (Allocation Failure) 5785M->3835M(7289M) 31.867ms
[2025-10-14T10:58:27.813+0300][34.760s][info][gc,cpu         ] GC(228) User=0.02s Sys=0.01s Real=0.03s
[2025-10-14T10:58:27.949+0300][34.896s][info][gc,start       ] GC(229) Pause Young (Allocation Failure)
[2025-10-14T10:58:27.981+0300][34.927s][info][gc,heap        ] GC(229) DefNew: 2316669K(2316672K)->257341K(2316672K) Eden: 2059328K(2059328K)->0K(2059328K) From: 257341K(257344K)->257341K(257344K)
[2025-10-14T10:58:27.981+0300][34.927s][info][gc,heap        ] GC(229) Tenured: 3670545K(5147936K)->3733391K(5147936K)
[2025-10-14T10:58:27.981+0300][34.927s][info][gc,metaspace   ] GC(229) Metaspace: 3787K(3968K)->3787K(3968K) NonClass: 3370K(3456K)->3370K(3456K) Class: 416K(512K)->416K(512K)
[2025-10-14T10:58:27.981+0300][34.927s][info][gc             ] GC(229) Pause Young (Allocation Failure) 5846M->3897M(7289M) 31.875ms
[2025-10-14T10:58:27.981+0300][34.927s][info][gc,cpu         ] GC(229) User=0.01s Sys=0.01s Real=0.04s
[2025-10-14T10:58:28.116+0300][35.063s][info][gc,start       ] GC(230) Pause Young (Allocation Failure)
[2025-10-14T10:58:28.148+0300][35.094s][info][gc,heap        ] GC(230) DefNew: 2316669K(2316672K)->257341K(2316672K) Eden: 2059328K(2059328K)->0K(2059328K) From: 257341K(257344K)->257341K(257344K)
[2025-10-14T10:58:28.148+0300][35.094s][info][gc,heap        ] GC(230) Tenured: 3733391K(5147936K)->3796270K(5147936K)
[2025-10-14T10:58:28.148+0300][35.094s][info][gc,metaspace   ] GC(230) Metaspace: 3787K(3968K)->3787K(3968K) NonClass: 3370K(3456K)->3370K(3456K) Class: 416K(512K)->416K(512K)
[2025-10-14T10:58:28.148+0300][35.094s][info][gc             ] GC(230) Pause Young (Allocation Failure) 5908M->3958M(7289M) 31.426ms
[2025-10-14T10:58:28.148+0300][35.094s][info][gc,cpu         ] GC(230) User=0.02s Sys=0.00s Real=0.03s
[2025-10-14T10:58:28.284+0300][35.230s][info][gc,start       ] GC(231) Pause Young (Allocation Failure)
[2025-10-14T10:58:28.315+0300][35.261s][info][gc,heap        ] GC(231) DefNew: 2316669K(2316672K)->257341K(2316672K) Eden: 2059328K(2059328K)->0K(2059328K) From: 257341K(257344K)->257341K(257344K)
[2025-10-14T10:58:28.315+0300][35.261s][info][gc,heap        ] GC(231) Tenured: 3796270K(5147936K)->3859149K(5147936K)
[2025-10-14T10:58:28.315+0300][35.261s][info][gc,metaspace   ] GC(231) Metaspace: 3787K(3968K)->3787K(3968K) NonClass: 3370K(3456K)->3370K(3456K) Class: 416K(512K)->416K(512K)
[2025-10-14T10:58:28.315+0300][35.261s][info][gc             ] GC(231) Pause Young (Allocation Failure) 5969M->4020M(7289M) 31.301ms
[2025-10-14T10:58:28.315+0300][35.261s][info][gc,cpu         ] GC(231) User=0.02s Sys=0.01s Real=0.03s
[2025-10-14T10:58:28.459+0300][35.406s][info][gc,start       ] GC(232) Pause Young (Allocation Failure)
[2025-10-14T10:58:28.492+0300][35.438s][info][gc,heap        ] GC(232) DefNew: 2316669K(2316672K)->257341K(2316672K) Eden: 2059328K(2059328K)->0K(2059328K) From: 257341K(257344K)->257341K(257344K)
[2025-10-14T10:58:28.492+0300][35.438s][info][gc,heap        ] GC(232) Tenured: 3859149K(5147936K)->3922028K(5147936K)
[2025-10-14T10:58:28.492+0300][35.438s][info][gc,metaspace   ] GC(232) Metaspace: 3787K(3968K)->3787K(3968K) NonClass: 3370K(3456K)->3370K(3456K) Class: 416K(512K)->416K(512K)
[2025-10-14T10:58:28.492+0300][35.438s][info][gc             ] GC(232) Pause Young (Allocation Failure) 6031M->4081M(7289M) 32.334ms
[2025-10-14T10:58:28.492+0300][35.438s][info][gc,cpu         ] GC(232) User=0.01s Sys=0.01s Real=0.04s
[2025-10-14T10:58:28.626+0300][35.572s][info][gc,start       ] GC(233) Pause Young (Allocation Failure)
[2025-10-14T10:58:28.657+0300][35.604s][info][gc,heap        ] GC(233) DefNew: 2316669K(2316672K)->257341K(2316672K) Eden: 2059328K(2059328K)->0K(2059328K) From: 257341K(257344K)->257341K(257344K)
[2025-10-14T10:58:28.657+0300][35.604s][info][gc,heap        ] GC(233) Tenured: 3922028K(5147936K)->3984906K(5147936K)
[2025-10-14T10:58:28.657+0300][35.604s][info][gc,metaspace   ] GC(233) Metaspace: 3787K(3968K)->3787K(3968K) NonClass: 3370K(3456K)->3370K(3456K) Class: 416K(512K)->416K(512K)
[2025-10-14T10:58:28.657+0300][35.604s][info][gc             ] GC(233) Pause Young (Allocation Failure) 6092M->4142M(7289M) 31.543ms
[2025-10-14T10:58:28.657+0300][35.604s][info][gc,cpu         ] GC(233) User=0.02s Sys=0.01s Real=0.03s
[2025-10-14T10:58:28.791+0300][35.738s][info][gc,start       ] GC(234) Pause Young (Allocation Failure)
[2025-10-14T10:58:28.822+0300][35.768s][info][gc,heap        ] GC(234) DefNew: 2316669K(2316672K)->257341K(2316672K) Eden: 2059328K(2059328K)->0K(2059328K) From: 257341K(257344K)->257341K(257344K)
[2025-10-14T10:58:28.822+0300][35.768s][info][gc,heap        ] GC(234) Tenured: 3984906K(5147936K)->4047785K(5147936K)
[2025-10-14T10:58:28.822+0300][35.768s][info][gc,metaspace   ] GC(234) Metaspace: 3787K(3968K)->3787K(3968K) NonClass: 3370K(3456K)->3370K(3456K) Class: 416K(512K)->416K(512K)
[2025-10-14T10:58:28.822+0300][35.768s][info][gc             ] GC(234) Pause Young (Allocation Failure) 6153M->4204M(7289M) 30.980ms
[2025-10-14T10:58:28.822+0300][35.769s][info][gc,cpu         ] GC(234) User=0.02s Sys=0.01s Real=0.03s
[2025-10-14T10:58:28.959+0300][35.906s][info][gc,start       ] GC(235) Pause Young (Allocation Failure)
[2025-10-14T10:58:28.991+0300][35.938s][info][gc,heap        ] GC(235) DefNew: 2316669K(2316672K)->257341K(2316672K) Eden: 2059328K(2059328K)->0K(2059328K) From: 257341K(257344K)->257341K(257344K)
[2025-10-14T10:58:28.991+0300][35.938s][info][gc,heap        ] GC(235) Tenured: 4047785K(5147936K)->4110664K(5147936K)
[2025-10-14T10:58:28.991+0300][35.938s][info][gc,metaspace   ] GC(235) Metaspace: 3787K(3968K)->3787K(3968K) NonClass: 3370K(3456K)->3370K(3456K) Class: 416K(512K)->416K(512K)
[2025-10-14T10:58:28.991+0300][35.938s][info][gc             ] GC(235) Pause Young (Allocation Failure) 6215M->4265M(7289M) 32.261ms
[2025-10-14T10:58:28.991+0300][35.938s][info][gc,cpu         ] GC(235) User=0.02s Sys=0.01s Real=0.04s
[2025-10-14T10:58:29.137+0300][36.084s][info][gc,start       ] GC(236) Pause Young (Allocation Failure)
[2025-10-14T10:58:29.170+0300][36.116s][info][gc,heap        ] GC(236) DefNew: 2316669K(2316672K)->257341K(2316672K) Eden: 2059328K(2059328K)->0K(2059328K) From: 257341K(257344K)->257341K(257344K)
[2025-10-14T10:58:29.170+0300][36.117s][info][gc,heap        ] GC(236) Tenured: 4110664K(5147936K)->4173542K(5147936K)
[2025-10-14T10:58:29.170+0300][36.117s][info][gc,metaspace   ] GC(236) Metaspace: 3787K(3968K)->3787K(3968K) NonClass: 3370K(3456K)->3370K(3456K) Class: 416K(512K)->416K(512K)
[2025-10-14T10:58:29.170+0300][36.117s][info][gc             ] GC(236) Pause Young (Allocation Failure) 6276M->4327M(7289M) 32.951ms
[2025-10-14T10:58:29.170+0300][36.117s][info][gc,cpu         ] GC(236) User=0.02s Sys=0.01s Real=0.04s
[2025-10-14T10:58:29.309+0300][36.255s][info][gc,start       ] GC(237) Pause Young (Allocation Failure)
[2025-10-14T10:58:29.338+0300][36.285s][info][gc,heap        ] GC(237) DefNew: 2316669K(2316672K)->257341K(2316672K) Eden: 2059328K(2059328K)->0K(2059328K) From: 257341K(257344K)->257341K(257344K)
[2025-10-14T10:58:29.338+0300][36.285s][info][gc,heap        ] GC(237) Tenured: 4173542K(5147936K)->4236421K(5147936K)
[2025-10-14T10:58:29.338+0300][36.285s][info][gc,metaspace   ] GC(237) Metaspace: 3787K(3968K)->3787K(3968K) NonClass: 3370K(3456K)->3370K(3456K) Class: 416K(512K)->416K(512K)
[2025-10-14T10:58:29.338+0300][36.285s][info][gc             ] GC(237) Pause Young (Allocation Failure) 6338M->4388M(7289M) 29.588ms
[2025-10-14T10:58:29.338+0300][36.285s][info][gc,cpu         ] GC(237) User=0.02s Sys=0.01s Real=0.03s
[2025-10-14T10:58:29.474+0300][36.420s][info][gc,start       ] GC(238) Pause Young (Allocation Failure)
[2025-10-14T10:58:29.503+0300][36.450s][info][gc,heap        ] GC(238) DefNew: 2316669K(2316672K)->257341K(2316672K) Eden: 2059328K(2059328K)->0K(2059328K) From: 257341K(257344K)->257341K(257344K)
[2025-10-14T10:58:29.503+0300][36.450s][info][gc,heap        ] GC(238) Tenured: 4236421K(5147936K)->4299300K(5147936K)
[2025-10-14T10:58:29.503+0300][36.450s][info][gc,metaspace   ] GC(238) Metaspace: 3787K(3968K)->3787K(3968K) NonClass: 3370K(3456K)->3370K(3456K) Class: 416K(512K)->416K(512K)
[2025-10-14T10:58:29.503+0300][36.450s][info][gc             ] GC(238) Pause Young (Allocation Failure) 6399M->4449M(7289M) 29.673ms
[2025-10-14T10:58:29.503+0300][36.450s][info][gc,cpu         ] GC(238) User=0.02s Sys=0.00s Real=0.03s
[2025-10-14T10:58:29.641+0300][36.588s][info][gc,start       ] GC(239) Pause Young (Allocation Failure)
[2025-10-14T10:58:29.667+0300][36.614s][info][gc,heap        ] GC(239) DefNew: 2316669K(2316672K)->257341K(2316672K) Eden: 2059328K(2059328K)->0K(2059328K) From: 257341K(257344K)->257341K(257344K)
[2025-10-14T10:58:29.667+0300][36.614s][info][gc,heap        ] GC(239) Tenured: 4299300K(5147936K)->4362178K(5147936K)
[2025-10-14T10:58:29.667+0300][36.614s][info][gc,metaspace   ] GC(239) Metaspace: 3787K(3968K)->3787K(3968K) NonClass: 3370K(3456K)->3370K(3456K) Class: 416K(512K)->416K(512K)
[2025-10-14T10:58:29.667+0300][36.614s][info][gc             ] GC(239) Pause Young (Allocation Failure) 6460M->4511M(7289M) 26.101ms
[2025-10-14T10:58:29.667+0300][36.614s][info][gc,cpu         ] GC(239) User=0.02s Sys=0.01s Real=0.02s
[2025-10-14T10:58:29.799+0300][36.745s][info][gc,start       ] GC(240) Pause Young (Allocation Failure)
[2025-10-14T10:58:29.830+0300][36.777s][info][gc,heap        ] GC(240) DefNew: 2316669K(2316672K)->257341K(2316672K) Eden: 2059328K(2059328K)->0K(2059328K) From: 257341K(257344K)->257341K(257344K)
[2025-10-14T10:58:29.830+0300][36.777s][info][gc,heap        ] GC(240) Tenured: 4362178K(5147936K)->4425057K(5147936K)
[2025-10-14T10:58:29.830+0300][36.777s][info][gc,metaspace   ] GC(240) Metaspace: 3787K(3968K)->3787K(3968K) NonClass: 3370K(3456K)->3370K(3456K) Class: 416K(512K)->416K(512K)
[2025-10-14T10:58:29.830+0300][36.777s][info][gc             ] GC(240) Pause Young (Allocation Failure) 6522M->4572M(7289M) 31.639ms
[2025-10-14T10:58:29.830+0300][36.777s][info][gc,cpu         ] GC(240) User=0.02s Sys=0.01s Real=0.04s
[2025-10-14T10:58:29.967+0300][36.914s][info][gc,start       ] GC(241) Pause Young (Allocation Failure)
[2025-10-14T10:58:29.999+0300][36.945s][info][gc,heap        ] GC(241) DefNew: 2316669K(2316672K)->257341K(2316672K) Eden: 2059328K(2059328K)->0K(2059328K) From: 257341K(257344K)->257341K(257344K)
[2025-10-14T10:58:29.999+0300][36.945s][info][gc,heap        ] GC(241) Tenured: 4425057K(5147936K)->4487872K(5147936K)
[2025-10-14T10:58:29.999+0300][36.946s][info][gc,metaspace   ] GC(241) Metaspace: 3787K(3968K)->3787K(3968K) NonClass: 3370K(3456K)->3370K(3456K) Class: 416K(512K)->416K(512K)
[2025-10-14T10:58:29.999+0300][36.946s][info][gc             ] GC(241) Pause Young (Allocation Failure) 6583M->4633M(7289M) 31.652ms
[2025-10-14T10:58:29.999+0300][36.946s][info][gc,cpu         ] GC(241) User=0.02s Sys=0.01s Real=0.03s
[2025-10-14T10:58:30.140+0300][37.087s][info][gc,start       ] GC(242) Pause Young (Allocation Failure)
[2025-10-14T10:58:30.180+0300][37.127s][info][gc,heap        ] GC(242) DefNew: 2316669K(2316672K)->257341K(2316672K) Eden: 2059328K(2059328K)->0K(2059328K) From: 257341K(257344K)->257341K(257344K)
[2025-10-14T10:58:30.180+0300][37.127s][info][gc,heap        ] GC(242) Tenured: 4487872K(5147936K)->4550750K(5147936K)
[2025-10-14T10:58:30.180+0300][37.127s][info][gc,metaspace   ] GC(242) Metaspace: 3787K(3968K)->3787K(3968K) NonClass: 3370K(3456K)->3370K(3456K) Class: 416K(512K)->416K(512K)
[2025-10-14T10:58:30.180+0300][37.127s][info][gc             ] GC(242) Pause Young (Allocation Failure) 6645M->4695M(7289M) 40.057ms
[2025-10-14T10:58:30.180+0300][37.127s][info][gc,cpu         ] GC(242) User=0.02s Sys=0.01s Real=0.04s
[2025-10-14T10:58:30.321+0300][37.268s][info][gc,start       ] GC(243) Pause Young (Allocation Failure)
[2025-10-14T10:58:30.361+0300][37.308s][info][gc,heap        ] GC(243) DefNew: 2316669K(2316672K)->257341K(2316672K) Eden: 2059328K(2059328K)->0K(2059328K) From: 257341K(257344K)->257341K(257344K)
[2025-10-14T10:58:30.361+0300][37.308s][info][gc,heap        ] GC(243) Tenured: 4550750K(5147936K)->4613629K(5147936K)
[2025-10-14T10:58:30.361+0300][37.308s][info][gc,metaspace   ] GC(243) Metaspace: 3787K(3968K)->3787K(3968K) NonClass: 3370K(3456K)->3370K(3456K) Class: 416K(512K)->416K(512K)
[2025-10-14T10:58:30.361+0300][37.308s][info][gc             ] GC(243) Pause Young (Allocation Failure) 6706M->4756M(7289M) 40.355ms
[2025-10-14T10:58:30.361+0300][37.308s][info][gc,cpu         ] GC(243) User=0.02s Sys=0.01s Real=0.04s
[2025-10-14T10:58:30.505+0300][37.451s][info][gc,start       ] GC(244) Pause Young (Allocation Failure)
[2025-10-14T10:58:30.551+0300][37.498s][info][gc,heap        ] GC(244) DefNew: 2316669K(2316672K)->257341K(2316672K) Eden: 2059328K(2059328K)->0K(2059328K) From: 257341K(257344K)->257341K(257344K)
[2025-10-14T10:58:30.551+0300][37.498s][info][gc,heap        ] GC(244) Tenured: 4613629K(5147936K)->4676508K(5147936K)
[2025-10-14T10:58:30.551+0300][37.498s][info][gc,metaspace   ] GC(244) Metaspace: 3787K(3968K)->3787K(3968K) NonClass: 3370K(3456K)->3370K(3456K) Class: 416K(512K)->416K(512K)
[2025-10-14T10:58:30.551+0300][37.498s][info][gc             ] GC(244) Pause Young (Allocation Failure) 6767M->4818M(7289M) 46.802ms
[2025-10-14T10:58:30.551+0300][37.498s][info][gc,cpu         ] GC(244) User=0.02s Sys=0.01s Real=0.05s
[2025-10-14T10:58:30.685+0300][37.632s][info][gc,start       ] GC(245) Pause Young (Allocation Failure)
[2025-10-14T10:58:30.718+0300][37.665s][info][gc,heap        ] GC(245) DefNew: 2316669K(2316672K)->257341K(2316672K) Eden: 2059328K(2059328K)->0K(2059328K) From: 257341K(257344K)->257341K(257344K)
[2025-10-14T10:58:30.718+0300][37.665s][info][gc,heap        ] GC(245) Tenured: 4676508K(5147936K)->4739386K(5147936K)
[2025-10-14T10:58:30.718+0300][37.665s][info][gc,metaspace   ] GC(245) Metaspace: 3787K(3968K)->3787K(3968K) NonClass: 3370K(3456K)->3370K(3456K) Class: 416K(512K)->416K(512K)
[2025-10-14T10:58:30.718+0300][37.665s][info][gc             ] GC(245) Pause Young (Allocation Failure) 6829M->4879M(7289M) 32.957ms
[2025-10-14T10:58:30.718+0300][37.665s][info][gc,cpu         ] GC(245) User=0.02s Sys=0.01s Real=0.03s
[2025-10-14T10:58:30.855+0300][37.801s][info][gc,start       ] GC(246) Pause Young (Allocation Failure)
[2025-10-14T10:58:30.888+0300][37.835s][info][gc,heap        ] GC(246) DefNew: 2316669K(2316672K)->257341K(2316672K) Eden: 2059328K(2059328K)->0K(2059328K) From: 257341K(257344K)->257341K(257344K)
[2025-10-14T10:58:30.888+0300][37.835s][info][gc,heap        ] GC(246) Tenured: 4739386K(5147936K)->4802265K(5147936K)
[2025-10-14T10:58:30.888+0300][37.835s][info][gc,metaspace   ] GC(246) Metaspace: 3787K(3968K)->3787K(3968K) NonClass: 3370K(3456K)->3370K(3456K) Class: 416K(512K)->416K(512K)
[2025-10-14T10:58:30.888+0300][37.835s][info][gc             ] GC(246) Pause Young (Allocation Failure) 6890M->4941M(7289M) 33.508ms
[2025-10-14T10:58:30.888+0300][37.835s][info][gc,cpu         ] GC(246) User=0.02s Sys=0.01s Real=0.03s
[2025-10-14T10:58:31.020+0300][37.966s][info][gc,start       ] GC(247) Pause Young (Allocation Failure)
[2025-10-14T10:58:31.051+0300][37.998s][info][gc,heap        ] GC(247) DefNew: 2316669K(2316672K)->257341K(2316672K) Eden: 2059328K(2059328K)->0K(2059328K) From: 257341K(257344K)->257341K(257344K)
[2025-10-14T10:58:31.051+0300][37.998s][info][gc,heap        ] GC(247) Tenured: 4802265K(5147936K)->4865144K(5147936K)
[2025-10-14T10:58:31.051+0300][37.998s][info][gc,metaspace   ] GC(247) Metaspace: 3787K(3968K)->3787K(3968K) NonClass: 3370K(3456K)->3370K(3456K) Class: 416K(512K)->416K(512K)
[2025-10-14T10:58:31.051+0300][37.998s][info][gc             ] GC(247) Pause Young (Allocation Failure) 6952M->5002M(7289M) 31.716ms
[2025-10-14T10:58:31.051+0300][37.998s][info][gc,cpu         ] GC(247) User=0.02s Sys=0.01s Real=0.03s
[2025-10-14T10:58:31.183+0300][38.130s][info][gc,start       ] GC(248) Pause Young (Allocation Failure)
[2025-10-14T10:58:31.222+0300][38.168s][info][gc,heap        ] GC(248) DefNew: 2316669K(2316672K)->257341K(2316672K) Eden: 2059328K(2059328K)->0K(2059328K) From: 257341K(257344K)->257341K(257344K)
[2025-10-14T10:58:31.222+0300][38.169s][info][gc,heap        ] GC(248) Tenured: 4865144K(5147936K)->4928023K(5147936K)
[2025-10-14T10:58:31.222+0300][38.169s][info][gc,metaspace   ] GC(248) Metaspace: 3787K(3968K)->3787K(3968K) NonClass: 3370K(3456K)->3370K(3456K) Class: 416K(512K)->416K(512K)
[2025-10-14T10:58:31.222+0300][38.169s][info][gc             ] GC(248) Pause Young (Allocation Failure) 7013M->5063M(7289M) 38.597ms
[2025-10-14T10:58:31.222+0300][38.169s][info][gc,cpu         ] GC(248) User=0.01s Sys=0.02s Real=0.04s
[2025-10-14T10:58:31.374+0300][38.320s][info][gc,start       ] GC(249) Pause Young (Allocation Failure)
[2025-10-14T10:58:31.408+0300][38.354s][info][gc,heap        ] GC(249) DefNew: 2316669K(2316672K)->257341K(2316672K) Eden: 2059328K(2059328K)->0K(2059328K) From: 257341K(257344K)->257341K(257344K)
[2025-10-14T10:58:31.408+0300][38.355s][info][gc,heap        ] GC(249) Tenured: 4928023K(5147936K)->4990901K(5147936K)
[2025-10-14T10:58:31.408+0300][38.355s][info][gc,metaspace   ] GC(249) Metaspace: 3787K(3968K)->3787K(3968K) NonClass: 3370K(3456K)->3370K(3456K) Class: 416K(512K)->416K(512K)
[2025-10-14T10:58:31.408+0300][38.355s][info][gc             ] GC(249) Pause Young (Allocation Failure) 7074M->5125M(7289M) 34.253ms
[2025-10-14T10:58:31.408+0300][38.355s][info][gc,cpu         ] GC(249) User=0.01s Sys=0.01s Real=0.03s
[2025-10-14T10:58:31.540+0300][38.486s][info][gc,start       ] GC(250) Pause Young (Allocation Failure)
[2025-10-14T10:58:31.568+0300][38.514s][info][gc,heap        ] GC(250) DefNew: 2316669K(2316672K)->257341K(2316672K) Eden: 2059328K(2059328K)->0K(2059328K) From: 257341K(257344K)->257341K(257344K)
[2025-10-14T10:58:31.568+0300][38.514s][info][gc,heap        ] GC(250) Tenured: 4990901K(5147936K)->5053780K(5147936K)
[2025-10-14T10:58:31.568+0300][38.514s][info][gc,metaspace   ] GC(250) Metaspace: 3787K(3968K)->3787K(3968K) NonClass: 3370K(3456K)->3370K(3456K) Class: 416K(512K)->416K(512K)
[2025-10-14T10:58:31.568+0300][38.514s][info][gc             ] GC(250) Pause Young (Allocation Failure) 7136M->5186M(7289M) 27.914ms
[2025-10-14T10:58:31.568+0300][38.514s][info][gc,cpu         ] GC(250) User=0.01s Sys=0.01s Real=0.02s
[2025-10-14T10:58:31.700+0300][38.647s][info][gc,start       ] GC(251) Pause Young (Allocation Failure)
[2025-10-14T10:58:31.737+0300][38.684s][info][gc,heap        ] GC(251) DefNew: 2316669K(2316672K)->257341K(2316672K) Eden: 2059328K(2059328K)->0K(2059328K) From: 257341K(257344K)->257341K(257344K)
[2025-10-14T10:58:31.737+0300][38.684s][info][gc,heap        ] GC(251) Tenured: 5053780K(5147936K)->5116627K(5147936K)
[2025-10-14T10:58:31.737+0300][38.684s][info][gc,metaspace   ] GC(251) Metaspace: 3787K(3968K)->3787K(3968K) NonClass: 3370K(3456K)->3370K(3456K) Class: 416K(512K)->416K(512K)
[2025-10-14T10:58:31.737+0300][38.684s][info][gc             ] GC(251) Pause Young (Allocation Failure) 7197M->5248M(7289M) 36.997ms
[2025-10-14T10:58:31.737+0300][38.684s][info][gc,cpu         ] GC(251) User=0.02s Sys=0.01s Real=0.03s
[2025-10-14T10:58:31.869+0300][38.815s][info][gc,start       ] GC(252) Pause Young (Allocation Failure)
[2025-10-14T10:58:31.900+0300][38.847s][info][gc,heap        ] GC(252) DefNew: 2316669K(2316672K)->257341K(2316672K) Eden: 2059328K(2059328K)->0K(2059328K) From: 257341K(257344K)->257341K(257344K)
[2025-10-14T10:58:31.900+0300][38.847s][info][gc,heap        ] GC(252) Tenured: 5116627K(5147936K)->5179505K(5179616K)
[2025-10-14T10:58:31.900+0300][38.847s][info][gc,metaspace   ] GC(252) Metaspace: 3787K(3968K)->3787K(3968K) NonClass: 3370K(3456K)->3370K(3456K) Class: 416K(512K)->416K(512K)
[2025-10-14T10:58:31.900+0300][38.847s][info][gc             ] GC(252) Pause Young (Allocation Failure) 7259M->5309M(7320M) 31.557ms
[2025-10-14T10:58:31.900+0300][38.847s][info][gc,cpu         ] GC(252) User=0.02s Sys=0.01s Real=0.04s
[2025-10-14T10:58:32.037+0300][38.983s][info][gc,start       ] GC(253) Pause Young (Allocation Failure)
[2025-10-14T10:58:32.064+0300][39.011s][info][gc,heap        ] GC(253) DefNew: 2316669K(2316672K)->257341K(2316672K) Eden: 2059328K(2059328K)->0K(2059328K) From: 257341K(257344K)->257341K(257344K)
[2025-10-14T10:58:32.064+0300][39.011s][info][gc,heap        ] GC(253) Tenured: 5179505K(5179616K)->5242384K(5242400K)
[2025-10-14T10:58:32.064+0300][39.011s][info][gc,metaspace   ] GC(253) Metaspace: 3787K(3968K)->3787K(3968K) NonClass: 3370K(3456K)->3370K(3456K) Class: 416K(512K)->416K(512K)
[2025-10-14T10:58:32.064+0300][39.011s][info][gc             ] GC(253) Pause Young (Allocation Failure) 7320M->5370M(7381M) 27.638ms
[2025-10-14T10:58:32.064+0300][39.011s][info][gc,cpu         ] GC(253) User=0.02s Sys=0.01s Real=0.03s
[2025-10-14T10:58:32.214+0300][39.161s][info][gc,start       ] GC(254) Pause Young (Allocation Failure)
[2025-10-14T10:58:32.240+0300][39.187s][info][gc,heap        ] GC(254) DefNew: 2316669K(2316672K)->257341K(2316672K) Eden: 2059328K(2059328K)->0K(2059328K) From: 257341K(257344K)->257341K(257344K)
[2025-10-14T10:58:32.240+0300][39.187s][info][gc,heap        ] GC(254) Tenured: 5242384K(5242400K)->5305263K(5305376K)
[2025-10-14T10:58:32.240+0300][39.187s][info][gc,metaspace   ] GC(254) Metaspace: 3787K(3968K)->3787K(3968K) NonClass: 3370K(3456K)->3370K(3456K) Class: 416K(512K)->416K(512K)
[2025-10-14T10:58:32.240+0300][39.187s][info][gc             ] GC(254) Pause Young (Allocation Failure) 7381M->5432M(7443M) 26.066ms
[2025-10-14T10:58:32.240+0300][39.187s][info][gc,cpu         ] GC(254) User=0.02s Sys=0.00s Real=0.03s
[2025-10-14T10:58:32.380+0300][39.327s][info][gc,start       ] GC(255) Pause Young (Allocation Failure)
[2025-10-14T10:58:32.409+0300][39.356s][info][gc,heap        ] GC(255) DefNew: 2316669K(2316672K)->257341K(2316672K) Eden: 2059328K(2059328K)->0K(2059328K) From: 257341K(257344K)->257341K(257344K)
[2025-10-14T10:58:32.409+0300][39.356s][info][gc,heap        ] GC(255) Tenured: 5305263K(5305376K)->5368141K(5368160K)
[2025-10-14T10:58:32.409+0300][39.356s][info][gc,metaspace   ] GC(255) Metaspace: 3787K(3968K)->3787K(3968K) NonClass: 3370K(3456K)->3370K(3456K) Class: 416K(512K)->416K(512K)
[2025-10-14T10:58:32.409+0300][39.356s][info][gc             ] GC(255) Pause Young (Allocation Failure) 7443M->5493M(7504M) 28.869ms
[2025-10-14T10:58:32.409+0300][39.356s][info][gc,cpu         ] GC(255) User=0.02s Sys=0.01s Real=0.02s
[2025-10-14T10:58:32.548+0300][39.494s][info][gc,start       ] GC(256) Pause Young (Allocation Failure)
[2025-10-14T10:58:32.576+0300][39.523s][info][gc,heap        ] GC(256) DefNew: 2316669K(2316672K)->257341K(2316672K) Eden: 2059328K(2059328K)->0K(2059328K) From: 257341K(257344K)->257341K(257344K)
[2025-10-14T10:58:32.577+0300][39.523s][info][gc,heap        ] GC(256) Tenured: 5368141K(5368160K)->5431020K(5431136K)
[2025-10-14T10:58:32.577+0300][39.523s][info][gc,metaspace   ] GC(256) Metaspace: 3787K(3968K)->3787K(3968K) NonClass: 3370K(3456K)->3370K(3456K) Class: 416K(512K)->416K(512K)
[2025-10-14T10:58:32.577+0300][39.523s][info][gc             ] GC(256) Pause Young (Allocation Failure) 7504M->5555M(7566M) 28.852ms
[2025-10-14T10:58:32.577+0300][39.523s][info][gc,cpu         ] GC(256) User=0.01s Sys=0.01s Real=0.03s
[2025-10-14T10:58:32.712+0300][39.659s][info][gc,start       ] GC(257) Pause Young (Allocation Failure)
[2025-10-14T10:58:32.737+0300][39.684s][info][gc,heap        ] GC(257) DefNew: 2316669K(2316672K)->257341K(2316672K) Eden: 2059328K(2059328K)->0K(2059328K) From: 257341K(257344K)->257341K(257344K)
[2025-10-14T10:58:32.737+0300][39.684s][info][gc,heap        ] GC(257) Tenured: 5431020K(5431136K)->5493899K(5493920K)
[2025-10-14T10:58:32.737+0300][39.684s][info][gc,metaspace   ] GC(257) Metaspace: 3787K(3968K)->3787K(3968K) NonClass: 3370K(3456K)->3370K(3456K) Class: 416K(512K)->416K(512K)
[2025-10-14T10:58:32.737+0300][39.684s][info][gc             ] GC(257) Pause Young (Allocation Failure) 7566M->5616M(7627M) 25.232ms
[2025-10-14T10:58:32.737+0300][39.684s][info][gc,cpu         ] GC(257) User=0.02s Sys=0.00s Real=0.02s
[2025-10-14T10:58:32.872+0300][39.819s][info][gc,start       ] GC(258) Pause Young (Allocation Failure)
[2025-10-14T10:58:32.901+0300][39.847s][info][gc,heap        ] GC(258) DefNew: 2316669K(2316672K)->257341K(2316672K) Eden: 2059328K(2059328K)->0K(2059328K) From: 257341K(257344K)->257341K(257344K)
[2025-10-14T10:58:32.901+0300][39.847s][info][gc,heap        ] GC(258) Tenured: 5493899K(5493920K)->5556777K(5556896K)
[2025-10-14T10:58:32.901+0300][39.847s][info][gc,metaspace   ] GC(258) Metaspace: 3787K(3968K)->3787K(3968K) NonClass: 3370K(3456K)->3370K(3456K) Class: 416K(512K)->416K(512K)
[2025-10-14T10:58:32.901+0300][39.847s][info][gc             ] GC(258) Pause Young (Allocation Failure) 7627M->5677M(7689M) 28.615ms
[2025-10-14T10:58:32.901+0300][39.847s][info][gc,cpu         ] GC(258) User=0.02s Sys=0.01s Real=0.03s
[2025-10-14T10:58:33.035+0300][39.982s][info][gc,start       ] GC(259) Pause Full (Allocation Failure)
[2025-10-14T10:58:33.035+0300][39.982s][info][gc,phases,start] GC(259) Phase 1: Mark live objects
[2025-10-14T10:58:33.046+0300][39.992s][info][gc,phases      ] GC(259) Phase 1: Mark live objects 10.489ms
[2025-10-14T10:58:33.046+0300][39.992s][info][gc,phases,start] GC(259) Phase 2: Compute new object addresses
[2025-10-14T10:58:33.502+0300][40.449s][info][gc,phases      ] GC(259) Phase 2: Compute new object addresses 456.315ms
[2025-10-14T10:58:33.502+0300][40.449s][info][gc,phases,start] GC(259) Phase 3: Adjust pointers
[2025-10-14T10:58:33.505+0300][40.452s][info][gc,phases      ] GC(259) Phase 3: Adjust pointers 2.919ms
[2025-10-14T10:58:33.505+0300][40.452s][info][gc,phases,start] GC(259) Phase 4: Move objects
[2025-10-14T10:58:33.571+0300][40.518s][info][gc,phases      ] GC(259) Phase 4: Move objects 66.093ms
[2025-10-14T10:58:33.618+0300][40.564s][info][gc,heap        ] GC(259) DefNew: 2316669K(2316672K)->0K(1741056K) Eden: 2059328K(2059328K)->0K(1547648K) From: 257341K(257344K)->0K(193408K)
[2025-10-14T10:58:33.618+0300][40.564s][info][gc,heap        ] GC(259) Tenured: 5556777K(5556896K)->401045K(3868880K)
[2025-10-14T10:58:33.618+0300][40.564s][info][gc,metaspace   ] GC(259) Metaspace: 3787K(3968K)->3787K(3968K) NonClass: 3370K(3456K)->3370K(3456K) Class: 416K(512K)->416K(512K)
[2025-10-14T10:58:33.618+0300][40.564s][info][gc             ] GC(259) Pause Full (Allocation Failure) 7688M->391M(5478M) 582.758ms
[2025-10-14T10:58:33.618+0300][40.564s][info][gc,cpu         ] GC(259) User=0.11s Sys=0.32s Real=0.58s
[2025-10-14T10:58:33.717+0300][40.664s][info][gc,start       ] GC(260) Pause Young (Allocation Failure)
[2025-10-14T10:58:33.745+0300][40.692s][info][gc,heap        ] GC(260) DefNew: 1547648K(1741056K)->193406K(1741056K) Eden: 1547648K(1547648K)->0K(1547648K) From: 0K(193408K)->193406K(193408K)
[2025-10-14T10:58:33.745+0300][40.692s][info][gc,heap        ] GC(260) Tenured: 401045K(3868880K)->527859K(3868880K)
[2025-10-14T10:58:33.745+0300][40.692s][info][gc,metaspace   ] GC(260) Metaspace: 3787K(3968K)->3787K(3968K) NonClass: 3370K(3456K)->3370K(3456K) Class: 416K(512K)->416K(512K)
[2025-10-14T10:58:33.745+0300][40.692s][info][gc             ] GC(260) Pause Young (Allocation Failure) 1903M->704M(5478M) 28.072ms
[2025-10-14T10:58:33.745+0300][40.692s][info][gc,cpu         ] GC(260) User=0.01s Sys=0.01s Real=0.03s
[2025-10-14T10:58:33.846+0300][40.793s][info][gc,start       ] GC(261) Pause Young (Allocation Failure)
[2025-10-14T10:58:33.873+0300][40.819s][info][gc,heap        ] GC(261) DefNew: 1741054K(1741056K)->193406K(1741056K) Eden: 1547648K(1547648K)->0K(1547648K) From: 193406K(193408K)->193406K(193408K)
[2025-10-14T10:58:33.873+0300][40.819s][info][gc,heap        ] GC(261) Tenured: 527859K(3868880K)->654673K(3868880K)
[2025-10-14T10:58:33.873+0300][40.819s][info][gc,metaspace   ] GC(261) Metaspace: 3787K(3968K)->3787K(3968K) NonClass: 3370K(3456K)->3370K(3456K) Class: 416K(512K)->416K(512K)
[2025-10-14T10:58:33.873+0300][40.819s][info][gc             ] GC(261) Pause Young (Allocation Failure) 2215M->828M(5478M) 26.539ms
[2025-10-14T10:58:33.873+0300][40.819s][info][gc,cpu         ] GC(261) User=0.02s Sys=0.01s Real=0.03s
[2025-10-14T10:58:33.974+0300][40.920s][info][gc,start       ] GC(262) Pause Young (Allocation Failure)
[2025-10-14T10:58:34.001+0300][40.947s][info][gc,heap        ] GC(262) DefNew: 1741054K(1741056K)->193406K(1741056K) Eden: 1547648K(1547648K)->0K(1547648K) From: 193406K(193408K)->193406K(193408K)
[2025-10-14T10:58:34.001+0300][40.947s][info][gc,heap        ] GC(262) Tenured: 654673K(3868880K)->781487K(3868880K)
[2025-10-14T10:58:34.001+0300][40.947s][info][gc,metaspace   ] GC(262) Metaspace: 3787K(3968K)->3787K(3968K) NonClass: 3370K(3456K)->3370K(3456K) Class: 416K(512K)->416K(512K)
[2025-10-14T10:58:34.001+0300][40.947s][info][gc             ] GC(262) Pause Young (Allocation Failure) 2339M->952M(5478M) 27.283ms
[2025-10-14T10:58:34.001+0300][40.947s][info][gc,cpu         ] GC(262) User=0.01s Sys=0.01s Real=0.03s
[2025-10-14T10:58:34.102+0300][41.049s][info][gc,start       ] GC(263) Pause Young (Allocation Failure)
[2025-10-14T10:58:34.131+0300][41.077s][info][gc,heap        ] GC(263) DefNew: 1741054K(1741056K)->193406K(1741056K) Eden: 1547648K(1547648K)->0K(1547648K) From: 193406K(193408K)->193406K(193408K)
[2025-10-14T10:58:34.131+0300][41.077s][info][gc,heap        ] GC(263) Tenured: 781487K(3868880K)->908301K(3868880K)
[2025-10-14T10:58:34.131+0300][41.077s][info][gc,metaspace   ] GC(263) Metaspace: 3787K(3968K)->3787K(3968K) NonClass: 3370K(3456K)->3370K(3456K) Class: 416K(512K)->416K(512K)
[2025-10-14T10:58:34.131+0300][41.077s][info][gc             ] GC(263) Pause Young (Allocation Failure) 2463M->1075M(5478M) 28.617ms
[2025-10-14T10:58:34.131+0300][41.077s][info][gc,cpu         ] GC(263) User=0.02s Sys=0.01s Real=0.03s
[2025-10-14T10:58:34.231+0300][41.178s][info][gc,start       ] GC(264) Pause Young (Allocation Failure)
[2025-10-14T10:58:34.262+0300][41.209s][info][gc,heap        ] GC(264) DefNew: 1741054K(1741056K)->193406K(1741056K) Eden: 1547648K(1547648K)->0K(1547648K) From: 193406K(193408K)->193406K(193408K)
[2025-10-14T10:58:34.262+0300][41.209s][info][gc,heap        ] GC(264) Tenured: 908301K(3868880K)->1035115K(3868880K)
[2025-10-14T10:58:34.262+0300][41.209s][info][gc,metaspace   ] GC(264) Metaspace: 3787K(3968K)->3787K(3968K) NonClass: 3370K(3456K)->3370K(3456K) Class: 416K(512K)->416K(512K)
[2025-10-14T10:58:34.262+0300][41.209s][info][gc             ] GC(264) Pause Young (Allocation Failure) 2587M->1199M(5478M) 30.981ms
[2025-10-14T10:58:34.262+0300][41.209s][info][gc,cpu         ] GC(264) User=0.02s Sys=0.01s Real=0.03s
[2025-10-14T10:58:34.371+0300][41.317s][info][gc,start       ] GC(265) Pause Young (Allocation Failure)
[2025-10-14T10:58:34.399+0300][41.346s][info][gc,heap        ] GC(265) DefNew: 1741054K(1741056K)->193406K(1741056K) Eden: 1547648K(1547648K)->0K(1547648K) From: 193406K(193408K)->193406K(193408K)
[2025-10-14T10:58:34.400+0300][41.346s][info][gc,heap        ] GC(265) Tenured: 1035115K(3868880K)->1161928K(3868880K)
[2025-10-14T10:58:34.400+0300][41.346s][info][gc,metaspace   ] GC(265) Metaspace: 3787K(3968K)->3787K(3968K) NonClass: 3370K(3456K)->3370K(3456K) Class: 416K(512K)->416K(512K)
[2025-10-14T10:58:34.400+0300][41.346s][info][gc             ] GC(265) Pause Young (Allocation Failure) 2711M->1323M(5478M) 28.808ms
[2025-10-14T10:58:34.400+0300][41.346s][info][gc,cpu         ] GC(265) User=0.02s Sys=0.01s Real=0.03s
[2025-10-14T10:58:34.503+0300][41.449s][info][gc,start       ] GC(266) Pause Young (Allocation Failure)
[2025-10-14T10:58:34.531+0300][41.477s][info][gc,heap        ] GC(266) DefNew: 1741054K(1741056K)->193406K(1741056K) Eden: 1547648K(1547648K)->0K(1547648K) From: 193406K(193408K)->193406K(193408K)
[2025-10-14T10:58:34.531+0300][41.477s][info][gc,heap        ] GC(266) Tenured: 1161928K(3868880K)->1288742K(3868880K)
[2025-10-14T10:58:34.531+0300][41.477s][info][gc,metaspace   ] GC(266) Metaspace: 3787K(3968K)->3787K(3968K) NonClass: 3370K(3456K)->3370K(3456K) Class: 416K(512K)->416K(512K)
[2025-10-14T10:58:34.531+0300][41.477s][info][gc             ] GC(266) Pause Young (Allocation Failure) 2834M->1447M(5478M) 28.028ms
[2025-10-14T10:58:34.531+0300][41.477s][info][gc,cpu         ] GC(266) User=0.01s Sys=0.01s Real=0.03s
[2025-10-14T10:58:34.633+0300][41.580s][info][gc,start       ] GC(267) Pause Young (Allocation Failure)
[2025-10-14T10:58:34.661+0300][41.607s][info][gc,heap        ] GC(267) DefNew: 1741054K(1741056K)->193406K(1741056K) Eden: 1547648K(1547648K)->0K(1547648K) From: 193406K(193408K)->193406K(193408K)
[2025-10-14T10:58:34.661+0300][41.607s][info][gc,heap        ] GC(267) Tenured: 1288742K(3868880K)->1415556K(3868880K)
[2025-10-14T10:58:34.661+0300][41.607s][info][gc,metaspace   ] GC(267) Metaspace: 3787K(3968K)->3787K(3968K) NonClass: 3370K(3456K)->3370K(3456K) Class: 416K(512K)->416K(512K)
[2025-10-14T10:58:34.661+0300][41.607s][info][gc             ] GC(267) Pause Young (Allocation Failure) 2958M->1571M(5478M) 27.696ms
[2025-10-14T10:58:34.661+0300][41.607s][info][gc,cpu         ] GC(267) User=0.02s Sys=0.01s Real=0.03s
[2025-10-14T10:58:34.764+0300][41.710s][info][gc,start       ] GC(268) Pause Young (Allocation Failure)
[2025-10-14T10:58:34.793+0300][41.740s][info][gc,heap        ] GC(268) DefNew: 1741054K(1741056K)->193406K(1741056K) Eden: 1547648K(1547648K)->0K(1547648K) From: 193406K(193408K)->193406K(193408K)
[2025-10-14T10:58:34.793+0300][41.740s][info][gc,heap        ] GC(268) Tenured: 1415556K(3868880K)->1542370K(3868880K)
[2025-10-14T10:58:34.793+0300][41.740s][info][gc,metaspace   ] GC(268) Metaspace: 3787K(3968K)->3787K(3968K) NonClass: 3370K(3456K)->3370K(3456K) Class: 416K(512K)->416K(512K)
[2025-10-14T10:58:34.793+0300][41.740s][info][gc             ] GC(268) Pause Young (Allocation Failure) 3082M->1695M(5478M) 29.455ms
[2025-10-14T10:58:34.793+0300][41.740s][info][gc,cpu         ] GC(268) User=0.02s Sys=0.01s Real=0.03s
[2025-10-14T10:58:34.896+0300][41.842s][info][gc,start       ] GC(269) Pause Young (Allocation Failure)
[2025-10-14T10:58:34.924+0300][41.870s][info][gc,heap        ] GC(269) DefNew: 1741054K(1741056K)->193406K(1741056K) Eden: 1547648K(1547648K)->0K(1547648K) From: 193406K(193408K)->193406K(193408K)
[2025-10-14T10:58:34.924+0300][41.870s][info][gc,heap        ] GC(269) Tenured: 1542370K(3868880K)->1669184K(3868880K)
[2025-10-14T10:58:34.924+0300][41.870s][info][gc,metaspace   ] GC(269) Metaspace: 3787K(3968K)->3787K(3968K) NonClass: 3370K(3456K)->3370K(3456K) Class: 416K(512K)->416K(512K)
[2025-10-14T10:58:34.924+0300][41.870s][info][gc             ] GC(269) Pause Young (Allocation Failure) 3206M->1818M(5478M) 27.813ms
[2025-10-14T10:58:34.924+0300][41.870s][info][gc,cpu         ] GC(269) User=0.02s Sys=0.01s Real=0.03s
[2025-10-14T10:58:35.028+0300][41.975s][info][gc,start       ] GC(270) Pause Young (Allocation Failure)
[2025-10-14T10:58:35.062+0300][42.008s][info][gc,heap        ] GC(270) DefNew: 1741054K(1741056K)->193406K(1741056K) Eden: 1547648K(1547648K)->0K(1547648K) From: 193406K(193408K)->193406K(193408K)
[2025-10-14T10:58:35.062+0300][42.008s][info][gc,heap        ] GC(270) Tenured: 1669184K(3868880K)->1795998K(3868880K)
[2025-10-14T10:58:35.062+0300][42.008s][info][gc,metaspace   ] GC(270) Metaspace: 3787K(3968K)->3787K(3968K) NonClass: 3370K(3456K)->3370K(3456K) Class: 416K(512K)->416K(512K)
[2025-10-14T10:58:35.062+0300][42.008s][info][gc             ] GC(270) Pause Young (Allocation Failure) 3330M->1942M(5478M) 33.362ms
[2025-10-14T10:58:35.062+0300][42.008s][info][gc,cpu         ] GC(270) User=0.02s Sys=0.02s Real=0.04s
[2025-10-14T10:58:35.165+0300][42.111s][info][gc,start       ] GC(271) Pause Young (Allocation Failure)
[2025-10-14T10:58:35.197+0300][42.144s][info][gc,heap        ] GC(271) DefNew: 1741054K(1741056K)->193406K(1741056K) Eden: 1547648K(1547648K)->0K(1547648K) From: 193406K(193408K)->193406K(193408K)
[2025-10-14T10:58:35.198+0300][42.144s][info][gc,heap        ] GC(271) Tenured: 1795998K(3868880K)->1922812K(3868880K)
[2025-10-14T10:58:35.198+0300][42.144s][info][gc,metaspace   ] GC(271) Metaspace: 3787K(3968K)->3787K(3968K) NonClass: 3370K(3456K)->3370K(3456K) Class: 416K(512K)->416K(512K)
[2025-10-14T10:58:35.198+0300][42.144s][info][gc             ] GC(271) Pause Young (Allocation Failure) 3454M->2066M(5478M) 32.954ms
[2025-10-14T10:58:35.198+0300][42.144s][info][gc,cpu         ] GC(271) User=0.02s Sys=0.01s Real=0.03s
[2025-10-14T10:58:35.305+0300][42.252s][info][gc,start       ] GC(272) Pause Young (Allocation Failure)
[2025-10-14T10:58:35.334+0300][42.280s][info][gc,heap        ] GC(272) DefNew: 1741054K(1741056K)->193406K(1741056K) Eden: 1547648K(1547648K)->0K(1547648K) From: 193406K(193408K)->193406K(193408K)
[2025-10-14T10:58:35.334+0300][42.280s][info][gc,heap        ] GC(272) Tenured: 1922812K(3868880K)->2049626K(3868880K)
[2025-10-14T10:58:35.334+0300][42.280s][info][gc,metaspace   ] GC(272) Metaspace: 3787K(3968K)->3787K(3968K) NonClass: 3370K(3456K)->3370K(3456K) Class: 416K(512K)->416K(512K)
[2025-10-14T10:58:35.334+0300][42.281s][info][gc             ] GC(272) Pause Young (Allocation Failure) 3577M->2190M(5478M) 28.769ms
[2025-10-14T10:58:35.334+0300][42.281s][info][gc,cpu         ] GC(272) User=0.02s Sys=0.02s Real=0.03s
[2025-10-14T10:58:35.445+0300][42.392s][info][gc,start       ] GC(273) Pause Young (Allocation Failure)
[2025-10-14T10:58:35.475+0300][42.421s][info][gc,heap        ] GC(273) DefNew: 1741054K(1741056K)->193406K(1741056K) Eden: 1547648K(1547648K)->0K(1547648K) From: 193406K(193408K)->193406K(193408K)
[2025-10-14T10:58:35.475+0300][42.421s][info][gc,heap        ] GC(273) Tenured: 2049626K(3868880K)->2176440K(3868880K)
[2025-10-14T10:58:35.475+0300][42.421s][info][gc,metaspace   ] GC(273) Metaspace: 3787K(3968K)->3787K(3968K) NonClass: 3370K(3456K)->3370K(3456K) Class: 416K(512K)->416K(512K)
[2025-10-14T10:58:35.475+0300][42.421s][info][gc             ] GC(273) Pause Young (Allocation Failure) 3701M->2314M(5478M) 29.437ms
[2025-10-14T10:58:35.475+0300][42.421s][info][gc,cpu         ] GC(273) User=0.02s Sys=0.01s Real=0.03s
[2025-10-14T10:58:35.578+0300][42.525s][info][gc,start       ] GC(274) Pause Young (Allocation Failure)
[2025-10-14T10:58:35.607+0300][42.554s][info][gc,heap        ] GC(274) DefNew: 1741054K(1741056K)->193406K(1741056K) Eden: 1547648K(1547648K)->0K(1547648K) From: 193406K(193408K)->193406K(193408K)
[2025-10-14T10:58:35.607+0300][42.554s][info][gc,heap        ] GC(274) Tenured: 2176440K(3868880K)->2303254K(3868880K)
[2025-10-14T10:58:35.607+0300][42.554s][info][gc,metaspace   ] GC(274) Metaspace: 3787K(3968K)->3787K(3968K) NonClass: 3370K(3456K)->3370K(3456K) Class: 416K(512K)->416K(512K)
[2025-10-14T10:58:35.607+0300][42.554s][info][gc             ] GC(274) Pause Young (Allocation Failure) 3825M->2438M(5478M) 29.224ms
[2025-10-14T10:58:35.607+0300][42.554s][info][gc,cpu         ] GC(274) User=0.02s Sys=0.01s Real=0.03s
[2025-10-14T10:58:35.710+0300][42.657s][info][gc,start       ] GC(275) Pause Young (Allocation Failure)
[2025-10-14T10:58:35.740+0300][42.687s][info][gc,heap        ] GC(275) DefNew: 1741054K(1741056K)->193406K(1741056K) Eden: 1547648K(1547648K)->0K(1547648K) From: 193406K(193408K)->193406K(193408K)
[2025-10-14T10:58:35.740+0300][42.687s][info][gc,heap        ] GC(275) Tenured: 2303254K(3868880K)->2430067K(3868880K)
[2025-10-14T10:58:35.740+0300][42.687s][info][gc,metaspace   ] GC(275) Metaspace: 3787K(3968K)->3787K(3968K) NonClass: 3370K(3456K)->3370K(3456K) Class: 416K(512K)->416K(512K)
[2025-10-14T10:58:35.740+0300][42.687s][info][gc             ] GC(275) Pause Young (Allocation Failure) 3949M->2561M(5478M) 30.234ms
[2025-10-14T10:58:35.740+0300][42.687s][info][gc,cpu         ] GC(275) User=0.02s Sys=0.01s Real=0.03s
[2025-10-14T10:58:35.845+0300][42.791s][info][gc,start       ] GC(276) Pause Young (Allocation Failure)
[2025-10-14T10:58:35.876+0300][42.822s][info][gc,heap        ] GC(276) DefNew: 1741054K(1741056K)->193406K(1741056K) Eden: 1547648K(1547648K)->0K(1547648K) From: 193406K(193408K)->193406K(193408K)
[2025-10-14T10:58:35.876+0300][42.822s][info][gc,heap        ] GC(276) Tenured: 2430067K(3868880K)->2556849K(3868880K)
[2025-10-14T10:58:35.876+0300][42.822s][info][gc,metaspace   ] GC(276) Metaspace: 3787K(3968K)->3787K(3968K) NonClass: 3370K(3456K)->3370K(3456K) Class: 416K(512K)->416K(512K)
[2025-10-14T10:58:35.876+0300][42.822s][info][gc             ] GC(276) Pause Young (Allocation Failure) 4073M->2685M(5478M) 31.167ms
[2025-10-14T10:58:35.876+0300][42.822s][info][gc,cpu         ] GC(276) User=0.02s Sys=0.01s Real=0.03s
[2025-10-14T10:58:35.982+0300][42.928s][info][gc,start       ] GC(277) Pause Young (Allocation Failure)
[2025-10-14T10:58:36.013+0300][42.959s][info][gc,heap        ] GC(277) DefNew: 1741054K(1741056K)->193406K(1741056K) Eden: 1547648K(1547648K)->0K(1547648K) From: 193406K(193408K)->193406K(193408K)
[2025-10-14T10:58:36.013+0300][42.959s][info][gc,heap        ] GC(277) Tenured: 2556849K(3868880K)->2683631K(3868880K)
[2025-10-14T10:58:36.013+0300][42.959s][info][gc,metaspace   ] GC(277) Metaspace: 3787K(3968K)->3787K(3968K) NonClass: 3370K(3456K)->3370K(3456K) Class: 416K(512K)->416K(512K)
[2025-10-14T10:58:36.013+0300][42.959s][info][gc             ] GC(277) Pause Young (Allocation Failure) 4197M->2809M(5478M) 30.843ms
[2025-10-14T10:58:36.013+0300][42.959s][info][gc,cpu         ] GC(277) User=0.02s Sys=0.01s Real=0.03s
[2025-10-14T10:58:36.124+0300][43.070s][info][gc,start       ] GC(278) Pause Young (Allocation Failure)
[2025-10-14T10:58:36.154+0300][43.101s][info][gc,heap        ] GC(278) DefNew: 1741054K(1741056K)->193406K(1741056K) Eden: 1547648K(1547648K)->0K(1547648K) From: 193406K(193408K)->193406K(193408K)
[2025-10-14T10:58:36.155+0300][43.101s][info][gc,heap        ] GC(278) Tenured: 2683631K(3868880K)->2810445K(3868880K)
[2025-10-14T10:58:36.155+0300][43.101s][info][gc,metaspace   ] GC(278) Metaspace: 3787K(3968K)->3787K(3968K) NonClass: 3370K(3456K)->3370K(3456K) Class: 416K(512K)->416K(512K)
[2025-10-14T10:58:36.155+0300][43.101s][info][gc             ] GC(278) Pause Young (Allocation Failure) 4320M->2933M(5478M) 30.706ms
[2025-10-14T10:58:36.155+0300][43.101s][info][gc,cpu         ] GC(278) User=0.01s Sys=0.01s Real=0.03s
[2025-10-14T10:58:36.274+0300][43.220s][info][gc,start       ] GC(279) Pause Young (Allocation Failure)
[2025-10-14T10:58:36.298+0300][43.244s][info][gc,heap        ] GC(279) DefNew: 1741054K(1741056K)->193406K(1741056K) Eden: 1547648K(1547648K)->0K(1547648K) From: 193406K(193408K)->193406K(193408K)
[2025-10-14T10:58:36.298+0300][43.244s][info][gc,heap        ] GC(279) Tenured: 2810445K(3868880K)->2937259K(3868880K)
[2025-10-14T10:58:36.298+0300][43.244s][info][gc,metaspace   ] GC(279) Metaspace: 3787K(3968K)->3787K(3968K) NonClass: 3370K(3456K)->3370K(3456K) Class: 416K(512K)->416K(512K)
[2025-10-14T10:58:36.298+0300][43.244s][info][gc             ] GC(279) Pause Young (Allocation Failure) 4444M->3057M(5478M) 23.871ms
[2025-10-14T10:58:36.298+0300][43.244s][info][gc,cpu         ] GC(279) User=0.02s Sys=0.01s Real=0.02s
[2025-10-14T10:58:36.404+0300][43.350s][info][gc,start       ] GC(280) Pause Young (Allocation Failure)
[2025-10-14T10:58:36.435+0300][43.381s][info][gc,heap        ] GC(280) DefNew: 1741054K(1741056K)->193406K(1741056K) Eden: 1547648K(1547648K)->0K(1547648K) From: 193406K(193408K)->193406K(193408K)
[2025-10-14T10:58:36.435+0300][43.381s][info][gc,heap        ] GC(280) Tenured: 2937259K(3868880K)->3064073K(3868880K)
[2025-10-14T10:58:36.435+0300][43.381s][info][gc,metaspace   ] GC(280) Metaspace: 3787K(3968K)->3787K(3968K) NonClass: 3370K(3456K)->3370K(3456K) Class: 416K(512K)->416K(512K)
[2025-10-14T10:58:36.435+0300][43.381s][info][gc             ] GC(280) Pause Young (Allocation Failure) 4568M->3181M(5478M) 30.645ms
[2025-10-14T10:58:36.435+0300][43.381s][info][gc,cpu         ] GC(280) User=0.02s Sys=0.01s Real=0.03s
[2025-10-14T10:58:36.551+0300][43.497s][info][gc,start       ] GC(281) Pause Young (Allocation Failure)
[2025-10-14T10:58:36.573+0300][43.519s][info][gc,heap        ] GC(281) DefNew: 1741054K(1741056K)->193406K(1741056K) Eden: 1547648K(1547648K)->0K(1547648K) From: 193406K(193408K)->193406K(193408K)
[2025-10-14T10:58:36.573+0300][43.520s][info][gc,heap        ] GC(281) Tenured: 3064073K(3868880K)->3190887K(3868880K)
[2025-10-14T10:58:36.573+0300][43.520s][info][gc,metaspace   ] GC(281) Metaspace: 3787K(3968K)->3787K(3968K) NonClass: 3370K(3456K)->3370K(3456K) Class: 416K(512K)->416K(512K)
[2025-10-14T10:58:36.573+0300][43.520s][info][gc             ] GC(281) Pause Young (Allocation Failure) 4692M->3304M(5478M) 22.244ms
[2025-10-14T10:58:36.573+0300][43.520s][info][gc,cpu         ] GC(281) User=0.02s Sys=0.00s Real=0.02s
[2025-10-14T10:58:36.690+0300][43.637s][info][gc,start       ] GC(282) Pause Young (Allocation Failure)
[2025-10-14T10:58:36.712+0300][43.658s][info][gc,heap        ] GC(282) DefNew: 1741054K(1741056K)->193406K(1741056K) Eden: 1547648K(1547648K)->0K(1547648K) From: 193406K(193408K)->193406K(193408K)
[2025-10-14T10:58:36.712+0300][43.658s][info][gc,heap        ] GC(282) Tenured: 3190887K(3868880K)->3317701K(3868880K)
[2025-10-14T10:58:36.712+0300][43.658s][info][gc,metaspace   ] GC(282) Metaspace: 3787K(3968K)->3787K(3968K) NonClass: 3370K(3456K)->3370K(3456K) Class: 416K(512K)->416K(512K)
[2025-10-14T10:58:36.712+0300][43.658s][info][gc             ] GC(282) Pause Young (Allocation Failure) 4816M->3428M(5478M) 21.618ms
[2025-10-14T10:58:36.712+0300][43.658s][info][gc,cpu         ] GC(282) User=0.02s Sys=0.01s Real=0.02s
[2025-10-14T10:58:36.818+0300][43.765s][info][gc,start       ] GC(283) Pause Young (Allocation Failure)
[2025-10-14T10:58:36.839+0300][43.785s][info][gc,heap        ] GC(283) DefNew: 1741054K(1741056K)->193406K(1741056K) Eden: 1547648K(1547648K)->0K(1547648K) From: 193406K(193408K)->193406K(193408K)
[2025-10-14T10:58:36.839+0300][43.785s][info][gc,heap        ] GC(283) Tenured: 3317701K(3868880K)->3444514K(3868880K)
[2025-10-14T10:58:36.839+0300][43.785s][info][gc,metaspace   ] GC(283) Metaspace: 3787K(3968K)->3787K(3968K) NonClass: 3370K(3456K)->3370K(3456K) Class: 416K(512K)->416K(512K)
[2025-10-14T10:58:36.839+0300][43.785s][info][gc             ] GC(283) Pause Young (Allocation Failure) 4940M->3552M(5478M) 20.320ms
[2025-10-14T10:58:36.839+0300][43.785s][info][gc,cpu         ] GC(283) User=0.02s Sys=0.01s Real=0.02s
[2025-10-14T10:58:36.943+0300][43.889s][info][gc,start       ] GC(284) Pause Young (Allocation Failure)
[2025-10-14T10:58:36.964+0300][43.911s][info][gc,heap        ] GC(284) DefNew: 1741054K(1741056K)->193406K(1741056K) Eden: 1547648K(1547648K)->0K(1547648K) From: 193406K(193408K)->193406K(193408K)
[2025-10-14T10:58:36.964+0300][43.911s][info][gc,heap        ] GC(284) Tenured: 3444514K(3868880K)->3571328K(3868880K)
[2025-10-14T10:58:36.964+0300][43.911s][info][gc,metaspace   ] GC(284) Metaspace: 3787K(3968K)->3787K(3968K) NonClass: 3370K(3456K)->3370K(3456K) Class: 416K(512K)->416K(512K)
[2025-10-14T10:58:36.964+0300][43.911s][info][gc             ] GC(284) Pause Young (Allocation Failure) 5064M->3676M(5478M) 21.759ms
[2025-10-14T10:58:36.964+0300][43.911s][info][gc,cpu         ] GC(284) User=0.02s Sys=0.00s Real=0.02s
[2025-10-14T10:58:37.063+0300][44.009s][info][gc,start       ] GC(285) Pause Young (Allocation Failure)
[2025-10-14T10:58:37.083+0300][44.030s][info][gc,heap        ] GC(285) DefNew: 1741054K(1741056K)->193406K(1741056K) Eden: 1547648K(1547648K)->0K(1547648K) From: 193406K(193408K)->193406K(193408K)
[2025-10-14T10:58:37.083+0300][44.030s][info][gc,heap        ] GC(285) Tenured: 3571328K(3868880K)->3698142K(3868880K)
[2025-10-14T10:58:37.083+0300][44.030s][info][gc,metaspace   ] GC(285) Metaspace: 3787K(3968K)->3787K(3968K) NonClass: 3370K(3456K)->3370K(3456K) Class: 416K(512K)->416K(512K)
[2025-10-14T10:58:37.083+0300][44.030s][info][gc             ] GC(285) Pause Young (Allocation Failure) 5187M->3800M(5478M) 20.734ms
[2025-10-14T10:58:37.083+0300][44.030s][info][gc,cpu         ] GC(285) User=0.02s Sys=0.01s Real=0.02s
[2025-10-14T10:58:37.184+0300][44.130s][info][gc,start       ] GC(286) Pause Young (Allocation Failure)
[2025-10-14T10:58:37.206+0300][44.152s][info][gc,heap        ] GC(286) DefNew: 1741054K(1741056K)->193406K(1741056K) Eden: 1547648K(1547648K)->0K(1547648K) From: 193406K(193408K)->193406K(193408K)
[2025-10-14T10:58:37.206+0300][44.153s][info][gc,heap        ] GC(286) Tenured: 3698142K(3868880K)->3824956K(3868880K)
[2025-10-14T10:58:37.206+0300][44.153s][info][gc,metaspace   ] GC(286) Metaspace: 3787K(3968K)->3787K(3968K) NonClass: 3370K(3456K)->3370K(3456K) Class: 416K(512K)->416K(512K)
[2025-10-14T10:58:37.206+0300][44.153s][info][gc             ] GC(286) Pause Young (Allocation Failure) 5311M->3924M(5478M) 22.289ms
[2025-10-14T10:58:37.206+0300][44.153s][info][gc,cpu         ] GC(286) User=0.02s Sys=0.01s Real=0.02s
[2025-10-14T10:58:37.357+0300][44.303s][info][gc,start       ] GC(287) Pause Young (Allocation Failure)
[2025-10-14T10:58:37.382+0300][44.328s][info][gc,heap        ] GC(287) DefNew: 1741054K(1741056K)->193406K(1741056K) Eden: 1547648K(1547648K)->0K(1547648K) From: 193406K(193408K)->193406K(193408K)
[2025-10-14T10:58:37.382+0300][44.328s][info][gc,heap        ] GC(287) Tenured: 3824956K(3868880K)->3951738K(3951824K)
[2025-10-14T10:58:37.382+0300][44.328s][info][gc,metaspace   ] GC(287) Metaspace: 3787K(3968K)->3787K(3968K) NonClass: 3370K(3456K)->3370K(3456K) Class: 416K(512K)->416K(512K)
[2025-10-14T10:58:37.382+0300][44.328s][info][gc             ] GC(287) Pause Young (Allocation Failure) 5435M->4047M(5559M) 24.934ms
[2025-10-14T10:58:37.382+0300][44.328s][info][gc,cpu         ] GC(287) User=0.02s Sys=0.01s Real=0.03s
[2025-10-14T10:58:37.497+0300][44.443s][info][gc,start       ] GC(288) Pause Young (Allocation Failure)
[2025-10-14T10:58:37.536+0300][44.483s][info][gc,heap        ] GC(288) DefNew: 1741054K(1741056K)->193406K(1741056K) Eden: 1547648K(1547648K)->0K(1547648K) From: 193406K(193408K)->193406K(193408K)
[2025-10-14T10:58:37.536+0300][44.483s][info][gc,heap        ] GC(288) Tenured: 3951738K(3951824K)->4078520K(4078544K)
[2025-10-14T10:58:37.536+0300][44.483s][info][gc,metaspace   ] GC(288) Metaspace: 3787K(3968K)->3787K(3968K) NonClass: 3370K(3456K)->3370K(3456K) Class: 416K(512K)->416K(512K)
[2025-10-14T10:58:37.536+0300][44.483s][info][gc             ] GC(288) Pause Young (Allocation Failure) 5559M->4171M(5683M) 39.416ms
[2025-10-14T10:58:37.536+0300][44.483s][info][gc,cpu         ] GC(288) User=0.02s Sys=0.02s Real=0.04s
[2025-10-14T10:58:37.638+0300][44.585s][info][gc,start       ] GC(289) Pause Young (Allocation Failure)
[2025-10-14T10:58:37.719+0300][44.665s][info][gc,heap        ] GC(289) DefNew: 1741054K(1741056K)->193406K(1741056K) Eden: 1547648K(1547648K)->0K(1547648K) From: 193406K(193408K)->193406K(193408K)
[2025-10-14T10:58:37.719+0300][44.665s][info][gc,heap        ] GC(289) Tenured: 4078520K(4078544K)->4205334K(4205456K)
[2025-10-14T10:58:37.719+0300][44.665s][info][gc,metaspace   ] GC(289) Metaspace: 3787K(3968K)->3787K(3968K) NonClass: 3370K(3456K)->3370K(3456K) Class: 416K(512K)->416K(512K)
[2025-10-14T10:58:37.719+0300][44.665s][info][gc             ] GC(289) Pause Young (Allocation Failure) 5683M->4295M(5807M) 80.572ms
[2025-10-14T10:58:37.719+0300][44.665s][info][gc,cpu         ] GC(289) User=0.02s Sys=0.03s Real=0.08s
[2025-10-14T10:58:37.891+0300][44.837s][info][gc,start       ] GC(290) Pause Young (Allocation Failure)
[2025-10-14T10:58:37.935+0300][44.881s][info][gc,heap        ] GC(290) DefNew: 1741054K(1741056K)->193407K(1741056K) Eden: 1547648K(1547648K)->0K(1547648K) From: 193406K(193408K)->193407K(193408K)
[2025-10-14T10:58:37.935+0300][44.881s][info][gc,heap        ] GC(290) Tenured: 4205334K(4205456K)->4332084K(4332176K)
[2025-10-14T10:58:37.935+0300][44.881s][info][gc,metaspace   ] GC(290) Metaspace: 3787K(3968K)->3787K(3968K) NonClass: 3370K(3456K)->3370K(3456K) Class: 416K(512K)->416K(512K)
[2025-10-14T10:58:37.935+0300][44.882s][info][gc             ] GC(290) Pause Young (Allocation Failure) 5807M->4419M(5930M) 44.047ms
[2025-10-14T10:58:37.935+0300][44.882s][info][gc,cpu         ] GC(290) User=0.01s Sys=0.02s Real=0.04s
[2025-10-14T10:58:38.038+0300][44.985s][info][gc,start       ] GC(291) Pause Young (Allocation Failure)
[2025-10-14T10:58:38.077+0300][45.023s][info][gc,heap        ] GC(291) DefNew: 1741055K(1741056K)->193406K(1741056K) Eden: 1547648K(1547648K)->0K(1547648K) From: 193407K(193408K)->193406K(193408K)
[2025-10-14T10:58:38.077+0300][45.023s][info][gc,heap        ] GC(291) Tenured: 4332084K(4332176K)->4458898K(4459088K)
[2025-10-14T10:58:38.077+0300][45.023s][info][gc,metaspace   ] GC(291) Metaspace: 3787K(3968K)->3787K(3968K) NonClass: 3370K(3456K)->3370K(3456K) Class: 416K(512K)->416K(512K)
[2025-10-14T10:58:38.077+0300][45.023s][info][gc             ] GC(291) Pause Young (Allocation Failure) 5930M->4543M(6054M) 38.533ms
[2025-10-14T10:58:38.077+0300][45.023s][info][gc,cpu         ] GC(291) User=0.01s Sys=0.02s Real=0.04s
[2025-10-14T10:58:38.180+0300][45.126s][info][gc,start       ] GC(292) Pause Young (Allocation Failure)
[2025-10-14T10:58:38.216+0300][45.162s][info][gc,heap        ] GC(292) DefNew: 1741054K(1741056K)->193406K(1741056K) Eden: 1547648K(1547648K)->0K(1547648K) From: 193406K(193408K)->193406K(193408K)
[2025-10-14T10:58:38.216+0300][45.162s][info][gc,heap        ] GC(292) Tenured: 4458898K(4459088K)->4585743K(4585808K)
[2025-10-14T10:58:38.216+0300][45.162s][info][gc,metaspace   ] GC(292) Metaspace: 3787K(3968K)->3787K(3968K) NonClass: 3370K(3456K)->3370K(3456K) Class: 416K(512K)->416K(512K)
[2025-10-14T10:58:38.216+0300][45.162s][info][gc             ] GC(292) Pause Young (Allocation Failure) 6054M->4667M(6178M) 36.104ms
[2025-10-14T10:58:38.216+0300][45.162s][info][gc,cpu         ] GC(292) User=0.01s Sys=0.02s Real=0.03s
[2025-10-14T10:58:38.316+0300][45.262s][info][gc,start       ] GC(293) Pause Young (Allocation Failure)
[2025-10-14T10:58:38.353+0300][45.299s][info][gc,heap        ] GC(293) DefNew: 1741054K(1741056K)->193406K(1741056K) Eden: 1547648K(1547648K)->0K(1547648K) From: 193406K(193408K)->193406K(193408K)
[2025-10-14T10:58:38.353+0300][45.299s][info][gc,heap        ] GC(293) Tenured: 4585743K(4585808K)->4712557K(4712720K)
[2025-10-14T10:58:38.353+0300][45.299s][info][gc,metaspace   ] GC(293) Metaspace: 3787K(3968K)->3787K(3968K) NonClass: 3370K(3456K)->3370K(3456K) Class: 416K(512K)->416K(512K)
[2025-10-14T10:58:38.353+0300][45.299s][info][gc             ] GC(293) Pause Young (Allocation Failure) 6178M->4790M(6302M) 36.973ms
[2025-10-14T10:58:38.353+0300][45.299s][info][gc,cpu         ] GC(293) User=0.02s Sys=0.02s Real=0.04s
[2025-10-14T10:58:38.451+0300][45.397s][info][gc,start       ] GC(294) Pause Young (Allocation Failure)
[2025-10-14T10:58:38.490+0300][45.436s][info][gc,heap        ] GC(294) DefNew: 1741054K(1741056K)->193406K(1741056K) Eden: 1547648K(1547648K)->0K(1547648K) From: 193406K(193408K)->193406K(193408K)
[2025-10-14T10:58:38.490+0300][45.436s][info][gc,heap        ] GC(294) Tenured: 4712557K(4712720K)->4839371K(4839440K)
[2025-10-14T10:58:38.490+0300][45.436s][info][gc,metaspace   ] GC(294) Metaspace: 3787K(3968K)->3787K(3968K) NonClass: 3370K(3456K)->3370K(3456K) Class: 416K(512K)->416K(512K)
[2025-10-14T10:58:38.490+0300][45.436s][info][gc             ] GC(294) Pause Young (Allocation Failure) 6302M->4914M(6426M) 39.015ms
[2025-10-14T10:58:38.490+0300][45.436s][info][gc,cpu         ] GC(294) User=0.01s Sys=0.01s Real=0.04s
[2025-10-14T10:58:38.589+0300][45.536s][info][gc,start       ] GC(295) Pause Young (Allocation Failure)
[2025-10-14T10:58:38.630+0300][45.577s][info][gc,heap        ] GC(295) DefNew: 1741054K(1741056K)->193406K(1741056K) Eden: 1547648K(1547648K)->0K(1547648K) From: 193406K(193408K)->193406K(193408K)
[2025-10-14T10:58:38.630+0300][45.577s][info][gc,heap        ] GC(295) Tenured: 4839371K(4839440K)->4966185K(4966352K)
[2025-10-14T10:58:38.631+0300][45.577s][info][gc,metaspace   ] GC(295) Metaspace: 3787K(3968K)->3787K(3968K) NonClass: 3370K(3456K)->3370K(3456K) Class: 416K(512K)->416K(512K)
[2025-10-14T10:58:38.631+0300][45.577s][info][gc             ] GC(295) Pause Young (Allocation Failure) 6426M->5038M(6550M) 41.136ms
[2025-10-14T10:58:38.631+0300][45.577s][info][gc,cpu         ] GC(295) User=0.02s Sys=0.01s Real=0.05s
[2025-10-14T10:58:38.729+0300][45.676s][info][gc,start       ] GC(296) Pause Young (Allocation Failure)
[2025-10-14T10:58:38.767+0300][45.714s][info][gc,heap        ] GC(296) DefNew: 1741054K(1741056K)->193406K(1741056K) Eden: 1547648K(1547648K)->0K(1547648K) From: 193406K(193408K)->193406K(193408K)
[2025-10-14T10:58:38.767+0300][45.714s][info][gc,heap        ] GC(296) Tenured: 4966185K(4966352K)->5092999K(5093072K)
[2025-10-14T10:58:38.767+0300][45.714s][info][gc,metaspace   ] GC(296) Metaspace: 3787K(3968K)->3787K(3968K) NonClass: 3370K(3456K)->3370K(3456K) Class: 416K(512K)->416K(512K)
[2025-10-14T10:58:38.767+0300][45.714s][info][gc             ] GC(296) Pause Young (Allocation Failure) 6550M->5162M(6673M) 38.051ms
[2025-10-14T10:58:38.767+0300][45.714s][info][gc,cpu         ] GC(296) User=0.01s Sys=0.01s Real=0.04s
[2025-10-14T10:58:38.868+0300][45.815s][info][gc,start       ] GC(297) Pause Young (Allocation Failure)
[2025-10-14T10:58:38.908+0300][45.855s][info][gc,heap        ] GC(297) DefNew: 1741054K(1741056K)->193406K(1741056K) Eden: 1547648K(1547648K)->0K(1547648K) From: 193406K(193408K)->193406K(193408K)
[2025-10-14T10:58:38.909+0300][45.855s][info][gc,heap        ] GC(297) Tenured: 5092999K(5093072K)->5219813K(5219984K)
[2025-10-14T10:58:38.909+0300][45.855s][info][gc,metaspace   ] GC(297) Metaspace: 3787K(3968K)->3787K(3968K) NonClass: 3370K(3456K)->3370K(3456K) Class: 416K(512K)->416K(512K)
[2025-10-14T10:58:38.909+0300][45.855s][info][gc             ] GC(297) Pause Young (Allocation Failure) 6673M->5286M(6797M) 40.238ms
[2025-10-14T10:58:38.909+0300][45.855s][info][gc,cpu         ] GC(297) User=0.02s Sys=0.02s Real=0.04s
[2025-10-14T10:58:39.008+0300][45.954s][info][gc,start       ] GC(298) Pause Young (Allocation Failure)
[2025-10-14T10:58:39.049+0300][45.996s][info][gc,heap        ] GC(298) DefNew: 1741054K(1741056K)->193406K(1741056K) Eden: 1547648K(1547648K)->0K(1547648K) From: 193406K(193408K)->193406K(193408K)
[2025-10-14T10:58:39.050+0300][45.996s][info][gc,heap        ] GC(298) Tenured: 5219813K(5219984K)->5346627K(5346704K)
[2025-10-14T10:58:39.050+0300][45.996s][info][gc,metaspace   ] GC(298) Metaspace: 3787K(3968K)->3787K(3968K) NonClass: 3370K(3456K)->3370K(3456K) Class: 416K(512K)->416K(512K)
[2025-10-14T10:58:39.050+0300][45.996s][info][gc             ] GC(298) Pause Young (Allocation Failure) 6797M->5410M(6921M) 41.864ms
[2025-10-14T10:58:39.050+0300][45.996s][info][gc,cpu         ] GC(298) User=0.02s Sys=0.01s Real=0.05s
[2025-10-14T10:58:39.149+0300][46.096s][info][gc,start       ] GC(299) Pause Young (Allocation Failure)
[2025-10-14T10:58:39.190+0300][46.136s][info][gc,heap        ] GC(299) DefNew: 1741054K(1741056K)->193406K(1741056K) Eden: 1547648K(1547648K)->0K(1547648K) From: 193406K(193408K)->193406K(193408K)
[2025-10-14T10:58:39.190+0300][46.136s][info][gc,heap        ] GC(299) Tenured: 5346627K(5346704K)->5473441K(5473616K)
[2025-10-14T10:58:39.190+0300][46.136s][info][gc,metaspace   ] GC(299) Metaspace: 3787K(3968K)->3787K(3968K) NonClass: 3370K(3456K)->3370K(3456K) Class: 416K(512K)->416K(512K)
[2025-10-14T10:58:39.190+0300][46.136s][info][gc             ] GC(299) Pause Young (Allocation Failure) 6921M->5534M(7045M) 40.402ms
[2025-10-14T10:58:39.190+0300][46.136s][info][gc,cpu         ] GC(299) User=0.02s Sys=0.01s Real=0.05s
[2025-10-14T10:58:39.298+0300][46.244s][info][gc,start       ] GC(300) Pause Full (Allocation Failure)
[2025-10-14T10:58:39.298+0300][46.245s][info][gc,phases,start] GC(300) Phase 1: Mark live objects
[2025-10-14T10:58:39.303+0300][46.249s][info][gc,phases      ] GC(300) Phase 1: Mark live objects 4.730ms
[2025-10-14T10:58:39.303+0300][46.249s][info][gc,phases,start] GC(300) Phase 2: Compute new object addresses
[2025-10-14T10:58:39.778+0300][46.724s][info][gc,phases      ] GC(300) Phase 2: Compute new object addresses 474.993ms
[2025-10-14T10:58:39.778+0300][46.724s][info][gc,phases,start] GC(300) Phase 3: Adjust pointers
[2025-10-14T10:58:39.781+0300][46.728s][info][gc,phases      ] GC(300) Phase 3: Adjust pointers 3.285ms
[2025-10-14T10:58:39.781+0300][46.728s][info][gc,phases,start] GC(300) Phase 4: Move objects
[2025-10-14T10:58:39.858+0300][46.804s][info][gc,phases      ] GC(300) Phase 4: Move objects 76.623ms
[2025-10-14T10:58:39.971+0300][46.918s][info][gc,heap        ] GC(300) DefNew: 1741054K(1741056K)->0K(485248K) Eden: 1547648K(1547648K)->0K(431360K) From: 193406K(193408K)->0K(53888K)
[2025-10-14T10:58:39.971+0300][46.918s][info][gc,heap        ] GC(300) Tenured: 5473441K(5473616K)->323462K(1078224K)
[2025-10-14T10:58:39.971+0300][46.918s][info][gc,metaspace   ] GC(300) Metaspace: 3787K(3968K)->3787K(3968K) NonClass: 3370K(3456K)->3370K(3456K) Class: 416K(512K)->416K(512K)
[2025-10-14T10:58:39.971+0300][46.918s][info][gc             ] GC(300) Pause Full (Allocation Failure) 7045M->315M(1526M) 673.419ms
[2025-10-14T10:58:39.971+0300][46.918s][info][gc,cpu         ] GC(300) User=0.10s Sys=0.45s Real=0.68s
[2025-10-14T10:58:39.997+0300][46.943s][info][gc,start       ] GC(301) Pause Young (Allocation Failure)
[2025-10-14T10:58:40.035+0300][46.982s][info][gc,heap        ] GC(301) DefNew: 431360K(485248K)->53882K(485248K) Eden: 431360K(431360K)->0K(431360K) From: 0K(53888K)->53882K(53888K)
[2025-10-14T10:58:40.035+0300][46.982s][info][gc,heap        ] GC(301) Tenured: 323462K(1078224K)->589768K(1078224K)
[2025-10-14T10:58:40.035+0300][46.982s][info][gc,metaspace   ] GC(301) Metaspace: 3787K(3968K)->3787K(3968K) NonClass: 3370K(3456K)->3370K(3456K) Class: 416K(512K)->416K(512K)
[2025-10-14T10:58:40.035+0300][46.982s][info][gc             ] GC(301) Pause Young (Allocation Failure) 737M->628M(1526M) 38.462ms
[2025-10-14T10:58:40.035+0300][46.982s][info][gc,cpu         ] GC(301) User=0.02s Sys=0.02s Real=0.04s
[2025-10-14T10:58:40.061+0300][47.007s][info][gc,start       ] GC(302) Pause Young (Allocation Failure)
[2025-10-14T10:58:40.100+0300][47.047s][info][gc,heap        ] GC(302) DefNew: 485242K(485248K)->53882K(485248K) Eden: 431360K(431360K)->0K(431360K) From: 53882K(53888K)->53882K(53888K)
[2025-10-14T10:58:40.100+0300][47.047s][info][gc,heap        ] GC(302) Tenured: 589768K(1078224K)->856106K(1078224K)
[2025-10-14T10:58:40.100+0300][47.047s][info][gc,metaspace   ] GC(302) Metaspace: 3787K(3968K)->3787K(3968K) NonClass: 3370K(3456K)->3370K(3456K) Class: 416K(512K)->416K(512K)
[2025-10-14T10:58:40.100+0300][47.047s][info][gc             ] GC(302) Pause Young (Allocation Failure) 1049M->888M(1526M) 39.678ms
[2025-10-14T10:58:40.100+0300][47.047s][info][gc,cpu         ] GC(302) User=0.02s Sys=0.02s Real=0.04s
[2025-10-14T10:58:40.126+0300][47.073s][info][gc,start       ] GC(303) Pause Young (Allocation Failure)
[2025-10-14T10:58:40.168+0300][47.114s][info][gc,heap        ] GC(303) DefNew: 485242K(485248K)->53882K(485248K) Eden: 431360K(431360K)->0K(431360K) From: 53882K(53888K)->53882K(53888K)
[2025-10-14T10:58:40.168+0300][47.114s][info][gc,heap        ] GC(303) Tenured: 856106K(1078224K)->1122380K(1122384K)
[2025-10-14T10:58:40.168+0300][47.114s][info][gc,metaspace   ] GC(303) Metaspace: 3787K(3968K)->3787K(3968K) NonClass: 3370K(3456K)->3370K(3456K) Class: 416K(512K)->416K(512K)
[2025-10-14T10:58:40.168+0300][47.114s][info][gc             ] GC(303) Pause Young (Allocation Failure) 1309M->1148M(1569M) 41.695ms
[2025-10-14T10:58:40.168+0300][47.114s][info][gc,cpu         ] GC(303) User=0.02s Sys=0.02s Real=0.04s
[2025-10-14T10:58:40.193+0300][47.140s][info][gc,start       ] GC(304) Pause Young (Allocation Failure)
[2025-10-14T10:58:40.228+0300][47.174s][info][gc,heap        ] GC(304) DefNew: 485242K(485248K)->53882K(485248K) Eden: 431360K(431360K)->0K(431360K) From: 53882K(53888K)->53882K(53888K)
[2025-10-14T10:58:40.228+0300][47.175s][info][gc,heap        ] GC(304) Tenured: 1122380K(1122384K)->1388718K(1388880K)
[2025-10-14T10:58:40.228+0300][47.175s][info][gc,metaspace   ] GC(304) Metaspace: 3787K(3968K)->3787K(3968K) NonClass: 3370K(3456K)->3370K(3456K) Class: 416K(512K)->416K(512K)
[2025-10-14T10:58:40.228+0300][47.175s][info][gc             ] GC(304) Pause Young (Allocation Failure) 1569M->1408M(1830M) 34.722ms
[2025-10-14T10:58:40.228+0300][47.175s][info][gc,cpu         ] GC(304) User=0.02s Sys=0.01s Real=0.03s
[2025-10-14T10:58:40.253+0300][47.199s][info][gc,start       ] GC(305) Pause Young (Allocation Failure)
[2025-10-14T10:58:40.287+0300][47.234s][info][gc,heap        ] GC(305) DefNew: 485242K(485248K)->53882K(485248K) Eden: 431360K(431360K)->0K(431360K) From: 53882K(53888K)->53882K(53888K)
[2025-10-14T10:58:40.287+0300][47.234s][info][gc,heap        ] GC(305) Tenured: 1388718K(1388880K)->1655056K(1655184K)
[2025-10-14T10:58:40.287+0300][47.234s][info][gc,metaspace   ] GC(305) Metaspace: 3787K(3968K)->3787K(3968K) NonClass: 3370K(3456K)->3370K(3456K) Class: 416K(512K)->416K(512K)
[2025-10-14T10:58:40.287+0300][47.234s][info][gc             ] GC(305) Pause Young (Allocation Failure) 1830M->1668M(2090M) 34.452ms
[2025-10-14T10:58:40.287+0300][47.234s][info][gc,cpu         ] GC(305) User=0.02s Sys=0.01s Real=0.03s
[2025-10-14T10:58:40.313+0300][47.260s][info][gc,start       ] GC(306) Pause Young (Allocation Failure)
[2025-10-14T10:58:40.347+0300][47.293s][info][gc,heap        ] GC(306) DefNew: 485242K(485248K)->53882K(485248K) Eden: 431360K(431360K)->0K(431360K) From: 53882K(53888K)->53882K(53888K)
[2025-10-14T10:58:40.347+0300][47.293s][info][gc,heap        ] GC(306) Tenured: 1655056K(1655184K)->1921394K(1921488K)
[2025-10-14T10:58:40.347+0300][47.293s][info][gc,metaspace   ] GC(306) Metaspace: 3787K(3968K)->3787K(3968K) NonClass: 3370K(3456K)->3370K(3456K) Class: 416K(512K)->416K(512K)
[2025-10-14T10:58:40.347+0300][47.293s][info][gc             ] GC(306) Pause Young (Allocation Failure) 2090M->1928M(2350M) 33.712ms
[2025-10-14T10:58:40.347+0300][47.293s][info][gc,cpu         ] GC(306) User=0.02s Sys=0.02s Real=0.03s
[2025-10-14T10:58:40.373+0300][47.319s][info][gc,start       ] GC(307) Pause Young (Allocation Failure)
[2025-10-14T10:58:40.407+0300][47.353s][info][gc,heap        ] GC(307) DefNew: 485242K(485248K)->53882K(485248K) Eden: 431360K(431360K)->0K(431360K) From: 53882K(53888K)->53882K(53888K)
[2025-10-14T10:58:40.407+0300][47.353s][info][gc,heap        ] GC(307) Tenured: 1921394K(1921488K)->2187732K(2187792K)
[2025-10-14T10:58:40.407+0300][47.353s][info][gc,metaspace   ] GC(307) Metaspace: 3787K(3968K)->3787K(3968K) NonClass: 3370K(3456K)->3370K(3456K) Class: 416K(512K)->416K(512K)
[2025-10-14T10:58:40.407+0300][47.353s][info][gc             ] GC(307) Pause Young (Allocation Failure) 2350M->2189M(2610M) 34.166ms
[2025-10-14T10:58:40.407+0300][47.353s][info][gc,cpu         ] GC(307) User=0.02s Sys=0.02s Real=0.03s
[2025-10-14T10:58:40.433+0300][47.380s][info][gc,start       ] GC(308) Pause Young (Allocation Failure)
[2025-10-14T10:58:40.468+0300][47.415s][info][gc,heap        ] GC(308) DefNew: 485242K(485248K)->53882K(485248K) Eden: 431360K(431360K)->0K(431360K) From: 53882K(53888K)->53882K(53888K)
[2025-10-14T10:58:40.468+0300][47.415s][info][gc,heap        ] GC(308) Tenured: 2187732K(2187792K)->2454070K(2454096K)
[2025-10-14T10:58:40.468+0300][47.415s][info][gc,metaspace   ] GC(308) Metaspace: 3787K(3968K)->3787K(3968K) NonClass: 3370K(3456K)->3370K(3456K) Class: 416K(512K)->416K(512K)
[2025-10-14T10:58:40.468+0300][47.415s][info][gc             ] GC(308) Pause Young (Allocation Failure) 2610M->2449M(2870M) 34.885ms
[2025-10-14T10:58:40.468+0300][47.415s][info][gc,cpu         ] GC(308) User=0.02s Sys=0.02s Real=0.03s
[2025-10-14T10:58:40.494+0300][47.440s][info][gc,start       ] GC(309) Pause Young (Allocation Failure)
[2025-10-14T10:58:40.528+0300][47.475s][info][gc,heap        ] GC(309) DefNew: 485242K(485248K)->53882K(485248K) Eden: 431360K(431360K)->0K(431360K) From: 53882K(53888K)->53882K(53888K)
[2025-10-14T10:58:40.528+0300][47.475s][info][gc,heap        ] GC(309) Tenured: 2454070K(2454096K)->2720376K(2720400K)
[2025-10-14T10:58:40.528+0300][47.475s][info][gc,metaspace   ] GC(309) Metaspace: 3787K(3968K)->3787K(3968K) NonClass: 3370K(3456K)->3370K(3456K) Class: 416K(512K)->416K(512K)
[2025-10-14T10:58:40.528+0300][47.475s][info][gc             ] GC(309) Pause Young (Allocation Failure) 2870M->2709M(3130M) 34.409ms
[2025-10-14T10:58:40.528+0300][47.475s][info][gc,cpu         ] GC(309) User=0.02s Sys=0.02s Real=0.03s
[2025-10-14T10:58:40.554+0300][47.501s][info][gc,start       ] GC(310) Pause Young (Allocation Failure)
[2025-10-14T10:58:40.589+0300][47.535s][info][gc,heap        ] GC(310) DefNew: 485242K(485248K)->53882K(485248K) Eden: 431360K(431360K)->0K(431360K) From: 53882K(53888K)->53882K(53888K)
[2025-10-14T10:58:40.589+0300][47.535s][info][gc,heap        ] GC(310) Tenured: 2720376K(2720400K)->2986682K(2986704K)
[2025-10-14T10:58:40.589+0300][47.535s][info][gc,metaspace   ] GC(310) Metaspace: 3787K(3968K)->3787K(3968K) NonClass: 3370K(3456K)->3370K(3456K) Class: 416K(512K)->416K(512K)
[2025-10-14T10:58:40.589+0300][47.535s][info][gc             ] GC(310) Pause Young (Allocation Failure) 3130M->2969M(3390M) 34.576ms
[2025-10-14T10:58:40.589+0300][47.535s][info][gc,cpu         ] GC(310) User=0.02s Sys=0.02s Real=0.03s
[2025-10-14T10:58:40.614+0300][47.561s][info][gc,start       ] GC(311) Pause Young (Allocation Failure)
[2025-10-14T10:58:40.652+0300][47.599s][info][gc,heap        ] GC(311) DefNew: 485242K(485248K)->53882K(485248K) Eden: 431360K(431360K)->0K(431360K) From: 53882K(53888K)->53882K(53888K)
[2025-10-14T10:58:40.652+0300][47.599s][info][gc,heap        ] GC(311) Tenured: 2986682K(2986704K)->3253020K(3253200K)
[2025-10-14T10:58:40.652+0300][47.599s][info][gc,metaspace   ] GC(311) Metaspace: 3787K(3968K)->3787K(3968K) NonClass: 3370K(3456K)->3370K(3456K) Class: 416K(512K)->416K(512K)
[2025-10-14T10:58:40.652+0300][47.599s][info][gc             ] GC(311) Pause Young (Allocation Failure) 3390M->3229M(3650M) 37.691ms
[2025-10-14T10:58:40.652+0300][47.599s][info][gc,cpu         ] GC(311) User=0.02s Sys=0.02s Real=0.04s
[2025-10-14T10:58:40.679+0300][47.626s][info][gc,start       ] GC(312) Pause Young (Allocation Failure)
[2025-10-14T10:58:40.717+0300][47.663s][info][gc,heap        ] GC(312) DefNew: 485242K(485248K)->53882K(485248K) Eden: 431360K(431360K)->0K(431360K) From: 53882K(53888K)->53882K(53888K)
[2025-10-14T10:58:40.717+0300][47.663s][info][gc,heap        ] GC(312) Tenured: 3253020K(3253200K)->3519358K(3519504K)
[2025-10-14T10:58:40.717+0300][47.663s][info][gc,metaspace   ] GC(312) Metaspace: 3787K(3968K)->3787K(3968K) NonClass: 3370K(3456K)->3370K(3456K) Class: 416K(512K)->416K(512K)
[2025-10-14T10:58:40.717+0300][47.663s][info][gc             ] GC(312) Pause Young (Allocation Failure) 3650M->3489M(3910M) 37.822ms
[2025-10-14T10:58:40.717+0300][47.663s][info][gc,cpu         ] GC(312) User=0.02s Sys=0.02s Real=0.04s
[2025-10-14T10:58:40.743+0300][47.689s][info][gc,start       ] GC(313) Pause Young (Allocation Failure)
[2025-10-14T10:58:40.784+0300][47.730s][info][gc,heap        ] GC(313) DefNew: 485242K(485248K)->53882K(485248K) Eden: 431360K(431360K)->0K(431360K) From: 53882K(53888K)->53882K(53888K)
[2025-10-14T10:58:40.784+0300][47.730s][info][gc,heap        ] GC(313) Tenured: 3519358K(3519504K)->3785696K(3785808K)
[2025-10-14T10:58:40.784+0300][47.730s][info][gc,metaspace   ] GC(313) Metaspace: 3787K(3968K)->3787K(3968K) NonClass: 3370K(3456K)->3370K(3456K) Class: 416K(512K)->416K(512K)
[2025-10-14T10:58:40.784+0300][47.730s][info][gc             ] GC(313) Pause Young (Allocation Failure) 3910M->3749M(4170M) 41.005ms
[2025-10-14T10:58:40.784+0300][47.730s][info][gc,cpu         ] GC(313) User=0.02s Sys=0.02s Real=0.04s
[2025-10-14T10:58:40.809+0300][47.756s][info][gc,start       ] GC(314) Pause Young (Allocation Failure)
[2025-10-14T10:58:40.851+0300][47.798s][info][gc,heap        ] GC(314) DefNew: 485242K(485248K)->53882K(485248K) Eden: 431360K(431360K)->0K(431360K) From: 53882K(53888K)->53882K(53888K)
[2025-10-14T10:58:40.851+0300][47.798s][info][gc,heap        ] GC(314) Tenured: 3785696K(3785808K)->4052002K(4052112K)
[2025-10-14T10:58:40.851+0300][47.798s][info][gc,metaspace   ] GC(314) Metaspace: 3787K(3968K)->3787K(3968K) NonClass: 3370K(3456K)->3370K(3456K) Class: 416K(512K)->416K(512K)
[2025-10-14T10:58:40.851+0300][47.798s][info][gc             ] GC(314) Pause Young (Allocation Failure) 4170M->4009M(4431M) 41.858ms
[2025-10-14T10:58:40.851+0300][47.798s][info][gc,cpu         ] GC(314) User=0.02s Sys=0.02s Real=0.05s
[2025-10-14T10:58:40.879+0300][47.826s][info][gc,start       ] GC(315) Pause Young (Allocation Failure)
[2025-10-14T10:58:40.918+0300][47.864s][info][gc,heap        ] GC(315) DefNew: 485242K(485248K)->53882K(485248K) Eden: 431360K(431360K)->0K(431360K) From: 53882K(53888K)->53882K(53888K)
[2025-10-14T10:58:40.918+0300][47.864s][info][gc,heap        ] GC(315) Tenured: 4052002K(4052112K)->4318340K(4318416K)
[2025-10-14T10:58:40.918+0300][47.864s][info][gc,metaspace   ] GC(315) Metaspace: 3787K(3968K)->3787K(3968K) NonClass: 3370K(3456K)->3370K(3456K) Class: 416K(512K)->416K(512K)
[2025-10-14T10:58:40.918+0300][47.864s][info][gc             ] GC(315) Pause Young (Allocation Failure) 4430M->4269M(4691M) 38.669ms
[2025-10-14T10:58:40.918+0300][47.865s][info][gc,cpu         ] GC(315) User=0.02s Sys=0.02s Real=0.04s
[2025-10-14T10:58:40.942+0300][47.889s][info][gc,start       ] GC(316) Pause Young (Allocation Failure)
[2025-10-14T10:58:40.980+0300][47.926s][info][gc,heap        ] GC(316) DefNew: 485242K(485248K)->53882K(485248K) Eden: 431360K(431360K)->0K(431360K) From: 53882K(53888K)->53882K(53888K)
[2025-10-14T10:58:40.980+0300][47.926s][info][gc,heap        ] GC(316) Tenured: 4318340K(4318416K)->4584678K(4584720K)
[2025-10-14T10:58:40.980+0300][47.926s][info][gc,metaspace   ] GC(316) Metaspace: 3787K(3968K)->3787K(3968K) NonClass: 3370K(3456K)->3370K(3456K) Class: 416K(512K)->416K(512K)
[2025-10-14T10:58:40.980+0300][47.926s][info][gc             ] GC(316) Pause Young (Allocation Failure) 4690M->4529M(4951M) 37.579ms
[2025-10-14T10:58:40.980+0300][47.926s][info][gc,cpu         ] GC(316) User=0.02s Sys=0.02s Real=0.04s
[2025-10-14T10:58:41.005+0300][47.951s][info][gc,start       ] GC(317) Pause Young (Allocation Failure)
[2025-10-14T10:58:41.042+0300][47.989s][info][gc,heap        ] GC(317) DefNew: 485242K(485248K)->53882K(485248K) Eden: 431360K(431360K)->0K(431360K) From: 53882K(53888K)->53882K(53888K)
[2025-10-14T10:58:41.042+0300][47.989s][info][gc,heap        ] GC(317) Tenured: 4584678K(4584720K)->4850984K(4851024K)
[2025-10-14T10:58:41.042+0300][47.989s][info][gc,metaspace   ] GC(317) Metaspace: 3787K(3968K)->3787K(3968K) NonClass: 3370K(3456K)->3370K(3456K) Class: 416K(512K)->416K(512K)
[2025-10-14T10:58:41.042+0300][47.989s][info][gc             ] GC(317) Pause Young (Allocation Failure) 4951M->4789M(5211M) 37.749ms
[2025-10-14T10:58:41.043+0300][47.989s][info][gc,cpu         ] GC(317) User=0.02s Sys=0.02s Real=0.04s
[2025-10-14T10:58:41.068+0300][48.014s][info][gc,start       ] GC(318) Pause Young (Allocation Failure)
[2025-10-14T10:58:41.106+0300][48.052s][info][gc,heap        ] GC(318) DefNew: 485242K(485248K)->53882K(485248K) Eden: 431360K(431360K)->0K(431360K) From: 53882K(53888K)->53882K(53888K)
[2025-10-14T10:58:41.106+0300][48.052s][info][gc,heap        ] GC(318) Tenured: 4850984K(4851024K)->5117322K(5117328K)
[2025-10-14T10:58:41.106+0300][48.052s][info][gc,metaspace   ] GC(318) Metaspace: 3787K(3968K)->3787K(3968K) NonClass: 3370K(3456K)->3370K(3456K) Class: 416K(512K)->416K(512K)
[2025-10-14T10:58:41.106+0300][48.052s][info][gc             ] GC(318) Pause Young (Allocation Failure) 5211M->5050M(5471M) 38.002ms
[2025-10-14T10:58:41.106+0300][48.052s][info][gc,cpu         ] GC(318) User=0.02s Sys=0.02s Real=0.04s
[2025-10-14T10:58:41.131+0300][48.078s][info][gc,start       ] GC(319) Pause Young (Allocation Failure)
[2025-10-14T10:58:41.217+0300][48.164s][info][gc,heap        ] GC(319) DefNew: 485242K(485248K)->53882K(485248K) Eden: 431360K(431360K)->0K(431360K) From: 53882K(53888K)->53882K(53888K)
[2025-10-14T10:58:41.217+0300][48.164s][info][gc,heap        ] GC(319) Tenured: 5117322K(5117328K)->5383660K(5383824K)
[2025-10-14T10:58:41.217+0300][48.164s][info][gc,metaspace   ] GC(319) Metaspace: 3787K(3968K)->3787K(3968K) NonClass: 3370K(3456K)->3370K(3456K) Class: 416K(512K)->416K(512K)
[2025-10-14T10:58:41.217+0300][48.164s][info][gc             ] GC(319) Pause Young (Allocation Failure) 5471M->5310M(5731M) 86.397ms
[2025-10-14T10:58:41.217+0300][48.164s][info][gc,cpu         ] GC(319) User=0.02s Sys=0.04s Real=0.08s
[2025-10-14T10:58:41.244+0300][48.190s][info][gc,start       ] GC(320) Pause Full (Allocation Failure)
[2025-10-14T10:58:41.244+0300][48.190s][info][gc,phases,start] GC(320) Phase 1: Mark live objects
[2025-10-14T10:58:41.246+0300][48.192s][info][gc,phases      ] GC(320) Phase 1: Mark live objects 2.075ms
[2025-10-14T10:58:41.246+0300][48.192s][info][gc,phases,start] GC(320) Phase 2: Compute new object addresses
[2025-10-14T10:58:41.322+0300][48.268s][info][gc,phases      ] GC(320) Phase 2: Compute new object addresses 75.882ms
[2025-10-14T10:58:41.322+0300][48.268s][info][gc,phases,start] GC(320) Phase 3: Adjust pointers
[2025-10-14T10:58:41.324+0300][48.271s][info][gc,phases      ] GC(320) Phase 3: Adjust pointers 2.535ms
[2025-10-14T10:58:41.324+0300][48.271s][info][gc,phases,start] GC(320) Phase 4: Move objects
[2025-10-14T10:58:41.338+0300][48.284s][info][gc,phases      ] GC(320) Phase 4: Move objects 13.254ms
[2025-10-14T10:58:41.435+0300][48.382s][info][gc,heap        ] GC(320) DefNew: 485242K(485248K)->0K(485248K) Eden: 431360K(431360K)->0K(431360K) From: 53882K(53888K)->0K(53888K)
[2025-10-14T10:58:41.435+0300][48.382s][info][gc,heap        ] GC(320) Tenured: 5383660K(5383824K)->323462K(1078224K)
[2025-10-14T10:58:41.435+0300][48.382s][info][gc,metaspace   ] GC(320) Metaspace: 3787K(3968K)->3787K(3968K) NonClass: 3370K(3456K)->3370K(3456K) Class: 416K(512K)->416K(512K)
[2025-10-14T10:58:41.435+0300][48.382s][info][gc             ] GC(320) Pause Full (Allocation Failure) 5731M->315M(1526M) 191.436ms
[2025-10-14T10:58:41.435+0300][48.382s][info][gc,cpu         ] GC(320) User=0.06s Sys=0.13s Real=0.19s
[2025-10-14T10:58:41.462+0300][48.408s][info][gc,start       ] GC(321) Pause Young (Allocation Failure)
[2025-10-14T10:58:41.477+0300][48.424s][info][gc,heap        ] GC(321) DefNew: 431360K(485248K)->53882K(485248K) Eden: 431360K(431360K)->0K(431360K) From: 0K(53888K)->53882K(53888K)
[2025-10-14T10:58:41.477+0300][48.424s][info][gc,heap        ] GC(321) Tenured: 323462K(1078224K)->589736K(1078224K)
[2025-10-14T10:58:41.477+0300][48.424s][info][gc,metaspace   ] GC(321) Metaspace: 3787K(3968K)->3787K(3968K) NonClass: 3370K(3456K)->3370K(3456K) Class: 416K(512K)->416K(512K)
[2025-10-14T10:58:41.477+0300][48.424s][info][gc             ] GC(321) Pause Young (Allocation Failure) 737M->628M(1526M) 15.443ms
[2025-10-14T10:58:41.477+0300][48.424s][info][gc,cpu         ] GC(321) User=0.01s Sys=0.00s Real=0.01s
[2025-10-14T10:58:41.503+0300][48.449s][info][gc,start       ] GC(322) Pause Young (Allocation Failure)
[2025-10-14T10:58:41.518+0300][48.464s][info][gc,heap        ] GC(322) DefNew: 485242K(485248K)->53882K(485248K) Eden: 431360K(431360K)->0K(431360K) From: 53882K(53888K)->53882K(53888K)
[2025-10-14T10:58:41.518+0300][48.465s][info][gc,heap        ] GC(322) Tenured: 589736K(1078224K)->856042K(1078224K)
[2025-10-14T10:58:41.518+0300][48.465s][info][gc,metaspace   ] GC(322) Metaspace: 3787K(3968K)->3787K(3968K) NonClass: 3370K(3456K)->3370K(3456K) Class: 416K(512K)->416K(512K)
[2025-10-14T10:58:41.518+0300][48.465s][info][gc             ] GC(322) Pause Young (Allocation Failure) 1049M->888M(1526M) 15.301ms
[2025-10-14T10:58:41.518+0300][48.465s][info][gc,cpu         ] GC(322) User=0.01s Sys=0.00s Real=0.01s
[2025-10-14T10:58:41.544+0300][48.490s][info][gc,start       ] GC(323) Pause Young (Allocation Failure)
[2025-10-14T10:58:41.562+0300][48.509s][info][gc,heap        ] GC(323) DefNew: 485242K(485248K)->53882K(485248K) Eden: 431360K(431360K)->0K(431360K) From: 53882K(53888K)->53882K(53888K)
[2025-10-14T10:58:41.562+0300][48.509s][info][gc,heap        ] GC(323) Tenured: 856042K(1078224K)->1122380K(1122384K)
[2025-10-14T10:58:41.562+0300][48.509s][info][gc,metaspace   ] GC(323) Metaspace: 3787K(3968K)->3787K(3968K) NonClass: 3370K(3456K)->3370K(3456K) Class: 416K(512K)->416K(512K)
[2025-10-14T10:58:41.562+0300][48.509s][info][gc             ] GC(323) Pause Young (Allocation Failure) 1309M->1148M(1569M) 18.461ms
[2025-10-14T10:58:41.562+0300][48.509s][info][gc,cpu         ] GC(323) User=0.01s Sys=0.01s Real=0.02s
[2025-10-14T10:58:41.589+0300][48.535s][info][gc,start       ] GC(324) Pause Young (Allocation Failure)
[2025-10-14T10:58:41.627+0300][48.573s][info][gc,heap        ] GC(324) DefNew: 485242K(485248K)->53882K(485248K) Eden: 431360K(431360K)->0K(431360K) From: 53882K(53888K)->53882K(53888K)
[2025-10-14T10:58:41.627+0300][48.573s][info][gc,heap        ] GC(324) Tenured: 1122380K(1122384K)->1388718K(1388880K)
[2025-10-14T10:58:41.627+0300][48.573s][info][gc,metaspace   ] GC(324) Metaspace: 3787K(3968K)->3787K(3968K) NonClass: 3370K(3456K)->3370K(3456K) Class: 416K(512K)->416K(512K)
[2025-10-14T10:58:41.627+0300][48.573s][info][gc             ] GC(324) Pause Young (Allocation Failure) 1569M->1408M(1830M) 37.932ms
[2025-10-14T10:58:41.627+0300][48.573s][info][gc,cpu         ] GC(324) User=0.01s Sys=0.02s Real=0.04s
[2025-10-14T10:58:41.653+0300][48.599s][info][gc,start       ] GC(325) Pause Young (Allocation Failure)
[2025-10-14T10:58:41.692+0300][48.639s][info][gc,heap        ] GC(325) DefNew: 485242K(485248K)->53882K(485248K) Eden: 431360K(431360K)->0K(431360K) From: 53882K(53888K)->53882K(53888K)
[2025-10-14T10:58:41.692+0300][48.639s][info][gc,heap        ] GC(325) Tenured: 1388718K(1388880K)->1655056K(1655184K)
[2025-10-14T10:58:41.692+0300][48.639s][info][gc,metaspace   ] GC(325) Metaspace: 3787K(3968K)->3787K(3968K) NonClass: 3370K(3456K)->3370K(3456K) Class: 416K(512K)->416K(512K)
[2025-10-14T10:58:41.692+0300][48.639s][info][gc             ] GC(325) Pause Young (Allocation Failure) 1830M->1668M(2090M) 39.661ms
[2025-10-14T10:58:41.692+0300][48.639s][info][gc,cpu         ] GC(325) User=0.02s Sys=0.02s Real=0.04s
[2025-10-14T10:58:41.719+0300][48.665s][info][gc,start       ] GC(326) Pause Young (Allocation Failure)
[2025-10-14T10:58:41.759+0300][48.705s][info][gc,heap        ] GC(326) DefNew: 485242K(485248K)->53882K(485248K) Eden: 431360K(431360K)->0K(431360K) From: 53882K(53888K)->53882K(53888K)
[2025-10-14T10:58:41.759+0300][48.705s][info][gc,heap        ] GC(326) Tenured: 1655056K(1655184K)->1921394K(1921488K)
[2025-10-14T10:58:41.759+0300][48.705s][info][gc,metaspace   ] GC(326) Metaspace: 3787K(3968K)->3787K(3968K) NonClass: 3370K(3456K)->3370K(3456K) Class: 416K(512K)->416K(512K)
[2025-10-14T10:58:41.759+0300][48.705s][info][gc             ] GC(326) Pause Young (Allocation Failure) 2090M->1928M(2350M) 39.813ms
[2025-10-14T10:58:41.759+0300][48.705s][info][gc,cpu         ] GC(326) User=0.02s Sys=0.02s Real=0.04s
[2025-10-14T10:58:41.785+0300][48.732s][info][gc,start       ] GC(327) Pause Young (Allocation Failure)
[2025-10-14T10:58:41.825+0300][48.772s][info][gc,heap        ] GC(327) DefNew: 485242K(485248K)->53882K(485248K) Eden: 431360K(431360K)->0K(431360K) From: 53882K(53888K)->53882K(53888K)
[2025-10-14T10:58:41.825+0300][48.772s][info][gc,heap        ] GC(327) Tenured: 1921394K(1921488K)->2187700K(2187792K)
[2025-10-14T10:58:41.825+0300][48.772s][info][gc,metaspace   ] GC(327) Metaspace: 3787K(3968K)->3787K(3968K) NonClass: 3370K(3456K)->3370K(3456K) Class: 416K(512K)->416K(512K)
[2025-10-14T10:58:41.825+0300][48.772s][info][gc             ] GC(327) Pause Young (Allocation Failure) 2350M->2189M(2610M) 39.906ms
[2025-10-14T10:58:41.825+0300][48.772s][info][gc,cpu         ] GC(327) User=0.02s Sys=0.02s Real=0.04s
[2025-10-14T10:58:41.851+0300][48.797s][info][gc,start       ] GC(328) Pause Young (Allocation Failure)
[2025-10-14T10:58:41.891+0300][48.837s][info][gc,heap        ] GC(328) DefNew: 485242K(485248K)->53882K(485248K) Eden: 431360K(431360K)->0K(431360K) From: 53882K(53888K)->53882K(53888K)
[2025-10-14T10:58:41.891+0300][48.837s][info][gc,heap        ] GC(328) Tenured: 2187700K(2187792K)->2454038K(2454096K)
[2025-10-14T10:58:41.891+0300][48.837s][info][gc,metaspace   ] GC(328) Metaspace: 3787K(3968K)->3787K(3968K) NonClass: 3370K(3456K)->3370K(3456K) Class: 416K(512K)->416K(512K)
[2025-10-14T10:58:41.891+0300][48.837s][info][gc             ] GC(328) Pause Young (Allocation Failure) 2610M->2449M(2870M) 39.794ms
[2025-10-14T10:58:41.891+0300][48.837s][info][gc,cpu         ] GC(328) User=0.02s Sys=0.03s Real=0.04s
[2025-10-14T10:58:41.919+0300][48.866s][info][gc,start       ] GC(329) Pause Young (Allocation Failure)
[2025-10-14T10:58:41.960+0300][48.906s][info][gc,heap        ] GC(329) DefNew: 485242K(485248K)->53882K(485248K) Eden: 431360K(431360K)->0K(431360K) From: 53882K(53888K)->53882K(53888K)
[2025-10-14T10:58:41.960+0300][48.906s][info][gc,heap        ] GC(329) Tenured: 2454038K(2454096K)->2720344K(2720400K)
[2025-10-14T10:58:41.960+0300][48.906s][info][gc,metaspace   ] GC(329) Metaspace: 3787K(3968K)->3787K(3968K) NonClass: 3370K(3456K)->3370K(3456K) Class: 416K(512K)->416K(512K)
[2025-10-14T10:58:41.960+0300][48.906s][info][gc             ] GC(329) Pause Young (Allocation Failure) 2870M->2709M(3130M) 40.456ms
[2025-10-14T10:58:41.960+0300][48.906s][info][gc,cpu         ] GC(329) User=0.02s Sys=0.02s Real=0.05s
[2025-10-14T10:58:41.988+0300][48.934s][info][gc,start       ] GC(330) Pause Young (Allocation Failure)
[2025-10-14T10:58:42.028+0300][48.975s][info][gc,heap        ] GC(330) DefNew: 485242K(485248K)->53882K(485248K) Eden: 431360K(431360K)->0K(431360K) From: 53882K(53888K)->53882K(53888K)
[2025-10-14T10:58:42.028+0300][48.975s][info][gc,heap        ] GC(330) Tenured: 2720344K(2720400K)->2986650K(2986704K)
[2025-10-14T10:58:42.028+0300][48.975s][info][gc,metaspace   ] GC(330) Metaspace: 3787K(3968K)->3787K(3968K) NonClass: 3370K(3456K)->3370K(3456K) Class: 416K(512K)->416K(512K)
[2025-10-14T10:58:42.028+0300][48.975s][info][gc             ] GC(330) Pause Young (Allocation Failure) 3130M->2969M(3390M) 40.660ms
[2025-10-14T10:58:42.028+0300][48.975s][info][gc,cpu         ] GC(330) User=0.02s Sys=0.02s Real=0.04s
[2025-10-14T10:58:42.057+0300][49.003s][info][gc,start       ] GC(331) Pause Young (Allocation Failure)
[2025-10-14T10:58:42.098+0300][49.044s][info][gc,heap        ] GC(331) DefNew: 485242K(485248K)->53882K(485248K) Eden: 431360K(431360K)->0K(431360K) From: 53882K(53888K)->53882K(53888K)
[2025-10-14T10:58:42.098+0300][49.044s][info][gc,heap        ] GC(331) Tenured: 2986650K(2986704K)->3252956K(3253008K)
[2025-10-14T10:58:42.098+0300][49.044s][info][gc,metaspace   ] GC(331) Metaspace: 3787K(3968K)->3787K(3968K) NonClass: 3370K(3456K)->3370K(3456K) Class: 416K(512K)->416K(512K)
[2025-10-14T10:58:42.098+0300][49.044s][info][gc             ] GC(331) Pause Young (Allocation Failure) 3390M->3229M(3650M) 41.121ms
[2025-10-14T10:58:42.098+0300][49.044s][info][gc,cpu         ] GC(331) User=0.02s Sys=0.03s Real=0.04s
[2025-10-14T10:58:42.124+0300][49.070s][info][gc,start       ] GC(332) Pause Young (Allocation Failure)
[2025-10-14T10:58:42.167+0300][49.113s][info][gc,heap        ] GC(332) DefNew: 485242K(485248K)->53882K(485248K) Eden: 431360K(431360K)->0K(431360K) From: 53882K(53888K)->53882K(53888K)
[2025-10-14T10:58:42.167+0300][49.113s][info][gc,heap        ] GC(332) Tenured: 3252956K(3253008K)->3519262K(3519312K)
[2025-10-14T10:58:42.167+0300][49.113s][info][gc,metaspace   ] GC(332) Metaspace: 3787K(3968K)->3787K(3968K) NonClass: 3370K(3456K)->3370K(3456K) Class: 416K(512K)->416K(512K)
[2025-10-14T10:58:42.167+0300][49.113s][info][gc             ] GC(332) Pause Young (Allocation Failure) 3650M->3489M(3910M) 42.806ms
[2025-10-14T10:58:42.167+0300][49.113s][info][gc,cpu         ] GC(332) User=0.02s Sys=0.03s Real=0.04s
[2025-10-14T10:58:42.192+0300][49.138s][info][gc,start       ] GC(333) Pause Young (Allocation Failure)
[2025-10-14T10:58:42.234+0300][49.180s][info][gc,heap        ] GC(333) DefNew: 485242K(485248K)->53882K(485248K) Eden: 431360K(431360K)->0K(431360K) From: 53882K(53888K)->53882K(53888K)
[2025-10-14T10:58:42.234+0300][49.180s][info][gc,heap        ] GC(333) Tenured: 3519262K(3519312K)->3785568K(3785616K)
[2025-10-14T10:58:42.234+0300][49.180s][info][gc,metaspace   ] GC(333) Metaspace: 3787K(3968K)->3787K(3968K) NonClass: 3370K(3456K)->3370K(3456K) Class: 416K(512K)->416K(512K)
[2025-10-14T10:58:42.234+0300][49.180s][info][gc             ] GC(333) Pause Young (Allocation Failure) 3910M->3749M(4170M) 42.012ms
[2025-10-14T10:58:42.234+0300][49.180s][info][gc,cpu         ] GC(333) User=0.01s Sys=0.02s Real=0.04s
[2025-10-14T10:58:42.259+0300][49.205s][info][gc,start       ] GC(334) Pause Young (Allocation Failure)
[2025-10-14T10:58:42.300+0300][49.246s][info][gc,heap        ] GC(334) DefNew: 485242K(485248K)->53882K(485248K) Eden: 431360K(431360K)->0K(431360K) From: 53882K(53888K)->53882K(53888K)
[2025-10-14T10:58:42.300+0300][49.246s][info][gc,heap        ] GC(334) Tenured: 3785568K(3785616K)->4051906K(4051920K)
[2025-10-14T10:58:42.300+0300][49.246s][info][gc,metaspace   ] GC(334) Metaspace: 3787K(3968K)->3787K(3968K) NonClass: 3370K(3456K)->3370K(3456K) Class: 416K(512K)->416K(512K)
[2025-10-14T10:58:42.300+0300][49.246s][info][gc             ] GC(334) Pause Young (Allocation Failure) 4170M->4009M(4430M) 40.867ms
[2025-10-14T10:58:42.300+0300][49.246s][info][gc,cpu         ] GC(334) User=0.02s Sys=0.02s Real=0.05s
[2025-10-14T10:58:42.328+0300][49.274s][info][gc,start       ] GC(335) Pause Young (Allocation Failure)
[2025-10-14T10:58:42.371+0300][49.317s][info][gc,heap        ] GC(335) DefNew: 485242K(485248K)->53882K(485248K) Eden: 431360K(431360K)->0K(431360K) From: 53882K(53888K)->53882K(53888K)
[2025-10-14T10:58:42.371+0300][49.317s][info][gc,heap        ] GC(335) Tenured: 4051906K(4051920K)->4318180K(4318224K)
[2025-10-14T10:58:42.371+0300][49.317s][info][gc,metaspace   ] GC(335) Metaspace: 3787K(3968K)->3787K(3968K) NonClass: 3370K(3456K)->3370K(3456K) Class: 416K(512K)->416K(512K)
[2025-10-14T10:58:42.371+0300][49.317s][info][gc             ] GC(335) Pause Young (Allocation Failure) 4430M->4269M(4690M) 42.861ms
[2025-10-14T10:58:42.371+0300][49.317s][info][gc,cpu         ] GC(335) User=0.02s Sys=0.03s Real=0.05s
[2025-10-14T10:58:42.408+0300][49.355s][info][gc,start       ] GC(336) Pause Young (Allocation Failure)
[2025-10-14T10:58:42.448+0300][49.394s][info][gc,heap        ] GC(336) DefNew: 485242K(485248K)->53882K(485248K) Eden: 431360K(431360K)->0K(431360K) From: 53882K(53888K)->53882K(53888K)
[2025-10-14T10:58:42.448+0300][49.394s][info][gc,heap        ] GC(336) Tenured: 4318180K(4318224K)->4584486K(4584528K)
[2025-10-14T10:58:42.448+0300][49.394s][info][gc,metaspace   ] GC(336) Metaspace: 3787K(3968K)->3787K(3968K) NonClass: 3370K(3456K)->3370K(3456K) Class: 416K(512K)->416K(512K)
[2025-10-14T10:58:42.448+0300][49.394s][info][gc             ] GC(336) Pause Young (Allocation Failure) 4690M->4529M(4950M) 39.791ms
[2025-10-14T10:58:42.448+0300][49.394s][info][gc,cpu         ] GC(336) User=0.01s Sys=0.03s Real=0.04s
[2025-10-14T10:58:42.473+0300][49.419s][info][gc,start       ] GC(337) Pause Young (Allocation Failure)
[2025-10-14T10:58:42.511+0300][49.457s][info][gc,heap        ] GC(337) DefNew: 485242K(485248K)->53882K(485248K) Eden: 431360K(431360K)->0K(431360K) From: 53882K(53888K)->53882K(53888K)
[2025-10-14T10:58:42.511+0300][49.458s][info][gc,heap        ] GC(337) Tenured: 4584486K(4584528K)->4850824K(4850832K)
[2025-10-14T10:58:42.511+0300][49.458s][info][gc,metaspace   ] GC(337) Metaspace: 3787K(3968K)->3787K(3968K) NonClass: 3370K(3456K)->3370K(3456K) Class: 416K(512K)->416K(512K)
[2025-10-14T10:58:42.511+0300][49.458s][info][gc             ] GC(337) Pause Young (Allocation Failure) 4950M->4789M(5211M) 38.417ms
[2025-10-14T10:58:42.511+0300][49.458s][info][gc,cpu         ] GC(337) User=0.02s Sys=0.02s Real=0.04s
[2025-10-14T10:58:42.537+0300][49.484s][info][gc,start       ] GC(338) Pause Young (Allocation Failure)
[2025-10-14T10:58:42.614+0300][49.560s][info][gc,heap        ] GC(338) DefNew: 485242K(485248K)->53882K(485248K) Eden: 431360K(431360K)->0K(431360K) From: 53882K(53888K)->53882K(53888K)
[2025-10-14T10:58:42.614+0300][49.560s][info][gc,heap        ] GC(338) Tenured: 4850824K(4850832K)->5117162K(5117328K)
[2025-10-14T10:58:42.614+0300][49.560s][info][gc,metaspace   ] GC(338) Metaspace: 3787K(3968K)->3787K(3968K) NonClass: 3370K(3456K)->3370K(3456K) Class: 416K(512K)->416K(512K)
[2025-10-14T10:58:42.614+0300][49.560s][info][gc             ] GC(338) Pause Young (Allocation Failure) 5211M->5049M(5471M) 76.507ms
[2025-10-14T10:58:42.614+0300][49.560s][info][gc,cpu         ] GC(338) User=0.02s Sys=0.04s Real=0.08s
[2025-10-14T10:58:42.640+0300][49.586s][info][gc,start       ] GC(339) Pause Young (Allocation Failure)
[2025-10-14T10:58:42.704+0300][49.650s][info][gc,heap        ] GC(339) DefNew: 485242K(485248K)->53882K(485248K) Eden: 431360K(431360K)->0K(431360K) From: 53882K(53888K)->53882K(53888K)
[2025-10-14T10:58:42.704+0300][49.650s][info][gc,heap        ] GC(339) Tenured: 5117162K(5117328K)->5383468K(5383632K)
[2025-10-14T10:58:42.704+0300][49.650s][info][gc,metaspace   ] GC(339) Metaspace: 3787K(3968K)->3787K(3968K) NonClass: 3370K(3456K)->3370K(3456K) Class: 416K(512K)->416K(512K)
[2025-10-14T10:58:42.704+0300][49.650s][info][gc             ] GC(339) Pause Young (Allocation Failure) 5471M->5309M(5731M) 64.470ms
[2025-10-14T10:58:42.704+0300][49.650s][info][gc,cpu         ] GC(339) User=0.02s Sys=0.04s Real=0.06s
[2025-10-14T10:58:42.729+0300][49.675s][info][gc,start       ] GC(340) Pause Full (Allocation Failure)
[2025-10-14T10:58:42.729+0300][49.675s][info][gc,phases,start] GC(340) Phase 1: Mark live objects
[2025-10-14T10:58:42.731+0300][49.677s][info][gc,phases      ] GC(340) Phase 1: Mark live objects 2.054ms
[2025-10-14T10:58:42.731+0300][49.677s][info][gc,phases,start] GC(340) Phase 2: Compute new object addresses
[2025-10-14T10:58:42.803+0300][49.750s][info][gc,phases      ] GC(340) Phase 2: Compute new object addresses 72.720ms
[2025-10-14T10:58:42.804+0300][49.750s][info][gc,phases,start] GC(340) Phase 3: Adjust pointers
[2025-10-14T10:58:42.806+0300][49.753s][info][gc,phases      ] GC(340) Phase 3: Adjust pointers 2.934ms
[2025-10-14T10:58:42.806+0300][49.753s][info][gc,phases,start] GC(340) Phase 4: Move objects
[2025-10-14T10:58:42.821+0300][49.768s][info][gc,phases      ] GC(340) Phase 4: Move objects 14.573ms
[2025-10-14T10:58:42.918+0300][49.864s][info][gc,heap        ] GC(340) DefNew: 485242K(485248K)->0K(485184K) Eden: 431360K(431360K)->0K(431296K) From: 53882K(53888K)->0K(53888K)
[2025-10-14T10:58:42.918+0300][49.864s][info][gc,heap        ] GC(340) Tenured: 5383468K(5383632K)->323430K(1078112K)
[2025-10-14T10:58:42.918+0300][49.864s][info][gc,metaspace   ] GC(340) Metaspace: 3787K(3968K)->3787K(3968K) NonClass: 3370K(3456K)->3370K(3456K) Class: 416K(512K)->416K(512K)
[2025-10-14T10:58:42.918+0300][49.864s][info][gc             ] GC(340) Pause Full (Allocation Failure) 5731M->315M(1526M) 189.381ms
[2025-10-14T10:58:42.918+0300][49.864s][info][gc,cpu         ] GC(340) User=0.06s Sys=0.13s Real=0.19s
[2025-10-14T10:58:42.947+0300][49.893s][info][gc,start       ] GC(341) Pause Young (Allocation Failure)
[2025-10-14T10:58:42.962+0300][49.909s][info][gc,heap        ] GC(341) DefNew: 431296K(485184K)->53882K(485184K) Eden: 431296K(431296K)->0K(431296K) From: 0K(53888K)->53882K(53888K)
[2025-10-14T10:58:42.962+0300][49.909s][info][gc,heap        ] GC(341) Tenured: 323430K(1078112K)->589768K(1078112K)
[2025-10-14T10:58:42.962+0300][49.909s][info][gc,metaspace   ] GC(341) Metaspace: 3787K(3968K)->3787K(3968K) NonClass: 3370K(3456K)->3370K(3456K) Class: 416K(512K)->416K(512K)
[2025-10-14T10:58:42.962+0300][49.909s][info][gc             ] GC(341) Pause Young (Allocation Failure) 737M->628M(1526M) 15.459ms
[2025-10-14T10:58:42.962+0300][49.909s][info][gc,cpu         ] GC(341) User=0.02s Sys=0.00s Real=0.02s
[2025-10-14T10:58:42.987+0300][49.934s][info][gc,start       ] GC(342) Pause Young (Allocation Failure)
[2025-10-14T10:58:43.002+0300][49.949s][info][gc,heap        ] GC(342) DefNew: 485178K(485184K)->53882K(485184K) Eden: 431296K(431296K)->0K(431296K) From: 53882K(53888K)->53882K(53888K)
[2025-10-14T10:58:43.003+0300][49.949s][info][gc,heap        ] GC(342) Tenured: 589768K(1078112K)->856106K(1078112K)
[2025-10-14T10:58:43.003+0300][49.949s][info][gc,metaspace   ] GC(342) Metaspace: 3787K(3968K)->3787K(3968K) NonClass: 3370K(3456K)->3370K(3456K) Class: 416K(512K)->416K(512K)
[2025-10-14T10:58:43.003+0300][49.949s][info][gc             ] GC(342) Pause Young (Allocation Failure) 1049M->888M(1526M) 15.268ms
[2025-10-14T10:58:43.003+0300][49.949s][info][gc,cpu         ] GC(342) User=0.02s Sys=0.00s Real=0.02s
[2025-10-14T10:58:43.027+0300][49.973s][info][gc,start       ] GC(343) Pause Young (Allocation Failure)
[2025-10-14T10:58:43.046+0300][49.993s][info][gc,heap        ] GC(343) DefNew: 485178K(485184K)->53882K(485184K) Eden: 431296K(431296K)->0K(431296K) From: 53882K(53888K)->53882K(53888K)
[2025-10-14T10:58:43.046+0300][49.993s][info][gc,heap        ] GC(343) Tenured: 856106K(1078112K)->1122444K(1122464K)
[2025-10-14T10:58:43.046+0300][49.993s][info][gc,metaspace   ] GC(343) Metaspace: 3787K(3968K)->3787K(3968K) NonClass: 3370K(3456K)->3370K(3456K) Class: 416K(512K)->416K(512K)
[2025-10-14T10:58:43.046+0300][49.993s][info][gc             ] GC(343) Pause Young (Allocation Failure) 1309M->1148M(1569M) 19.392ms
[2025-10-14T10:58:43.046+0300][49.993s][info][gc,cpu         ] GC(343) User=0.02s Sys=0.00s Real=0.02s
[2025-10-14T10:58:43.073+0300][50.019s][info][gc,start       ] GC(344) Pause Young (Allocation Failure)
[2025-10-14T10:58:43.110+0300][50.056s][info][gc,heap        ] GC(344) DefNew: 485178K(485184K)->53882K(485184K) Eden: 431296K(431296K)->0K(431296K) From: 53882K(53888K)->53882K(53888K)
[2025-10-14T10:58:43.110+0300][50.056s][info][gc,heap        ] GC(344) Tenured: 1122444K(1122464K)->1388782K(1388960K)
[2025-10-14T10:58:43.110+0300][50.056s][info][gc,metaspace   ] GC(344) Metaspace: 3787K(3968K)->3787K(3968K) NonClass: 3370K(3456K)->3370K(3456K) Class: 416K(512K)->416K(512K)
[2025-10-14T10:58:43.110+0300][50.056s][info][gc             ] GC(344) Pause Young (Allocation Failure) 1569M->1408M(1830M) 36.995ms
[2025-10-14T10:58:43.110+0300][50.056s][info][gc,cpu         ] GC(344) User=0.02s Sys=0.02s Real=0.04s
[2025-10-14T10:58:43.135+0300][50.081s][info][gc,start       ] GC(345) Pause Young (Allocation Failure)
[2025-10-14T10:58:43.174+0300][50.121s][info][gc,heap        ] GC(345) DefNew: 485178K(485184K)->53882K(485184K) Eden: 431296K(431296K)->0K(431296K) From: 53882K(53888K)->53882K(53888K)
[2025-10-14T10:58:43.174+0300][50.121s][info][gc,heap        ] GC(345) Tenured: 1388782K(1388960K)->1655120K(1655264K)
[2025-10-14T10:58:43.174+0300][50.121s][info][gc,metaspace   ] GC(345) Metaspace: 3787K(3968K)->3787K(3968K) NonClass: 3370K(3456K)->3370K(3456K) Class: 416K(512K)->416K(512K)
[2025-10-14T10:58:43.174+0300][50.121s][info][gc             ] GC(345) Pause Young (Allocation Failure) 1830M->1668M(2090M) 39.785ms
[2025-10-14T10:58:43.175+0300][50.121s][info][gc,cpu         ] GC(345) User=0.02s Sys=0.02s Real=0.04s
[2025-10-14T10:58:43.200+0300][50.146s][info][gc,start       ] GC(346) Pause Young (Allocation Failure)
[2025-10-14T10:58:43.238+0300][50.185s][info][gc,heap        ] GC(346) DefNew: 485178K(485184K)->53882K(485184K) Eden: 431296K(431296K)->0K(431296K) From: 53882K(53888K)->53882K(53888K)
[2025-10-14T10:58:43.238+0300][50.185s][info][gc,heap        ] GC(346) Tenured: 1655120K(1655264K)->1921426K(1921568K)
[2025-10-14T10:58:43.238+0300][50.185s][info][gc,metaspace   ] GC(346) Metaspace: 3787K(3968K)->3787K(3968K) NonClass: 3370K(3456K)->3370K(3456K) Class: 416K(512K)->416K(512K)
[2025-10-14T10:58:43.238+0300][50.185s][info][gc             ] GC(346) Pause Young (Allocation Failure) 2090M->1929M(2350M) 38.312ms
[2025-10-14T10:58:43.238+0300][50.185s][info][gc,cpu         ] GC(346) User=0.02s Sys=0.02s Real=0.03s
[2025-10-14T10:58:43.263+0300][50.209s][info][gc,start       ] GC(347) Pause Young (Allocation Failure)
[2025-10-14T10:58:43.303+0300][50.250s][info][gc,heap        ] GC(347) DefNew: 485178K(485184K)->53882K(485184K) Eden: 431296K(431296K)->0K(431296K) From: 53882K(53888K)->53882K(53888K)
[2025-10-14T10:58:43.303+0300][50.250s][info][gc,heap        ] GC(347) Tenured: 1921426K(1921568K)->2187732K(2187872K)
[2025-10-14T10:58:43.303+0300][50.250s][info][gc,metaspace   ] GC(347) Metaspace: 3787K(3968K)->3787K(3968K) NonClass: 3370K(3456K)->3370K(3456K) Class: 416K(512K)->416K(512K)
[2025-10-14T10:58:43.303+0300][50.250s][info][gc             ] GC(347) Pause Young (Allocation Failure) 2350M->2189M(2610M) 40.377ms
[2025-10-14T10:58:43.303+0300][50.250s][info][gc,cpu         ] GC(347) User=0.02s Sys=0.02s Real=0.04s
[2025-10-14T10:58:43.329+0300][50.275s][info][gc,start       ] GC(348) Pause Young (Allocation Failure)
[2025-10-14T10:58:43.368+0300][50.314s][info][gc,heap        ] GC(348) DefNew: 485178K(485184K)->53882K(485184K) Eden: 431296K(431296K)->0K(431296K) From: 53882K(53888K)->53882K(53888K)
[2025-10-14T10:58:43.368+0300][50.314s][info][gc,heap        ] GC(348) Tenured: 2187732K(2187872K)->2454038K(2454176K)
[2025-10-14T10:58:43.368+0300][50.314s][info][gc,metaspace   ] GC(348) Metaspace: 3787K(3968K)->3787K(3968K) NonClass: 3370K(3456K)->3370K(3456K) Class: 416K(512K)->416K(512K)
[2025-10-14T10:58:43.368+0300][50.314s][info][gc             ] GC(348) Pause Young (Allocation Failure) 2610M->2449M(2870M) 39.068ms
[2025-10-14T10:58:43.368+0300][50.314s][info][gc,cpu         ] GC(348) User=0.01s Sys=0.02s Real=0.04s
[2025-10-14T10:58:43.392+0300][50.338s][info][gc,start       ] GC(349) Pause Young (Allocation Failure)
[2025-10-14T10:58:43.429+0300][50.376s][info][gc,heap        ] GC(349) DefNew: 485178K(485184K)->53882K(485184K) Eden: 431296K(431296K)->0K(431296K) From: 53882K(53888K)->53882K(53888K)
[2025-10-14T10:58:43.429+0300][50.376s][info][gc,heap        ] GC(349) Tenured: 2454038K(2454176K)->2720344K(2720480K)
[2025-10-14T10:58:43.429+0300][50.376s][info][gc,metaspace   ] GC(349) Metaspace: 3787K(3968K)->3787K(3968K) NonClass: 3370K(3456K)->3370K(3456K) Class: 416K(512K)->416K(512K)
[2025-10-14T10:58:43.429+0300][50.376s][info][gc             ] GC(349) Pause Young (Allocation Failure) 2870M->2709M(3130M) 37.519ms
[2025-10-14T10:58:43.429+0300][50.376s][info][gc,cpu         ] GC(349) User=0.01s Sys=0.02s Real=0.03s
[2025-10-14T10:58:43.454+0300][50.401s][info][gc,start       ] GC(350) Pause Young (Allocation Failure)
[2025-10-14T10:58:43.492+0300][50.438s][info][gc,heap        ] GC(350) DefNew: 485178K(485184K)->53882K(485184K) Eden: 431296K(431296K)->0K(431296K) From: 53882K(53888K)->53882K(53888K)
[2025-10-14T10:58:43.492+0300][50.438s][info][gc,heap        ] GC(350) Tenured: 2720344K(2720480K)->2986650K(2986784K)
[2025-10-14T10:58:43.492+0300][50.438s][info][gc,metaspace   ] GC(350) Metaspace: 3787K(3968K)->3787K(3968K) NonClass: 3370K(3456K)->3370K(3456K) Class: 416K(512K)->416K(512K)
[2025-10-14T10:58:43.492+0300][50.438s][info][gc             ] GC(350) Pause Young (Allocation Failure) 3130M->2969M(3390M) 37.466ms
[2025-10-14T10:58:43.492+0300][50.438s][info][gc,cpu         ] GC(350) User=0.01s Sys=0.02s Real=0.04s
[2025-10-14T10:58:43.517+0300][50.463s][info][gc,start       ] GC(351) Pause Young (Allocation Failure)
[2025-10-14T10:58:43.555+0300][50.502s][info][gc,heap        ] GC(351) DefNew: 485178K(485184K)->53882K(485184K) Eden: 431296K(431296K)->0K(431296K) From: 53882K(53888K)->53882K(53888K)
[2025-10-14T10:58:43.555+0300][50.502s][info][gc,heap        ] GC(351) Tenured: 2986650K(2986784K)->3252924K(3253088K)
[2025-10-14T10:58:43.555+0300][50.502s][info][gc,metaspace   ] GC(351) Metaspace: 3787K(3968K)->3787K(3968K) NonClass: 3370K(3456K)->3370K(3456K) Class: 416K(512K)->416K(512K)
[2025-10-14T10:58:43.555+0300][50.502s][info][gc             ] GC(351) Pause Young (Allocation Failure) 3390M->3229M(3650M) 38.589ms
[2025-10-14T10:58:43.555+0300][50.502s][info][gc,cpu         ] GC(351) User=0.02s Sys=0.02s Real=0.04s
[2025-10-14T10:58:43.580+0300][50.526s][info][gc,start       ] GC(352) Pause Young (Allocation Failure)
[2025-10-14T10:58:43.617+0300][50.563s][info][gc,heap        ] GC(352) DefNew: 485178K(485184K)->53882K(485184K) Eden: 431296K(431296K)->0K(431296K) From: 53882K(53888K)->53882K(53888K)
[2025-10-14T10:58:43.617+0300][50.563s][info][gc,heap        ] GC(352) Tenured: 3252924K(3253088K)->3519230K(3519392K)
[2025-10-14T10:58:43.617+0300][50.563s][info][gc,metaspace   ] GC(352) Metaspace: 3787K(3968K)->3787K(3968K) NonClass: 3370K(3456K)->3370K(3456K) Class: 416K(512K)->416K(512K)
[2025-10-14T10:58:43.617+0300][50.563s][info][gc             ] GC(352) Pause Young (Allocation Failure) 3650M->3489M(3910M) 36.823ms
[2025-10-14T10:58:43.617+0300][50.563s][info][gc,cpu         ] GC(352) User=0.02s Sys=0.02s Real=0.03s
[2025-10-14T10:58:43.641+0300][50.587s][info][gc,start       ] GC(353) Pause Young (Allocation Failure)
[2025-10-14T10:58:43.678+0300][50.624s][info][gc,heap        ] GC(353) DefNew: 485178K(485184K)->53882K(485184K) Eden: 431296K(431296K)->0K(431296K) From: 53882K(53888K)->53882K(53888K)
[2025-10-14T10:58:43.678+0300][50.624s][info][gc,heap        ] GC(353) Tenured: 3519230K(3519392K)->3785536K(3785696K)
[2025-10-14T10:58:43.678+0300][50.624s][info][gc,metaspace   ] GC(353) Metaspace: 3787K(3968K)->3787K(3968K) NonClass: 3370K(3456K)->3370K(3456K) Class: 416K(512K)->416K(512K)
[2025-10-14T10:58:43.678+0300][50.624s][info][gc             ] GC(353) Pause Young (Allocation Failure) 3910M->3749M(4170M) 37.017ms
[2025-10-14T10:58:43.678+0300][50.624s][info][gc,cpu         ] GC(353) User=0.02s Sys=0.02s Real=0.03s
[2025-10-14T10:58:43.704+0300][50.651s][info][gc,start       ] GC(354) Pause Young (Allocation Failure)
[2025-10-14T10:58:43.741+0300][50.687s][info][gc,heap        ] GC(354) DefNew: 485178K(485184K)->53882K(485184K) Eden: 431296K(431296K)->0K(431296K) From: 53882K(53888K)->53882K(53888K)
[2025-10-14T10:58:43.741+0300][50.687s][info][gc,heap        ] GC(354) Tenured: 3785536K(3785696K)->4051842K(4052000K)
[2025-10-14T10:58:43.741+0300][50.687s][info][gc,metaspace   ] GC(354) Metaspace: 3787K(3968K)->3787K(3968K) NonClass: 3370K(3456K)->3370K(3456K) Class: 416K(512K)->416K(512K)
[2025-10-14T10:58:43.741+0300][50.687s][info][gc             ] GC(354) Pause Young (Allocation Failure) 4170M->4009M(4430M) 36.763ms
[2025-10-14T10:58:43.741+0300][50.687s][info][gc,cpu         ] GC(354) User=0.02s Sys=0.02s Real=0.04s
[2025-10-14T10:58:43.765+0300][50.712s][info][gc,start       ] GC(355) Pause Young (Allocation Failure)
[2025-10-14T10:58:43.805+0300][50.752s][info][gc,heap        ] GC(355) DefNew: 485178K(485184K)->53882K(485184K) Eden: 431296K(431296K)->0K(431296K) From: 53882K(53888K)->53882K(53888K)
[2025-10-14T10:58:43.805+0300][50.752s][info][gc,heap        ] GC(355) Tenured: 4051842K(4052000K)->4318180K(4318304K)
[2025-10-14T10:58:43.805+0300][50.752s][info][gc,metaspace   ] GC(355) Metaspace: 3787K(3968K)->3787K(3968K) NonClass: 3370K(3456K)->3370K(3456K) Class: 416K(512K)->416K(512K)
[2025-10-14T10:58:43.805+0300][50.752s][info][gc             ] GC(355) Pause Young (Allocation Failure) 4430M->4269M(4690M) 40.174ms
[2025-10-14T10:58:43.805+0300][50.752s][info][gc,cpu         ] GC(355) User=0.02s Sys=0.02s Real=0.04s
[2025-10-14T10:58:43.846+0300][50.793s][info][gc,start       ] GC(356) Pause Young (Allocation Failure)
[2025-10-14T10:58:43.890+0300][50.836s][info][gc,heap        ] GC(356) DefNew: 485178K(485184K)->53882K(485184K) Eden: 431296K(431296K)->0K(431296K) From: 53882K(53888K)->53882K(53888K)
[2025-10-14T10:58:43.890+0300][50.836s][info][gc,heap        ] GC(356) Tenured: 4318180K(4318304K)->4584454K(4584608K)
[2025-10-14T10:58:43.890+0300][50.836s][info][gc,metaspace   ] GC(356) Metaspace: 3787K(3968K)->3787K(3968K) NonClass: 3370K(3456K)->3370K(3456K) Class: 416K(512K)->416K(512K)
[2025-10-14T10:58:43.890+0300][50.836s][info][gc             ] GC(356) Pause Young (Allocation Failure) 4690M->4529M(4950M) 43.577ms
[2025-10-14T10:58:43.890+0300][50.836s][info][gc,cpu         ] GC(356) User=0.02s Sys=0.03s Real=0.05s
[2025-10-14T10:58:43.917+0300][50.864s][info][gc,start       ] GC(357) Pause Young (Allocation Failure)
[2025-10-14T10:58:43.970+0300][50.916s][info][gc,heap        ] GC(357) DefNew: 485178K(485184K)->53882K(485184K) Eden: 431296K(431296K)->0K(431296K) From: 53882K(53888K)->53882K(53888K)
[2025-10-14T10:58:43.970+0300][50.916s][info][gc,heap        ] GC(357) Tenured: 4584454K(4584608K)->4850792K(4850912K)
[2025-10-14T10:58:43.970+0300][50.916s][info][gc,metaspace   ] GC(357) Metaspace: 3787K(3968K)->3787K(3968K) NonClass: 3370K(3456K)->3370K(3456K) Class: 416K(512K)->416K(512K)
[2025-10-14T10:58:43.970+0300][50.916s][info][gc             ] GC(357) Pause Young (Allocation Failure) 4950M->4789M(5211M) 52.629ms
[2025-10-14T10:58:43.970+0300][50.916s][info][gc,cpu         ] GC(357) User=0.02s Sys=0.03s Real=0.06s
[2025-10-14T10:58:43.996+0300][50.942s][info][gc,start       ] GC(358) Pause Young (Allocation Failure)
[2025-10-14T10:58:44.062+0300][51.008s][info][gc,heap        ] GC(358) DefNew: 485178K(485184K)->53882K(485184K) Eden: 431296K(431296K)->0K(431296K) From: 53882K(53888K)->53882K(53888K)
[2025-10-14T10:58:44.062+0300][51.008s][info][gc,heap        ] GC(358) Tenured: 4850792K(4850912K)->5117130K(5117216K)
[2025-10-14T10:58:44.062+0300][51.008s][info][gc,metaspace   ] GC(358) Metaspace: 3787K(3968K)->3787K(3968K) NonClass: 3370K(3456K)->3370K(3456K) Class: 416K(512K)->416K(512K)
[2025-10-14T10:58:44.062+0300][51.008s][info][gc             ] GC(358) Pause Young (Allocation Failure) 5210M->5049M(5471M) 66.028ms
[2025-10-14T10:58:44.062+0300][51.008s][info][gc,cpu         ] GC(358) User=0.02s Sys=0.03s Real=0.07s
[2025-10-14T10:58:44.087+0300][51.034s][info][gc,start       ] GC(359) Pause Young (Allocation Failure)
[2025-10-14T10:58:44.146+0300][51.093s][info][gc,heap        ] GC(359) DefNew: 485178K(485184K)->53882K(485184K) Eden: 431296K(431296K)->0K(431296K) From: 53882K(53888K)->53882K(53888K)
[2025-10-14T10:58:44.146+0300][51.093s][info][gc,heap        ] GC(359) Tenured: 5117130K(5117216K)->5383468K(5383520K)
[2025-10-14T10:58:44.146+0300][51.093s][info][gc,metaspace   ] GC(359) Metaspace: 3787K(3968K)->3787K(3968K) NonClass: 3370K(3456K)->3370K(3456K) Class: 416K(512K)->416K(512K)
[2025-10-14T10:58:44.146+0300][51.093s][info][gc             ] GC(359) Pause Young (Allocation Failure) 5471M->5309M(5731M) 58.890ms
[2025-10-14T10:58:44.146+0300][51.093s][info][gc,cpu         ] GC(359) User=0.02s Sys=0.04s Real=0.06s
[2025-10-14T10:58:44.173+0300][51.119s][info][gc,start       ] GC(360) Pause Full (Allocation Failure)
[2025-10-14T10:58:44.173+0300][51.119s][info][gc,phases,start] GC(360) Phase 1: Mark live objects
[2025-10-14T10:58:44.175+0300][51.121s][info][gc,phases      ] GC(360) Phase 1: Mark live objects 2.200ms
[2025-10-14T10:58:44.175+0300][51.121s][info][gc,phases,start] GC(360) Phase 2: Compute new object addresses
[2025-10-14T10:58:44.264+0300][51.210s][info][gc,phases      ] GC(360) Phase 2: Compute new object addresses 88.917ms
[2025-10-14T10:58:44.264+0300][51.210s][info][gc,phases,start] GC(360) Phase 3: Adjust pointers
[2025-10-14T10:58:44.267+0300][51.213s][info][gc,phases      ] GC(360) Phase 3: Adjust pointers 2.873ms
[2025-10-14T10:58:44.267+0300][51.213s][info][gc,phases,start] GC(360) Phase 4: Move objects
[2025-10-14T10:58:44.282+0300][51.229s][info][gc,phases      ] GC(360) Phase 4: Move objects 15.187ms
[2025-10-14T10:58:44.377+0300][51.323s][info][gc,heap        ] GC(360) DefNew: 485178K(485184K)->0K(485248K) Eden: 431296K(431296K)->0K(431360K) From: 53882K(53888K)->0K(53888K)
[2025-10-14T10:58:44.377+0300][51.323s][info][gc,heap        ] GC(360) Tenured: 5383468K(5383520K)->323462K(1078224K)
[2025-10-14T10:58:44.377+0300][51.323s][info][gc,metaspace   ] GC(360) Metaspace: 3787K(3968K)->3787K(3968K) NonClass: 3370K(3456K)->3370K(3456K) Class: 416K(512K)->416K(512K)
[2025-10-14T10:58:44.377+0300][51.323s][info][gc             ] GC(360) Pause Full (Allocation Failure) 5731M->315M(1526M) 204.088ms
[2025-10-14T10:58:44.377+0300][51.323s][info][gc,cpu         ] GC(360) User=0.07s Sys=0.14s Real=0.20s
[2025-10-14T10:58:44.403+0300][51.350s][info][gc,start       ] GC(361) Pause Young (Allocation Failure)
[2025-10-14T10:58:44.419+0300][51.365s][info][gc,heap        ] GC(361) DefNew: 431360K(485248K)->53882K(485248K) Eden: 431360K(431360K)->0K(431360K) From: 0K(53888K)->53882K(53888K)
[2025-10-14T10:58:44.419+0300][51.365s][info][gc,heap        ] GC(361) Tenured: 323462K(1078224K)->589768K(1078224K)
[2025-10-14T10:58:44.419+0300][51.365s][info][gc,metaspace   ] GC(361) Metaspace: 3787K(3968K)->3787K(3968K) NonClass: 3370K(3456K)->3370K(3456K) Class: 416K(512K)->416K(512K)
[2025-10-14T10:58:44.419+0300][51.365s][info][gc             ] GC(361) Pause Young (Allocation Failure) 737M->628M(1526M) 15.565ms
[2025-10-14T10:58:44.419+0300][51.365s][info][gc,cpu         ] GC(361) User=0.02s Sys=0.00s Real=0.01s
[2025-10-14T10:58:44.444+0300][51.391s][info][gc,start       ] GC(362) Pause Young (Allocation Failure)
[2025-10-14T10:58:44.460+0300][51.407s][info][gc,heap        ] GC(362) DefNew: 485242K(485248K)->53882K(485248K) Eden: 431360K(431360K)->0K(431360K) From: 53882K(53888K)->53882K(53888K)
[2025-10-14T10:58:44.460+0300][51.407s][info][gc,heap        ] GC(362) Tenured: 589768K(1078224K)->856074K(1078224K)
[2025-10-14T10:58:44.461+0300][51.407s][info][gc,metaspace   ] GC(362) Metaspace: 3787K(3968K)->3787K(3968K) NonClass: 3370K(3456K)->3370K(3456K) Class: 416K(512K)->416K(512K)
[2025-10-14T10:58:44.461+0300][51.407s][info][gc             ] GC(362) Pause Young (Allocation Failure) 1049M->888M(1526M) 16.215ms
[2025-10-14T10:58:44.461+0300][51.407s][info][gc,cpu         ] GC(362) User=0.02s Sys=0.00s Real=0.02s
[2025-10-14T10:58:44.485+0300][51.432s][info][gc,start       ] GC(363) Pause Young (Allocation Failure)
[2025-10-14T10:58:44.504+0300][51.451s][info][gc,heap        ] GC(363) DefNew: 485242K(485248K)->53882K(485248K) Eden: 431360K(431360K)->0K(431360K) From: 53882K(53888K)->53882K(53888K)
[2025-10-14T10:58:44.504+0300][51.451s][info][gc,heap        ] GC(363) Tenured: 856074K(1078224K)->1122380K(1122384K)
[2025-10-14T10:58:44.504+0300][51.451s][info][gc,metaspace   ] GC(363) Metaspace: 3787K(3968K)->3787K(3968K) NonClass: 3370K(3456K)->3370K(3456K) Class: 416K(512K)->416K(512K)
[2025-10-14T10:58:44.504+0300][51.451s][info][gc             ] GC(363) Pause Young (Allocation Failure) 1309M->1148M(1569M) 19.191ms
[2025-10-14T10:58:44.504+0300][51.451s][info][gc,cpu         ] GC(363) User=0.02s Sys=0.00s Real=0.02s
[2025-10-14T10:58:44.529+0300][51.476s][info][gc,start       ] GC(364) Pause Young (Allocation Failure)
[2025-10-14T10:58:44.566+0300][51.512s][info][gc,heap        ] GC(364) DefNew: 485242K(485248K)->53882K(485248K) Eden: 431360K(431360K)->0K(431360K) From: 53882K(53888K)->53882K(53888K)
[2025-10-14T10:58:44.566+0300][51.512s][info][gc,heap        ] GC(364) Tenured: 1122380K(1122384K)->1388718K(1388880K)
[2025-10-14T10:58:44.566+0300][51.512s][info][gc,metaspace   ] GC(364) Metaspace: 3787K(3968K)->3787K(3968K) NonClass: 3370K(3456K)->3370K(3456K) Class: 416K(512K)->416K(512K)
[2025-10-14T10:58:44.566+0300][51.512s][info][gc             ] GC(364) Pause Young (Allocation Failure) 1569M->1408M(1830M) 36.398ms
[2025-10-14T10:58:44.566+0300][51.512s][info][gc,cpu         ] GC(364) User=0.02s Sys=0.01s Real=0.04s
[2025-10-14T10:58:44.592+0300][51.539s][info][gc,start       ] GC(365) Pause Young (Allocation Failure)
[2025-10-14T10:58:44.630+0300][51.576s][info][gc,heap        ] GC(365) DefNew: 485242K(485248K)->53882K(485248K) Eden: 431360K(431360K)->0K(431360K) From: 53882K(53888K)->53882K(53888K)
[2025-10-14T10:58:44.630+0300][51.577s][info][gc,heap        ] GC(365) Tenured: 1388718K(1388880K)->1655024K(1655184K)
[2025-10-14T10:58:44.630+0300][51.577s][info][gc,metaspace   ] GC(365) Metaspace: 3787K(3968K)->3787K(3968K) NonClass: 3370K(3456K)->3370K(3456K) Class: 416K(512K)->416K(512K)
[2025-10-14T10:58:44.630+0300][51.577s][info][gc             ] GC(365) Pause Young (Allocation Failure) 1830M->1668M(2090M) 37.959ms
[2025-10-14T10:58:44.630+0300][51.577s][info][gc,cpu         ] GC(365) User=0.02s Sys=0.02s Real=0.04s
[2025-10-14T10:58:44.655+0300][51.601s][info][gc,start       ] GC(366) Pause Young (Allocation Failure)
[2025-10-14T10:58:44.694+0300][51.641s][info][gc,heap        ] GC(366) DefNew: 485242K(485248K)->53882K(485248K) Eden: 431360K(431360K)->0K(431360K) From: 53882K(53888K)->53882K(53888K)
[2025-10-14T10:58:44.695+0300][51.641s][info][gc,heap        ] GC(366) Tenured: 1655024K(1655184K)->1921362K(1921488K)
[2025-10-14T10:58:44.695+0300][51.641s][info][gc,metaspace   ] GC(366) Metaspace: 3787K(3968K)->3787K(3968K) NonClass: 3370K(3456K)->3370K(3456K) Class: 416K(512K)->416K(512K)
[2025-10-14T10:58:44.695+0300][51.641s][info][gc             ] GC(366) Pause Young (Allocation Failure) 2090M->1928M(2350M) 39.642ms
[2025-10-14T10:58:44.695+0300][51.641s][info][gc,cpu         ] GC(366) User=0.02s Sys=0.02s Real=0.04s
[2025-10-14T10:58:44.720+0300][51.667s][info][gc,start       ] GC(367) Pause Young (Allocation Failure)
[2025-10-14T10:58:44.758+0300][51.705s][info][gc,heap        ] GC(367) DefNew: 485242K(485248K)->53882K(485248K) Eden: 431360K(431360K)->0K(431360K) From: 53882K(53888K)->53882K(53888K)
[2025-10-14T10:58:44.758+0300][51.705s][info][gc,heap        ] GC(367) Tenured: 1921362K(1921488K)->2187668K(2187792K)
[2025-10-14T10:58:44.758+0300][51.705s][info][gc,metaspace   ] GC(367) Metaspace: 3787K(3968K)->3787K(3968K) NonClass: 3370K(3456K)->3370K(3456K) Class: 416K(512K)->416K(512K)
[2025-10-14T10:58:44.758+0300][51.705s][info][gc             ] GC(367) Pause Young (Allocation Failure) 2350M->2189M(2610M) 38.108ms
[2025-10-14T10:58:44.758+0300][51.705s][info][gc,cpu         ] GC(367) User=0.01s Sys=0.02s Real=0.03s
[2025-10-14T10:58:44.785+0300][51.731s][info][gc,start       ] GC(368) Pause Young (Allocation Failure)
[2025-10-14T10:58:44.824+0300][51.770s][info][gc,heap        ] GC(368) DefNew: 485242K(485248K)->53882K(485248K) Eden: 431360K(431360K)->0K(431360K) From: 53882K(53888K)->53882K(53888K)
[2025-10-14T10:58:44.824+0300][51.770s][info][gc,heap        ] GC(368) Tenured: 2187668K(2187792K)->2454006K(2454096K)
[2025-10-14T10:58:44.824+0300][51.770s][info][gc,metaspace   ] GC(368) Metaspace: 3787K(3968K)->3787K(3968K) NonClass: 3370K(3456K)->3370K(3456K) Class: 416K(512K)->416K(512K)
[2025-10-14T10:58:44.824+0300][51.770s][info][gc             ] GC(368) Pause Young (Allocation Failure) 2610M->2449M(2870M) 38.944ms
[2025-10-14T10:58:44.824+0300][51.770s][info][gc,cpu         ] GC(368) User=0.02s Sys=0.02s Real=0.04s
[2025-10-14T10:58:44.849+0300][51.796s][info][gc,start       ] GC(369) Pause Young (Allocation Failure)
[2025-10-14T10:58:44.888+0300][51.834s][info][gc,heap        ] GC(369) DefNew: 485242K(485248K)->53882K(485248K) Eden: 431360K(431360K)->0K(431360K) From: 53882K(53888K)->53882K(53888K)
[2025-10-14T10:58:44.888+0300][51.834s][info][gc,heap        ] GC(369) Tenured: 2454006K(2454096K)->2720344K(2720400K)
[2025-10-14T10:58:44.888+0300][51.834s][info][gc,metaspace   ] GC(369) Metaspace: 3787K(3968K)->3787K(3968K) NonClass: 3370K(3456K)->3370K(3456K) Class: 416K(512K)->416K(512K)
[2025-10-14T10:58:44.888+0300][51.834s][info][gc             ] GC(369) Pause Young (Allocation Failure) 2870M->2709M(3130M) 38.558ms
[2025-10-14T10:58:44.888+0300][51.834s][info][gc,cpu         ] GC(369) User=0.02s Sys=0.02s Real=0.04s
[2025-10-14T10:58:44.914+0300][51.860s][info][gc,start       ] GC(370) Pause Young (Allocation Failure)
[2025-10-14T10:58:44.953+0300][51.899s][info][gc,heap        ] GC(370) DefNew: 485242K(485248K)->53882K(485248K) Eden: 431360K(431360K)->0K(431360K) From: 53882K(53888K)->53882K(53888K)
[2025-10-14T10:58:44.953+0300][51.899s][info][gc,heap        ] GC(370) Tenured: 2720344K(2720400K)->2986682K(2986704K)
[2025-10-14T10:58:44.953+0300][51.899s][info][gc,metaspace   ] GC(370) Metaspace: 3787K(3968K)->3787K(3968K) NonClass: 3370K(3456K)->3370K(3456K) Class: 416K(512K)->416K(512K)
[2025-10-14T10:58:44.953+0300][51.899s][info][gc             ] GC(370) Pause Young (Allocation Failure) 3130M->2969M(3390M) 39.101ms
[2025-10-14T10:58:44.953+0300][51.899s][info][gc,cpu         ] GC(370) User=0.02s Sys=0.02s Real=0.04s
[2025-10-14T10:58:44.978+0300][51.925s][info][gc,start       ] GC(371) Pause Young (Allocation Failure)
[2025-10-14T10:58:45.026+0300][51.973s][info][gc,heap        ] GC(371) DefNew: 485242K(485248K)->53882K(485248K) Eden: 431360K(431360K)->0K(431360K) From: 53882K(53888K)->53882K(53888K)
[2025-10-14T10:58:45.026+0300][51.973s][info][gc,heap        ] GC(371) Tenured: 2986682K(2986704K)->3252988K(3253008K)
[2025-10-14T10:58:45.026+0300][51.973s][info][gc,metaspace   ] GC(371) Metaspace: 3787K(3968K)->3787K(3968K) NonClass: 3370K(3456K)->3370K(3456K) Class: 416K(512K)->416K(512K)
[2025-10-14T10:58:45.026+0300][51.973s][info][gc             ] GC(371) Pause Young (Allocation Failure) 3390M->3229M(3650M) 48.087ms
[2025-10-14T10:58:45.026+0300][51.973s][info][gc,cpu         ] GC(371) User=0.02s Sys=0.03s Real=0.05s
[2025-10-14T10:58:45.052+0300][51.999s][info][gc,start       ] GC(372) Pause Young (Allocation Failure)
[2025-10-14T10:58:45.090+0300][52.037s][info][gc,heap        ] GC(372) DefNew: 485242K(485248K)->53882K(485248K) Eden: 431360K(431360K)->0K(431360K) From: 53882K(53888K)->53882K(53888K)
[2025-10-14T10:58:45.091+0300][52.037s][info][gc,heap        ] GC(372) Tenured: 3252988K(3253008K)->3519294K(3519312K)
[2025-10-14T10:58:45.091+0300][52.037s][info][gc,metaspace   ] GC(372) Metaspace: 3787K(3968K)->3787K(3968K) NonClass: 3370K(3456K)->3370K(3456K) Class: 416K(512K)->416K(512K)
[2025-10-14T10:58:45.091+0300][52.037s][info][gc             ] GC(372) Pause Young (Allocation Failure) 3650M->3489M(3910M) 38.218ms
[2025-10-14T10:58:45.091+0300][52.037s][info][gc,cpu         ] GC(372) User=0.02s Sys=0.02s Real=0.04s
[2025-10-14T10:58:45.116+0300][52.062s][info][gc,start       ] GC(373) Pause Young (Allocation Failure)
[2025-10-14T10:58:45.153+0300][52.100s][info][gc,heap        ] GC(373) DefNew: 485242K(485248K)->53882K(485248K) Eden: 431360K(431360K)->0K(431360K) From: 53882K(53888K)->53882K(53888K)
[2025-10-14T10:58:45.153+0300][52.100s][info][gc,heap        ] GC(373) Tenured: 3519294K(3519312K)->3785632K(3785808K)
[2025-10-14T10:58:45.153+0300][52.100s][info][gc,metaspace   ] GC(373) Metaspace: 3787K(3968K)->3787K(3968K) NonClass: 3370K(3456K)->3370K(3456K) Class: 416K(512K)->416K(512K)
[2025-10-14T10:58:45.153+0300][52.100s][info][gc             ] GC(373) Pause Young (Allocation Failure) 3910M->3749M(4170M) 37.387ms
[2025-10-14T10:58:45.153+0300][52.100s][info][gc,cpu         ] GC(373) User=0.01s Sys=0.02s Real=0.04s
[2025-10-14T10:58:45.178+0300][52.125s][info][gc,start       ] GC(374) Pause Young (Allocation Failure)
[2025-10-14T10:58:45.220+0300][52.167s][info][gc,heap        ] GC(374) DefNew: 485242K(485248K)->53882K(485248K) Eden: 431360K(431360K)->0K(431360K) From: 53882K(53888K)->53882K(53888K)
[2025-10-14T10:58:45.220+0300][52.167s][info][gc,heap        ] GC(374) Tenured: 3785632K(3785808K)->4051938K(4052112K)
[2025-10-14T10:58:45.220+0300][52.167s][info][gc,metaspace   ] GC(374) Metaspace: 3787K(3968K)->3787K(3968K) NonClass: 3370K(3456K)->3370K(3456K) Class: 416K(512K)->416K(512K)
[2025-10-14T10:58:45.220+0300][52.167s][info][gc             ] GC(374) Pause Young (Allocation Failure) 4170M->4009M(4431M) 41.911ms
[2025-10-14T10:58:45.220+0300][52.167s][info][gc,cpu         ] GC(374) User=0.02s Sys=0.02s Real=0.05s
[2025-10-14T10:58:45.245+0300][52.192s][info][gc,start       ] GC(375) Pause Young (Allocation Failure)
[2025-10-14T10:58:45.313+0300][52.259s][info][gc,heap        ] GC(375) DefNew: 485242K(485248K)->53882K(485248K) Eden: 431360K(431360K)->0K(431360K) From: 53882K(53888K)->53882K(53888K)
[2025-10-14T10:58:45.313+0300][52.259s][info][gc,heap        ] GC(375) Tenured: 4051938K(4052112K)->4318276K(4318416K)
[2025-10-14T10:58:45.313+0300][52.259s][info][gc,metaspace   ] GC(375) Metaspace: 3787K(3968K)->3787K(3968K) NonClass: 3370K(3456K)->3370K(3456K) Class: 416K(512K)->416K(512K)
[2025-10-14T10:58:45.313+0300][52.259s][info][gc             ] GC(375) Pause Young (Allocation Failure) 4430M->4269M(4691M) 67.647ms
[2025-10-14T10:58:45.313+0300][52.260s][info][gc,cpu         ] GC(375) User=0.02s Sys=0.02s Real=0.07s
[2025-10-14T10:58:45.338+0300][52.285s][info][gc,start       ] GC(376) Pause Young (Allocation Failure)
[2025-10-14T10:58:45.376+0300][52.322s][info][gc,heap        ] GC(376) DefNew: 485242K(485248K)->53882K(485248K) Eden: 431360K(431360K)->0K(431360K) From: 53882K(53888K)->53882K(53888K)
[2025-10-14T10:58:45.376+0300][52.322s][info][gc,heap        ] GC(376) Tenured: 4318276K(4318416K)->4584582K(4584720K)
[2025-10-14T10:58:45.376+0300][52.322s][info][gc,metaspace   ] GC(376) Metaspace: 3787K(3968K)->3787K(3968K) NonClass: 3370K(3456K)->3370K(3456K) Class: 416K(512K)->416K(512K)
[2025-10-14T10:58:45.376+0300][52.322s][info][gc             ] GC(376) Pause Young (Allocation Failure) 4690M->4529M(4951M) 37.479ms
[2025-10-14T10:58:45.376+0300][52.322s][info][gc,cpu         ] GC(376) User=0.02s Sys=0.02s Real=0.04s
[2025-10-14T10:58:45.401+0300][52.348s][info][gc,start       ] GC(377) Pause Young (Allocation Failure)
[2025-10-14T10:58:45.452+0300][52.399s][info][gc,heap        ] GC(377) DefNew: 485242K(485248K)->53882K(485248K) Eden: 431360K(431360K)->0K(431360K) From: 53882K(53888K)->53882K(53888K)
[2025-10-14T10:58:45.452+0300][52.399s][info][gc,heap        ] GC(377) Tenured: 4584582K(4584720K)->4850920K(4851024K)
[2025-10-14T10:58:45.452+0300][52.399s][info][gc,metaspace   ] GC(377) Metaspace: 3787K(3968K)->3787K(3968K) NonClass: 3370K(3456K)->3370K(3456K) Class: 416K(512K)->416K(512K)
[2025-10-14T10:58:45.452+0300][52.399s][info][gc             ] GC(377) Pause Young (Allocation Failure) 4951M->4789M(5211M) 51.216ms
[2025-10-14T10:58:45.452+0300][52.399s][info][gc,cpu         ] GC(377) User=0.01s Sys=0.03s Real=0.05s
[2025-10-14T10:58:45.479+0300][52.425s][info][gc,start       ] GC(378) Pause Young (Allocation Failure)
[2025-10-14T10:58:45.536+0300][52.482s][info][gc,heap        ] GC(378) DefNew: 485242K(485248K)->53882K(485248K) Eden: 431360K(431360K)->0K(431360K) From: 53882K(53888K)->53882K(53888K)
[2025-10-14T10:58:45.536+0300][52.482s][info][gc,heap        ] GC(378) Tenured: 4850920K(4851024K)->5117258K(5117328K)
[2025-10-14T10:58:45.536+0300][52.482s][info][gc,metaspace   ] GC(378) Metaspace: 3787K(3968K)->3787K(3968K) NonClass: 3370K(3456K)->3370K(3456K) Class: 416K(512K)->416K(512K)
[2025-10-14T10:58:45.536+0300][52.483s][info][gc             ] GC(378) Pause Young (Allocation Failure) 5211M->5049M(5471M) 57.338ms
[2025-10-14T10:58:45.536+0300][52.483s][info][gc,cpu         ] GC(378) User=0.02s Sys=0.04s Real=0.06s
[2025-10-14T10:58:45.561+0300][52.507s][info][gc,start       ] GC(379) Pause Young (Allocation Failure)
[2025-10-14T10:58:45.617+0300][52.563s][info][gc,heap        ] GC(379) DefNew: 485242K(485248K)->53882K(485248K) Eden: 431360K(431360K)->0K(431360K) From: 53882K(53888K)->53882K(53888K)
[2025-10-14T10:58:45.617+0300][52.563s][info][gc,heap        ] GC(379) Tenured: 5117258K(5117328K)->5383564K(5383632K)
[2025-10-14T10:58:45.617+0300][52.563s][info][gc,metaspace   ] GC(379) Metaspace: 3787K(3968K)->3787K(3968K) NonClass: 3370K(3456K)->3370K(3456K) Class: 416K(512K)->416K(512K)
[2025-10-14T10:58:45.617+0300][52.563s][info][gc             ] GC(379) Pause Young (Allocation Failure) 5471M->5310M(5731M) 56.194ms
[2025-10-14T10:58:45.617+0300][52.563s][info][gc,cpu         ] GC(379) User=0.03s Sys=0.03s Real=0.05s
[2025-10-14T10:58:45.641+0300][52.587s][info][gc,start       ] GC(380) Pause Full (Allocation Failure)
[2025-10-14T10:58:45.641+0300][52.587s][info][gc,phases,start] GC(380) Phase 1: Mark live objects
[2025-10-14T10:58:45.643+0300][52.589s][info][gc,phases      ] GC(380) Phase 1: Mark live objects 2.130ms
[2025-10-14T10:58:45.643+0300][52.589s][info][gc,phases,start] GC(380) Phase 2: Compute new object addresses
[2025-10-14T10:58:45.751+0300][52.697s][info][gc,phases      ] GC(380) Phase 2: Compute new object addresses 107.963ms
[2025-10-14T10:58:45.751+0300][52.698s][info][gc,phases,start] GC(380) Phase 3: Adjust pointers
[2025-10-14T10:58:45.754+0300][52.700s][info][gc,phases      ] GC(380) Phase 3: Adjust pointers 2.627ms
[2025-10-14T10:58:45.754+0300][52.700s][info][gc,phases,start] GC(380) Phase 4: Move objects
[2025-10-14T10:58:45.767+0300][52.713s][info][gc,phases      ] GC(380) Phase 4: Move objects 13.269ms
[2025-10-14T10:58:45.858+0300][52.804s][info][gc,heap        ] GC(380) DefNew: 485242K(485248K)->0K(485184K) Eden: 431360K(431360K)->0K(431296K) From: 53882K(53888K)->0K(53888K)
[2025-10-14T10:58:45.858+0300][52.804s][info][gc,heap        ] GC(380) Tenured: 5383564K(5383632K)->323430K(1078112K)
[2025-10-14T10:58:45.858+0300][52.805s][info][gc,metaspace   ] GC(380) Metaspace: 3787K(3968K)->3787K(3968K) NonClass: 3370K(3456K)->3370K(3456K) Class: 416K(512K)->416K(512K)
[2025-10-14T10:58:45.858+0300][52.805s][info][gc             ] GC(380) Pause Full (Allocation Failure) 5731M->315M(1526M) 217.267ms
[2025-10-14T10:58:45.858+0300][52.805s][info][gc,cpu         ] GC(380) User=0.06s Sys=0.15s Real=0.21s
[2025-10-14T10:58:45.884+0300][52.830s][info][gc,start       ] GC(381) Pause Young (Allocation Failure)
[2025-10-14T10:58:45.902+0300][52.849s][info][gc,heap        ] GC(381) DefNew: 431296K(485184K)->53882K(485184K) Eden: 431296K(431296K)->0K(431296K) From: 0K(53888K)->53882K(53888K)
[2025-10-14T10:58:45.902+0300][52.849s][info][gc,heap        ] GC(381) Tenured: 323430K(1078112K)->589800K(1078112K)
[2025-10-14T10:58:45.902+0300][52.849s][info][gc,metaspace   ] GC(381) Metaspace: 3787K(3968K)->3787K(3968K) NonClass: 3370K(3456K)->3370K(3456K) Class: 416K(512K)->416K(512K)
[2025-10-14T10:58:45.902+0300][52.849s][info][gc             ] GC(381) Pause Young (Allocation Failure) 737M->628M(1526M) 18.635ms
[2025-10-14T10:58:45.902+0300][52.849s][info][gc,cpu         ] GC(381) User=0.02s Sys=0.01s Real=0.02s
[2025-10-14T10:58:45.928+0300][52.874s][info][gc,start       ] GC(382) Pause Young (Allocation Failure)
[2025-10-14T10:58:45.946+0300][52.893s][info][gc,heap        ] GC(382) DefNew: 485178K(485184K)->53882K(485184K) Eden: 431296K(431296K)->0K(431296K) From: 53882K(53888K)->53882K(53888K)
[2025-10-14T10:58:45.946+0300][52.893s][info][gc,heap        ] GC(382) Tenured: 589800K(1078112K)->856106K(1078112K)
[2025-10-14T10:58:45.946+0300][52.893s][info][gc,metaspace   ] GC(382) Metaspace: 3787K(3968K)->3787K(3968K) NonClass: 3370K(3456K)->3370K(3456K) Class: 416K(512K)->416K(512K)
[2025-10-14T10:58:45.946+0300][52.893s][info][gc             ] GC(382) Pause Young (Allocation Failure) 1049M->888M(1526M) 18.587ms
[2025-10-14T10:58:45.946+0300][52.893s][info][gc,cpu         ] GC(382) User=0.02s Sys=0.00s Real=0.02s
[2025-10-14T10:58:45.972+0300][52.919s][info][gc,start       ] GC(383) Pause Young (Allocation Failure)
[2025-10-14T10:58:45.992+0300][52.938s][info][gc,heap        ] GC(383) DefNew: 485178K(485184K)->53882K(485184K) Eden: 431296K(431296K)->0K(431296K) From: 53882K(53888K)->53882K(53888K)
[2025-10-14T10:58:45.992+0300][52.938s][info][gc,heap        ] GC(383) Tenured: 856106K(1078112K)->1122412K(1122464K)
[2025-10-14T10:58:45.992+0300][52.938s][info][gc,metaspace   ] GC(383) Metaspace: 3787K(3968K)->3787K(3968K) NonClass: 3370K(3456K)->3370K(3456K) Class: 416K(512K)->416K(512K)
[2025-10-14T10:58:45.992+0300][52.938s][info][gc             ] GC(383) Pause Young (Allocation Failure) 1309M->1148M(1569M) 19.487ms
[2025-10-14T10:58:45.992+0300][52.938s][info][gc,cpu         ] GC(383) User=0.02s Sys=0.01s Real=0.02s
[2025-10-14T10:58:46.017+0300][52.963s][info][gc,start       ] GC(384) Pause Young (Allocation Failure)
[2025-10-14T10:58:46.053+0300][52.999s][info][gc,heap        ] GC(384) DefNew: 485178K(485184K)->53882K(485184K) Eden: 431296K(431296K)->0K(431296K) From: 53882K(53888K)->53882K(53888K)
[2025-10-14T10:58:46.053+0300][52.999s][info][gc,heap        ] GC(384) Tenured: 1122412K(1122464K)->1388750K(1388768K)
[2025-10-14T10:58:46.053+0300][52.999s][info][gc,metaspace   ] GC(384) Metaspace: 3787K(3968K)->3787K(3968K) NonClass: 3370K(3456K)->3370K(3456K) Class: 416K(512K)->416K(512K)
[2025-10-14T10:58:46.053+0300][52.999s][info][gc             ] GC(384) Pause Young (Allocation Failure) 1569M->1408M(1830M) 35.908ms
[2025-10-14T10:58:46.053+0300][52.999s][info][gc,cpu         ] GC(384) User=0.02s Sys=0.02s Real=0.04s
[2025-10-14T10:58:46.080+0300][53.026s][info][gc,start       ] GC(385) Pause Young (Allocation Failure)
[2025-10-14T10:58:46.117+0300][53.063s][info][gc,heap        ] GC(385) DefNew: 485178K(485184K)->53882K(485184K) Eden: 431296K(431296K)->0K(431296K) From: 53882K(53888K)->53882K(53888K)
[2025-10-14T10:58:46.117+0300][53.064s][info][gc,heap        ] GC(385) Tenured: 1388750K(1388768K)->1655024K(1655072K)
[2025-10-14T10:58:46.117+0300][53.064s][info][gc,metaspace   ] GC(385) Metaspace: 3787K(3968K)->3787K(3968K) NonClass: 3370K(3456K)->3370K(3456K) Class: 416K(512K)->416K(512K)
[2025-10-14T10:58:46.117+0300][53.064s][info][gc             ] GC(385) Pause Young (Allocation Failure) 1830M->1668M(2090M) 37.216ms
[2025-10-14T10:58:46.117+0300][53.064s][info][gc,cpu         ] GC(385) User=0.01s Sys=0.02s Real=0.03s
[2025-10-14T10:58:46.144+0300][53.090s][info][gc,start       ] GC(386) Pause Young (Allocation Failure)
[2025-10-14T10:58:46.181+0300][53.127s][info][gc,heap        ] GC(386) DefNew: 485178K(485184K)->53882K(485184K) Eden: 431296K(431296K)->0K(431296K) From: 53882K(53888K)->53882K(53888K)
[2025-10-14T10:58:46.181+0300][53.127s][info][gc,heap        ] GC(386) Tenured: 1655024K(1655072K)->1921298K(1921376K)
[2025-10-14T10:58:46.181+0300][53.127s][info][gc,metaspace   ] GC(386) Metaspace: 3787K(3968K)->3787K(3968K) NonClass: 3370K(3456K)->3370K(3456K) Class: 416K(512K)->416K(512K)
[2025-10-14T10:58:46.181+0300][53.127s][info][gc             ] GC(386) Pause Young (Allocation Failure) 2090M->1928M(2350M) 36.821ms
[2025-10-14T10:58:46.181+0300][53.127s][info][gc,cpu         ] GC(386) User=0.02s Sys=0.02s Real=0.04s
[2025-10-14T10:58:46.207+0300][53.153s][info][gc,start       ] GC(387) Pause Young (Allocation Failure)
[2025-10-14T10:58:46.244+0300][53.191s][info][gc,heap        ] GC(387) DefNew: 485178K(485184K)->53882K(485184K) Eden: 431296K(431296K)->0K(431296K) From: 53882K(53888K)->53882K(53888K)
[2025-10-14T10:58:46.244+0300][53.191s][info][gc,heap        ] GC(387) Tenured: 1921298K(1921376K)->2187604K(2187680K)
[2025-10-14T10:58:46.244+0300][53.191s][info][gc,metaspace   ] GC(387) Metaspace: 3787K(3968K)->3787K(3968K) NonClass: 3370K(3456K)->3370K(3456K) Class: 416K(512K)->416K(512K)
[2025-10-14T10:58:46.244+0300][53.191s][info][gc             ] GC(387) Pause Young (Allocation Failure) 2350M->2188M(2610M) 37.334ms
[2025-10-14T10:58:46.244+0300][53.191s][info][gc,cpu         ] GC(387) User=0.02s Sys=0.02s Real=0.04s
[2025-10-14T10:58:46.269+0300][53.215s][info][gc,start       ] GC(388) Pause Young (Allocation Failure)
[2025-10-14T10:58:46.306+0300][53.252s][info][gc,heap        ] GC(388) DefNew: 485178K(485184K)->53882K(485184K) Eden: 431296K(431296K)->0K(431296K) From: 53882K(53888K)->53882K(53888K)
[2025-10-14T10:58:46.306+0300][53.252s][info][gc,heap        ] GC(388) Tenured: 2187604K(2187680K)->2453878K(2453984K)
[2025-10-14T10:58:46.306+0300][53.252s][info][gc,metaspace   ] GC(388) Metaspace: 3787K(3968K)->3787K(3968K) NonClass: 3370K(3456K)->3370K(3456K) Class: 416K(512K)->416K(512K)
[2025-10-14T10:58:46.306+0300][53.252s][info][gc             ] GC(388) Pause Young (Allocation Failure) 2610M->2448M(2870M) 36.984ms
[2025-10-14T10:58:46.306+0300][53.252s][info][gc,cpu         ] GC(388) User=0.02s Sys=0.02s Real=0.04s
[2025-10-14T10:58:46.330+0300][53.277s][info][gc,start       ] GC(389) Pause Young (Allocation Failure)
[2025-10-14T10:58:46.368+0300][53.314s][info][gc,heap        ] GC(389) DefNew: 485178K(485184K)->53882K(485184K) Eden: 431296K(431296K)->0K(431296K) From: 53882K(53888K)->53882K(53888K)
[2025-10-14T10:58:46.368+0300][53.315s][info][gc,heap        ] GC(389) Tenured: 2453878K(2453984K)->2720216K(2720288K)
[2025-10-14T10:58:46.368+0300][53.315s][info][gc,metaspace   ] GC(389) Metaspace: 3787K(3968K)->3787K(3968K) NonClass: 3370K(3456K)->3370K(3456K) Class: 416K(512K)->416K(512K)
[2025-10-14T10:58:46.368+0300][53.315s][info][gc             ] GC(389) Pause Young (Allocation Failure) 2870M->2709M(3130M) 37.904ms
[2025-10-14T10:58:46.368+0300][53.315s][info][gc,cpu         ] GC(389) User=0.02s Sys=0.02s Real=0.03s
[2025-10-14T10:58:46.393+0300][53.339s][info][gc,start       ] GC(390) Pause Young (Allocation Failure)
[2025-10-14T10:58:46.430+0300][53.376s][info][gc,heap        ] GC(390) DefNew: 485178K(485184K)->53882K(485184K) Eden: 431296K(431296K)->0K(431296K) From: 53882K(53888K)->53882K(53888K)
[2025-10-14T10:58:46.430+0300][53.376s][info][gc,heap        ] GC(390) Tenured: 2720216K(2720288K)->2986522K(2986592K)
[2025-10-14T10:58:46.430+0300][53.376s][info][gc,metaspace   ] GC(390) Metaspace: 3787K(3968K)->3787K(3968K) NonClass: 3370K(3456K)->3370K(3456K) Class: 416K(512K)->416K(512K)
[2025-10-14T10:58:46.430+0300][53.376s][info][gc             ] GC(390) Pause Young (Allocation Failure) 3130M->2969M(3390M) 37.118ms
[2025-10-14T10:58:46.430+0300][53.376s][info][gc,cpu         ] GC(390) User=0.02s Sys=0.02s Real=0.04s
[2025-10-14T10:58:46.454+0300][53.401s][info][gc,start       ] GC(391) Pause Young (Allocation Failure)
[2025-10-14T10:58:46.492+0300][53.439s][info][gc,heap        ] GC(391) DefNew: 485178K(485184K)->53882K(485184K) Eden: 431296K(431296K)->0K(431296K) From: 53882K(53888K)->53882K(53888K)
[2025-10-14T10:58:46.492+0300][53.439s][info][gc,heap        ] GC(391) Tenured: 2986522K(2986592K)->3252796K(3252896K)
[2025-10-14T10:58:46.492+0300][53.439s][info][gc,metaspace   ] GC(391) Metaspace: 3787K(3968K)->3787K(3968K) NonClass: 3370K(3456K)->3370K(3456K) Class: 416K(512K)->416K(512K)
[2025-10-14T10:58:46.492+0300][53.439s][info][gc             ] GC(391) Pause Young (Allocation Failure) 3390M->3229M(3650M) 37.855ms
[2025-10-14T10:58:46.492+0300][53.439s][info][gc,cpu         ] GC(391) User=0.02s Sys=0.02s Real=0.04s
[2025-10-14T10:58:46.517+0300][53.463s][info][gc,start       ] GC(392) Pause Young (Allocation Failure)
[2025-10-14T10:58:46.554+0300][53.501s][info][gc,heap        ] GC(392) DefNew: 485178K(485184K)->53882K(485184K) Eden: 431296K(431296K)->0K(431296K) From: 53882K(53888K)->53882K(53888K)
[2025-10-14T10:58:46.554+0300][53.501s][info][gc,heap        ] GC(392) Tenured: 3252796K(3252896K)->3519102K(3519200K)
[2025-10-14T10:58:46.554+0300][53.501s][info][gc,metaspace   ] GC(392) Metaspace: 3787K(3968K)->3787K(3968K) NonClass: 3370K(3456K)->3370K(3456K) Class: 416K(512K)->416K(512K)
[2025-10-14T10:58:46.554+0300][53.501s][info][gc             ] GC(392) Pause Young (Allocation Failure) 3650M->3489M(3910M) 37.519ms
[2025-10-14T10:58:46.554+0300][53.501s][info][gc,cpu         ] GC(392) User=0.02s Sys=0.02s Real=0.04s
[2025-10-14T10:58:46.579+0300][53.525s][info][gc,start       ] GC(393) Pause Young (Allocation Failure)
[2025-10-14T10:58:46.617+0300][53.564s][info][gc,heap        ] GC(393) DefNew: 485178K(485184K)->53882K(485184K) Eden: 431296K(431296K)->0K(431296K) From: 53882K(53888K)->53882K(53888K)
[2025-10-14T10:58:46.617+0300][53.564s][info][gc,heap        ] GC(393) Tenured: 3519102K(3519200K)->3785440K(3785504K)
[2025-10-14T10:58:46.617+0300][53.564s][info][gc,metaspace   ] GC(393) Metaspace: 3787K(3968K)->3787K(3968K) NonClass: 3370K(3456K)->3370K(3456K) Class: 416K(512K)->416K(512K)
[2025-10-14T10:58:46.617+0300][53.564s][info][gc             ] GC(393) Pause Young (Allocation Failure) 3910M->3749M(4170M) 38.524ms
[2025-10-14T10:58:46.617+0300][53.564s][info][gc,cpu         ] GC(393) User=0.02s Sys=0.02s Real=0.04s
[2025-10-14T10:58:46.642+0300][53.588s][info][gc,start       ] GC(394) Pause Young (Allocation Failure)
[2025-10-14T10:58:46.680+0300][53.626s][info][gc,heap        ] GC(394) DefNew: 485178K(485184K)->53882K(485184K) Eden: 431296K(431296K)->0K(431296K) From: 53882K(53888K)->53882K(53888K)
[2025-10-14T10:58:46.680+0300][53.626s][info][gc,heap        ] GC(394) Tenured: 3785440K(3785504K)->4051746K(4051808K)
[2025-10-14T10:58:46.680+0300][53.626s][info][gc,metaspace   ] GC(394) Metaspace: 3787K(3968K)->3787K(3968K) NonClass: 3370K(3456K)->3370K(3456K) Class: 416K(512K)->416K(512K)
[2025-10-14T10:58:46.680+0300][53.626s][info][gc             ] GC(394) Pause Young (Allocation Failure) 4170M->4009M(4430M) 38.041ms
[2025-10-14T10:58:46.680+0300][53.626s][info][gc,cpu         ] GC(394) User=0.02s Sys=0.02s Real=0.04s
[2025-10-14T10:58:46.705+0300][53.652s][info][gc,start       ] GC(395) Pause Young (Allocation Failure)
[2025-10-14T10:58:46.764+0300][53.710s][info][gc,heap        ] GC(395) DefNew: 485178K(485184K)->53882K(485184K) Eden: 431296K(431296K)->0K(431296K) From: 53882K(53888K)->53882K(53888K)
[2025-10-14T10:58:46.764+0300][53.711s][info][gc,heap        ] GC(395) Tenured: 4051746K(4051808K)->4318084K(4318112K)
[2025-10-14T10:58:46.764+0300][53.711s][info][gc,metaspace   ] GC(395) Metaspace: 3787K(3968K)->3787K(3968K) NonClass: 3370K(3456K)->3370K(3456K) Class: 416K(512K)->416K(512K)
[2025-10-14T10:58:46.764+0300][53.711s][info][gc             ] GC(395) Pause Young (Allocation Failure) 4430M->4269M(4690M) 58.759ms
[2025-10-14T10:58:46.764+0300][53.711s][info][gc,cpu         ] GC(395) User=0.02s Sys=0.03s Real=0.06s
[2025-10-14T10:58:46.788+0300][53.735s][info][gc,start       ] GC(396) Pause Young (Allocation Failure)
[2025-10-14T10:58:46.828+0300][53.774s][info][gc,heap        ] GC(396) DefNew: 485178K(485184K)->53882K(485184K) Eden: 431296K(431296K)->0K(431296K) From: 53882K(53888K)->53882K(53888K)
[2025-10-14T10:58:46.828+0300][53.774s][info][gc,heap        ] GC(396) Tenured: 4318084K(4318112K)->4584422K(4584608K)
[2025-10-14T10:58:46.828+0300][53.774s][info][gc,metaspace   ] GC(396) Metaspace: 3787K(3968K)->3787K(3968K) NonClass: 3370K(3456K)->3370K(3456K) Class: 416K(512K)->416K(512K)
[2025-10-14T10:58:46.828+0300][53.774s][info][gc             ] GC(396) Pause Young (Allocation Failure) 4690M->4529M(4950M) 39.484ms
[2025-10-14T10:58:46.828+0300][53.774s][info][gc,cpu         ] GC(396) User=0.02s Sys=0.02s Real=0.04s
[2025-10-14T10:58:46.853+0300][53.799s][info][gc,start       ] GC(397) Pause Young (Allocation Failure)
[2025-10-14T10:58:46.936+0300][53.883s][info][gc,heap        ] GC(397) DefNew: 485178K(485184K)->53882K(485184K) Eden: 431296K(431296K)->0K(431296K) From: 53882K(53888K)->53882K(53888K)
[2025-10-14T10:58:46.937+0300][53.883s][info][gc,heap        ] GC(397) Tenured: 4584422K(4584608K)->4850696K(4850720K)
[2025-10-14T10:58:46.937+0300][53.883s][info][gc,metaspace   ] GC(397) Metaspace: 3787K(3968K)->3787K(3968K) NonClass: 3370K(3456K)->3370K(3456K) Class: 416K(512K)->416K(512K)
[2025-10-14T10:58:46.937+0300][53.883s][info][gc             ] GC(397) Pause Young (Allocation Failure) 4950M->4789M(5210M) 83.782ms
[2025-10-14T10:58:46.937+0300][53.883s][info][gc,cpu         ] GC(397) User=0.02s Sys=0.03s Real=0.08s
[2025-10-14T10:58:46.962+0300][53.909s][info][gc,start       ] GC(398) Pause Young (Allocation Failure)
[2025-10-14T10:58:47.027+0300][53.973s][info][gc,heap        ] GC(398) DefNew: 485178K(485184K)->53882K(485184K) Eden: 431296K(431296K)->0K(431296K) From: 53882K(53888K)->53882K(53888K)
[2025-10-14T10:58:47.027+0300][53.974s][info][gc,heap        ] GC(398) Tenured: 4850696K(4850720K)->5117002K(5117024K)
[2025-10-14T10:58:47.027+0300][53.974s][info][gc,metaspace   ] GC(398) Metaspace: 3787K(3968K)->3787K(3968K) NonClass: 3370K(3456K)->3370K(3456K) Class: 416K(512K)->416K(512K)
[2025-10-14T10:58:47.027+0300][53.974s][info][gc             ] GC(398) Pause Young (Allocation Failure) 5210M->5049M(5470M) 65.045ms
[2025-10-14T10:58:47.027+0300][53.974s][info][gc,cpu         ] GC(398) User=0.02s Sys=0.03s Real=0.06s
[2025-10-14T10:58:47.052+0300][53.999s][info][gc,start       ] GC(399) Pause Young (Allocation Failure)
[2025-10-14T10:58:47.115+0300][54.062s][info][gc,heap        ] GC(399) DefNew: 485178K(485184K)->53882K(485184K) Eden: 431296K(431296K)->0K(431296K) From: 53882K(53888K)->53882K(53888K)
[2025-10-14T10:58:47.115+0300][54.062s][info][gc,heap        ] GC(399) Tenured: 5117002K(5117024K)->5383308K(5383328K)
[2025-10-14T10:58:47.115+0300][54.062s][info][gc,metaspace   ] GC(399) Metaspace: 3787K(3968K)->3787K(3968K) NonClass: 3370K(3456K)->3370K(3456K) Class: 416K(512K)->416K(512K)
[2025-10-14T10:58:47.115+0300][54.062s][info][gc             ] GC(399) Pause Young (Allocation Failure) 5470M->5309M(5730M) 62.831ms
[2025-10-14T10:58:47.115+0300][54.062s][info][gc,cpu         ] GC(399) User=0.03s Sys=0.04s Real=0.06s
[2025-10-14T10:58:47.141+0300][54.088s][info][gc,start       ] GC(400) Pause Full (Allocation Failure)
[2025-10-14T10:58:47.141+0300][54.088s][info][gc,phases,start] GC(400) Phase 1: Mark live objects
[2025-10-14T10:58:47.143+0300][54.090s][info][gc,phases      ] GC(400) Phase 1: Mark live objects 2.059ms
[2025-10-14T10:58:47.143+0300][54.090s][info][gc,phases,start] GC(400) Phase 2: Compute new object addresses
[2025-10-14T10:58:47.253+0300][54.200s][info][gc,phases      ] GC(400) Phase 2: Compute new object addresses 110.229ms
[2025-10-14T10:58:47.253+0300][54.200s][info][gc,phases,start] GC(400) Phase 3: Adjust pointers
[2025-10-14T10:58:47.256+0300][54.203s][info][gc,phases      ] GC(400) Phase 3: Adjust pointers 2.920ms
[2025-10-14T10:58:47.256+0300][54.203s][info][gc,phases,start] GC(400) Phase 4: Move objects
[2025-10-14T10:58:47.271+0300][54.217s][info][gc,phases      ] GC(400) Phase 4: Move objects 14.212ms
[2025-10-14T10:58:47.383+0300][54.329s][info][gc,heap        ] GC(400) DefNew: 485178K(485184K)->0K(485248K) Eden: 431296K(431296K)->0K(431360K) From: 53882K(53888K)->0K(53888K)
[2025-10-14T10:58:47.383+0300][54.329s][info][gc,heap        ] GC(400) Tenured: 5383308K(5383328K)->323462K(1078224K)
[2025-10-14T10:58:47.383+0300][54.330s][info][gc,metaspace   ] GC(400) Metaspace: 3787K(3968K)->3787K(3968K) NonClass: 3370K(3456K)->3370K(3456K) Class: 416K(512K)->416K(512K)
[2025-10-14T10:58:47.383+0300][54.330s][info][gc             ] GC(400) Pause Full (Allocation Failure) 5730M->315M(1526M) 242.025ms
[2025-10-14T10:58:47.383+0300][54.330s][info][gc,cpu         ] GC(400) User=0.06s Sys=0.17s Real=0.24s
[2025-10-14T10:58:47.410+0300][54.357s][info][gc,start       ] GC(401) Pause Young (Allocation Failure)
[2025-10-14T10:58:47.435+0300][54.382s][info][gc,heap        ] GC(401) DefNew: 431360K(485248K)->53882K(485248K) Eden: 431360K(431360K)->0K(431360K) From: 0K(53888K)->53882K(53888K)
[2025-10-14T10:58:47.435+0300][54.382s][info][gc,heap        ] GC(401) Tenured: 323462K(1078224K)->589768K(1078224K)
[2025-10-14T10:58:47.435+0300][54.382s][info][gc,metaspace   ] GC(401) Metaspace: 3787K(3968K)->3787K(3968K) NonClass: 3370K(3456K)->3370K(3456K) Class: 416K(512K)->416K(512K)
[2025-10-14T10:58:47.435+0300][54.382s][info][gc             ] GC(401) Pause Young (Allocation Failure) 737M->628M(1526M) 24.921ms
[2025-10-14T10:58:47.435+0300][54.382s][info][gc,cpu         ] GC(401) User=0.02s Sys=0.01s Real=0.02s
[2025-10-14T10:58:47.461+0300][54.408s][info][gc,start       ] GC(402) Pause Young (Allocation Failure)
[2025-10-14T10:58:47.477+0300][54.424s][info][gc,heap        ] GC(402) DefNew: 485242K(485248K)->53882K(485248K) Eden: 431360K(431360K)->0K(431360K) From: 53882K(53888K)->53882K(53888K)
[2025-10-14T10:58:47.477+0300][54.424s][info][gc,heap        ] GC(402) Tenured: 589768K(1078224K)->856106K(1078224K)
[2025-10-14T10:58:47.477+0300][54.424s][info][gc,metaspace   ] GC(402) Metaspace: 3787K(3968K)->3787K(3968K) NonClass: 3370K(3456K)->3370K(3456K) Class: 416K(512K)->416K(512K)
[2025-10-14T10:58:47.477+0300][54.424s][info][gc             ] GC(402) Pause Young (Allocation Failure) 1049M->888M(1526M) 15.871ms
[2025-10-14T10:58:47.477+0300][54.424s][info][gc,cpu         ] GC(402) User=0.02s Sys=0.00s Real=0.01s
[2025-10-14T10:58:47.504+0300][54.450s][info][gc,start       ] GC(403) Pause Young (Allocation Failure)
[2025-10-14T10:58:47.524+0300][54.471s][info][gc,heap        ] GC(403) DefNew: 485242K(485248K)->53882K(485248K) Eden: 431360K(431360K)->0K(431360K) From: 53882K(53888K)->53882K(53888K)
[2025-10-14T10:58:47.524+0300][54.471s][info][gc,heap        ] GC(403) Tenured: 856106K(1078224K)->1122412K(1122576K)
[2025-10-14T10:58:47.524+0300][54.471s][info][gc,metaspace   ] GC(403) Metaspace: 3787K(3968K)->3787K(3968K) NonClass: 3370K(3456K)->3370K(3456K) Class: 416K(512K)->416K(512K)
[2025-10-14T10:58:47.524+0300][54.471s][info][gc             ] GC(403) Pause Young (Allocation Failure) 1309M->1148M(1570M) 20.586ms
[2025-10-14T10:58:47.524+0300][54.471s][info][gc,cpu         ] GC(403) User=0.01s Sys=0.00s Real=0.02s
[2025-10-14T10:58:47.549+0300][54.496s][info][gc,start       ] GC(404) Pause Young (Allocation Failure)
[2025-10-14T10:58:47.586+0300][54.533s][info][gc,heap        ] GC(404) DefNew: 485242K(485248K)->53882K(485248K) Eden: 431360K(431360K)->0K(431360K) From: 53882K(53888K)->53882K(53888K)
[2025-10-14T10:58:47.587+0300][54.533s][info][gc,heap        ] GC(404) Tenured: 1122412K(1122576K)->1388750K(1388880K)
[2025-10-14T10:58:47.587+0300][54.533s][info][gc,metaspace   ] GC(404) Metaspace: 3787K(3968K)->3787K(3968K) NonClass: 3370K(3456K)->3370K(3456K) Class: 416K(512K)->416K(512K)
[2025-10-14T10:58:47.587+0300][54.533s][info][gc             ] GC(404) Pause Young (Allocation Failure) 1569M->1408M(1830M) 37.326ms
[2025-10-14T10:58:47.587+0300][54.533s][info][gc,cpu         ] GC(404) User=0.01s Sys=0.02s Real=0.04s
[2025-10-14T10:58:47.613+0300][54.560s][info][gc,start       ] GC(405) Pause Young (Allocation Failure)
[2025-10-14T10:58:47.652+0300][54.599s][info][gc,heap        ] GC(405) DefNew: 485242K(485248K)->53882K(485248K) Eden: 431360K(431360K)->0K(431360K) From: 53882K(53888K)->53882K(53888K)
[2025-10-14T10:58:47.652+0300][54.599s][info][gc,heap        ] GC(405) Tenured: 1388750K(1388880K)->1655056K(1655184K)
[2025-10-14T10:58:47.652+0300][54.599s][info][gc,metaspace   ] GC(405) Metaspace: 3787K(3968K)->3787K(3968K) NonClass: 3370K(3456K)->3370K(3456K) Class: 416K(512K)->416K(512K)
[2025-10-14T10:58:47.652+0300][54.599s][info][gc             ] GC(405) Pause Young (Allocation Failure) 1830M->1668M(2090M) 38.812ms
[2025-10-14T10:58:47.652+0300][54.599s][info][gc,cpu         ] GC(405) User=0.02s Sys=0.02s Real=0.04s
[2025-10-14T10:58:47.676+0300][54.623s][info][gc,start       ] GC(406) Pause Young (Allocation Failure)
[2025-10-14T10:58:47.715+0300][54.661s][info][gc,heap        ] GC(406) DefNew: 485242K(485248K)->53882K(485248K) Eden: 431360K(431360K)->0K(431360K) From: 53882K(53888K)->53882K(53888K)
[2025-10-14T10:58:47.715+0300][54.661s][info][gc,heap        ] GC(406) Tenured: 1655056K(1655184K)->1921394K(1921488K)
[2025-10-14T10:58:47.715+0300][54.661s][info][gc,metaspace   ] GC(406) Metaspace: 3787K(3968K)->3787K(3968K) NonClass: 3370K(3456K)->3370K(3456K) Class: 416K(512K)->416K(512K)
[2025-10-14T10:58:47.715+0300][54.661s][info][gc             ] GC(406) Pause Young (Allocation Failure) 2090M->1928M(2350M) 38.680ms
[2025-10-14T10:58:47.715+0300][54.661s][info][gc,cpu         ] GC(406) User=0.02s Sys=0.02s Real=0.04s
[2025-10-14T10:58:47.739+0300][54.686s][info][gc,start       ] GC(407) Pause Young (Allocation Failure)
[2025-10-14T10:58:47.777+0300][54.724s][info][gc,heap        ] GC(407) DefNew: 485242K(485248K)->53882K(485248K) Eden: 431360K(431360K)->0K(431360K) From: 53882K(53888K)->53882K(53888K)
[2025-10-14T10:58:47.777+0300][54.724s][info][gc,heap        ] GC(407) Tenured: 1921394K(1921488K)->2187700K(2187792K)
[2025-10-14T10:58:47.777+0300][54.724s][info][gc,metaspace   ] GC(407) Metaspace: 3787K(3968K)->3787K(3968K) NonClass: 3370K(3456K)->3370K(3456K) Class: 416K(512K)->416K(512K)
[2025-10-14T10:58:47.777+0300][54.724s][info][gc             ] GC(407) Pause Young (Allocation Failure) 2350M->2189M(2610M) 37.896ms
[2025-10-14T10:58:47.777+0300][54.724s][info][gc,cpu         ] GC(407) User=0.02s Sys=0.02s Real=0.04s
[2025-10-14T10:58:47.802+0300][54.748s][info][gc,start       ] GC(408) Pause Young (Allocation Failure)
[2025-10-14T10:58:47.840+0300][54.786s][info][gc,heap        ] GC(408) DefNew: 485242K(485248K)->53882K(485248K) Eden: 431360K(431360K)->0K(431360K) From: 53882K(53888K)->53882K(53888K)
[2025-10-14T10:58:47.840+0300][54.786s][info][gc,heap        ] GC(408) Tenured: 2187700K(2187792K)->2454038K(2454096K)
[2025-10-14T10:58:47.840+0300][54.786s][info][gc,metaspace   ] GC(408) Metaspace: 3787K(3968K)->3787K(3968K) NonClass: 3370K(3456K)->3370K(3456K) Class: 416K(512K)->416K(512K)
[2025-10-14T10:58:47.840+0300][54.786s][info][gc             ] GC(408) Pause Young (Allocation Failure) 2610M->2449M(2870M) 37.993ms
[2025-10-14T10:58:47.840+0300][54.786s][info][gc,cpu         ] GC(408) User=0.02s Sys=0.02s Real=0.04s
[2025-10-14T10:58:47.865+0300][54.811s][info][gc,start       ] GC(409) Pause Young (Allocation Failure)
[2025-10-14T10:58:47.903+0300][54.849s][info][gc,heap        ] GC(409) DefNew: 485242K(485248K)->53882K(485248K) Eden: 431360K(431360K)->0K(431360K) From: 53882K(53888K)->53882K(53888K)
[2025-10-14T10:58:47.903+0300][54.849s][info][gc,heap        ] GC(409) Tenured: 2454038K(2454096K)->2720312K(2720400K)
[2025-10-14T10:58:47.903+0300][54.849s][info][gc,metaspace   ] GC(409) Metaspace: 3787K(3968K)->3787K(3968K) NonClass: 3370K(3456K)->3370K(3456K) Class: 416K(512K)->416K(512K)
[2025-10-14T10:58:47.903+0300][54.849s][info][gc             ] GC(409) Pause Young (Allocation Failure) 2870M->2709M(3130M) 38.079ms
[2025-10-14T10:58:47.903+0300][54.849s][info][gc,cpu         ] GC(409) User=0.02s Sys=0.02s Real=0.04s
[2025-10-14T10:58:47.927+0300][54.874s][info][gc,start       ] GC(410) Pause Young (Allocation Failure)
[2025-10-14T10:58:47.967+0300][54.914s][info][gc,heap        ] GC(410) DefNew: 485242K(485248K)->53882K(485248K) Eden: 431360K(431360K)->0K(431360K) From: 53882K(53888K)->53882K(53888K)
[2025-10-14T10:58:47.967+0300][54.914s][info][gc,heap        ] GC(410) Tenured: 2720312K(2720400K)->2986618K(2986704K)
[2025-10-14T10:58:47.967+0300][54.914s][info][gc,metaspace   ] GC(410) Metaspace: 3787K(3968K)->3787K(3968K) NonClass: 3370K(3456K)->3370K(3456K) Class: 416K(512K)->416K(512K)
[2025-10-14T10:58:47.967+0300][54.914s][info][gc             ] GC(410) Pause Young (Allocation Failure) 3130M->2969M(3390M) 39.811ms
[2025-10-14T10:58:47.967+0300][54.914s][info][gc,cpu         ] GC(410) User=0.02s Sys=0.02s Real=0.04s
[2025-10-14T10:58:47.992+0300][54.938s][info][gc,start       ] GC(411) Pause Young (Allocation Failure)
[2025-10-14T10:58:48.030+0300][54.976s][info][gc,heap        ] GC(411) DefNew: 485242K(485248K)->53882K(485248K) Eden: 431360K(431360K)->0K(431360K) From: 53882K(53888K)->53882K(53888K)
[2025-10-14T10:58:48.030+0300][54.976s][info][gc,heap        ] GC(411) Tenured: 2986618K(2986704K)->3252924K(3253008K)
[2025-10-14T10:58:48.030+0300][54.976s][info][gc,metaspace   ] GC(411) Metaspace: 3787K(3968K)->3787K(3968K) NonClass: 3370K(3456K)->3370K(3456K) Class: 416K(512K)->416K(512K)
[2025-10-14T10:58:48.030+0300][54.976s][info][gc             ] GC(411) Pause Young (Allocation Failure) 3390M->3229M(3650M) 38.132ms
[2025-10-14T10:58:48.030+0300][54.976s][info][gc,cpu         ] GC(411) User=0.01s Sys=0.02s Real=0.04s
[2025-10-14T10:58:48.054+0300][55.001s][info][gc,start       ] GC(412) Pause Young (Allocation Failure)
[2025-10-14T10:58:48.091+0300][55.038s][info][gc,heap        ] GC(412) DefNew: 485242K(485248K)->53882K(485248K) Eden: 431360K(431360K)->0K(431360K) From: 53882K(53888K)->53882K(53888K)
[2025-10-14T10:58:48.091+0300][55.038s][info][gc,heap        ] GC(412) Tenured: 3252924K(3253008K)->3519262K(3519312K)
[2025-10-14T10:58:48.091+0300][55.038s][info][gc,metaspace   ] GC(412) Metaspace: 3787K(3968K)->3787K(3968K) NonClass: 3370K(3456K)->3370K(3456K) Class: 416K(512K)->416K(512K)
[2025-10-14T10:58:48.091+0300][55.038s][info][gc             ] GC(412) Pause Young (Allocation Failure) 3650M->3489M(3910M) 37.254ms
[2025-10-14T10:58:48.091+0300][55.038s][info][gc,cpu         ] GC(412) User=0.02s Sys=0.02s Real=0.04s
[2025-10-14T10:58:48.117+0300][55.063s][info][gc,start       ] GC(413) Pause Young (Allocation Failure)
[2025-10-14T10:58:48.154+0300][55.101s][info][gc,heap        ] GC(413) DefNew: 485242K(485248K)->53882K(485248K) Eden: 431360K(431360K)->0K(431360K) From: 53882K(53888K)->53882K(53888K)
[2025-10-14T10:58:48.154+0300][55.101s][info][gc,heap        ] GC(413) Tenured: 3519262K(3519312K)->3785600K(3785616K)
[2025-10-14T10:58:48.154+0300][55.101s][info][gc,metaspace   ] GC(413) Metaspace: 3787K(3968K)->3787K(3968K) NonClass: 3370K(3456K)->3370K(3456K) Class: 416K(512K)->416K(512K)
[2025-10-14T10:58:48.154+0300][55.101s][info][gc             ] GC(413) Pause Young (Allocation Failure) 3910M->3749M(4170M) 37.658ms
[2025-10-14T10:58:48.154+0300][55.101s][info][gc,cpu         ] GC(413) User=0.02s Sys=0.02s Real=0.04s
[2025-10-14T10:58:48.179+0300][55.126s][info][gc,start       ] GC(414) Pause Young (Allocation Failure)
[2025-10-14T10:58:48.219+0300][55.166s][info][gc,heap        ] GC(414) DefNew: 485242K(485248K)->53882K(485248K) Eden: 431360K(431360K)->0K(431360K) From: 53882K(53888K)->53882K(53888K)
[2025-10-14T10:58:48.219+0300][55.166s][info][gc,heap        ] GC(414) Tenured: 3785600K(3785616K)->4051938K(4052112K)
[2025-10-14T10:58:48.219+0300][55.166s][info][gc,metaspace   ] GC(414) Metaspace: 3787K(3968K)->3787K(3968K) NonClass: 3370K(3456K)->3370K(3456K) Class: 416K(512K)->416K(512K)
[2025-10-14T10:58:48.219+0300][55.166s][info][gc             ] GC(414) Pause Young (Allocation Failure) 4170M->4009M(4431M) 39.737ms
[2025-10-14T10:58:48.219+0300][55.166s][info][gc,cpu         ] GC(414) User=0.02s Sys=0.02s Real=0.04s
[2025-10-14T10:58:48.260+0300][55.207s][info][gc,start       ] GC(415) Pause Young (Allocation Failure)
[2025-10-14T10:58:48.299+0300][55.245s][info][gc,heap        ] GC(415) DefNew: 485242K(485248K)->53882K(485248K) Eden: 431360K(431360K)->0K(431360K) From: 53882K(53888K)->53882K(53888K)
[2025-10-14T10:58:48.299+0300][55.245s][info][gc,heap        ] GC(415) Tenured: 4051938K(4052112K)->4318276K(4318416K)
[2025-10-14T10:58:48.299+0300][55.245s][info][gc,metaspace   ] GC(415) Metaspace: 3787K(3968K)->3787K(3968K) NonClass: 3370K(3456K)->3370K(3456K) Class: 416K(512K)->416K(512K)
[2025-10-14T10:58:48.299+0300][55.245s][info][gc             ] GC(415) Pause Young (Allocation Failure) 4430M->4269M(4691M) 38.762ms
[2025-10-14T10:58:48.299+0300][55.245s][info][gc,cpu         ] GC(415) User=0.02s Sys=0.02s Real=0.03s
[2025-10-14T10:58:48.324+0300][55.270s][info][gc,start       ] GC(416) Pause Young (Allocation Failure)
[2025-10-14T10:58:48.362+0300][55.308s][info][gc,heap        ] GC(416) DefNew: 485242K(485248K)->53882K(485248K) Eden: 431360K(431360K)->0K(431360K) From: 53882K(53888K)->53882K(53888K)
[2025-10-14T10:58:48.362+0300][55.308s][info][gc,heap        ] GC(416) Tenured: 4318276K(4318416K)->4584614K(4584720K)
[2025-10-14T10:58:48.362+0300][55.308s][info][gc,metaspace   ] GC(416) Metaspace: 3787K(3968K)->3787K(3968K) NonClass: 3370K(3456K)->3370K(3456K) Class: 416K(512K)->416K(512K)
[2025-10-14T10:58:48.362+0300][55.308s][info][gc             ] GC(416) Pause Young (Allocation Failure) 4690M->4529M(4951M) 38.167ms
[2025-10-14T10:58:48.362+0300][55.308s][info][gc,cpu         ] GC(416) User=0.02s Sys=0.02s Real=0.04s
[2025-10-14T10:58:48.389+0300][55.336s][info][gc,start       ] GC(417) Pause Young (Allocation Failure)
[2025-10-14T10:58:48.467+0300][55.413s][info][gc,heap        ] GC(417) DefNew: 485242K(485248K)->53882K(485248K) Eden: 431360K(431360K)->0K(431360K) From: 53882K(53888K)->53882K(53888K)
[2025-10-14T10:58:48.467+0300][55.413s][info][gc,heap        ] GC(417) Tenured: 4584614K(4584720K)->4850920K(4851024K)
[2025-10-14T10:58:48.467+0300][55.413s][info][gc,metaspace   ] GC(417) Metaspace: 3787K(3968K)->3787K(3968K) NonClass: 3370K(3456K)->3370K(3456K) Class: 416K(512K)->416K(512K)
[2025-10-14T10:58:48.467+0300][55.413s][info][gc             ] GC(417) Pause Young (Allocation Failure) 4951M->4789M(5211M) 77.359ms
[2025-10-14T10:58:48.467+0300][55.413s][info][gc,cpu         ] GC(417) User=0.02s Sys=0.03s Real=0.08s
[2025-10-14T10:58:48.492+0300][55.438s][info][gc,start       ] GC(418) Pause Young (Allocation Failure)
[2025-10-14T10:58:48.549+0300][55.496s][info][gc,heap        ] GC(418) DefNew: 485242K(485248K)->53882K(485248K) Eden: 431360K(431360K)->0K(431360K) From: 53882K(53888K)->53882K(53888K)
[2025-10-14T10:58:48.549+0300][55.496s][info][gc,heap        ] GC(418) Tenured: 4850920K(4851024K)->5117258K(5117328K)
[2025-10-14T10:58:48.549+0300][55.496s][info][gc,metaspace   ] GC(418) Metaspace: 3787K(3968K)->3787K(3968K) NonClass: 3370K(3456K)->3370K(3456K) Class: 416K(512K)->416K(512K)
[2025-10-14T10:58:48.549+0300][55.496s][info][gc             ] GC(418) Pause Young (Allocation Failure) 5211M->5049M(5471M) 57.322ms
[2025-10-14T10:58:48.549+0300][55.496s][info][gc,cpu         ] GC(418) User=0.03s Sys=0.03s Real=0.05s
[2025-10-14T10:58:48.574+0300][55.520s][info][gc,start       ] GC(419) Pause Young (Allocation Failure)
[2025-10-14T10:58:48.626+0300][55.573s][info][gc,heap        ] GC(419) DefNew: 485242K(485248K)->53882K(485248K) Eden: 431360K(431360K)->0K(431360K) From: 53882K(53888K)->53882K(53888K)
[2025-10-14T10:58:48.626+0300][55.573s][info][gc,heap        ] GC(419) Tenured: 5117258K(5117328K)->5383564K(5383632K)
[2025-10-14T10:58:48.626+0300][55.573s][info][gc,metaspace   ] GC(419) Metaspace: 3787K(3968K)->3787K(3968K) NonClass: 3370K(3456K)->3370K(3456K) Class: 416K(512K)->416K(512K)
[2025-10-14T10:58:48.626+0300][55.573s][info][gc             ] GC(419) Pause Young (Allocation Failure) 5471M->5310M(5731M) 52.738ms
[2025-10-14T10:58:48.626+0300][55.573s][info][gc,cpu         ] GC(419) User=0.02s Sys=0.03s Real=0.05s
[2025-10-14T10:58:48.651+0300][55.598s][info][gc,start       ] GC(420) Pause Full (Allocation Failure)
[2025-10-14T10:58:48.651+0300][55.598s][info][gc,phases,start] GC(420) Phase 1: Mark live objects
[2025-10-14T10:58:48.655+0300][55.601s][info][gc,phases      ] GC(420) Phase 1: Mark live objects 3.747ms
[2025-10-14T10:58:48.655+0300][55.601s][info][gc,phases,start] GC(420) Phase 2: Compute new object addresses
[2025-10-14T10:58:48.766+0300][55.712s][info][gc,phases      ] GC(420) Phase 2: Compute new object addresses 110.738ms
[2025-10-14T10:58:48.766+0300][55.712s][info][gc,phases,start] GC(420) Phase 3: Adjust pointers
[2025-10-14T10:58:48.768+0300][55.715s][info][gc,phases      ] GC(420) Phase 3: Adjust pointers 2.695ms
[2025-10-14T10:58:48.768+0300][55.715s][info][gc,phases,start] GC(420) Phase 4: Move objects
[2025-10-14T10:58:48.800+0300][55.747s][info][gc,phases      ] GC(420) Phase 4: Move objects 31.941ms
[2025-10-14T10:58:48.897+0300][55.843s][info][gc,heap        ] GC(420) DefNew: 485242K(485248K)->0K(485248K) Eden: 431360K(431360K)->0K(431360K) From: 53882K(53888K)->0K(53888K)
[2025-10-14T10:58:48.897+0300][55.844s][info][gc,heap        ] GC(420) Tenured: 5383564K(5383632K)->323462K(1078224K)
[2025-10-14T10:58:48.897+0300][55.844s][info][gc,metaspace   ] GC(420) Metaspace: 3787K(3968K)->3787K(3968K) NonClass: 3370K(3456K)->3370K(3456K) Class: 416K(512K)->416K(512K)
[2025-10-14T10:58:48.897+0300][55.844s][info][gc             ] GC(420) Pause Full (Allocation Failure) 5731M->315M(1526M) 246.029ms
[2025-10-14T10:58:48.897+0300][55.844s][info][gc,cpu         ] GC(420) User=0.07s Sys=0.17s Real=0.24s
[2025-10-14T10:58:48.922+0300][55.869s][info][gc,start       ] GC(421) Pause Young (Allocation Failure)
[2025-10-14T10:58:48.939+0300][55.886s][info][gc,heap        ] GC(421) DefNew: 431360K(485248K)->53882K(485248K) Eden: 431360K(431360K)->0K(431360K) From: 0K(53888K)->53882K(53888K)
[2025-10-14T10:58:48.939+0300][55.886s][info][gc,heap        ] GC(421) Tenured: 323462K(1078224K)->589800K(1078224K)
[2025-10-14T10:58:48.939+0300][55.886s][info][gc,metaspace   ] GC(421) Metaspace: 3787K(3968K)->3787K(3968K) NonClass: 3370K(3456K)->3370K(3456K) Class: 416K(512K)->416K(512K)
[2025-10-14T10:58:48.939+0300][55.886s][info][gc             ] GC(421) Pause Young (Allocation Failure) 737M->628M(1526M) 16.838ms
[2025-10-14T10:58:48.939+0300][55.886s][info][gc,cpu         ] GC(421) User=0.02s Sys=0.00s Real=0.01s
[2025-10-14T10:58:48.965+0300][55.911s][info][gc,start       ] GC(422) Pause Young (Allocation Failure)
[2025-10-14T10:58:48.988+0300][55.935s][info][gc,heap        ] GC(422) DefNew: 485242K(485248K)->53882K(485248K) Eden: 431360K(431360K)->0K(431360K) From: 53882K(53888K)->53882K(53888K)
[2025-10-14T10:58:48.988+0300][55.935s][info][gc,heap        ] GC(422) Tenured: 589800K(1078224K)->856138K(1078224K)
[2025-10-14T10:58:48.988+0300][55.935s][info][gc,metaspace   ] GC(422) Metaspace: 3787K(3968K)->3787K(3968K) NonClass: 3370K(3456K)->3370K(3456K) Class: 416K(512K)->416K(512K)
[2025-10-14T10:58:48.988+0300][55.935s][info][gc             ] GC(422) Pause Young (Allocation Failure) 1049M->888M(1526M) 23.795ms
[2025-10-14T10:58:48.988+0300][55.935s][info][gc,cpu         ] GC(422) User=0.02s Sys=0.00s Real=0.02s
[2025-10-14T10:58:49.013+0300][55.960s][info][gc,start       ] GC(423) Pause Young (Allocation Failure)
[2025-10-14T10:58:49.041+0300][55.987s][info][gc,heap        ] GC(423) DefNew: 485242K(485248K)->53882K(485248K) Eden: 431360K(431360K)->0K(431360K) From: 53882K(53888K)->53882K(53888K)
[2025-10-14T10:58:49.041+0300][55.987s][info][gc,heap        ] GC(423) Tenured: 856138K(1078224K)->1122476K(1122576K)
[2025-10-14T10:58:49.041+0300][55.987s][info][gc,metaspace   ] GC(423) Metaspace: 3787K(3968K)->3787K(3968K) NonClass: 3370K(3456K)->3370K(3456K) Class: 416K(512K)->416K(512K)
[2025-10-14T10:58:49.041+0300][55.987s][info][gc             ] GC(423) Pause Young (Allocation Failure) 1309M->1148M(1570M) 27.526ms
[2025-10-14T10:58:49.041+0300][55.987s][info][gc,cpu         ] GC(423) User=0.02s Sys=0.01s Real=0.03s
[2025-10-14T10:58:49.065+0300][56.012s][info][gc,start       ] GC(424) Pause Young (Allocation Failure)
[2025-10-14T10:58:49.104+0300][56.050s][info][gc,heap        ] GC(424) DefNew: 485242K(485248K)->53882K(485248K) Eden: 431360K(431360K)->0K(431360K) From: 53882K(53888K)->53882K(53888K)
[2025-10-14T10:58:49.104+0300][56.050s][info][gc,heap        ] GC(424) Tenured: 1122476K(1122576K)->1388846K(1388880K)
[2025-10-14T10:58:49.104+0300][56.050s][info][gc,metaspace   ] GC(424) Metaspace: 3787K(3968K)->3787K(3968K) NonClass: 3370K(3456K)->3370K(3456K) Class: 416K(512K)->416K(512K)
[2025-10-14T10:58:49.104+0300][56.050s][info][gc             ] GC(424) Pause Young (Allocation Failure) 1570M->1408M(1830M) 38.171ms
[2025-10-14T10:58:49.104+0300][56.050s][info][gc,cpu         ] GC(424) User=0.02s Sys=0.02s Real=0.04s
[2025-10-14T10:58:49.130+0300][56.076s][info][gc,start       ] GC(425) Pause Young (Allocation Failure)
[2025-10-14T10:58:49.170+0300][56.117s][info][gc,heap        ] GC(425) DefNew: 485242K(485248K)->53882K(485248K) Eden: 431360K(431360K)->0K(431360K) From: 53882K(53888K)->53882K(53888K)
[2025-10-14T10:58:49.170+0300][56.117s][info][gc,heap        ] GC(425) Tenured: 1388846K(1388880K)->1655184K(1655376K)
[2025-10-14T10:58:49.170+0300][56.117s][info][gc,metaspace   ] GC(425) Metaspace: 3787K(3968K)->3787K(3968K) NonClass: 3370K(3456K)->3370K(3456K) Class: 416K(512K)->416K(512K)
[2025-10-14T10:58:49.170+0300][56.117s][info][gc             ] GC(425) Pause Young (Allocation Failure) 1830M->1669M(2090M) 40.489ms
[2025-10-14T10:58:49.170+0300][56.117s][info][gc,cpu         ] GC(425) User=0.02s Sys=0.02s Real=0.04s
[2025-10-14T10:58:49.196+0300][56.142s][info][gc,start       ] GC(426) Pause Young (Allocation Failure)
[2025-10-14T10:58:49.239+0300][56.186s][info][gc,heap        ] GC(426) DefNew: 485242K(485248K)->53882K(485248K) Eden: 431360K(431360K)->0K(431360K) From: 53882K(53888K)->53882K(53888K)
[2025-10-14T10:58:49.239+0300][56.186s][info][gc,heap        ] GC(426) Tenured: 1655184K(1655376K)->1921490K(1921680K)
[2025-10-14T10:58:49.239+0300][56.186s][info][gc,metaspace   ] GC(426) Metaspace: 3787K(3968K)->3787K(3968K) NonClass: 3370K(3456K)->3370K(3456K) Class: 416K(512K)->416K(512K)
[2025-10-14T10:58:49.239+0300][56.186s][info][gc             ] GC(426) Pause Young (Allocation Failure) 2090M->1929M(2350M) 43.845ms
[2025-10-14T10:58:49.239+0300][56.186s][info][gc,cpu         ] GC(426) User=0.02s Sys=0.03s Real=0.04s
[2025-10-14T10:58:49.263+0300][56.210s][info][gc,start       ] GC(427) Pause Young (Allocation Failure)
[2025-10-14T10:58:49.302+0300][56.248s][info][gc,heap        ] GC(427) DefNew: 485242K(485248K)->53882K(485248K) Eden: 431360K(431360K)->0K(431360K) From: 53882K(53888K)->53882K(53888K)
[2025-10-14T10:58:49.302+0300][56.248s][info][gc,heap        ] GC(427) Tenured: 1921490K(1921680K)->2187828K(2187984K)
[2025-10-14T10:58:49.302+0300][56.248s][info][gc,metaspace   ] GC(427) Metaspace: 3787K(3968K)->3787K(3968K) NonClass: 3370K(3456K)->3370K(3456K) Class: 416K(512K)->416K(512K)
[2025-10-14T10:58:49.302+0300][56.248s][info][gc             ] GC(427) Pause Young (Allocation Failure) 2350M->2189M(2610M) 38.208ms
[2025-10-14T10:58:49.302+0300][56.248s][info][gc,cpu         ] GC(427) User=0.02s Sys=0.02s Real=0.04s
[2025-10-14T10:58:49.328+0300][56.274s][info][gc,start       ] GC(428) Pause Young (Allocation Failure)
[2025-10-14T10:58:49.365+0300][56.311s][info][gc,heap        ] GC(428) DefNew: 485242K(485248K)->53882K(485248K) Eden: 431360K(431360K)->0K(431360K) From: 53882K(53888K)->53882K(53888K)
[2025-10-14T10:58:49.365+0300][56.311s][info][gc,heap        ] GC(428) Tenured: 2187828K(2187984K)->2454134K(2454288K)
[2025-10-14T10:58:49.365+0300][56.311s][info][gc,metaspace   ] GC(428) Metaspace: 3787K(3968K)->3787K(3968K) NonClass: 3370K(3456K)->3370K(3456K) Class: 416K(512K)->416K(512K)
[2025-10-14T10:58:49.365+0300][56.311s][info][gc             ] GC(428) Pause Young (Allocation Failure) 2610M->2449M(2870M) 37.091ms
[2025-10-14T10:58:49.365+0300][56.311s][info][gc,cpu         ] GC(428) User=0.01s Sys=0.02s Real=0.04s
[2025-10-14T10:58:49.392+0300][56.339s][info][gc,start       ] GC(429) Pause Young (Allocation Failure)
[2025-10-14T10:58:49.431+0300][56.378s][info][gc,heap        ] GC(429) DefNew: 485242K(485248K)->53882K(485248K) Eden: 431360K(431360K)->0K(431360K) From: 53882K(53888K)->53882K(53888K)
[2025-10-14T10:58:49.431+0300][56.378s][info][gc,heap        ] GC(429) Tenured: 2454134K(2454288K)->2720472K(2720592K)
[2025-10-14T10:58:49.431+0300][56.378s][info][gc,metaspace   ] GC(429) Metaspace: 3787K(3968K)->3787K(3968K) NonClass: 3370K(3456K)->3370K(3456K) Class: 416K(512K)->416K(512K)
[2025-10-14T10:58:49.431+0300][56.378s][info][gc             ] GC(429) Pause Young (Allocation Failure) 2870M->2709M(3130M) 39.063ms
[2025-10-14T10:58:49.431+0300][56.378s][info][gc,cpu         ] GC(429) User=0.02s Sys=0.02s Real=0.04s
[2025-10-14T10:58:49.456+0300][56.402s][info][gc,start       ] GC(430) Pause Young (Allocation Failure)
[2025-10-14T10:58:49.493+0300][56.440s][info][gc,heap        ] GC(430) DefNew: 485242K(485248K)->53882K(485248K) Eden: 431360K(431360K)->0K(431360K) From: 53882K(53888K)->53882K(53888K)
[2025-10-14T10:58:49.494+0300][56.440s][info][gc,heap        ] GC(430) Tenured: 2720472K(2720592K)->2986810K(2986896K)
[2025-10-14T10:58:49.494+0300][56.440s][info][gc,metaspace   ] GC(430) Metaspace: 3787K(3968K)->3787K(3968K) NonClass: 3370K(3456K)->3370K(3456K) Class: 416K(512K)->416K(512K)
[2025-10-14T10:58:49.494+0300][56.440s][info][gc             ] GC(430) Pause Young (Allocation Failure) 3130M->2969M(3390M) 37.593ms
[2025-10-14T10:58:49.494+0300][56.440s][info][gc,cpu         ] GC(430) User=0.02s Sys=0.02s Real=0.04s
[2025-10-14T10:58:49.520+0300][56.466s][info][gc,start       ] GC(431) Pause Young (Allocation Failure)
[2025-10-14T10:58:49.558+0300][56.504s][info][gc,heap        ] GC(431) DefNew: 485242K(485248K)->53882K(485248K) Eden: 431360K(431360K)->0K(431360K) From: 53882K(53888K)->53882K(53888K)
[2025-10-14T10:58:49.558+0300][56.504s][info][gc,heap        ] GC(431) Tenured: 2986810K(2986896K)->3253116K(3253200K)
[2025-10-14T10:58:49.558+0300][56.504s][info][gc,metaspace   ] GC(431) Metaspace: 3787K(3968K)->3787K(3968K) NonClass: 3370K(3456K)->3370K(3456K) Class: 416K(512K)->416K(512K)
[2025-10-14T10:58:49.558+0300][56.504s][info][gc             ] GC(431) Pause Young (Allocation Failure) 3390M->3229M(3650M) 37.780ms
[2025-10-14T10:58:49.558+0300][56.504s][info][gc,cpu         ] GC(431) User=0.02s Sys=0.02s Real=0.03s
[2025-10-14T10:58:49.584+0300][56.530s][info][gc,start       ] GC(432) Pause Young (Allocation Failure)
[2025-10-14T10:58:49.622+0300][56.569s][info][gc,heap        ] GC(432) DefNew: 485242K(485248K)->53882K(485248K) Eden: 431360K(431360K)->0K(431360K) From: 53882K(53888K)->53882K(53888K)
[2025-10-14T10:58:49.622+0300][56.569s][info][gc,heap        ] GC(432) Tenured: 3253116K(3253200K)->3519422K(3519504K)
[2025-10-14T10:58:49.622+0300][56.569s][info][gc,metaspace   ] GC(432) Metaspace: 3787K(3968K)->3787K(3968K) NonClass: 3370K(3456K)->3370K(3456K) Class: 416K(512K)->416K(512K)
[2025-10-14T10:58:49.622+0300][56.569s][info][gc             ] GC(432) Pause Young (Allocation Failure) 3650M->3489M(3910M) 38.486ms
[2025-10-14T10:58:49.622+0300][56.569s][info][gc,cpu         ] GC(432) User=0.02s Sys=0.02s Real=0.04s
[2025-10-14T10:58:49.662+0300][56.608s][info][gc,start       ] GC(433) Pause Young (Allocation Failure)
[2025-10-14T10:58:49.704+0300][56.651s][info][gc,heap        ] GC(433) DefNew: 485242K(485248K)->53882K(485248K) Eden: 431360K(431360K)->0K(431360K) From: 53882K(53888K)->53882K(53888K)
[2025-10-14T10:58:49.704+0300][56.651s][info][gc,heap        ] GC(433) Tenured: 3519422K(3519504K)->3785760K(3785808K)
[2025-10-14T10:58:49.704+0300][56.651s][info][gc,metaspace   ] GC(433) Metaspace: 3787K(3968K)->3787K(3968K) NonClass: 3370K(3456K)->3370K(3456K) Class: 416K(512K)->416K(512K)
[2025-10-14T10:58:49.704+0300][56.651s][info][gc             ] GC(433) Pause Young (Allocation Failure) 3910M->3749M(4170M) 42.502ms
[2025-10-14T10:58:49.704+0300][56.651s][info][gc,cpu         ] GC(433) User=0.02s Sys=0.02s Real=0.04s
[2025-10-14T10:58:49.733+0300][56.679s][info][gc,start       ] GC(434) Pause Young (Allocation Failure)
[2025-10-14T10:58:49.769+0300][56.716s][info][gc,heap        ] GC(434) DefNew: 485242K(485248K)->53882K(485248K) Eden: 431360K(431360K)->0K(431360K) From: 53882K(53888K)->53882K(53888K)
[2025-10-14T10:58:49.770+0300][56.716s][info][gc,heap        ] GC(434) Tenured: 3785760K(3785808K)->4052098K(4052112K)
[2025-10-14T10:58:49.770+0300][56.716s][info][gc,metaspace   ] GC(434) Metaspace: 3787K(3968K)->3787K(3968K) NonClass: 3370K(3456K)->3370K(3456K) Class: 416K(512K)->416K(512K)
[2025-10-14T10:58:49.770+0300][56.716s][info][gc             ] GC(434) Pause Young (Allocation Failure) 4170M->4009M(4431M) 36.911ms
[2025-10-14T10:58:49.770+0300][56.716s][info][gc,cpu         ] GC(434) User=0.02s Sys=0.02s Real=0.04s
[2025-10-14T10:58:49.798+0300][56.744s][info][gc,start       ] GC(435) Pause Young (Allocation Failure)
[2025-10-14T10:58:49.835+0300][56.781s][info][gc,heap        ] GC(435) DefNew: 485242K(485248K)->53882K(485248K) Eden: 431360K(431360K)->0K(431360K) From: 53882K(53888K)->53882K(53888K)
[2025-10-14T10:58:49.835+0300][56.781s][info][gc,heap        ] GC(435) Tenured: 4052098K(4052112K)->4318404K(4318416K)
[2025-10-14T10:58:49.835+0300][56.781s][info][gc,metaspace   ] GC(435) Metaspace: 3787K(3968K)->3787K(3968K) NonClass: 3370K(3456K)->3370K(3456K) Class: 416K(512K)->416K(512K)
[2025-10-14T10:58:49.835+0300][56.781s][info][gc             ] GC(435) Pause Young (Allocation Failure) 4430M->4269M(4691M) 37.064ms
[2025-10-14T10:58:49.835+0300][56.781s][info][gc,cpu         ] GC(435) User=0.02s Sys=0.02s Real=0.04s
[2025-10-14T10:58:49.860+0300][56.807s][info][gc,start       ] GC(436) Pause Young (Allocation Failure)
[2025-10-14T10:58:49.898+0300][56.845s][info][gc,heap        ] GC(436) DefNew: 485242K(485248K)->53882K(485248K) Eden: 431360K(431360K)->0K(431360K) From: 53882K(53888K)->53882K(53888K)
[2025-10-14T10:58:49.898+0300][56.845s][info][gc,heap        ] GC(436) Tenured: 4318404K(4318416K)->4584710K(4584720K)
[2025-10-14T10:58:49.898+0300][56.845s][info][gc,metaspace   ] GC(436) Metaspace: 3787K(3968K)->3787K(3968K) NonClass: 3370K(3456K)->3370K(3456K) Class: 416K(512K)->416K(512K)
[2025-10-14T10:58:49.898+0300][56.845s][info][gc             ] GC(436) Pause Young (Allocation Failure) 4691M->4529M(4951M) 38.151ms
[2025-10-14T10:58:49.898+0300][56.845s][info][gc,cpu         ] GC(436) User=0.02s Sys=0.03s Real=0.03s
[2025-10-14T10:58:49.924+0300][56.871s][info][gc,start       ] GC(437) Pause Young (Allocation Failure)
[2025-10-14T10:58:49.977+0300][56.924s][info][gc,heap        ] GC(437) DefNew: 485242K(485248K)->53882K(485248K) Eden: 431360K(431360K)->0K(431360K) From: 53882K(53888K)->53882K(53888K)
[2025-10-14T10:58:49.977+0300][56.924s][info][gc,heap        ] GC(437) Tenured: 4584710K(4584720K)->4851016K(4851024K)
[2025-10-14T10:58:49.977+0300][56.924s][info][gc,metaspace   ] GC(437) Metaspace: 3787K(3968K)->3787K(3968K) NonClass: 3370K(3456K)->3370K(3456K) Class: 416K(512K)->416K(512K)
[2025-10-14T10:58:49.977+0300][56.924s][info][gc             ] GC(437) Pause Young (Allocation Failure) 4951M->4789M(5211M) 53.026ms
[2025-10-14T10:58:49.977+0300][56.924s][info][gc,cpu         ] GC(437) User=0.01s Sys=0.03s Real=0.05s
[2025-10-14T10:58:50.006+0300][56.952s][info][gc,start       ] GC(438) Pause Young (Allocation Failure)
[2025-10-14T10:58:50.067+0300][57.013s][info][gc,heap        ] GC(438) DefNew: 485242K(485248K)->53882K(485248K) Eden: 431360K(431360K)->0K(431360K) From: 53882K(53888K)->53882K(53888K)
[2025-10-14T10:58:50.067+0300][57.013s][info][gc,heap        ] GC(438) Tenured: 4851016K(4851024K)->5117290K(5117328K)
[2025-10-14T10:58:50.067+0300][57.013s][info][gc,metaspace   ] GC(438) Metaspace: 3787K(3968K)->3787K(3968K) NonClass: 3370K(3456K)->3370K(3456K) Class: 416K(512K)->416K(512K)
[2025-10-14T10:58:50.067+0300][57.013s][info][gc             ] GC(438) Pause Young (Allocation Failure) 5211M->5049M(5471M) 61.345ms
[2025-10-14T10:58:50.067+0300][57.013s][info][gc,cpu         ] GC(438) User=0.02s Sys=0.04s Real=0.06s
[2025-10-14T10:58:50.093+0300][57.039s][info][gc,start       ] GC(439) Pause Young (Allocation Failure)
[2025-10-14T10:58:50.149+0300][57.095s][info][gc,heap        ] GC(439) DefNew: 485242K(485248K)->53882K(485248K) Eden: 431360K(431360K)->0K(431360K) From: 53882K(53888K)->53882K(53888K)
[2025-10-14T10:58:50.149+0300][57.095s][info][gc,heap        ] GC(439) Tenured: 5117290K(5117328K)->5383628K(5383632K)
[2025-10-14T10:58:50.149+0300][57.095s][info][gc,metaspace   ] GC(439) Metaspace: 3787K(3968K)->3787K(3968K) NonClass: 3370K(3456K)->3370K(3456K) Class: 416K(512K)->416K(512K)
[2025-10-14T10:58:50.149+0300][57.095s][info][gc             ] GC(439) Pause Young (Allocation Failure) 5471M->5310M(5731M) 56.111ms
[2025-10-14T10:58:50.149+0300][57.095s][info][gc,cpu         ] GC(439) User=0.02s Sys=0.04s Real=0.05s
[2025-10-14T10:58:50.177+0300][57.123s][info][gc,start       ] GC(440) Pause Full (Allocation Failure)
[2025-10-14T10:58:50.177+0300][57.123s][info][gc,phases,start] GC(440) Phase 1: Mark live objects
[2025-10-14T10:58:50.179+0300][57.125s][info][gc,phases      ] GC(440) Phase 1: Mark live objects 2.066ms
[2025-10-14T10:58:50.179+0300][57.125s][info][gc,phases,start] GC(440) Phase 2: Compute new object addresses
[2025-10-14T10:58:50.288+0300][57.234s][info][gc,phases      ] GC(440) Phase 2: Compute new object addresses 108.939ms
[2025-10-14T10:58:50.288+0300][57.234s][info][gc,phases,start] GC(440) Phase 3: Adjust pointers
[2025-10-14T10:58:50.291+0300][57.237s][info][gc,phases      ] GC(440) Phase 3: Adjust pointers 2.679ms
[2025-10-14T10:58:50.291+0300][57.237s][info][gc,phases,start] GC(440) Phase 4: Move objects
[2025-10-14T10:58:50.306+0300][57.252s][info][gc,phases      ] GC(440) Phase 4: Move objects 15.302ms
[2025-10-14T10:58:50.402+0300][57.349s][info][gc,heap        ] GC(440) DefNew: 485242K(485248K)->0K(485248K) Eden: 431360K(431360K)->0K(431360K) From: 53882K(53888K)->0K(53888K)
[2025-10-14T10:58:50.402+0300][57.349s][info][gc,heap        ] GC(440) Tenured: 5383628K(5383632K)->323462K(1078224K)
[2025-10-14T10:58:50.402+0300][57.349s][info][gc,metaspace   ] GC(440) Metaspace: 3787K(3968K)->3787K(3968K) NonClass: 3370K(3456K)->3370K(3456K) Class: 416K(512K)->416K(512K)
[2025-10-14T10:58:50.402+0300][57.349s][info][gc             ] GC(440) Pause Full (Allocation Failure) 5731M->315M(1526M) 225.458ms
[2025-10-14T10:58:50.402+0300][57.349s][info][gc,cpu         ] GC(440) User=0.06s Sys=0.16s Real=0.23s
[2025-10-14T10:58:50.428+0300][57.374s][info][gc,start       ] GC(441) Pause Young (Allocation Failure)
[2025-10-14T10:58:50.455+0300][57.402s][info][gc,heap        ] GC(441) DefNew: 431360K(485248K)->53882K(485248K) Eden: 431360K(431360K)->0K(431360K) From: 0K(53888K)->53882K(53888K)
[2025-10-14T10:58:50.455+0300][57.402s][info][gc,heap        ] GC(441) Tenured: 323462K(1078224K)->589800K(1078224K)
[2025-10-14T10:58:50.455+0300][57.402s][info][gc,metaspace   ] GC(441) Metaspace: 3787K(3968K)->3787K(3968K) NonClass: 3370K(3456K)->3370K(3456K) Class: 416K(512K)->416K(512K)
[2025-10-14T10:58:50.455+0300][57.402s][info][gc             ] GC(441) Pause Young (Allocation Failure) 737M->628M(1526M) 27.602ms
[2025-10-14T10:58:50.455+0300][57.402s][info][gc,cpu         ] GC(441) User=0.02s Sys=0.01s Real=0.03s
[2025-10-14T10:58:50.480+0300][57.427s][info][gc,start       ] GC(442) Pause Young (Allocation Failure)
[2025-10-14T10:58:50.501+0300][57.447s][info][gc,heap        ] GC(442) DefNew: 485242K(485248K)->53882K(485248K) Eden: 431360K(431360K)->0K(431360K) From: 53882K(53888K)->53882K(53888K)
[2025-10-14T10:58:50.501+0300][57.447s][info][gc,heap        ] GC(442) Tenured: 589800K(1078224K)->856138K(1078224K)
[2025-10-14T10:58:50.501+0300][57.447s][info][gc,metaspace   ] GC(442) Metaspace: 3787K(3968K)->3787K(3968K) NonClass: 3370K(3456K)->3370K(3456K) Class: 416K(512K)->416K(512K)
[2025-10-14T10:58:50.501+0300][57.447s][info][gc             ] GC(442) Pause Young (Allocation Failure) 1049M->888M(1526M) 20.415ms
[2025-10-14T10:58:50.501+0300][57.447s][info][gc,cpu         ] GC(442) User=0.01s Sys=0.01s Real=0.02s
[2025-10-14T10:58:50.526+0300][57.473s][info][gc,start       ] GC(443) Pause Young (Allocation Failure)
[2025-10-14T10:58:50.549+0300][57.495s][info][gc,heap        ] GC(443) DefNew: 485242K(485248K)->53882K(485248K) Eden: 431360K(431360K)->0K(431360K) From: 53882K(53888K)->53882K(53888K)
[2025-10-14T10:58:50.549+0300][57.495s][info][gc,heap        ] GC(443) Tenured: 856138K(1078224K)->1122444K(1122576K)
[2025-10-14T10:58:50.549+0300][57.495s][info][gc,metaspace   ] GC(443) Metaspace: 3787K(3968K)->3787K(3968K) NonClass: 3370K(3456K)->3370K(3456K) Class: 416K(512K)->416K(512K)
[2025-10-14T10:58:50.549+0300][57.495s][info][gc             ] GC(443) Pause Young (Allocation Failure) 1309M->1148M(1570M) 22.392ms
[2025-10-14T10:58:50.549+0300][57.495s][info][gc,cpu         ] GC(443) User=0.02s Sys=0.00s Real=0.02s
[2025-10-14T10:58:50.575+0300][57.521s][info][gc,start       ] GC(444) Pause Young (Allocation Failure)
[2025-10-14T10:58:50.613+0300][57.560s][info][gc,heap        ] GC(444) DefNew: 485242K(485248K)->53882K(485248K) Eden: 431360K(431360K)->0K(431360K) From: 53882K(53888K)->53882K(53888K)
[2025-10-14T10:58:50.613+0300][57.560s][info][gc,heap        ] GC(444) Tenured: 1122444K(1122576K)->1388782K(1388880K)
[2025-10-14T10:58:50.613+0300][57.560s][info][gc,metaspace   ] GC(444) Metaspace: 3787K(3968K)->3787K(3968K) NonClass: 3370K(3456K)->3370K(3456K) Class: 416K(512K)->416K(512K)
[2025-10-14T10:58:50.613+0300][57.560s][info][gc             ] GC(444) Pause Young (Allocation Failure) 1570M->1408M(1830M) 38.717ms
[2025-10-14T10:58:50.613+0300][57.560s][info][gc,cpu         ] GC(444) User=0.02s Sys=0.02s Real=0.04s
[2025-10-14T10:58:50.639+0300][57.586s][info][gc,start       ] GC(445) Pause Young (Allocation Failure)
[2025-10-14T10:58:50.679+0300][57.625s][info][gc,heap        ] GC(445) DefNew: 485242K(485248K)->53882K(485248K) Eden: 431360K(431360K)->0K(431360K) From: 53882K(53888K)->53882K(53888K)
[2025-10-14T10:58:50.679+0300][57.625s][info][gc,heap        ] GC(445) Tenured: 1388782K(1388880K)->1655120K(1655184K)
[2025-10-14T10:58:50.679+0300][57.625s][info][gc,metaspace   ] GC(445) Metaspace: 3787K(3968K)->3787K(3968K) NonClass: 3370K(3456K)->3370K(3456K) Class: 416K(512K)->416K(512K)
[2025-10-14T10:58:50.679+0300][57.625s][info][gc             ] GC(445) Pause Young (Allocation Failure) 1830M->1668M(2090M) 39.534ms
[2025-10-14T10:58:50.679+0300][57.625s][info][gc,cpu         ] GC(445) User=0.02s Sys=0.02s Real=0.04s
[2025-10-14T10:58:50.704+0300][57.651s][info][gc,start       ] GC(446) Pause Young (Allocation Failure)
[2025-10-14T10:58:50.742+0300][57.689s][info][gc,heap        ] GC(446) DefNew: 485242K(485248K)->53882K(485248K) Eden: 431360K(431360K)->0K(431360K) From: 53882K(53888K)->53882K(53888K)
[2025-10-14T10:58:50.742+0300][57.689s][info][gc,heap        ] GC(446) Tenured: 1655120K(1655184K)->1921458K(1921488K)
[2025-10-14T10:58:50.742+0300][57.689s][info][gc,metaspace   ] GC(446) Metaspace: 3787K(3968K)->3787K(3968K) NonClass: 3370K(3456K)->3370K(3456K) Class: 416K(512K)->416K(512K)
[2025-10-14T10:58:50.742+0300][57.689s][info][gc             ] GC(446) Pause Young (Allocation Failure) 2090M->1929M(2350M) 37.992ms
[2025-10-14T10:58:50.742+0300][57.689s][info][gc,cpu         ] GC(446) User=0.01s Sys=0.02s Real=0.04s
[2025-10-14T10:58:50.767+0300][57.713s][info][gc,start       ] GC(447) Pause Young (Allocation Failure)
[2025-10-14T10:58:50.805+0300][57.752s][info][gc,heap        ] GC(447) DefNew: 485242K(485248K)->53882K(485248K) Eden: 431360K(431360K)->0K(431360K) From: 53882K(53888K)->53882K(53888K)
[2025-10-14T10:58:50.805+0300][57.752s][info][gc,heap        ] GC(447) Tenured: 1921458K(1921488K)->2187796K(2187984K)
[2025-10-14T10:58:50.805+0300][57.752s][info][gc,metaspace   ] GC(447) Metaspace: 3787K(3968K)->3787K(3968K) NonClass: 3370K(3456K)->3370K(3456K) Class: 416K(512K)->416K(512K)
[2025-10-14T10:58:50.805+0300][57.752s][info][gc             ] GC(447) Pause Young (Allocation Failure) 2350M->2189M(2610M) 38.423ms
[2025-10-14T10:58:50.805+0300][57.752s][info][gc,cpu         ] GC(447) User=0.01s Sys=0.02s Real=0.04s
[2025-10-14T10:58:50.831+0300][57.777s][info][gc,start       ] GC(448) Pause Young (Allocation Failure)
[2025-10-14T10:58:50.870+0300][57.816s][info][gc,heap        ] GC(448) DefNew: 485242K(485248K)->53882K(485248K) Eden: 431360K(431360K)->0K(431360K) From: 53882K(53888K)->53882K(53888K)
[2025-10-14T10:58:50.870+0300][57.816s][info][gc,heap        ] GC(448) Tenured: 2187796K(2187984K)->2454134K(2454288K)
[2025-10-14T10:58:50.870+0300][57.816s][info][gc,metaspace   ] GC(448) Metaspace: 3787K(3968K)->3787K(3968K) NonClass: 3370K(3456K)->3370K(3456K) Class: 416K(512K)->416K(512K)
[2025-10-14T10:58:50.870+0300][57.817s][info][gc             ] GC(448) Pause Young (Allocation Failure) 2610M->2449M(2870M) 39.476ms
[2025-10-14T10:58:50.870+0300][57.817s][info][gc,cpu         ] GC(448) User=0.01s Sys=0.02s Real=0.04s
[2025-10-14T10:58:50.897+0300][57.843s][info][gc,start       ] GC(449) Pause Young (Allocation Failure)
[2025-10-14T10:58:50.934+0300][57.881s][info][gc,heap        ] GC(449) DefNew: 485242K(485248K)->53882K(485248K) Eden: 431360K(431360K)->0K(431360K) From: 53882K(53888K)->53882K(53888K)
[2025-10-14T10:58:50.934+0300][57.881s][info][gc,heap        ] GC(449) Tenured: 2454134K(2454288K)->2720440K(2720592K)
[2025-10-14T10:58:50.934+0300][57.881s][info][gc,metaspace   ] GC(449) Metaspace: 3787K(3968K)->3787K(3968K) NonClass: 3370K(3456K)->3370K(3456K) Class: 416K(512K)->416K(512K)
[2025-10-14T10:58:50.934+0300][57.881s][info][gc             ] GC(449) Pause Young (Allocation Failure) 2870M->2709M(3130M) 37.840ms
[2025-10-14T10:58:50.935+0300][57.881s][info][gc,cpu         ] GC(449) User=0.02s Sys=0.02s Real=0.04s
[2025-10-14T10:58:50.959+0300][57.906s][info][gc,start       ] GC(450) Pause Young (Allocation Failure)
[2025-10-14T10:58:50.997+0300][57.943s][info][gc,heap        ] GC(450) DefNew: 485242K(485248K)->53882K(485248K) Eden: 431360K(431360K)->0K(431360K) From: 53882K(53888K)->53882K(53888K)
[2025-10-14T10:58:50.997+0300][57.943s][info][gc,heap        ] GC(450) Tenured: 2720440K(2720592K)->2986778K(2986896K)
[2025-10-14T10:58:50.997+0300][57.943s][info][gc,metaspace   ] GC(450) Metaspace: 3787K(3968K)->3787K(3968K) NonClass: 3370K(3456K)->3370K(3456K) Class: 416K(512K)->416K(512K)
[2025-10-14T10:58:50.997+0300][57.943s][info][gc             ] GC(450) Pause Young (Allocation Failure) 3130M->2969M(3390M) 37.463ms
[2025-10-14T10:58:50.997+0300][57.943s][info][gc,cpu         ] GC(450) User=0.02s Sys=0.02s Real=0.04s
[2025-10-14T10:58:51.022+0300][57.969s][info][gc,start       ] GC(451) Pause Young (Allocation Failure)
[2025-10-14T10:58:51.063+0300][58.009s][info][gc,heap        ] GC(451) DefNew: 485242K(485248K)->53882K(485248K) Eden: 431360K(431360K)->0K(431360K) From: 53882K(53888K)->53882K(53888K)
[2025-10-14T10:58:51.063+0300][58.009s][info][gc,heap        ] GC(451) Tenured: 2986778K(2986896K)->3253084K(3253200K)
[2025-10-14T10:58:51.063+0300][58.009s][info][gc,metaspace   ] GC(451) Metaspace: 3787K(3968K)->3787K(3968K) NonClass: 3370K(3456K)->3370K(3456K) Class: 416K(512K)->416K(512K)
[2025-10-14T10:58:51.063+0300][58.009s][info][gc             ] GC(451) Pause Young (Allocation Failure) 3390M->3229M(3650M) 40.379ms
[2025-10-14T10:58:51.063+0300][58.009s][info][gc,cpu         ] GC(451) User=0.02s Sys=0.02s Real=0.04s
[2025-10-14T10:58:51.087+0300][58.034s][info][gc,start       ] GC(452) Pause Young (Allocation Failure)
[2025-10-14T10:58:51.128+0300][58.074s][info][gc,heap        ] GC(452) DefNew: 485242K(485248K)->53882K(485248K) Eden: 431360K(431360K)->0K(431360K) From: 53882K(53888K)->53882K(53888K)
[2025-10-14T10:58:51.128+0300][58.074s][info][gc,heap        ] GC(452) Tenured: 3253084K(3253200K)->3519422K(3519504K)
[2025-10-14T10:58:51.128+0300][58.074s][info][gc,metaspace   ] GC(452) Metaspace: 3787K(3968K)->3787K(3968K) NonClass: 3370K(3456K)->3370K(3456K) Class: 416K(512K)->416K(512K)
[2025-10-14T10:58:51.128+0300][58.074s][info][gc             ] GC(452) Pause Young (Allocation Failure) 3650M->3489M(3910M) 40.389ms
[2025-10-14T10:58:51.128+0300][58.074s][info][gc,cpu         ] GC(452) User=0.02s Sys=0.03s Real=0.04s
[2025-10-14T10:58:51.159+0300][58.106s][info][gc,start       ] GC(453) Pause Young (Allocation Failure)
[2025-10-14T10:58:51.197+0300][58.144s][info][gc,heap        ] GC(453) DefNew: 485242K(485248K)->53882K(485248K) Eden: 431360K(431360K)->0K(431360K) From: 53882K(53888K)->53882K(53888K)
[2025-10-14T10:58:51.197+0300][58.144s][info][gc,heap        ] GC(453) Tenured: 3519422K(3519504K)->3785760K(3785808K)
[2025-10-14T10:58:51.198+0300][58.144s][info][gc,metaspace   ] GC(453) Metaspace: 3787K(3968K)->3787K(3968K) NonClass: 3370K(3456K)->3370K(3456K) Class: 416K(512K)->416K(512K)
[2025-10-14T10:58:51.198+0300][58.144s][info][gc             ] GC(453) Pause Young (Allocation Failure) 3910M->3749M(4170M) 38.052ms
[2025-10-14T10:58:51.198+0300][58.144s][info][gc,cpu         ] GC(453) User=0.02s Sys=0.02s Real=0.04s
[2025-10-14T10:58:51.221+0300][58.168s][info][gc,start       ] GC(454) Pause Young (Allocation Failure)
[2025-10-14T10:58:51.262+0300][58.208s][info][gc,heap        ] GC(454) DefNew: 485242K(485248K)->53882K(485248K) Eden: 431360K(431360K)->0K(431360K) From: 53882K(53888K)->53882K(53888K)
[2025-10-14T10:58:51.262+0300][58.208s][info][gc,heap        ] GC(454) Tenured: 3785760K(3785808K)->4052098K(4052112K)
[2025-10-14T10:58:51.262+0300][58.208s][info][gc,metaspace   ] GC(454) Metaspace: 3787K(3968K)->3787K(3968K) NonClass: 3370K(3456K)->3370K(3456K) Class: 416K(512K)->416K(512K)
[2025-10-14T10:58:51.262+0300][58.208s][info][gc             ] GC(454) Pause Young (Allocation Failure) 4170M->4009M(4431M) 40.413ms
[2025-10-14T10:58:51.262+0300][58.208s][info][gc,cpu         ] GC(454) User=0.02s Sys=0.03s Real=0.04s
[2025-10-14T10:58:51.286+0300][58.232s][info][gc,start       ] GC(455) Pause Young (Allocation Failure)
[2025-10-14T10:58:51.323+0300][58.270s][info][gc,heap        ] GC(455) DefNew: 485242K(485248K)->53882K(485248K) Eden: 431360K(431360K)->0K(431360K) From: 53882K(53888K)->53882K(53888K)
[2025-10-14T10:58:51.323+0300][58.270s][info][gc,heap        ] GC(455) Tenured: 4052098K(4052112K)->4318436K(4318608K)
[2025-10-14T10:58:51.323+0300][58.270s][info][gc,metaspace   ] GC(455) Metaspace: 3787K(3968K)->3787K(3968K) NonClass: 3370K(3456K)->3370K(3456K) Class: 416K(512K)->416K(512K)
[2025-10-14T10:58:51.323+0300][58.270s][info][gc             ] GC(455) Pause Young (Allocation Failure) 4430M->4269M(4691M) 37.372ms
[2025-10-14T10:58:51.323+0300][58.270s][info][gc,cpu         ] GC(455) User=0.02s Sys=0.02s Real=0.04s
[2025-10-14T10:58:51.348+0300][58.294s][info][gc,start       ] GC(456) Pause Young (Allocation Failure)
[2025-10-14T10:58:51.392+0300][58.338s][info][gc,heap        ] GC(456) DefNew: 485242K(485248K)->53882K(485248K) Eden: 431360K(431360K)->0K(431360K) From: 53882K(53888K)->53882K(53888K)
[2025-10-14T10:58:51.392+0300][58.338s][info][gc,heap        ] GC(456) Tenured: 4318436K(4318608K)->4584774K(4584912K)
[2025-10-14T10:58:51.392+0300][58.338s][info][gc,metaspace   ] GC(456) Metaspace: 3787K(3968K)->3787K(3968K) NonClass: 3370K(3456K)->3370K(3456K) Class: 416K(512K)->416K(512K)
[2025-10-14T10:58:51.392+0300][58.338s][info][gc             ] GC(456) Pause Young (Allocation Failure) 4691M->4529M(4951M) 43.908ms
[2025-10-14T10:58:51.392+0300][58.338s][info][gc,cpu         ] GC(456) User=0.02s Sys=0.03s Real=0.05s
[2025-10-14T10:58:51.415+0300][58.362s][info][gc,start       ] GC(457) Pause Young (Allocation Failure)
[2025-10-14T10:58:51.485+0300][58.431s][info][gc,heap        ] GC(457) DefNew: 485242K(485248K)->53882K(485248K) Eden: 431360K(431360K)->0K(431360K) From: 53882K(53888K)->53882K(53888K)
[2025-10-14T10:58:51.485+0300][58.431s][info][gc,heap        ] GC(457) Tenured: 4584774K(4584912K)->4851080K(4851216K)
[2025-10-14T10:58:51.485+0300][58.431s][info][gc,metaspace   ] GC(457) Metaspace: 3787K(3968K)->3787K(3968K) NonClass: 3370K(3456K)->3370K(3456K) Class: 416K(512K)->416K(512K)
[2025-10-14T10:58:51.485+0300][58.431s][info][gc             ] GC(457) Pause Young (Allocation Failure) 4951M->4790M(5211M) 69.159ms
[2025-10-14T10:58:51.485+0300][58.431s][info][gc,cpu         ] GC(457) User=0.02s Sys=0.03s Real=0.07s
[2025-10-14T10:58:51.509+0300][58.456s][info][gc,start       ] GC(458) Pause Young (Allocation Failure)
[2025-10-14T10:58:51.575+0300][58.522s][info][gc,heap        ] GC(458) DefNew: 485242K(485248K)->53882K(485248K) Eden: 431360K(431360K)->0K(431360K) From: 53882K(53888K)->53882K(53888K)
[2025-10-14T10:58:51.575+0300][58.522s][info][gc,heap        ] GC(458) Tenured: 4851080K(4851216K)->5117386K(5117520K)
[2025-10-14T10:58:51.575+0300][58.522s][info][gc,metaspace   ] GC(458) Metaspace: 3787K(3968K)->3787K(3968K) NonClass: 3370K(3456K)->3370K(3456K) Class: 416K(512K)->416K(512K)
[2025-10-14T10:58:51.575+0300][58.522s][info][gc             ] GC(458) Pause Young (Allocation Failure) 5211M->5050M(5471M) 66.232ms
[2025-10-14T10:58:51.575+0300][58.522s][info][gc,cpu         ] GC(458) User=0.02s Sys=0.03s Real=0.07s
[2025-10-14T10:58:51.602+0300][58.549s][info][gc,start       ] GC(459) Pause Young (Allocation Failure)
[2025-10-14T10:58:51.655+0300][58.601s][info][gc,heap        ] GC(459) DefNew: 485242K(485248K)->53882K(485248K) Eden: 431360K(431360K)->0K(431360K) From: 53882K(53888K)->53882K(53888K)
[2025-10-14T10:58:51.655+0300][58.601s][info][gc,heap        ] GC(459) Tenured: 5117386K(5117520K)->5383692K(5383824K)
[2025-10-14T10:58:51.655+0300][58.601s][info][gc,metaspace   ] GC(459) Metaspace: 3787K(3968K)->3787K(3968K) NonClass: 3370K(3456K)->3370K(3456K) Class: 416K(512K)->416K(512K)
[2025-10-14T10:58:51.655+0300][58.601s][info][gc             ] GC(459) Pause Young (Allocation Failure) 5471M->5310M(5731M) 52.340ms
[2025-10-14T10:58:51.655+0300][58.601s][info][gc,cpu         ] GC(459) User=0.02s Sys=0.03s Real=0.05s
[2025-10-14T10:58:51.681+0300][58.628s][info][gc,start       ] GC(460) Pause Full (Allocation Failure)
[2025-10-14T10:58:51.681+0300][58.628s][info][gc,phases,start] GC(460) Phase 1: Mark live objects
[2025-10-14T10:58:51.684+0300][58.630s][info][gc,phases      ] GC(460) Phase 1: Mark live objects 2.391ms
[2025-10-14T10:58:51.684+0300][58.630s][info][gc,phases,start] GC(460) Phase 2: Compute new object addresses
[2025-10-14T10:58:51.827+0300][58.773s][info][gc,phases      ] GC(460) Phase 2: Compute new object addresses 143.278ms
[2025-10-14T10:58:51.827+0300][58.774s][info][gc,phases,start] GC(460) Phase 3: Adjust pointers
[2025-10-14T10:58:51.830+0300][58.776s][info][gc,phases      ] GC(460) Phase 3: Adjust pointers 2.889ms
[2025-10-14T10:58:51.830+0300][58.776s][info][gc,phases,start] GC(460) Phase 4: Move objects
[2025-10-14T10:58:51.870+0300][58.817s][info][gc,phases      ] GC(460) Phase 4: Move objects 40.144ms
[2025-10-14T10:58:51.974+0300][58.920s][info][gc,heap        ] GC(460) DefNew: 485242K(485248K)->0K(485120K) Eden: 431360K(431360K)->0K(431232K) From: 53882K(53888K)->0K(53888K)
[2025-10-14T10:58:51.974+0300][58.920s][info][gc,heap        ] GC(460) Tenured: 5383692K(5383824K)->323398K(1078000K)
[2025-10-14T10:58:51.974+0300][58.920s][info][gc,metaspace   ] GC(460) Metaspace: 3787K(3968K)->3787K(3968K) NonClass: 3370K(3456K)->3370K(3456K) Class: 416K(512K)->416K(512K)
[2025-10-14T10:58:51.974+0300][58.920s][info][gc             ] GC(460) Pause Full (Allocation Failure) 5731M->315M(1526M) 292.569ms
[2025-10-14T10:58:51.974+0300][58.920s][info][gc,cpu         ] GC(460) User=0.07s Sys=0.21s Real=0.29s
[2025-10-14T10:58:52.000+0300][58.947s][info][gc,start       ] GC(461) Pause Young (Allocation Failure)
[2025-10-14T10:58:52.017+0300][58.964s][info][gc,heap        ] GC(461) DefNew: 431232K(485120K)->53882K(485120K) Eden: 431232K(431232K)->0K(431232K) From: 0K(53888K)->53882K(53888K)
[2025-10-14T10:58:52.017+0300][58.964s][info][gc,heap        ] GC(461) Tenured: 323398K(1078000K)->589704K(1078000K)
[2025-10-14T10:58:52.017+0300][58.964s][info][gc,metaspace   ] GC(461) Metaspace: 3787K(3968K)->3787K(3968K) NonClass: 3370K(3456K)->3370K(3456K) Class: 416K(512K)->416K(512K)
[2025-10-14T10:58:52.018+0300][58.964s][info][gc             ] GC(461) Pause Young (Allocation Failure) 736M->628M(1526M) 17.072ms
[2025-10-14T10:58:52.018+0300][58.964s][info][gc,cpu         ] GC(461) User=0.02s Sys=0.00s Real=0.01s
[2025-10-14T10:58:52.043+0300][58.990s][info][gc,start       ] GC(462) Pause Young (Allocation Failure)
[2025-10-14T10:58:52.067+0300][59.014s][info][gc,heap        ] GC(462) DefNew: 485114K(485120K)->53882K(485120K) Eden: 431232K(431232K)->0K(431232K) From: 53882K(53888K)->53882K(53888K)
[2025-10-14T10:58:52.067+0300][59.014s][info][gc,heap        ] GC(462) Tenured: 589704K(1078000K)->856042K(1078000K)
[2025-10-14T10:58:52.067+0300][59.014s][info][gc,metaspace   ] GC(462) Metaspace: 3787K(3968K)->3787K(3968K) NonClass: 3370K(3456K)->3370K(3456K) Class: 416K(512K)->416K(512K)
[2025-10-14T10:58:52.067+0300][59.014s][info][gc             ] GC(462) Pause Young (Allocation Failure) 1049M->888M(1526M) 24.272ms
[2025-10-14T10:58:52.067+0300][59.014s][info][gc,cpu         ] GC(462) User=0.02s Sys=0.01s Real=0.02s
[2025-10-14T10:58:52.093+0300][59.039s][info][gc,start       ] GC(463) Pause Young (Allocation Failure)
[2025-10-14T10:58:52.122+0300][59.068s][info][gc,heap        ] GC(463) DefNew: 485114K(485120K)->53882K(485120K) Eden: 431232K(431232K)->0K(431232K) From: 53882K(53888K)->53882K(53888K)
[2025-10-14T10:58:52.122+0300][59.068s][info][gc,heap        ] GC(463) Tenured: 856042K(1078000K)->1122348K(1122352K)
[2025-10-14T10:58:52.122+0300][59.068s][info][gc,metaspace   ] GC(463) Metaspace: 3787K(3968K)->3787K(3968K) NonClass: 3370K(3456K)->3370K(3456K) Class: 416K(512K)->416K(512K)
[2025-10-14T10:58:52.122+0300][59.068s][info][gc             ] GC(463) Pause Young (Allocation Failure) 1309M->1148M(1569M) 28.955ms
[2025-10-14T10:58:52.122+0300][59.068s][info][gc,cpu         ] GC(463) User=0.02s Sys=0.01s Real=0.03s
[2025-10-14T10:58:52.147+0300][59.094s][info][gc,start       ] GC(464) Pause Young (Allocation Failure)
[2025-10-14T10:58:52.185+0300][59.131s][info][gc,heap        ] GC(464) DefNew: 485114K(485120K)->53882K(485120K) Eden: 431232K(431232K)->0K(431232K) From: 53882K(53888K)->53882K(53888K)
[2025-10-14T10:58:52.185+0300][59.131s][info][gc,heap        ] GC(464) Tenured: 1122348K(1122352K)->1388654K(1388656K)
[2025-10-14T10:58:52.185+0300][59.131s][info][gc,metaspace   ] GC(464) Metaspace: 3787K(3968K)->3787K(3968K) NonClass: 3370K(3456K)->3370K(3456K) Class: 416K(512K)->416K(512K)
[2025-10-14T10:58:52.185+0300][59.132s][info][gc             ] GC(464) Pause Young (Allocation Failure) 1569M->1408M(1829M) 37.993ms
[2025-10-14T10:58:52.185+0300][59.132s][info][gc,cpu         ] GC(464) User=0.01s Sys=0.02s Real=0.04s
[2025-10-14T10:58:52.209+0300][59.155s][info][gc,start       ] GC(465) Pause Young (Allocation Failure)
[2025-10-14T10:58:52.249+0300][59.195s][info][gc,heap        ] GC(465) DefNew: 485114K(485120K)->53882K(485120K) Eden: 431232K(431232K)->0K(431232K) From: 53882K(53888K)->53882K(53888K)
[2025-10-14T10:58:52.249+0300][59.195s][info][gc,heap        ] GC(465) Tenured: 1388654K(1388656K)->1654960K(1655152K)
[2025-10-14T10:58:52.249+0300][59.195s][info][gc,metaspace   ] GC(465) Metaspace: 3787K(3968K)->3787K(3968K) NonClass: 3370K(3456K)->3370K(3456K) Class: 416K(512K)->416K(512K)
[2025-10-14T10:58:52.249+0300][59.195s][info][gc             ] GC(465) Pause Young (Allocation Failure) 1829M->1668M(2090M) 39.944ms
[2025-10-14T10:58:52.249+0300][59.195s][info][gc,cpu         ] GC(465) User=0.02s Sys=0.02s Real=0.04s
[2025-10-14T10:58:52.273+0300][59.219s][info][gc,start       ] GC(466) Pause Young (Allocation Failure)
[2025-10-14T10:58:52.311+0300][59.258s][info][gc,heap        ] GC(466) DefNew: 485114K(485120K)->53882K(485120K) Eden: 431232K(431232K)->0K(431232K) From: 53882K(53888K)->53882K(53888K)
[2025-10-14T10:58:52.311+0300][59.258s][info][gc,heap        ] GC(466) Tenured: 1654960K(1655152K)->1921234K(1921264K)
[2025-10-14T10:58:52.312+0300][59.258s][info][gc,metaspace   ] GC(466) Metaspace: 3787K(3968K)->3787K(3968K) NonClass: 3370K(3456K)->3370K(3456K) Class: 416K(512K)->416K(512K)
[2025-10-14T10:58:52.312+0300][59.258s][info][gc             ] GC(466) Pause Young (Allocation Failure) 2089M->1928M(2349M) 39.030ms
[2025-10-14T10:58:52.312+0300][59.258s][info][gc,cpu         ] GC(466) User=0.02s Sys=0.02s Real=0.04s
[2025-10-14T10:58:52.336+0300][59.282s][info][gc,start       ] GC(467) Pause Young (Allocation Failure)
[2025-10-14T10:58:52.374+0300][59.320s][info][gc,heap        ] GC(467) DefNew: 485114K(485120K)->53882K(485120K) Eden: 431232K(431232K)->0K(431232K) From: 53882K(53888K)->53882K(53888K)
[2025-10-14T10:58:52.374+0300][59.320s][info][gc,heap        ] GC(467) Tenured: 1921234K(1921264K)->2187540K(2187568K)
[2025-10-14T10:58:52.374+0300][59.320s][info][gc,metaspace   ] GC(467) Metaspace: 3787K(3968K)->3787K(3968K) NonClass: 3370K(3456K)->3370K(3456K) Class: 416K(512K)->416K(512K)
[2025-10-14T10:58:52.374+0300][59.320s][info][gc             ] GC(467) Pause Young (Allocation Failure) 2349M->2188M(2610M) 38.192ms
[2025-10-14T10:58:52.374+0300][59.320s][info][gc,cpu         ] GC(467) User=0.02s Sys=0.02s Real=0.04s
[2025-10-14T10:58:52.397+0300][59.344s][info][gc,start       ] GC(468) Pause Young (Allocation Failure)
[2025-10-14T10:58:52.437+0300][59.383s][info][gc,heap        ] GC(468) DefNew: 485114K(485120K)->53882K(485120K) Eden: 431232K(431232K)->0K(431232K) From: 53882K(53888K)->53882K(53888K)
[2025-10-14T10:58:52.437+0300][59.383s][info][gc,heap        ] GC(468) Tenured: 2187540K(2187568K)->2453846K(2453872K)
[2025-10-14T10:58:52.437+0300][59.383s][info][gc,metaspace   ] GC(468) Metaspace: 3787K(3968K)->3787K(3968K) NonClass: 3370K(3456K)->3370K(3456K) Class: 416K(512K)->416K(512K)
[2025-10-14T10:58:52.437+0300][59.383s][info][gc             ] GC(468) Pause Young (Allocation Failure) 2610M->2448M(2870M) 39.258ms
[2025-10-14T10:58:52.437+0300][59.383s][info][gc,cpu         ] GC(468) User=0.02s Sys=0.02s Real=0.04s
[2025-10-14T10:58:52.464+0300][59.411s][info][gc,start       ] GC(469) Pause Young (Allocation Failure)
[2025-10-14T10:58:52.504+0300][59.451s][info][gc,heap        ] GC(469) DefNew: 485114K(485120K)->53882K(485120K) Eden: 431232K(431232K)->0K(431232K) From: 53882K(53888K)->53882K(53888K)
[2025-10-14T10:58:52.504+0300][59.451s][info][gc,heap        ] GC(469) Tenured: 2453846K(2453872K)->2720184K(2720368K)
[2025-10-14T10:58:52.504+0300][59.451s][info][gc,metaspace   ] GC(469) Metaspace: 3787K(3968K)->3787K(3968K) NonClass: 3370K(3456K)->3370K(3456K) Class: 416K(512K)->416K(512K)
[2025-10-14T10:58:52.504+0300][59.451s][info][gc             ] GC(469) Pause Young (Allocation Failure) 2870M->2709M(3130M) 40.168ms
[2025-10-14T10:58:52.504+0300][59.451s][info][gc,cpu         ] GC(469) User=0.01s Sys=0.02s Real=0.04s
[2025-10-14T10:58:52.529+0300][59.476s][info][gc,start       ] GC(470) Pause Young (Allocation Failure)
[2025-10-14T10:58:52.577+0300][59.523s][info][gc,heap        ] GC(470) DefNew: 485114K(485120K)->53882K(485120K) Eden: 431232K(431232K)->0K(431232K) From: 53882K(53888K)->53882K(53888K)
[2025-10-14T10:58:52.577+0300][59.523s][info][gc,heap        ] GC(470) Tenured: 2720184K(2720368K)->2986490K(2986672K)
[2025-10-14T10:58:52.577+0300][59.523s][info][gc,metaspace   ] GC(470) Metaspace: 3787K(3968K)->3787K(3968K) NonClass: 3370K(3456K)->3370K(3456K) Class: 416K(512K)->416K(512K)
[2025-10-14T10:58:52.577+0300][59.523s][info][gc             ] GC(470) Pause Young (Allocation Failure) 3130M->2969M(3390M) 47.867ms
[2025-10-14T10:58:52.577+0300][59.523s][info][gc,cpu         ] GC(470) User=0.01s Sys=0.02s Real=0.05s
[2025-10-14T10:58:52.613+0300][59.559s][info][gc,start       ] GC(471) Pause Young (Allocation Failure)
[2025-10-14T10:58:52.653+0300][59.599s][info][gc,heap        ] GC(471) DefNew: 485114K(485120K)->53882K(485120K) Eden: 431232K(431232K)->0K(431232K) From: 53882K(53888K)->53882K(53888K)
[2025-10-14T10:58:52.653+0300][59.599s][info][gc,heap        ] GC(471) Tenured: 2986490K(2986672K)->3252828K(3252976K)
[2025-10-14T10:58:52.653+0300][59.599s][info][gc,metaspace   ] GC(471) Metaspace: 3787K(3968K)->3787K(3968K) NonClass: 3370K(3456K)->3370K(3456K) Class: 416K(512K)->416K(512K)
[2025-10-14T10:58:52.653+0300][59.599s][info][gc             ] GC(471) Pause Young (Allocation Failure) 3390M->3229M(3650M) 39.846ms
[2025-10-14T10:58:52.653+0300][59.599s][info][gc,cpu         ] GC(471) User=0.02s Sys=0.03s Real=0.04s
[2025-10-14T10:58:52.679+0300][59.625s][info][gc,start       ] GC(472) Pause Young (Allocation Failure)
[2025-10-14T10:58:52.717+0300][59.663s][info][gc,heap        ] GC(472) DefNew: 485114K(485120K)->53882K(485120K) Eden: 431232K(431232K)->0K(431232K) From: 53882K(53888K)->53882K(53888K)
[2025-10-14T10:58:52.717+0300][59.664s][info][gc,heap        ] GC(472) Tenured: 3252828K(3252976K)->3519134K(3519280K)
[2025-10-14T10:58:52.717+0300][59.664s][info][gc,metaspace   ] GC(472) Metaspace: 3787K(3968K)->3787K(3968K) NonClass: 3370K(3456K)->3370K(3456K) Class: 416K(512K)->416K(512K)
[2025-10-14T10:58:52.717+0300][59.664s][info][gc             ] GC(472) Pause Young (Allocation Failure) 3650M->3489M(3910M) 38.312ms
[2025-10-14T10:58:52.717+0300][59.664s][info][gc,cpu         ] GC(472) User=0.02s Sys=0.02s Real=0.04s
[2025-10-14T10:58:52.744+0300][59.690s][info][gc,start       ] GC(473) Pause Young (Allocation Failure)
[2025-10-14T10:58:52.783+0300][59.730s][info][gc,heap        ] GC(473) DefNew: 485114K(485120K)->53882K(485120K) Eden: 431232K(431232K)->0K(431232K) From: 53882K(53888K)->53882K(53888K)
[2025-10-14T10:58:52.783+0300][59.730s][info][gc,heap        ] GC(473) Tenured: 3519134K(3519280K)->3785440K(3785584K)
[2025-10-14T10:58:52.783+0300][59.730s][info][gc,metaspace   ] GC(473) Metaspace: 3787K(3968K)->3787K(3968K) NonClass: 3370K(3456K)->3370K(3456K) Class: 416K(512K)->416K(512K)
[2025-10-14T10:58:52.783+0300][59.730s][info][gc             ] GC(473) Pause Young (Allocation Failure) 3910M->3749M(4170M) 39.469ms
[2025-10-14T10:58:52.783+0300][59.730s][info][gc,cpu         ] GC(473) User=0.02s Sys=0.02s Real=0.04s
[2025-10-14T10:58:52.810+0300][59.756s][info][gc,start       ] GC(474) Pause Young (Allocation Failure)
[2025-10-14T10:58:52.850+0300][59.797s][info][gc,heap        ] GC(474) DefNew: 485114K(485120K)->53882K(485120K) Eden: 431232K(431232K)->0K(431232K) From: 53882K(53888K)->53882K(53888K)
[2025-10-14T10:58:52.850+0300][59.797s][info][gc,heap        ] GC(474) Tenured: 3785440K(3785584K)->4051778K(4051888K)
[2025-10-14T10:58:52.850+0300][59.797s][info][gc,metaspace   ] GC(474) Metaspace: 3787K(3968K)->3787K(3968K) NonClass: 3370K(3456K)->3370K(3456K) Class: 416K(512K)->416K(512K)
[2025-10-14T10:58:52.850+0300][59.797s][info][gc             ] GC(474) Pause Young (Allocation Failure) 4170M->4009M(4430M) 40.719ms
[2025-10-14T10:58:52.850+0300][59.797s][info][gc,cpu         ] GC(474) User=0.02s Sys=0.02s Real=0.04s
[2025-10-14T10:58:52.877+0300][59.824s][info][gc,start       ] GC(475) Pause Young (Allocation Failure)
[2025-10-14T10:58:52.918+0300][59.864s][info][gc,heap        ] GC(475) DefNew: 485114K(485120K)->53882K(485120K) Eden: 431232K(431232K)->0K(431232K) From: 53882K(53888K)->53882K(53888K)
[2025-10-14T10:58:52.918+0300][59.864s][info][gc,heap        ] GC(475) Tenured: 4051778K(4051888K)->4318084K(4318192K)
[2025-10-14T10:58:52.918+0300][59.864s][info][gc,metaspace   ] GC(475) Metaspace: 3787K(3968K)->3787K(3968K) NonClass: 3370K(3456K)->3370K(3456K) Class: 416K(512K)->416K(512K)
[2025-10-14T10:58:52.918+0300][59.864s][info][gc             ] GC(475) Pause Young (Allocation Failure) 4430M->4269M(4690M) 40.499ms
[2025-10-14T10:58:52.918+0300][59.864s][info][gc,cpu         ] GC(475) User=0.02s Sys=0.02s Real=0.04s
[2025-10-14T10:58:52.947+0300][59.893s][info][gc,start       ] GC(476) Pause Young (Allocation Failure)
[2025-10-14T10:58:52.992+0300][59.939s][info][gc,heap        ] GC(476) DefNew: 485114K(485120K)->53882K(485120K) Eden: 431232K(431232K)->0K(431232K) From: 53882K(53888K)->53882K(53888K)
[2025-10-14T10:58:52.992+0300][59.939s][info][gc,heap        ] GC(476) Tenured: 4318084K(4318192K)->4584358K(4584496K)
[2025-10-14T10:58:52.992+0300][59.939s][info][gc,metaspace   ] GC(476) Metaspace: 3787K(3968K)->3787K(3968K) NonClass: 3370K(3456K)->3370K(3456K) Class: 416K(512K)->416K(512K)
[2025-10-14T10:58:52.992+0300][59.939s][info][gc             ] GC(476) Pause Young (Allocation Failure) 4690M->4529M(4950M) 45.335ms
[2025-10-14T10:58:52.992+0300][59.939s][info][gc,cpu         ] GC(476) User=0.02s Sys=0.02s Real=0.05s
[2025-10-14T10:58:53.018+0300][59.965s][info][gc,start       ] GC(477) Pause Young (Allocation Failure)
[2025-10-14T10:58:53.061+0300][60.007s][info][gc,heap        ] GC(477) DefNew: 485114K(485120K)->53882K(485120K) Eden: 431232K(431232K)->0K(431232K) From: 53882K(53888K)->53882K(53888K)
[2025-10-14T10:58:53.061+0300][60.008s][info][gc,heap        ] GC(477) Tenured: 4584358K(4584496K)->4850664K(4850800K)
[2025-10-14T10:58:53.061+0300][60.008s][info][gc,metaspace   ] GC(477) Metaspace: 3787K(3968K)->3787K(3968K) NonClass: 3370K(3456K)->3370K(3456K) Class: 416K(512K)->416K(512K)
[2025-10-14T10:58:53.061+0300][60.008s][info][gc             ] GC(477) Pause Young (Allocation Failure) 4950M->4789M(5210M) 43.049ms
[2025-10-14T10:58:53.061+0300][60.008s][info][gc,cpu         ] GC(477) User=0.02s Sys=0.02s Real=0.05s
[2025-10-14T10:58:53.090+0300][60.036s][info][gc,start       ] GC(478) Pause Young (Allocation Failure)
[2025-10-14T10:58:53.160+0300][60.106s][info][gc,heap        ] GC(478) DefNew: 485114K(485120K)->53882K(485120K) Eden: 431232K(431232K)->0K(431232K) From: 53882K(53888K)->53882K(53888K)
[2025-10-14T10:58:53.160+0300][60.106s][info][gc,heap        ] GC(478) Tenured: 4850664K(4850800K)->5117002K(5117104K)
[2025-10-14T10:58:53.160+0300][60.106s][info][gc,metaspace   ] GC(478) Metaspace: 3787K(3968K)->3787K(3968K) NonClass: 3370K(3456K)->3370K(3456K) Class: 416K(512K)->416K(512K)
[2025-10-14T10:58:53.160+0300][60.106s][info][gc             ] GC(478) Pause Young (Allocation Failure) 5210M->5049M(5470M) 70.497ms
[2025-10-14T10:58:53.160+0300][60.106s][info][gc,cpu         ] GC(478) User=0.03s Sys=0.03s Real=0.07s
[2025-10-14T10:58:53.188+0300][60.134s][info][gc,start       ] GC(479) Pause Young (Allocation Failure)
[2025-10-14T10:58:53.247+0300][60.194s][info][gc,heap        ] GC(479) DefNew: 485114K(485120K)->53882K(485120K) Eden: 431232K(431232K)->0K(431232K) From: 53882K(53888K)->53882K(53888K)
[2025-10-14T10:58:53.248+0300][60.194s][info][gc,heap        ] GC(479) Tenured: 5117002K(5117104K)->5383340K(5383408K)
[2025-10-14T10:58:53.248+0300][60.194s][info][gc,metaspace   ] GC(479) Metaspace: 3787K(3968K)->3787K(3968K) NonClass: 3370K(3456K)->3370K(3456K) Class: 416K(512K)->416K(512K)
[2025-10-14T10:58:53.248+0300][60.194s][info][gc             ] GC(479) Pause Young (Allocation Failure) 5470M->5309M(5730M) 59.913ms
[2025-10-14T10:58:53.248+0300][60.194s][info][gc,cpu         ] GC(479) User=0.02s Sys=0.03s Real=0.06s
[2025-10-14T10:58:53.273+0300][60.220s][info][gc,start       ] GC(480) Pause Full (Allocation Failure)
[2025-10-14T10:58:53.273+0300][60.220s][info][gc,phases,start] GC(480) Phase 1: Mark live objects
[2025-10-14T10:58:53.276+0300][60.222s][info][gc,phases      ] GC(480) Phase 1: Mark live objects 2.148ms
[2025-10-14T10:58:53.276+0300][60.222s][info][gc,phases,start] GC(480) Phase 2: Compute new object addresses
[2025-10-14T10:58:53.407+0300][60.354s][info][gc,phases      ] GC(480) Phase 2: Compute new object addresses 131.637ms
[2025-10-14T10:58:53.407+0300][60.354s][info][gc,phases,start] GC(480) Phase 3: Adjust pointers
[2025-10-14T10:58:53.410+0300][60.357s][info][gc,phases      ] GC(480) Phase 3: Adjust pointers 2.808ms
[2025-10-14T10:58:53.410+0300][60.357s][info][gc,phases,start] GC(480) Phase 4: Move objects
[2025-10-14T10:58:53.424+0300][60.371s][info][gc,phases      ] GC(480) Phase 4: Move objects 13.875ms
[2025-10-14T10:58:53.523+0300][60.469s][info][gc,heap        ] GC(480) DefNew: 485114K(485120K)->0K(485248K) Eden: 431232K(431232K)->0K(431360K) From: 53882K(53888K)->0K(53888K)
[2025-10-14T10:58:53.523+0300][60.469s][info][gc,heap        ] GC(480) Tenured: 5383340K(5383408K)->323462K(1078224K)
[2025-10-14T10:58:53.523+0300][60.469s][info][gc,metaspace   ] GC(480) Metaspace: 3787K(3968K)->3787K(3968K) NonClass: 3370K(3456K)->3370K(3456K) Class: 416K(512K)->416K(512K)
[2025-10-14T10:58:53.523+0300][60.469s][info][gc             ] GC(480) Pause Full (Allocation Failure) 5730M->315M(1526M) 249.607ms
[2025-10-14T10:58:53.523+0300][60.470s][info][gc,cpu         ] GC(480) User=0.07s Sys=0.17s Real=0.25s
[2025-10-14T10:58:53.548+0300][60.494s][info][gc,start       ] GC(481) Pause Young (Allocation Failure)
[2025-10-14T10:58:53.565+0300][60.512s][info][gc,heap        ] GC(481) DefNew: 431360K(485248K)->53882K(485248K) Eden: 431360K(431360K)->0K(431360K) From: 0K(53888K)->53882K(53888K)
[2025-10-14T10:58:53.565+0300][60.512s][info][gc,heap        ] GC(481) Tenured: 323462K(1078224K)->589768K(1078224K)
[2025-10-14T10:58:53.565+0300][60.512s][info][gc,metaspace   ] GC(481) Metaspace: 3787K(3968K)->3787K(3968K) NonClass: 3370K(3456K)->3370K(3456K) Class: 416K(512K)->416K(512K)
[2025-10-14T10:58:53.565+0300][60.512s][info][gc             ] GC(481) Pause Young (Allocation Failure) 737M->628M(1526M) 17.517ms
[2025-10-14T10:58:53.565+0300][60.512s][info][gc,cpu         ] GC(481) User=0.02s Sys=0.00s Real=0.02s
[2025-10-14T10:58:53.592+0300][60.538s][info][gc,start       ] GC(482) Pause Young (Allocation Failure)
[2025-10-14T10:58:53.610+0300][60.557s][info][gc,heap        ] GC(482) DefNew: 485242K(485248K)->53882K(485248K) Eden: 431360K(431360K)->0K(431360K) From: 53882K(53888K)->53882K(53888K)
[2025-10-14T10:58:53.610+0300][60.557s][info][gc,heap        ] GC(482) Tenured: 589768K(1078224K)->856106K(1078224K)
[2025-10-14T10:58:53.610+0300][60.557s][info][gc,metaspace   ] GC(482) Metaspace: 3787K(3968K)->3787K(3968K) NonClass: 3370K(3456K)->3370K(3456K) Class: 416K(512K)->416K(512K)
[2025-10-14T10:58:53.610+0300][60.557s][info][gc             ] GC(482) Pause Young (Allocation Failure) 1049M->888M(1526M) 18.331ms
[2025-10-14T10:58:53.610+0300][60.557s][info][gc,cpu         ] GC(482) User=0.02s Sys=0.00s Real=0.02s
[2025-10-14T10:58:53.637+0300][60.583s][info][gc,start       ] GC(483) Pause Young (Allocation Failure)
[2025-10-14T10:58:53.657+0300][60.603s][info][gc,heap        ] GC(483) DefNew: 485242K(485248K)->53882K(485248K) Eden: 431360K(431360K)->0K(431360K) From: 53882K(53888K)->53882K(53888K)
[2025-10-14T10:58:53.657+0300][60.603s][info][gc,heap        ] GC(483) Tenured: 856106K(1078224K)->1122444K(1122576K)
[2025-10-14T10:58:53.657+0300][60.603s][info][gc,metaspace   ] GC(483) Metaspace: 3787K(3968K)->3787K(3968K) NonClass: 3370K(3456K)->3370K(3456K) Class: 416K(512K)->416K(512K)
[2025-10-14T10:58:53.657+0300][60.603s][info][gc             ] GC(483) Pause Young (Allocation Failure) 1309M->1148M(1570M) 20.117ms
[2025-10-14T10:58:53.657+0300][60.603s][info][gc,cpu         ] GC(483) User=0.01s Sys=0.00s Real=0.02s
[2025-10-14T10:58:53.682+0300][60.629s][info][gc,start       ] GC(484) Pause Young (Allocation Failure)
[2025-10-14T10:58:53.722+0300][60.668s][info][gc,heap        ] GC(484) DefNew: 485242K(485248K)->53882K(485248K) Eden: 431360K(431360K)->0K(431360K) From: 53882K(53888K)->53882K(53888K)
[2025-10-14T10:58:53.722+0300][60.668s][info][gc,heap        ] GC(484) Tenured: 1122444K(1122576K)->1388782K(1388880K)
[2025-10-14T10:58:53.722+0300][60.668s][info][gc,metaspace   ] GC(484) Metaspace: 3787K(3968K)->3787K(3968K) NonClass: 3370K(3456K)->3370K(3456K) Class: 416K(512K)->416K(512K)
[2025-10-14T10:58:53.722+0300][60.668s][info][gc             ] GC(484) Pause Young (Allocation Failure) 1570M->1408M(1830M) 39.486ms
[2025-10-14T10:58:53.722+0300][60.668s][info][gc,cpu         ] GC(484) User=0.01s Sys=0.02s Real=0.04s
[2025-10-14T10:58:53.748+0300][60.694s][info][gc,start       ] GC(485) Pause Young (Allocation Failure)
[2025-10-14T10:58:53.788+0300][60.734s][info][gc,heap        ] GC(485) DefNew: 485242K(485248K)->53882K(485248K) Eden: 431360K(431360K)->0K(431360K) From: 53882K(53888K)->53882K(53888K)
[2025-10-14T10:58:53.788+0300][60.734s][info][gc,heap        ] GC(485) Tenured: 1388782K(1388880K)->1655120K(1655184K)
[2025-10-14T10:58:53.788+0300][60.734s][info][gc,metaspace   ] GC(485) Metaspace: 3787K(3968K)->3787K(3968K) NonClass: 3370K(3456K)->3370K(3456K) Class: 416K(512K)->416K(512K)
[2025-10-14T10:58:53.788+0300][60.734s][info][gc             ] GC(485) Pause Young (Allocation Failure) 1830M->1668M(2090M) 39.614ms
[2025-10-14T10:58:53.788+0300][60.734s][info][gc,cpu         ] GC(485) User=0.02s Sys=0.02s Real=0.04s
[2025-10-14T10:58:53.814+0300][60.761s][info][gc,start       ] GC(486) Pause Young (Allocation Failure)
[2025-10-14T10:58:53.853+0300][60.800s][info][gc,heap        ] GC(486) DefNew: 485242K(485248K)->53882K(485248K) Eden: 431360K(431360K)->0K(431360K) From: 53882K(53888K)->53882K(53888K)
[2025-10-14T10:58:53.853+0300][60.800s][info][gc,heap        ] GC(486) Tenured: 1655120K(1655184K)->1921458K(1921488K)
[2025-10-14T10:58:53.853+0300][60.800s][info][gc,metaspace   ] GC(486) Metaspace: 3787K(3968K)->3787K(3968K) NonClass: 3370K(3456K)->3370K(3456K) Class: 416K(512K)->416K(512K)
[2025-10-14T10:58:53.853+0300][60.800s][info][gc             ] GC(486) Pause Young (Allocation Failure) 2090M->1929M(2350M) 39.144ms
[2025-10-14T10:58:53.853+0300][60.800s][info][gc,cpu         ] GC(486) User=0.02s Sys=0.02s Real=0.04s
[2025-10-14T10:58:53.879+0300][60.825s][info][gc,start       ] GC(487) Pause Young (Allocation Failure)
[2025-10-14T10:58:53.917+0300][60.864s][info][gc,heap        ] GC(487) DefNew: 485242K(485248K)->53882K(485248K) Eden: 431360K(431360K)->0K(431360K) From: 53882K(53888K)->53882K(53888K)
[2025-10-14T10:58:53.917+0300][60.864s][info][gc,heap        ] GC(487) Tenured: 1921458K(1921488K)->2187764K(2187792K)
[2025-10-14T10:58:53.917+0300][60.864s][info][gc,metaspace   ] GC(487) Metaspace: 3787K(3968K)->3787K(3968K) NonClass: 3370K(3456K)->3370K(3456K) Class: 416K(512K)->416K(512K)
[2025-10-14T10:58:53.917+0300][60.864s][info][gc             ] GC(487) Pause Young (Allocation Failure) 2350M->2189M(2610M) 38.492ms
[2025-10-14T10:58:53.917+0300][60.864s][info][gc,cpu         ] GC(487) User=0.01s Sys=0.02s Real=0.04s
[2025-10-14T10:58:53.942+0300][60.889s][info][gc,start       ] GC(488) Pause Young (Allocation Failure)
[2025-10-14T10:58:53.981+0300][60.927s][info][gc,heap        ] GC(488) DefNew: 485242K(485248K)->53882K(485248K) Eden: 431360K(431360K)->0K(431360K) From: 53882K(53888K)->53882K(53888K)
[2025-10-14T10:58:53.981+0300][60.927s][info][gc,heap        ] GC(488) Tenured: 2187764K(2187792K)->2454038K(2454096K)
[2025-10-14T10:58:53.981+0300][60.927s][info][gc,metaspace   ] GC(488) Metaspace: 3787K(3968K)->3787K(3968K) NonClass: 3370K(3456K)->3370K(3456K) Class: 416K(512K)->416K(512K)
[2025-10-14T10:58:53.981+0300][60.927s][info][gc             ] GC(488) Pause Young (Allocation Failure) 2610M->2449M(2870M) 38.707ms
[2025-10-14T10:58:53.981+0300][60.927s][info][gc,cpu         ] GC(488) User=0.01s Sys=0.02s Real=0.04s
[2025-10-14T10:58:54.007+0300][60.954s][info][gc,start       ] GC(489) Pause Young (Allocation Failure)
[2025-10-14T10:58:54.049+0300][60.995s][info][gc,heap        ] GC(489) DefNew: 485242K(485248K)->53882K(485248K) Eden: 431360K(431360K)->0K(431360K) From: 53882K(53888K)->53882K(53888K)
[2025-10-14T10:58:54.049+0300][60.995s][info][gc,heap        ] GC(489) Tenured: 2454038K(2454096K)->2720344K(2720400K)
[2025-10-14T10:58:54.049+0300][60.995s][info][gc,metaspace   ] GC(489) Metaspace: 3787K(3968K)->3787K(3968K) NonClass: 3370K(3456K)->3370K(3456K) Class: 416K(512K)->416K(512K)
[2025-10-14T10:58:54.049+0300][60.995s][info][gc             ] GC(489) Pause Young (Allocation Failure) 2870M->2709M(3130M) 41.548ms
[2025-10-14T10:58:54.049+0300][60.995s][info][gc,cpu         ] GC(489) User=0.02s Sys=0.02s Real=0.04s
[2025-10-14T10:58:54.075+0300][61.021s][info][gc,start       ] GC(490) Pause Young (Allocation Failure)
[2025-10-14T10:58:54.118+0300][61.065s][info][gc,heap        ] GC(490) DefNew: 485242K(485248K)->53882K(485248K) Eden: 431360K(431360K)->0K(431360K) From: 53882K(53888K)->53882K(53888K)
[2025-10-14T10:58:54.118+0300][61.065s][info][gc,heap        ] GC(490) Tenured: 2720344K(2720400K)->2986682K(2986704K)
[2025-10-14T10:58:54.118+0300][61.065s][info][gc,metaspace   ] GC(490) Metaspace: 3787K(3968K)->3787K(3968K) NonClass: 3370K(3456K)->3370K(3456K) Class: 416K(512K)->416K(512K)
[2025-10-14T10:58:54.118+0300][61.065s][info][gc             ] GC(490) Pause Young (Allocation Failure) 3130M->2969M(3390M) 43.632ms
[2025-10-14T10:58:54.118+0300][61.065s][info][gc,cpu         ] GC(490) User=0.02s Sys=0.02s Real=0.04s
[2025-10-14T10:58:54.143+0300][61.089s][info][gc,start       ] GC(491) Pause Young (Allocation Failure)
[2025-10-14T10:58:54.186+0300][61.132s][info][gc,heap        ] GC(491) DefNew: 485242K(485248K)->53882K(485248K) Eden: 431360K(431360K)->0K(431360K) From: 53882K(53888K)->53882K(53888K)
[2025-10-14T10:58:54.186+0300][61.132s][info][gc,heap        ] GC(491) Tenured: 2986682K(2986704K)->3253020K(3253200K)
[2025-10-14T10:58:54.186+0300][61.132s][info][gc,metaspace   ] GC(491) Metaspace: 3787K(3968K)->3787K(3968K) NonClass: 3370K(3456K)->3370K(3456K) Class: 416K(512K)->416K(512K)
[2025-10-14T10:58:54.186+0300][61.132s][info][gc             ] GC(491) Pause Young (Allocation Failure) 3390M->3229M(3650M) 43.154ms
[2025-10-14T10:58:54.186+0300][61.132s][info][gc,cpu         ] GC(491) User=0.02s Sys=0.02s Real=0.04s
[2025-10-14T10:58:54.213+0300][61.160s][info][gc,start       ] GC(492) Pause Young (Allocation Failure)
[2025-10-14T10:58:54.254+0300][61.200s][info][gc,heap        ] GC(492) DefNew: 485242K(485248K)->53882K(485248K) Eden: 431360K(431360K)->0K(431360K) From: 53882K(53888K)->53882K(53888K)
[2025-10-14T10:58:54.254+0300][61.200s][info][gc,heap        ] GC(492) Tenured: 3253020K(3253200K)->3519358K(3519504K)
[2025-10-14T10:58:54.254+0300][61.200s][info][gc,metaspace   ] GC(492) Metaspace: 3787K(3968K)->3787K(3968K) NonClass: 3370K(3456K)->3370K(3456K) Class: 416K(512K)->416K(512K)
[2025-10-14T10:58:54.254+0300][61.200s][info][gc             ] GC(492) Pause Young (Allocation Failure) 3650M->3489M(3910M) 40.534ms
[2025-10-14T10:58:54.254+0300][61.200s][info][gc,cpu         ] GC(492) User=0.02s Sys=0.02s Real=0.04s
[2025-10-14T10:58:54.281+0300][61.228s][info][gc,start       ] GC(493) Pause Young (Allocation Failure)
[2025-10-14T10:58:54.320+0300][61.266s][info][gc,heap        ] GC(493) DefNew: 485242K(485248K)->53882K(485248K) Eden: 431360K(431360K)->0K(431360K) From: 53882K(53888K)->53882K(53888K)
[2025-10-14T10:58:54.320+0300][61.266s][info][gc,heap        ] GC(493) Tenured: 3519358K(3519504K)->3785696K(3785808K)
[2025-10-14T10:58:54.320+0300][61.266s][info][gc,metaspace   ] GC(493) Metaspace: 3787K(3968K)->3787K(3968K) NonClass: 3370K(3456K)->3370K(3456K) Class: 416K(512K)->416K(512K)
[2025-10-14T10:58:54.320+0300][61.266s][info][gc             ] GC(493) Pause Young (Allocation Failure) 3910M->3749M(4170M) 38.822ms
[2025-10-14T10:58:54.320+0300][61.266s][info][gc,cpu         ] GC(493) User=0.02s Sys=0.02s Real=0.04s
[2025-10-14T10:58:54.345+0300][61.292s][info][gc,start       ] GC(494) Pause Young (Allocation Failure)
[2025-10-14T10:58:54.385+0300][61.332s][info][gc,heap        ] GC(494) DefNew: 485242K(485248K)->53882K(485248K) Eden: 431360K(431360K)->0K(431360K) From: 53882K(53888K)->53882K(53888K)
[2025-10-14T10:58:54.385+0300][61.332s][info][gc,heap        ] GC(494) Tenured: 3785696K(3785808K)->4052034K(4052112K)
[2025-10-14T10:58:54.385+0300][61.332s][info][gc,metaspace   ] GC(494) Metaspace: 3787K(3968K)->3787K(3968K) NonClass: 3370K(3456K)->3370K(3456K) Class: 416K(512K)->416K(512K)
[2025-10-14T10:58:54.385+0300][61.332s][info][gc             ] GC(494) Pause Young (Allocation Failure) 4170M->4009M(4431M) 39.990ms
[2025-10-14T10:58:54.385+0300][61.332s][info][gc,cpu         ] GC(494) User=0.02s Sys=0.02s Real=0.04s
[2025-10-14T10:58:54.410+0300][61.356s][info][gc,start       ] GC(495) Pause Young (Allocation Failure)
[2025-10-14T10:58:54.450+0300][61.396s][info][gc,heap        ] GC(495) DefNew: 485242K(485248K)->53882K(485248K) Eden: 431360K(431360K)->0K(431360K) From: 53882K(53888K)->53882K(53888K)
[2025-10-14T10:58:54.450+0300][61.396s][info][gc,heap        ] GC(495) Tenured: 4052034K(4052112K)->4318372K(4318416K)
[2025-10-14T10:58:54.450+0300][61.396s][info][gc,metaspace   ] GC(495) Metaspace: 3787K(3968K)->3787K(3968K) NonClass: 3370K(3456K)->3370K(3456K) Class: 416K(512K)->416K(512K)
[2025-10-14T10:58:54.450+0300][61.396s][info][gc             ] GC(495) Pause Young (Allocation Failure) 4430M->4269M(4691M) 39.951ms
[2025-10-14T10:58:54.450+0300][61.396s][info][gc,cpu         ] GC(495) User=0.02s Sys=0.02s Real=0.04s
[2025-10-14T10:58:54.475+0300][61.421s][info][gc,start       ] GC(496) Pause Young (Allocation Failure)
[2025-10-14T10:58:54.513+0300][61.459s][info][gc,heap        ] GC(496) DefNew: 485242K(485248K)->53882K(485248K) Eden: 431360K(431360K)->0K(431360K) From: 53882K(53888K)->53882K(53888K)
[2025-10-14T10:58:54.513+0300][61.459s][info][gc,heap        ] GC(496) Tenured: 4318372K(4318416K)->4584710K(4584720K)
[2025-10-14T10:58:54.513+0300][61.459s][info][gc,metaspace   ] GC(496) Metaspace: 3787K(3968K)->3787K(3968K) NonClass: 3370K(3456K)->3370K(3456K) Class: 416K(512K)->416K(512K)
[2025-10-14T10:58:54.513+0300][61.459s][info][gc             ] GC(496) Pause Young (Allocation Failure) 4691M->4529M(4951M) 38.063ms
[2025-10-14T10:58:54.513+0300][61.459s][info][gc,cpu         ] GC(496) User=0.02s Sys=0.02s Real=0.04s
[2025-10-14T10:58:54.538+0300][61.484s][info][gc,start       ] GC(497) Pause Young (Allocation Failure)
[2025-10-14T10:58:54.616+0300][61.562s][info][gc,heap        ] GC(497) DefNew: 485242K(485248K)->53882K(485248K) Eden: 431360K(431360K)->0K(431360K) From: 53882K(53888K)->53882K(53888K)
[2025-10-14T10:58:54.616+0300][61.562s][info][gc,heap        ] GC(497) Tenured: 4584710K(4584720K)->4851016K(4851024K)
[2025-10-14T10:58:54.616+0300][61.562s][info][gc,metaspace   ] GC(497) Metaspace: 3787K(3968K)->3787K(3968K) NonClass: 3370K(3456K)->3370K(3456K) Class: 416K(512K)->416K(512K)
[2025-10-14T10:58:54.616+0300][61.562s][info][gc             ] GC(497) Pause Young (Allocation Failure) 4951M->4789M(5211M) 77.814ms
[2025-10-14T10:58:54.616+0300][61.562s][info][gc,cpu         ] GC(497) User=0.02s Sys=0.04s Real=0.08s
[2025-10-14T10:58:54.642+0300][61.588s][info][gc,start       ] GC(498) Pause Young (Allocation Failure)
[2025-10-14T10:58:54.701+0300][61.647s][info][gc,heap        ] GC(498) DefNew: 485242K(485248K)->53882K(485248K) Eden: 431360K(431360K)->0K(431360K) From: 53882K(53888K)->53882K(53888K)
[2025-10-14T10:58:54.701+0300][61.647s][info][gc,heap        ] GC(498) Tenured: 4851016K(4851024K)->5117354K(5117520K)
[2025-10-14T10:58:54.701+0300][61.647s][info][gc,metaspace   ] GC(498) Metaspace: 3787K(3968K)->3787K(3968K) NonClass: 3370K(3456K)->3370K(3456K) Class: 416K(512K)->416K(512K)
[2025-10-14T10:58:54.701+0300][61.647s][info][gc             ] GC(498) Pause Young (Allocation Failure) 5211M->5050M(5471M) 59.257ms
[2025-10-14T10:58:54.701+0300][61.647s][info][gc,cpu         ] GC(498) User=0.02s Sys=0.03s Real=0.06s
[2025-10-14T10:58:54.727+0300][61.673s][info][gc,start       ] GC(499) Pause Young (Allocation Failure)
[2025-10-14T10:58:54.782+0300][61.728s][info][gc,heap        ] GC(499) DefNew: 485242K(485248K)->53882K(485248K) Eden: 431360K(431360K)->0K(431360K) From: 53882K(53888K)->53882K(53888K)
[2025-10-14T10:58:54.782+0300][61.729s][info][gc,heap        ] GC(499) Tenured: 5117354K(5117520K)->5383692K(5383824K)
[2025-10-14T10:58:54.782+0300][61.729s][info][gc,metaspace   ] GC(499) Metaspace: 3787K(3968K)->3787K(3968K) NonClass: 3370K(3456K)->3370K(3456K) Class: 416K(512K)->416K(512K)
[2025-10-14T10:58:54.782+0300][61.729s][info][gc             ] GC(499) Pause Young (Allocation Failure) 5471M->5310M(5731M) 55.203ms
[2025-10-14T10:58:54.782+0300][61.729s][info][gc,cpu         ] GC(499) User=0.02s Sys=0.03s Real=0.06s
[2025-10-14T10:58:54.808+0300][61.755s][info][gc,start       ] GC(500) Pause Full (Allocation Failure)
[2025-10-14T10:58:54.809+0300][61.755s][info][gc,phases,start] GC(500) Phase 1: Mark live objects
[2025-10-14T10:58:54.811+0300][61.757s][info][gc,phases      ] GC(500) Phase 1: Mark live objects 2.191ms
[2025-10-14T10:58:54.811+0300][61.757s][info][gc,phases,start] GC(500) Phase 2: Compute new object addresses
[2025-10-14T10:58:54.917+0300][61.863s][info][gc,phases      ] GC(500) Phase 2: Compute new object addresses 105.784ms
[2025-10-14T10:58:54.917+0300][61.863s][info][gc,phases,start] GC(500) Phase 3: Adjust pointers
[2025-10-14T10:58:54.919+0300][61.866s][info][gc,phases      ] GC(500) Phase 3: Adjust pointers 2.778ms
[2025-10-14T10:58:54.919+0300][61.866s][info][gc,phases,start] GC(500) Phase 4: Move objects
[2025-10-14T10:58:54.933+0300][61.880s][info][gc,phases      ] GC(500) Phase 4: Move objects 13.959ms
[2025-10-14T10:58:55.038+0300][61.984s][info][gc,heap        ] GC(500) DefNew: 485242K(485248K)->0K(485184K) Eden: 431360K(431360K)->0K(431296K) From: 53882K(53888K)->0K(53888K)
[2025-10-14T10:58:55.038+0300][61.985s][info][gc,heap        ] GC(500) Tenured: 5383692K(5383824K)->323430K(1078112K)
[2025-10-14T10:58:55.038+0300][61.985s][info][gc,metaspace   ] GC(500) Metaspace: 3787K(3968K)->3787K(3968K) NonClass: 3370K(3456K)->3370K(3456K) Class: 416K(512K)->416K(512K)
[2025-10-14T10:58:55.038+0300][61.985s][info][gc             ] GC(500) Pause Full (Allocation Failure) 5731M->315M(1526M) 229.727ms
[2025-10-14T10:58:55.038+0300][61.985s][info][gc,cpu         ] GC(500) User=0.06s Sys=0.16s Real=0.23s
[2025-10-14T10:58:55.064+0300][62.010s][info][gc,start       ] GC(501) Pause Young (Allocation Failure)
[2025-10-14T10:58:55.081+0300][62.027s][info][gc,heap        ] GC(501) DefNew: 431296K(485184K)->53882K(485184K) Eden: 431296K(431296K)->0K(431296K) From: 0K(53888K)->53882K(53888K)
[2025-10-14T10:58:55.081+0300][62.027s][info][gc,heap        ] GC(501) Tenured: 323430K(1078112K)->589768K(1078112K)
[2025-10-14T10:58:55.081+0300][62.027s][info][gc,metaspace   ] GC(501) Metaspace: 3787K(3968K)->3787K(3968K) NonClass: 3370K(3456K)->3370K(3456K) Class: 416K(512K)->416K(512K)
[2025-10-14T10:58:55.081+0300][62.027s][info][gc             ] GC(501) Pause Young (Allocation Failure) 737M->628M(1526M) 17.148ms
[2025-10-14T10:58:55.081+0300][62.027s][info][gc,cpu         ] GC(501) User=0.02s Sys=0.00s Real=0.02s
[2025-10-14T10:58:55.106+0300][62.053s][info][gc,start       ] GC(502) Pause Young (Allocation Failure)
[2025-10-14T10:58:55.124+0300][62.070s][info][gc,heap        ] GC(502) DefNew: 485178K(485184K)->53882K(485184K) Eden: 431296K(431296K)->0K(431296K) From: 53882K(53888K)->53882K(53888K)
[2025-10-14T10:58:55.124+0300][62.070s][info][gc,heap        ] GC(502) Tenured: 589768K(1078112K)->856074K(1078112K)
[2025-10-14T10:58:55.124+0300][62.070s][info][gc,metaspace   ] GC(502) Metaspace: 3787K(3968K)->3787K(3968K) NonClass: 3370K(3456K)->3370K(3456K) Class: 416K(512K)->416K(512K)
[2025-10-14T10:58:55.124+0300][62.070s][info][gc             ] GC(502) Pause Young (Allocation Failure) 1049M->888M(1526M) 17.530ms
[2025-10-14T10:58:55.124+0300][62.070s][info][gc,cpu         ] GC(502) User=0.02s Sys=0.00s Real=0.02s
[2025-10-14T10:58:55.150+0300][62.097s][info][gc,start       ] GC(503) Pause Young (Allocation Failure)
[2025-10-14T10:58:55.170+0300][62.116s][info][gc,heap        ] GC(503) DefNew: 485178K(485184K)->53882K(485184K) Eden: 431296K(431296K)->0K(431296K) From: 53882K(53888K)->53882K(53888K)
[2025-10-14T10:58:55.170+0300][62.116s][info][gc,heap        ] GC(503) Tenured: 856074K(1078112K)->1122380K(1122464K)
[2025-10-14T10:58:55.170+0300][62.116s][info][gc,metaspace   ] GC(503) Metaspace: 3787K(3968K)->3787K(3968K) NonClass: 3370K(3456K)->3370K(3456K) Class: 416K(512K)->416K(512K)
[2025-10-14T10:58:55.170+0300][62.116s][info][gc             ] GC(503) Pause Young (Allocation Failure) 1309M->1148M(1569M) 19.773ms
[2025-10-14T10:58:55.170+0300][62.116s][info][gc,cpu         ] GC(503) User=0.01s Sys=0.00s Real=0.02s
[2025-10-14T10:58:55.196+0300][62.143s][info][gc,start       ] GC(504) Pause Young (Allocation Failure)
[2025-10-14T10:58:55.236+0300][62.182s][info][gc,heap        ] GC(504) DefNew: 485178K(485184K)->53882K(485184K) Eden: 431296K(431296K)->0K(431296K) From: 53882K(53888K)->53882K(53888K)
[2025-10-14T10:58:55.236+0300][62.182s][info][gc,heap        ] GC(504) Tenured: 1122380K(1122464K)->1388718K(1388768K)
[2025-10-14T10:58:55.236+0300][62.182s][info][gc,metaspace   ] GC(504) Metaspace: 3787K(3968K)->3787K(3968K) NonClass: 3370K(3456K)->3370K(3456K) Class: 416K(512K)->416K(512K)
[2025-10-14T10:58:55.236+0300][62.182s][info][gc             ] GC(504) Pause Young (Allocation Failure) 1569M->1408M(1830M) 39.410ms
[2025-10-14T10:58:55.236+0300][62.182s][info][gc,cpu         ] GC(504) User=0.02s Sys=0.02s Real=0.04s
[2025-10-14T10:58:55.262+0300][62.208s][info][gc,start       ] GC(505) Pause Young (Allocation Failure)
[2025-10-14T10:58:55.302+0300][62.249s][info][gc,heap        ] GC(505) DefNew: 485178K(485184K)->53882K(485184K) Eden: 431296K(431296K)->0K(431296K) From: 53882K(53888K)->53882K(53888K)
[2025-10-14T10:58:55.302+0300][62.249s][info][gc,heap        ] GC(505) Tenured: 1388718K(1388768K)->1655056K(1655072K)
[2025-10-14T10:58:55.302+0300][62.249s][info][gc,metaspace   ] GC(505) Metaspace: 3787K(3968K)->3787K(3968K) NonClass: 3370K(3456K)->3370K(3456K) Class: 416K(512K)->416K(512K)
[2025-10-14T10:58:55.302+0300][62.249s][info][gc             ] GC(505) Pause Young (Allocation Failure) 1829M->1668M(2090M) 40.774ms
[2025-10-14T10:58:55.302+0300][62.249s][info][gc,cpu         ] GC(505) User=0.02s Sys=0.02s Real=0.04s
[2025-10-14T10:58:55.327+0300][62.273s][info][gc,start       ] GC(506) Pause Young (Allocation Failure)
[2025-10-14T10:58:55.370+0300][62.316s][info][gc,heap        ] GC(506) DefNew: 485178K(485184K)->53882K(485184K) Eden: 431296K(431296K)->0K(431296K) From: 53882K(53888K)->53882K(53888K)
[2025-10-14T10:58:55.370+0300][62.316s][info][gc,heap        ] GC(506) Tenured: 1655056K(1655072K)->1921362K(1921376K)
[2025-10-14T10:58:55.370+0300][62.316s][info][gc,metaspace   ] GC(506) Metaspace: 3787K(3968K)->3787K(3968K) NonClass: 3370K(3456K)->3370K(3456K) Class: 416K(512K)->416K(512K)
[2025-10-14T10:58:55.370+0300][62.316s][info][gc             ] GC(506) Pause Young (Allocation Failure) 2090M->1928M(2350M) 42.966ms
[2025-10-14T10:58:55.370+0300][62.316s][info][gc,cpu         ] GC(506) User=0.02s Sys=0.03s Real=0.05s
[2025-10-14T10:58:55.395+0300][62.341s][info][gc,start       ] GC(507) Pause Young (Allocation Failure)
[2025-10-14T10:58:55.433+0300][62.379s][info][gc,heap        ] GC(507) DefNew: 485178K(485184K)->53882K(485184K) Eden: 431296K(431296K)->0K(431296K) From: 53882K(53888K)->53882K(53888K)
[2025-10-14T10:58:55.433+0300][62.379s][info][gc,heap        ] GC(507) Tenured: 1921362K(1921376K)->2187668K(2187680K)
[2025-10-14T10:58:55.433+0300][62.379s][info][gc,metaspace   ] GC(507) Metaspace: 3787K(3968K)->3787K(3968K) NonClass: 3370K(3456K)->3370K(3456K) Class: 416K(512K)->416K(512K)
[2025-10-14T10:58:55.433+0300][62.379s][info][gc             ] GC(507) Pause Young (Allocation Failure) 2350M->2189M(2610M) 38.100ms
[2025-10-14T10:58:55.433+0300][62.379s][info][gc,cpu         ] GC(507) User=0.02s Sys=0.02s Real=0.04s
[2025-10-14T10:58:55.458+0300][62.405s][info][gc,start       ] GC(508) Pause Young (Allocation Failure)
[2025-10-14T10:58:55.499+0300][62.445s][info][gc,heap        ] GC(508) DefNew: 485178K(485184K)->53882K(485184K) Eden: 431296K(431296K)->0K(431296K) From: 53882K(53888K)->53882K(53888K)
[2025-10-14T10:58:55.499+0300][62.445s][info][gc,heap        ] GC(508) Tenured: 2187668K(2187680K)->2453974K(2453984K)
[2025-10-14T10:58:55.499+0300][62.445s][info][gc,metaspace   ] GC(508) Metaspace: 3787K(3968K)->3787K(3968K) NonClass: 3370K(3456K)->3370K(3456K) Class: 416K(512K)->416K(512K)
[2025-10-14T10:58:55.499+0300][62.445s][info][gc             ] GC(508) Pause Young (Allocation Failure) 2610M->2449M(2870M) 40.678ms
[2025-10-14T10:58:55.499+0300][62.445s][info][gc,cpu         ] GC(508) User=0.02s Sys=0.02s Real=0.04s
[2025-10-14T10:58:55.524+0300][62.470s][info][gc,start       ] GC(509) Pause Young (Allocation Failure)
[2025-10-14T10:58:55.571+0300][62.517s][info][gc,heap        ] GC(509) DefNew: 485178K(485184K)->53882K(485184K) Eden: 431296K(431296K)->0K(431296K) From: 53882K(53888K)->53882K(53888K)
[2025-10-14T10:58:55.571+0300][62.517s][info][gc,heap        ] GC(509) Tenured: 2453974K(2453984K)->2720312K(2720480K)
[2025-10-14T10:58:55.571+0300][62.518s][info][gc,metaspace   ] GC(509) Metaspace: 3787K(3968K)->3787K(3968K) NonClass: 3370K(3456K)->3370K(3456K) Class: 416K(512K)->416K(512K)
[2025-10-14T10:58:55.571+0300][62.518s][info][gc             ] GC(509) Pause Young (Allocation Failure) 2870M->2709M(3130M) 47.297ms
[2025-10-14T10:58:55.571+0300][62.518s][info][gc,cpu         ] GC(509) User=0.02s Sys=0.02s Real=0.05s
[2025-10-14T10:58:55.600+0300][62.546s][info][gc,start       ] GC(510) Pause Young (Allocation Failure)
[2025-10-14T10:58:55.642+0300][62.589s][info][gc,heap        ] GC(510) DefNew: 485178K(485184K)->53882K(485184K) Eden: 431296K(431296K)->0K(431296K) From: 53882K(53888K)->53882K(53888K)
[2025-10-14T10:58:55.642+0300][62.589s][info][gc,heap        ] GC(510) Tenured: 2720312K(2720480K)->2986650K(2986784K)
[2025-10-14T10:58:55.642+0300][62.589s][info][gc,metaspace   ] GC(510) Metaspace: 3787K(3968K)->3787K(3968K) NonClass: 3370K(3456K)->3370K(3456K) Class: 416K(512K)->416K(512K)
[2025-10-14T10:58:55.642+0300][62.589s][info][gc             ] GC(510) Pause Young (Allocation Failure) 3130M->2969M(3390M) 42.546ms
[2025-10-14T10:58:55.642+0300][62.589s][info][gc,cpu         ] GC(510) User=0.02s Sys=0.03s Real=0.04s
[2025-10-14T10:58:55.670+0300][62.617s][info][gc,start       ] GC(511) Pause Young (Allocation Failure)
[2025-10-14T10:58:55.709+0300][62.655s][info][gc,heap        ] GC(511) DefNew: 485178K(485184K)->53882K(485184K) Eden: 431296K(431296K)->0K(431296K) From: 53882K(53888K)->53882K(53888K)
[2025-10-14T10:58:55.709+0300][62.655s][info][gc,heap        ] GC(511) Tenured: 2986650K(2986784K)->3252988K(3253088K)
[2025-10-14T10:58:55.709+0300][62.655s][info][gc,metaspace   ] GC(511) Metaspace: 3787K(3968K)->3787K(3968K) NonClass: 3370K(3456K)->3370K(3456K) Class: 416K(512K)->416K(512K)
[2025-10-14T10:58:55.709+0300][62.655s][info][gc             ] GC(511) Pause Young (Allocation Failure) 3390M->3229M(3650M) 38.936ms
[2025-10-14T10:58:55.709+0300][62.656s][info][gc,cpu         ] GC(511) User=0.02s Sys=0.02s Real=0.03s
[2025-10-14T10:58:55.737+0300][62.683s][info][gc,start       ] GC(512) Pause Young (Allocation Failure)
[2025-10-14T10:58:55.779+0300][62.725s][info][gc,heap        ] GC(512) DefNew: 485178K(485184K)->53882K(485184K) Eden: 431296K(431296K)->0K(431296K) From: 53882K(53888K)->53882K(53888K)
[2025-10-14T10:58:55.779+0300][62.725s][info][gc,heap        ] GC(512) Tenured: 3252988K(3253088K)->3519262K(3519392K)
[2025-10-14T10:58:55.779+0300][62.725s][info][gc,metaspace   ] GC(512) Metaspace: 3787K(3968K)->3787K(3968K) NonClass: 3370K(3456K)->3370K(3456K) Class: 416K(512K)->416K(512K)
[2025-10-14T10:58:55.779+0300][62.725s][info][gc             ] GC(512) Pause Young (Allocation Failure) 3650M->3489M(3910M) 42.138ms
[2025-10-14T10:58:55.779+0300][62.725s][info][gc,cpu         ] GC(512) User=0.02s Sys=0.02s Real=0.04s
[2025-10-14T10:58:55.806+0300][62.752s][info][gc,start       ] GC(513) Pause Young (Allocation Failure)
[2025-10-14T10:58:55.845+0300][62.791s][info][gc,heap        ] GC(513) DefNew: 485178K(485184K)->53882K(485184K) Eden: 431296K(431296K)->0K(431296K) From: 53882K(53888K)->53882K(53888K)
[2025-10-14T10:58:55.845+0300][62.791s][info][gc,heap        ] GC(513) Tenured: 3519262K(3519392K)->3785568K(3785696K)
[2025-10-14T10:58:55.845+0300][62.791s][info][gc,metaspace   ] GC(513) Metaspace: 3787K(3968K)->3787K(3968K) NonClass: 3370K(3456K)->3370K(3456K) Class: 416K(512K)->416K(512K)
[2025-10-14T10:58:55.845+0300][62.791s][info][gc             ] GC(513) Pause Young (Allocation Failure) 3910M->3749M(4170M) 38.964ms
[2025-10-14T10:58:55.845+0300][62.791s][info][gc,cpu         ] GC(513) User=0.02s Sys=0.02s Real=0.04s
[2025-10-14T10:58:55.877+0300][62.824s][info][gc,start       ] GC(514) Pause Young (Allocation Failure)
[2025-10-14T10:58:55.922+0300][62.868s][info][gc,heap        ] GC(514) DefNew: 485178K(485184K)->53882K(485184K) Eden: 431296K(431296K)->0K(431296K) From: 53882K(53888K)->53882K(53888K)
[2025-10-14T10:58:55.922+0300][62.868s][info][gc,heap        ] GC(514) Tenured: 3785568K(3785696K)->4051842K(4052000K)
[2025-10-14T10:58:55.922+0300][62.868s][info][gc,metaspace   ] GC(514) Metaspace: 3787K(3968K)->3787K(3968K) NonClass: 3370K(3456K)->3370K(3456K) Class: 416K(512K)->416K(512K)
[2025-10-14T10:58:55.922+0300][62.869s][info][gc             ] GC(514) Pause Young (Allocation Failure) 4170M->4009M(4430M) 44.729ms
[2025-10-14T10:58:55.922+0300][62.869s][info][gc,cpu         ] GC(514) User=0.02s Sys=0.03s Real=0.05s
[2025-10-14T10:58:55.949+0300][62.895s][info][gc,start       ] GC(515) Pause Young (Allocation Failure)
[2025-10-14T10:58:55.989+0300][62.935s][info][gc,heap        ] GC(515) DefNew: 485178K(485184K)->53882K(485184K) Eden: 431296K(431296K)->0K(431296K) From: 53882K(53888K)->53882K(53888K)
[2025-10-14T10:58:55.989+0300][62.935s][info][gc,heap        ] GC(515) Tenured: 4051842K(4052000K)->4318180K(4318304K)
[2025-10-14T10:58:55.989+0300][62.935s][info][gc,metaspace   ] GC(515) Metaspace: 3787K(3968K)->3787K(3968K) NonClass: 3370K(3456K)->3370K(3456K) Class: 416K(512K)->416K(512K)
[2025-10-14T10:58:55.989+0300][62.935s][info][gc             ] GC(515) Pause Young (Allocation Failure) 4430M->4269M(4690M) 39.842ms
[2025-10-14T10:58:55.989+0300][62.935s][info][gc,cpu         ] GC(515) User=0.02s Sys=0.02s Real=0.04s
[2025-10-14T10:58:56.015+0300][62.961s][info][gc,start       ] GC(516) Pause Young (Allocation Failure)
[2025-10-14T10:58:56.057+0300][63.004s][info][gc,heap        ] GC(516) DefNew: 485178K(485184K)->53882K(485184K) Eden: 431296K(431296K)->0K(431296K) From: 53882K(53888K)->53882K(53888K)
[2025-10-14T10:58:56.057+0300][63.004s][info][gc,heap        ] GC(516) Tenured: 4318180K(4318304K)->4584454K(4584608K)
[2025-10-14T10:58:56.057+0300][63.004s][info][gc,metaspace   ] GC(516) Metaspace: 3787K(3968K)->3787K(3968K) NonClass: 3370K(3456K)->3370K(3456K) Class: 416K(512K)->416K(512K)
[2025-10-14T10:58:56.057+0300][63.004s][info][gc             ] GC(516) Pause Young (Allocation Failure) 4690M->4529M(4950M) 42.520ms
[2025-10-14T10:58:56.057+0300][63.004s][info][gc,cpu         ] GC(516) User=0.02s Sys=0.02s Real=0.04s
[2025-10-14T10:58:56.083+0300][63.029s][info][gc,start       ] GC(517) Pause Young (Allocation Failure)
[2025-10-14T10:58:56.136+0300][63.083s][info][gc,heap        ] GC(517) DefNew: 485178K(485184K)->53882K(485184K) Eden: 431296K(431296K)->0K(431296K) From: 53882K(53888K)->53882K(53888K)
[2025-10-14T10:58:56.137+0300][63.083s][info][gc,heap        ] GC(517) Tenured: 4584454K(4584608K)->4850792K(4850912K)
[2025-10-14T10:58:56.137+0300][63.083s][info][gc,metaspace   ] GC(517) Metaspace: 3787K(3968K)->3787K(3968K) NonClass: 3370K(3456K)->3370K(3456K) Class: 416K(512K)->416K(512K)
[2025-10-14T10:58:56.137+0300][63.083s][info][gc             ] GC(517) Pause Young (Allocation Failure) 4950M->4789M(5211M) 53.653ms
[2025-10-14T10:58:56.137+0300][63.083s][info][gc,cpu         ] GC(517) User=0.02s Sys=0.03s Real=0.05s
[2025-10-14T10:58:56.164+0300][63.110s][info][gc,start       ] GC(518) Pause Young (Allocation Failure)
[2025-10-14T10:58:56.228+0300][63.175s][info][gc,heap        ] GC(518) DefNew: 485178K(485184K)->53882K(485184K) Eden: 431296K(431296K)->0K(431296K) From: 53882K(53888K)->53882K(53888K)
[2025-10-14T10:58:56.228+0300][63.175s][info][gc,heap        ] GC(518) Tenured: 4850792K(4850912K)->5117130K(5117216K)
[2025-10-14T10:58:56.228+0300][63.175s][info][gc,metaspace   ] GC(518) Metaspace: 3787K(3968K)->3787K(3968K) NonClass: 3370K(3456K)->3370K(3456K) Class: 416K(512K)->416K(512K)
[2025-10-14T10:58:56.228+0300][63.175s][info][gc             ] GC(518) Pause Young (Allocation Failure) 5210M->5049M(5471M) 64.599ms
[2025-10-14T10:58:56.228+0300][63.175s][info][gc,cpu         ] GC(518) User=0.02s Sys=0.03s Real=0.06s
[2025-10-14T10:58:56.255+0300][63.202s][info][gc,start       ] GC(519) Pause Young (Allocation Failure)
[2025-10-14T10:58:56.309+0300][63.255s][info][gc,heap        ] GC(519) DefNew: 485178K(485184K)->53882K(485184K) Eden: 431296K(431296K)->0K(431296K) From: 53882K(53888K)->53882K(53888K)
[2025-10-14T10:58:56.309+0300][63.256s][info][gc,heap        ] GC(519) Tenured: 5117130K(5117216K)->5383468K(5383520K)
[2025-10-14T10:58:56.309+0300][63.256s][info][gc,metaspace   ] GC(519) Metaspace: 3787K(3968K)->3787K(3968K) NonClass: 3370K(3456K)->3370K(3456K) Class: 416K(512K)->416K(512K)
[2025-10-14T10:58:56.309+0300][63.256s][info][gc             ] GC(519) Pause Young (Allocation Failure) 5471M->5309M(5731M) 53.991ms
[2025-10-14T10:58:56.309+0300][63.256s][info][gc,cpu         ] GC(519) User=0.02s Sys=0.03s Real=0.05s
[2025-10-14T10:58:56.336+0300][63.282s][info][gc,start       ] GC(520) Pause Full (Allocation Failure)
[2025-10-14T10:58:56.336+0300][63.282s][info][gc,phases,start] GC(520) Phase 1: Mark live objects
[2025-10-14T10:58:56.338+0300][63.284s][info][gc,phases      ] GC(520) Phase 1: Mark live objects 2.202ms
[2025-10-14T10:58:56.338+0300][63.284s][info][gc,phases,start] GC(520) Phase 2: Compute new object addresses
[2025-10-14T10:58:56.444+0300][63.391s][info][gc,phases      ] GC(520) Phase 2: Compute new object addresses 106.298ms
[2025-10-14T10:58:56.444+0300][63.391s][info][gc,phases,start] GC(520) Phase 3: Adjust pointers
[2025-10-14T10:58:56.447+0300][63.393s][info][gc,phases      ] GC(520) Phase 3: Adjust pointers 2.746ms
[2025-10-14T10:58:56.447+0300][63.394s][info][gc,phases,start] GC(520) Phase 4: Move objects
[2025-10-14T10:58:56.461+0300][63.407s][info][gc,phases      ] GC(520) Phase 4: Move objects 13.927ms
[2025-10-14T10:58:56.561+0300][63.508s][info][gc,heap        ] GC(520) DefNew: 485178K(485184K)->0K(485248K) Eden: 431296K(431296K)->0K(431360K) From: 53882K(53888K)->0K(53888K)
[2025-10-14T10:58:56.561+0300][63.508s][info][gc,heap        ] GC(520) Tenured: 5383468K(5383520K)->323462K(1078224K)
[2025-10-14T10:58:56.561+0300][63.508s][info][gc,metaspace   ] GC(520) Metaspace: 3787K(3968K)->3787K(3968K) NonClass: 3370K(3456K)->3370K(3456K) Class: 416K(512K)->416K(512K)
[2025-10-14T10:58:56.561+0300][63.508s][info][gc             ] GC(520) Pause Full (Allocation Failure) 5731M->315M(1526M) 225.764ms
[2025-10-14T10:58:56.561+0300][63.508s][info][gc,cpu         ] GC(520) User=0.06s Sys=0.16s Real=0.23s
[2025-10-14T10:58:56.589+0300][63.535s][info][gc,start       ] GC(521) Pause Young (Allocation Failure)
[2025-10-14T10:58:56.604+0300][63.551s][info][gc,heap        ] GC(521) DefNew: 431360K(485248K)->53882K(485248K) Eden: 431360K(431360K)->0K(431360K) From: 0K(53888K)->53882K(53888K)
[2025-10-14T10:58:56.604+0300][63.551s][info][gc,heap        ] GC(521) Tenured: 323462K(1078224K)->589768K(1078224K)
[2025-10-14T10:58:56.604+0300][63.551s][info][gc,metaspace   ] GC(521) Metaspace: 3787K(3968K)->3787K(3968K) NonClass: 3370K(3456K)->3370K(3456K) Class: 416K(512K)->416K(512K)
[2025-10-14T10:58:56.604+0300][63.551s][info][gc             ] GC(521) Pause Young (Allocation Failure) 737M->628M(1526M) 15.578ms
[2025-10-14T10:58:56.604+0300][63.551s][info][gc,cpu         ] GC(521) User=0.02s Sys=0.00s Real=0.02s
[2025-10-14T10:58:56.632+0300][63.579s][info][gc,start       ] GC(522) Pause Young (Allocation Failure)
[2025-10-14T10:58:56.649+0300][63.596s][info][gc,heap        ] GC(522) DefNew: 485242K(485248K)->53882K(485248K) Eden: 431360K(431360K)->0K(431360K) From: 53882K(53888K)->53882K(53888K)
[2025-10-14T10:58:56.649+0300][63.596s][info][gc,heap        ] GC(522) Tenured: 589768K(1078224K)->856074K(1078224K)
[2025-10-14T10:58:56.649+0300][63.596s][info][gc,metaspace   ] GC(522) Metaspace: 3787K(3968K)->3787K(3968K) NonClass: 3370K(3456K)->3370K(3456K) Class: 416K(512K)->416K(512K)
[2025-10-14T10:58:56.649+0300][63.596s][info][gc             ] GC(522) Pause Young (Allocation Failure) 1049M->888M(1526M) 17.153ms
[2025-10-14T10:58:56.649+0300][63.596s][info][gc,cpu         ] GC(522) User=0.02s Sys=0.00s Real=0.01s
[2025-10-14T10:58:56.676+0300][63.623s][info][gc,start       ] GC(523) Pause Young (Allocation Failure)
[2025-10-14T10:58:56.696+0300][63.643s][info][gc,heap        ] GC(523) DefNew: 485242K(485248K)->53882K(485248K) Eden: 431360K(431360K)->0K(431360K) From: 53882K(53888K)->53882K(53888K)
[2025-10-14T10:58:56.696+0300][63.643s][info][gc,heap        ] GC(523) Tenured: 856074K(1078224K)->1122412K(1122576K)
[2025-10-14T10:58:56.696+0300][63.643s][info][gc,metaspace   ] GC(523) Metaspace: 3787K(3968K)->3787K(3968K) NonClass: 3370K(3456K)->3370K(3456K) Class: 416K(512K)->416K(512K)
[2025-10-14T10:58:56.696+0300][63.643s][info][gc             ] GC(523) Pause Young (Allocation Failure) 1309M->1148M(1570M) 20.198ms
[2025-10-14T10:58:56.696+0300][63.643s][info][gc,cpu         ] GC(523) User=0.01s Sys=0.00s Real=0.02s
[2025-10-14T10:58:56.725+0300][63.672s][info][gc,start       ] GC(524) Pause Young (Allocation Failure)
[2025-10-14T10:58:56.767+0300][63.713s][info][gc,heap        ] GC(524) DefNew: 485242K(485248K)->53882K(485248K) Eden: 431360K(431360K)->0K(431360K) From: 53882K(53888K)->53882K(53888K)
[2025-10-14T10:58:56.767+0300][63.713s][info][gc,heap        ] GC(524) Tenured: 1122412K(1122576K)->1388750K(1388880K)
[2025-10-14T10:58:56.767+0300][63.713s][info][gc,metaspace   ] GC(524) Metaspace: 3787K(3968K)->3787K(3968K) NonClass: 3370K(3456K)->3370K(3456K) Class: 416K(512K)->416K(512K)
[2025-10-14T10:58:56.767+0300][63.713s][info][gc             ] GC(524) Pause Young (Allocation Failure) 1569M->1408M(1830M) 41.329ms
[2025-10-14T10:58:56.767+0300][63.713s][info][gc,cpu         ] GC(524) User=0.02s Sys=0.02s Real=0.04s
[2025-10-14T10:58:56.793+0300][63.740s][info][gc,start       ] GC(525) Pause Young (Allocation Failure)
[2025-10-14T10:58:56.833+0300][63.780s][info][gc,heap        ] GC(525) DefNew: 485242K(485248K)->53882K(485248K) Eden: 431360K(431360K)->0K(431360K) From: 53882K(53888K)->53882K(53888K)
[2025-10-14T10:58:56.833+0300][63.780s][info][gc,heap        ] GC(525) Tenured: 1388750K(1388880K)->1655056K(1655184K)
[2025-10-14T10:58:56.833+0300][63.780s][info][gc,metaspace   ] GC(525) Metaspace: 3787K(3968K)->3787K(3968K) NonClass: 3370K(3456K)->3370K(3456K) Class: 416K(512K)->416K(512K)
[2025-10-14T10:58:56.833+0300][63.780s][info][gc             ] GC(525) Pause Young (Allocation Failure) 1830M->1668M(2090M) 39.943ms
[2025-10-14T10:58:56.833+0300][63.780s][info][gc,cpu         ] GC(525) User=0.02s Sys=0.02s Real=0.04s
[2025-10-14T10:58:56.859+0300][63.805s][info][gc,start       ] GC(526) Pause Young (Allocation Failure)
[2025-10-14T10:58:56.898+0300][63.844s][info][gc,heap        ] GC(526) DefNew: 485242K(485248K)->53882K(485248K) Eden: 431360K(431360K)->0K(431360K) From: 53882K(53888K)->53882K(53888K)
[2025-10-14T10:58:56.898+0300][63.844s][info][gc,heap        ] GC(526) Tenured: 1655056K(1655184K)->1921362K(1921488K)
[2025-10-14T10:58:56.898+0300][63.844s][info][gc,metaspace   ] GC(526) Metaspace: 3787K(3968K)->3787K(3968K) NonClass: 3370K(3456K)->3370K(3456K) Class: 416K(512K)->416K(512K)
[2025-10-14T10:58:56.898+0300][63.844s][info][gc             ] GC(526) Pause Young (Allocation Failure) 2090M->1928M(2350M) 38.973ms
[2025-10-14T10:58:56.898+0300][63.844s][info][gc,cpu         ] GC(526) User=0.02s Sys=0.02s Real=0.04s
[2025-10-14T10:58:56.924+0300][63.871s][info][gc,start       ] GC(527) Pause Young (Allocation Failure)
[2025-10-14T10:58:56.962+0300][63.908s][info][gc,heap        ] GC(527) DefNew: 485242K(485248K)->53882K(485248K) Eden: 431360K(431360K)->0K(431360K) From: 53882K(53888K)->53882K(53888K)
[2025-10-14T10:58:56.962+0300][63.908s][info][gc,heap        ] GC(527) Tenured: 1921362K(1921488K)->2187700K(2187792K)
[2025-10-14T10:58:56.962+0300][63.909s][info][gc,metaspace   ] GC(527) Metaspace: 3787K(3968K)->3787K(3968K) NonClass: 3370K(3456K)->3370K(3456K) Class: 416K(512K)->416K(512K)
[2025-10-14T10:58:56.962+0300][63.909s][info][gc             ] GC(527) Pause Young (Allocation Failure) 2350M->2189M(2610M) 37.588ms
[2025-10-14T10:58:56.962+0300][63.909s][info][gc,cpu         ] GC(527) User=0.02s Sys=0.02s Real=0.04s
[2025-10-14T10:58:56.987+0300][63.933s][info][gc,start       ] GC(528) Pause Young (Allocation Failure)
[2025-10-14T10:58:57.027+0300][63.973s][info][gc,heap        ] GC(528) DefNew: 485242K(485248K)->53882K(485248K) Eden: 431360K(431360K)->0K(431360K) From: 53882K(53888K)->53882K(53888K)
[2025-10-14T10:58:57.027+0300][63.974s][info][gc,heap        ] GC(528) Tenured: 2187700K(2187792K)->2454038K(2454096K)
[2025-10-14T10:58:57.027+0300][63.974s][info][gc,metaspace   ] GC(528) Metaspace: 3787K(3968K)->3787K(3968K) NonClass: 3370K(3456K)->3370K(3456K) Class: 416K(512K)->416K(512K)
[2025-10-14T10:58:57.027+0300][63.974s][info][gc             ] GC(528) Pause Young (Allocation Failure) 2610M->2449M(2870M) 40.501ms
[2025-10-14T10:58:57.027+0300][63.974s][info][gc,cpu         ] GC(528) User=0.02s Sys=0.02s Real=0.04s
[2025-10-14T10:58:57.053+0300][63.999s][info][gc,start       ] GC(529) Pause Young (Allocation Failure)
[2025-10-14T10:58:57.093+0300][64.040s][info][gc,heap        ] GC(529) DefNew: 485242K(485248K)->53882K(485248K) Eden: 431360K(431360K)->0K(431360K) From: 53882K(53888K)->53882K(53888K)
[2025-10-14T10:58:57.093+0300][64.040s][info][gc,heap        ] GC(529) Tenured: 2454038K(2454096K)->2720344K(2720400K)
[2025-10-14T10:58:57.093+0300][64.040s][info][gc,metaspace   ] GC(529) Metaspace: 3787K(3968K)->3787K(3968K) NonClass: 3370K(3456K)->3370K(3456K) Class: 416K(512K)->416K(512K)
[2025-10-14T10:58:57.093+0300][64.040s][info][gc             ] GC(529) Pause Young (Allocation Failure) 2870M->2709M(3130M) 40.334ms
[2025-10-14T10:58:57.093+0300][64.040s][info][gc,cpu         ] GC(529) User=0.02s Sys=0.02s Real=0.04s
[2025-10-14T10:58:57.120+0300][64.067s][info][gc,start       ] GC(530) Pause Young (Allocation Failure)
[2025-10-14T10:58:57.162+0300][64.109s][info][gc,heap        ] GC(530) DefNew: 485242K(485248K)->53882K(485248K) Eden: 431360K(431360K)->0K(431360K) From: 53882K(53888K)->53882K(53888K)
[2025-10-14T10:58:57.162+0300][64.109s][info][gc,heap        ] GC(530) Tenured: 2720344K(2720400K)->2986682K(2986704K)
[2025-10-14T10:58:57.162+0300][64.109s][info][gc,metaspace   ] GC(530) Metaspace: 3787K(3968K)->3787K(3968K) NonClass: 3370K(3456K)->3370K(3456K) Class: 416K(512K)->416K(512K)
[2025-10-14T10:58:57.162+0300][64.109s][info][gc             ] GC(530) Pause Young (Allocation Failure) 3130M->2969M(3390M) 41.850ms
[2025-10-14T10:58:57.162+0300][64.109s][info][gc,cpu         ] GC(530) User=0.02s Sys=0.02s Real=0.04s
[2025-10-14T10:58:57.190+0300][64.136s][info][gc,start       ] GC(531) Pause Young (Allocation Failure)
[2025-10-14T10:58:57.230+0300][64.176s][info][gc,heap        ] GC(531) DefNew: 485242K(485248K)->53882K(485248K) Eden: 431360K(431360K)->0K(431360K) From: 53882K(53888K)->53882K(53888K)
[2025-10-14T10:58:57.230+0300][64.176s][info][gc,heap        ] GC(531) Tenured: 2986682K(2986704K)->3253020K(3253200K)
[2025-10-14T10:58:57.230+0300][64.176s][info][gc,metaspace   ] GC(531) Metaspace: 3787K(3968K)->3787K(3968K) NonClass: 3370K(3456K)->3370K(3456K) Class: 416K(512K)->416K(512K)
[2025-10-14T10:58:57.230+0300][64.176s][info][gc             ] GC(531) Pause Young (Allocation Failure) 3390M->3229M(3650M) 40.087ms
[2025-10-14T10:58:57.230+0300][64.176s][info][gc,cpu         ] GC(531) User=0.02s Sys=0.02s Real=0.04s
[2025-10-14T10:58:57.256+0300][64.203s][info][gc,start       ] GC(532) Pause Young (Allocation Failure)
[2025-10-14T10:58:57.295+0300][64.242s][info][gc,heap        ] GC(532) DefNew: 485242K(485248K)->53882K(485248K) Eden: 431360K(431360K)->0K(431360K) From: 53882K(53888K)->53882K(53888K)
[2025-10-14T10:58:57.295+0300][64.242s][info][gc,heap        ] GC(532) Tenured: 3253020K(3253200K)->3519358K(3519504K)
[2025-10-14T10:58:57.295+0300][64.242s][info][gc,metaspace   ] GC(532) Metaspace: 3787K(3968K)->3787K(3968K) NonClass: 3370K(3456K)->3370K(3456K) Class: 416K(512K)->416K(512K)
[2025-10-14T10:58:57.295+0300][64.242s][info][gc             ] GC(532) Pause Young (Allocation Failure) 3650M->3489M(3910M) 39.087ms
[2025-10-14T10:58:57.295+0300][64.242s][info][gc,cpu         ] GC(532) User=0.02s Sys=0.02s Real=0.04s
[2025-10-14T10:58:57.324+0300][64.270s][info][gc,start       ] GC(533) Pause Young (Allocation Failure)
[2025-10-14T10:58:57.361+0300][64.308s][info][gc,heap        ] GC(533) DefNew: 485242K(485248K)->53882K(485248K) Eden: 431360K(431360K)->0K(431360K) From: 53882K(53888K)->53882K(53888K)
[2025-10-14T10:58:57.361+0300][64.308s][info][gc,heap        ] GC(533) Tenured: 3519358K(3519504K)->3785664K(3785808K)
[2025-10-14T10:58:57.361+0300][64.308s][info][gc,metaspace   ] GC(533) Metaspace: 3787K(3968K)->3787K(3968K) NonClass: 3370K(3456K)->3370K(3456K) Class: 416K(512K)->416K(512K)
[2025-10-14T10:58:57.361+0300][64.308s][info][gc             ] GC(533) Pause Young (Allocation Failure) 3910M->3749M(4170M) 37.377ms
[2025-10-14T10:58:57.361+0300][64.308s][info][gc,cpu         ] GC(533) User=0.01s Sys=0.02s Real=0.04s
[2025-10-14T10:58:57.388+0300][64.334s][info][gc,start       ] GC(534) Pause Young (Allocation Failure)
[2025-10-14T10:58:57.425+0300][64.371s][info][gc,heap        ] GC(534) DefNew: 485242K(485248K)->53882K(485248K) Eden: 431360K(431360K)->0K(431360K) From: 53882K(53888K)->53882K(53888K)
[2025-10-14T10:58:57.425+0300][64.371s][info][gc,heap        ] GC(534) Tenured: 3785664K(3785808K)->4051970K(4052112K)
[2025-10-14T10:58:57.425+0300][64.371s][info][gc,metaspace   ] GC(534) Metaspace: 3787K(3968K)->3787K(3968K) NonClass: 3370K(3456K)->3370K(3456K) Class: 416K(512K)->416K(512K)
[2025-10-14T10:58:57.425+0300][64.371s][info][gc             ] GC(534) Pause Young (Allocation Failure) 4170M->4009M(4431M) 37.218ms
[2025-10-14T10:58:57.425+0300][64.371s][info][gc,cpu         ] GC(534) User=0.02s Sys=0.02s Real=0.04s
[2025-10-14T10:58:57.452+0300][64.398s][info][gc,start       ] GC(535) Pause Young (Allocation Failure)
[2025-10-14T10:58:57.489+0300][64.435s][info][gc,heap        ] GC(535) DefNew: 485242K(485248K)->53882K(485248K) Eden: 431360K(431360K)->0K(431360K) From: 53882K(53888K)->53882K(53888K)
[2025-10-14T10:58:57.489+0300][64.435s][info][gc,heap        ] GC(535) Tenured: 4051970K(4052112K)->4318308K(4318416K)
[2025-10-14T10:58:57.489+0300][64.435s][info][gc,metaspace   ] GC(535) Metaspace: 3787K(3968K)->3787K(3968K) NonClass: 3370K(3456K)->3370K(3456K) Class: 416K(512K)->416K(512K)
[2025-10-14T10:58:57.489+0300][64.435s][info][gc             ] GC(535) Pause Young (Allocation Failure) 4430M->4269M(4691M) 37.062ms
[2025-10-14T10:58:57.489+0300][64.435s][info][gc,cpu         ] GC(535) User=0.02s Sys=0.02s Real=0.03s
[2025-10-14T10:58:57.515+0300][64.462s][info][gc,start       ] GC(536) Pause Young (Allocation Failure)
[2025-10-14T10:58:57.553+0300][64.499s][info][gc,heap        ] GC(536) DefNew: 485242K(485248K)->53882K(485248K) Eden: 431360K(431360K)->0K(431360K) From: 53882K(53888K)->53882K(53888K)
[2025-10-14T10:58:57.553+0300][64.499s][info][gc,heap        ] GC(536) Tenured: 4318308K(4318416K)->4584614K(4584720K)
[2025-10-14T10:58:57.553+0300][64.499s][info][gc,metaspace   ] GC(536) Metaspace: 3787K(3968K)->3787K(3968K) NonClass: 3370K(3456K)->3370K(3456K) Class: 416K(512K)->416K(512K)
[2025-10-14T10:58:57.553+0300][64.499s][info][gc             ] GC(536) Pause Young (Allocation Failure) 4690M->4529M(4951M) 37.434ms
[2025-10-14T10:58:57.553+0300][64.499s][info][gc,cpu         ] GC(536) User=0.02s Sys=0.02s Real=0.04s
[2025-10-14T10:58:57.579+0300][64.526s][info][gc,start       ] GC(537) Pause Young (Allocation Failure)
[2025-10-14T10:58:57.618+0300][64.564s][info][gc,heap        ] GC(537) DefNew: 485242K(485248K)->53882K(485248K) Eden: 431360K(431360K)->0K(431360K) From: 53882K(53888K)->53882K(53888K)
[2025-10-14T10:58:57.618+0300][64.565s][info][gc,heap        ] GC(537) Tenured: 4584614K(4584720K)->4850888K(4851024K)
[2025-10-14T10:58:57.618+0300][64.565s][info][gc,metaspace   ] GC(537) Metaspace: 3787K(3968K)->3787K(3968K) NonClass: 3370K(3456K)->3370K(3456K) Class: 416K(512K)->416K(512K)
[2025-10-14T10:58:57.618+0300][64.565s][info][gc             ] GC(537) Pause Young (Allocation Failure) 4951M->4789M(5211M) 38.966ms
[2025-10-14T10:58:57.618+0300][64.565s][info][gc,cpu         ] GC(537) User=0.02s Sys=0.02s Real=0.04s
[2025-10-14T10:58:57.645+0300][64.591s][info][gc,start       ] GC(538) Pause Young (Allocation Failure)
[2025-10-14T10:58:57.737+0300][64.683s][info][gc,heap        ] GC(538) DefNew: 485242K(485248K)->53882K(485248K) Eden: 431360K(431360K)->0K(431360K) From: 53882K(53888K)->53882K(53888K)
[2025-10-14T10:58:57.737+0300][64.684s][info][gc,heap        ] GC(538) Tenured: 4850888K(4851024K)->5117226K(5117328K)
[2025-10-14T10:58:57.737+0300][64.684s][info][gc,metaspace   ] GC(538) Metaspace: 3787K(3968K)->3787K(3968K) NonClass: 3370K(3456K)->3370K(3456K) Class: 416K(512K)->416K(512K)
[2025-10-14T10:58:57.737+0300][64.684s][info][gc             ] GC(538) Pause Young (Allocation Failure) 5211M->5049M(5471M) 92.709ms
[2025-10-14T10:58:57.737+0300][64.684s][info][gc,cpu         ] GC(538) User=0.02s Sys=0.04s Real=0.09s
[2025-10-14T10:58:57.764+0300][64.710s][info][gc,start       ] GC(539) Pause Young (Allocation Failure)
[2025-10-14T10:58:57.822+0300][64.768s][info][gc,heap        ] GC(539) DefNew: 485242K(485248K)->53882K(485248K) Eden: 431360K(431360K)->0K(431360K) From: 53882K(53888K)->53882K(53888K)
[2025-10-14T10:58:57.822+0300][64.768s][info][gc,heap        ] GC(539) Tenured: 5117226K(5117328K)->5383532K(5383632K)
[2025-10-14T10:58:57.822+0300][64.768s][info][gc,metaspace   ] GC(539) Metaspace: 3787K(3968K)->3787K(3968K) NonClass: 3370K(3456K)->3370K(3456K) Class: 416K(512K)->416K(512K)
[2025-10-14T10:58:57.822+0300][64.768s][info][gc             ] GC(539) Pause Young (Allocation Failure) 5471M->5309M(5731M) 58.253ms
[2025-10-14T10:58:57.822+0300][64.768s][info][gc,cpu         ] GC(539) User=0.03s Sys=0.03s Real=0.06s
[2025-10-14T10:58:57.848+0300][64.795s][info][gc,start       ] GC(540) Pause Full (Allocation Failure)
[2025-10-14T10:58:57.848+0300][64.795s][info][gc,phases,start] GC(540) Phase 1: Mark live objects
[2025-10-14T10:58:57.850+0300][64.797s][info][gc,phases      ] GC(540) Phase 1: Mark live objects 2.106ms
[2025-10-14T10:58:57.850+0300][64.797s][info][gc,phases,start] GC(540) Phase 2: Compute new object addresses
[2025-10-14T10:58:57.953+0300][64.899s][info][gc,phases      ] GC(540) Phase 2: Compute new object addresses 102.633ms
[2025-10-14T10:58:57.953+0300][64.900s][info][gc,phases,start] GC(540) Phase 3: Adjust pointers
[2025-10-14T10:58:57.956+0300][64.902s][info][gc,phases      ] GC(540) Phase 3: Adjust pointers 2.943ms
[2025-10-14T10:58:57.956+0300][64.903s][info][gc,phases,start] GC(540) Phase 4: Move objects
[2025-10-14T10:58:57.970+0300][64.916s][info][gc,phases      ] GC(540) Phase 4: Move objects 13.756ms
[2025-10-14T10:58:58.073+0300][65.019s][info][gc,heap        ] GC(540) DefNew: 485242K(485248K)->0K(485248K) Eden: 431360K(431360K)->0K(431360K) From: 53882K(53888K)->0K(53888K)
[2025-10-14T10:58:58.073+0300][65.020s][info][gc,heap        ] GC(540) Tenured: 5383532K(5383632K)->323462K(1078224K)
[2025-10-14T10:58:58.073+0300][65.020s][info][gc,metaspace   ] GC(540) Metaspace: 3787K(3968K)->3787K(3968K) NonClass: 3370K(3456K)->3370K(3456K) Class: 416K(512K)->416K(512K)
[2025-10-14T10:58:58.073+0300][65.020s][info][gc             ] GC(540) Pause Full (Allocation Failure) 5731M->315M(1526M) 224.957ms
[2025-10-14T10:58:58.073+0300][65.020s][info][gc,cpu         ] GC(540) User=0.06s Sys=0.16s Real=0.23s
[2025-10-14T10:58:58.098+0300][65.044s][info][gc,start       ] GC(541) Pause Young (Allocation Failure)
[2025-10-14T10:58:58.118+0300][65.065s][info][gc,heap        ] GC(541) DefNew: 431360K(485248K)->53882K(485248K) Eden: 431360K(431360K)->0K(431360K) From: 0K(53888K)->53882K(53888K)
[2025-10-14T10:58:58.118+0300][65.065s][info][gc,heap        ] GC(541) Tenured: 323462K(1078224K)->589800K(1078224K)
[2025-10-14T10:58:58.118+0300][65.065s][info][gc,metaspace   ] GC(541) Metaspace: 3787K(3968K)->3787K(3968K) NonClass: 3370K(3456K)->3370K(3456K) Class: 416K(512K)->416K(512K)
[2025-10-14T10:58:58.118+0300][65.065s][info][gc             ] GC(541) Pause Young (Allocation Failure) 737M->628M(1526M) 20.406ms
[2025-10-14T10:58:58.118+0300][65.065s][info][gc,cpu         ] GC(541) User=0.01s Sys=0.01s Real=0.02s
[2025-10-14T10:58:58.145+0300][65.092s][info][gc,start       ] GC(542) Pause Young (Allocation Failure)
[2025-10-14T10:58:58.168+0300][65.114s][info][gc,heap        ] GC(542) DefNew: 485242K(485248K)->53882K(485248K) Eden: 431360K(431360K)->0K(431360K) From: 53882K(53888K)->53882K(53888K)
[2025-10-14T10:58:58.168+0300][65.114s][info][gc,heap        ] GC(542) Tenured: 589800K(1078224K)->856106K(1078224K)
[2025-10-14T10:58:58.168+0300][65.114s][info][gc,metaspace   ] GC(542) Metaspace: 3787K(3968K)->3787K(3968K) NonClass: 3370K(3456K)->3370K(3456K) Class: 416K(512K)->416K(512K)
[2025-10-14T10:58:58.168+0300][65.114s][info][gc             ] GC(542) Pause Young (Allocation Failure) 1049M->888M(1526M) 22.588ms
[2025-10-14T10:58:58.168+0300][65.114s][info][gc,cpu         ] GC(542) User=0.02s Sys=0.00s Real=0.02s
[2025-10-14T10:58:58.196+0300][65.142s][info][gc,start       ] GC(543) Pause Young (Allocation Failure)
[2025-10-14T10:58:58.218+0300][65.164s][info][gc,heap        ] GC(543) DefNew: 485242K(485248K)->53882K(485248K) Eden: 431360K(431360K)->0K(431360K) From: 53882K(53888K)->53882K(53888K)
[2025-10-14T10:58:58.218+0300][65.164s][info][gc,heap        ] GC(543) Tenured: 856106K(1078224K)->1122412K(1122576K)
[2025-10-14T10:58:58.218+0300][65.164s][info][gc,metaspace   ] GC(543) Metaspace: 3787K(3968K)->3787K(3968K) NonClass: 3370K(3456K)->3370K(3456K) Class: 416K(512K)->416K(512K)
[2025-10-14T10:58:58.218+0300][65.164s][info][gc             ] GC(543) Pause Young (Allocation Failure) 1309M->1148M(1570M) 21.758ms
[2025-10-14T10:58:58.218+0300][65.164s][info][gc,cpu         ] GC(543) User=0.01s Sys=0.00s Real=0.02s
[2025-10-14T10:58:58.246+0300][65.193s][info][gc,start       ] GC(544) Pause Young (Allocation Failure)
[2025-10-14T10:58:58.286+0300][65.233s][info][gc,heap        ] GC(544) DefNew: 485242K(485248K)->53882K(485248K) Eden: 431360K(431360K)->0K(431360K) From: 53882K(53888K)->53882K(53888K)
[2025-10-14T10:58:58.286+0300][65.233s][info][gc,heap        ] GC(544) Tenured: 1122412K(1122576K)->1388750K(1388880K)
[2025-10-14T10:58:58.286+0300][65.233s][info][gc,metaspace   ] GC(544) Metaspace: 3787K(3968K)->3787K(3968K) NonClass: 3370K(3456K)->3370K(3456K) Class: 416K(512K)->416K(512K)
[2025-10-14T10:58:58.286+0300][65.233s][info][gc             ] GC(544) Pause Young (Allocation Failure) 1569M->1408M(1830M) 40.299ms
[2025-10-14T10:58:58.286+0300][65.233s][info][gc,cpu         ] GC(544) User=0.02s Sys=0.02s Real=0.04s
[2025-10-14T10:58:58.315+0300][65.261s][info][gc,start       ] GC(545) Pause Young (Allocation Failure)
[2025-10-14T10:58:58.359+0300][65.305s][info][gc,heap        ] GC(545) DefNew: 485242K(485248K)->53882K(485248K) Eden: 431360K(431360K)->0K(431360K) From: 53882K(53888K)->53882K(53888K)
[2025-10-14T10:58:58.359+0300][65.305s][info][gc,heap        ] GC(545) Tenured: 1388750K(1388880K)->1655088K(1655184K)
[2025-10-14T10:58:58.359+0300][65.305s][info][gc,metaspace   ] GC(545) Metaspace: 3787K(3968K)->3787K(3968K) NonClass: 3370K(3456K)->3370K(3456K) Class: 416K(512K)->416K(512K)
[2025-10-14T10:58:58.359+0300][65.306s][info][gc             ] GC(545) Pause Young (Allocation Failure) 1830M->1668M(2090M) 44.357ms
[2025-10-14T10:58:58.359+0300][65.306s][info][gc,cpu         ] GC(545) User=0.02s Sys=0.03s Real=0.04s
[2025-10-14T10:58:58.386+0300][65.332s][info][gc,start       ] GC(546) Pause Young (Allocation Failure)
[2025-10-14T10:58:58.427+0300][65.373s][info][gc,heap        ] GC(546) DefNew: 485242K(485248K)->53882K(485248K) Eden: 431360K(431360K)->0K(431360K) From: 53882K(53888K)->53882K(53888K)
[2025-10-14T10:58:58.427+0300][65.373s][info][gc,heap        ] GC(546) Tenured: 1655088K(1655184K)->1921426K(1921488K)
[2025-10-14T10:58:58.427+0300][65.373s][info][gc,metaspace   ] GC(546) Metaspace: 3787K(3968K)->3787K(3968K) NonClass: 3370K(3456K)->3370K(3456K) Class: 416K(512K)->416K(512K)
[2025-10-14T10:58:58.427+0300][65.373s][info][gc             ] GC(546) Pause Young (Allocation Failure) 2090M->1929M(2350M) 40.689ms
[2025-10-14T10:58:58.427+0300][65.373s][info][gc,cpu         ] GC(546) User=0.02s Sys=0.02s Real=0.04s
[2025-10-14T10:58:58.454+0300][65.401s][info][gc,start       ] GC(547) Pause Young (Allocation Failure)
[2025-10-14T10:58:58.493+0300][65.439s][info][gc,heap        ] GC(547) DefNew: 485242K(485248K)->53882K(485248K) Eden: 431360K(431360K)->0K(431360K) From: 53882K(53888K)->53882K(53888K)
[2025-10-14T10:58:58.493+0300][65.439s][info][gc,heap        ] GC(547) Tenured: 1921426K(1921488K)->2187732K(2187792K)
[2025-10-14T10:58:58.493+0300][65.439s][info][gc,metaspace   ] GC(547) Metaspace: 3787K(3968K)->3787K(3968K) NonClass: 3370K(3456K)->3370K(3456K) Class: 416K(512K)->416K(512K)
[2025-10-14T10:58:58.493+0300][65.439s][info][gc             ] GC(547) Pause Young (Allocation Failure) 2350M->2189M(2610M) 38.552ms
[2025-10-14T10:58:58.493+0300][65.439s][info][gc,cpu         ] GC(547) User=0.02s Sys=0.02s Real=0.04s
[2025-10-14T10:58:58.517+0300][65.464s][info][gc,start       ] GC(548) Pause Young (Allocation Failure)
[2025-10-14T10:58:58.557+0300][65.503s][info][gc,heap        ] GC(548) DefNew: 485242K(485248K)->53882K(485248K) Eden: 431360K(431360K)->0K(431360K) From: 53882K(53888K)->53882K(53888K)
[2025-10-14T10:58:58.557+0300][65.503s][info][gc,heap        ] GC(548) Tenured: 2187732K(2187792K)->2454070K(2454096K)
[2025-10-14T10:58:58.557+0300][65.503s][info][gc,metaspace   ] GC(548) Metaspace: 3787K(3968K)->3787K(3968K) NonClass: 3370K(3456K)->3370K(3456K) Class: 416K(512K)->416K(512K)
[2025-10-14T10:58:58.557+0300][65.503s][info][gc             ] GC(548) Pause Young (Allocation Failure) 2610M->2449M(2870M) 39.352ms
[2025-10-14T10:58:58.557+0300][65.503s][info][gc,cpu         ] GC(548) User=0.02s Sys=0.02s Real=0.04s
[2025-10-14T10:58:58.583+0300][65.529s][info][gc,start       ] GC(549) Pause Young (Allocation Failure)
[2025-10-14T10:58:58.621+0300][65.567s][info][gc,heap        ] GC(549) DefNew: 485242K(485248K)->53882K(485248K) Eden: 431360K(431360K)->0K(431360K) From: 53882K(53888K)->53882K(53888K)
[2025-10-14T10:58:58.621+0300][65.567s][info][gc,heap        ] GC(549) Tenured: 2454070K(2454096K)->2720376K(2720400K)
[2025-10-14T10:58:58.621+0300][65.567s][info][gc,metaspace   ] GC(549) Metaspace: 3787K(3968K)->3787K(3968K) NonClass: 3370K(3456K)->3370K(3456K) Class: 416K(512K)->416K(512K)
[2025-10-14T10:58:58.621+0300][65.567s][info][gc             ] GC(549) Pause Young (Allocation Failure) 2870M->2709M(3130M) 38.261ms
[2025-10-14T10:58:58.621+0300][65.567s][info][gc,cpu         ] GC(549) User=0.02s Sys=0.02s Real=0.04s
[2025-10-14T10:58:58.647+0300][65.594s][info][gc,start       ] GC(550) Pause Young (Allocation Failure)
[2025-10-14T10:58:58.686+0300][65.633s][info][gc,heap        ] GC(550) DefNew: 485242K(485248K)->53882K(485248K) Eden: 431360K(431360K)->0K(431360K) From: 53882K(53888K)->53882K(53888K)
[2025-10-14T10:58:58.686+0300][65.633s][info][gc,heap        ] GC(550) Tenured: 2720376K(2720400K)->2986714K(2986896K)
[2025-10-14T10:58:58.686+0300][65.633s][info][gc,metaspace   ] GC(550) Metaspace: 3787K(3968K)->3787K(3968K) NonClass: 3370K(3456K)->3370K(3456K) Class: 416K(512K)->416K(512K)
[2025-10-14T10:58:58.686+0300][65.633s][info][gc             ] GC(550) Pause Young (Allocation Failure) 3130M->2969M(3390M) 39.220ms
[2025-10-14T10:58:58.686+0300][65.633s][info][gc,cpu         ] GC(550) User=0.02s Sys=0.03s Real=0.04s
[2025-10-14T10:58:58.712+0300][65.658s][info][gc,start       ] GC(551) Pause Young (Allocation Failure)
[2025-10-14T10:58:58.751+0300][65.697s][info][gc,heap        ] GC(551) DefNew: 485242K(485248K)->53882K(485248K) Eden: 431360K(431360K)->0K(431360K) From: 53882K(53888K)->53882K(53888K)
[2025-10-14T10:58:58.751+0300][65.697s][info][gc,heap        ] GC(551) Tenured: 2986714K(2986896K)->3253052K(3253200K)
[2025-10-14T10:58:58.751+0300][65.697s][info][gc,metaspace   ] GC(551) Metaspace: 3787K(3968K)->3787K(3968K) NonClass: 3370K(3456K)->3370K(3456K) Class: 416K(512K)->416K(512K)
[2025-10-14T10:58:58.751+0300][65.697s][info][gc             ] GC(551) Pause Young (Allocation Failure) 3390M->3229M(3650M) 39.180ms
[2025-10-14T10:58:58.751+0300][65.697s][info][gc,cpu         ] GC(551) User=0.01s Sys=0.02s Real=0.04s
[2025-10-14T10:58:58.777+0300][65.723s][info][gc,start       ] GC(552) Pause Young (Allocation Failure)
[2025-10-14T10:58:58.816+0300][65.763s][info][gc,heap        ] GC(552) DefNew: 485242K(485248K)->53882K(485248K) Eden: 431360K(431360K)->0K(431360K) From: 53882K(53888K)->53882K(53888K)
[2025-10-14T10:58:58.816+0300][65.763s][info][gc,heap        ] GC(552) Tenured: 3253052K(3253200K)->3519358K(3519504K)
[2025-10-14T10:58:58.816+0300][65.763s][info][gc,metaspace   ] GC(552) Metaspace: 3787K(3968K)->3787K(3968K) NonClass: 3370K(3456K)->3370K(3456K) Class: 416K(512K)->416K(512K)
[2025-10-14T10:58:58.816+0300][65.763s][info][gc             ] GC(552) Pause Young (Allocation Failure) 3650M->3489M(3910M) 39.584ms
[2025-10-14T10:58:58.816+0300][65.763s][info][gc,cpu         ] GC(552) User=0.02s Sys=0.02s Real=0.04s
[2025-10-14T10:58:58.842+0300][65.788s][info][gc,start       ] GC(553) Pause Young (Allocation Failure)
[2025-10-14T10:58:58.882+0300][65.828s][info][gc,heap        ] GC(553) DefNew: 485242K(485248K)->53882K(485248K) Eden: 431360K(431360K)->0K(431360K) From: 53882K(53888K)->53882K(53888K)
[2025-10-14T10:58:58.882+0300][65.828s][info][gc,heap        ] GC(553) Tenured: 3519358K(3519504K)->3785664K(3785808K)
[2025-10-14T10:58:58.882+0300][65.828s][info][gc,metaspace   ] GC(553) Metaspace: 3787K(3968K)->3787K(3968K) NonClass: 3370K(3456K)->3370K(3456K) Class: 416K(512K)->416K(512K)
[2025-10-14T10:58:58.882+0300][65.828s][info][gc             ] GC(553) Pause Young (Allocation Failure) 3910M->3749M(4170M) 40.088ms
[2025-10-14T10:58:58.882+0300][65.828s][info][gc,cpu         ] GC(553) User=0.02s Sys=0.02s Real=0.04s
[2025-10-14T10:58:58.910+0300][65.857s][info][gc,start       ] GC(554) Pause Young (Allocation Failure)
[2025-10-14T10:58:58.951+0300][65.897s][info][gc,heap        ] GC(554) DefNew: 485242K(485248K)->53882K(485248K) Eden: 431360K(431360K)->0K(431360K) From: 53882K(53888K)->53882K(53888K)
[2025-10-14T10:58:58.951+0300][65.897s][info][gc,heap        ] GC(554) Tenured: 3785664K(3785808K)->4051970K(4052112K)
[2025-10-14T10:58:58.951+0300][65.897s][info][gc,metaspace   ] GC(554) Metaspace: 3787K(3968K)->3787K(3968K) NonClass: 3370K(3456K)->3370K(3456K) Class: 416K(512K)->416K(512K)
[2025-10-14T10:58:58.951+0300][65.897s][info][gc             ] GC(554) Pause Young (Allocation Failure) 4170M->4009M(4431M) 40.271ms
[2025-10-14T10:58:58.951+0300][65.897s][info][gc,cpu         ] GC(554) User=0.02s Sys=0.02s Real=0.04s
[2025-10-14T10:58:58.976+0300][65.923s][info][gc,start       ] GC(555) Pause Young (Allocation Failure)
[2025-10-14T10:58:59.015+0300][65.962s][info][gc,heap        ] GC(555) DefNew: 485242K(485248K)->53882K(485248K) Eden: 431360K(431360K)->0K(431360K) From: 53882K(53888K)->53882K(53888K)
[2025-10-14T10:58:59.015+0300][65.962s][info][gc,heap        ] GC(555) Tenured: 4051970K(4052112K)->4318276K(4318416K)
[2025-10-14T10:58:59.015+0300][65.962s][info][gc,metaspace   ] GC(555) Metaspace: 3787K(3968K)->3787K(3968K) NonClass: 3370K(3456K)->3370K(3456K) Class: 416K(512K)->416K(512K)
[2025-10-14T10:58:59.015+0300][65.962s][info][gc             ] GC(555) Pause Young (Allocation Failure) 4430M->4269M(4691M) 39.185ms
[2025-10-14T10:58:59.015+0300][65.962s][info][gc,cpu         ] GC(555) User=0.02s Sys=0.02s Real=0.04s
[2025-10-14T10:58:59.042+0300][65.988s][info][gc,start       ] GC(556) Pause Young (Allocation Failure)
[2025-10-14T10:58:59.083+0300][66.029s][info][gc,heap        ] GC(556) DefNew: 485242K(485248K)->53882K(485248K) Eden: 431360K(431360K)->0K(431360K) From: 53882K(53888K)->53882K(53888K)
[2025-10-14T10:58:59.083+0300][66.029s][info][gc,heap        ] GC(556) Tenured: 4318276K(4318416K)->4584582K(4584720K)
[2025-10-14T10:58:59.083+0300][66.029s][info][gc,metaspace   ] GC(556) Metaspace: 3787K(3968K)->3787K(3968K) NonClass: 3370K(3456K)->3370K(3456K) Class: 416K(512K)->416K(512K)
[2025-10-14T10:58:59.083+0300][66.029s][info][gc             ] GC(556) Pause Young (Allocation Failure) 4690M->4529M(4951M) 40.950ms
[2025-10-14T10:58:59.083+0300][66.029s][info][gc,cpu         ] GC(556) User=0.02s Sys=0.02s Real=0.04s
[2025-10-14T10:58:59.108+0300][66.054s][info][gc,start       ] GC(557) Pause Young (Allocation Failure)
[2025-10-14T10:58:59.150+0300][66.097s][info][gc,heap        ] GC(557) DefNew: 485242K(485248K)->53882K(485248K) Eden: 431360K(431360K)->0K(431360K) From: 53882K(53888K)->53882K(53888K)
[2025-10-14T10:58:59.150+0300][66.097s][info][gc,heap        ] GC(557) Tenured: 4584582K(4584720K)->4850920K(4851024K)
[2025-10-14T10:58:59.150+0300][66.097s][info][gc,metaspace   ] GC(557) Metaspace: 3787K(3968K)->3787K(3968K) NonClass: 3370K(3456K)->3370K(3456K) Class: 416K(512K)->416K(512K)
[2025-10-14T10:58:59.150+0300][66.097s][info][gc             ] GC(557) Pause Young (Allocation Failure) 4951M->4789M(5211M) 42.803ms
[2025-10-14T10:58:59.150+0300][66.097s][info][gc,cpu         ] GC(557) User=0.02s Sys=0.03s Real=0.05s
[2025-10-14T10:58:59.176+0300][66.123s][info][gc,start       ] GC(558) Pause Young (Allocation Failure)
[2025-10-14T10:58:59.259+0300][66.205s][info][gc,heap        ] GC(558) DefNew: 485242K(485248K)->53882K(485248K) Eden: 431360K(431360K)->0K(431360K) From: 53882K(53888K)->53882K(53888K)
[2025-10-14T10:58:59.259+0300][66.205s][info][gc,heap        ] GC(558) Tenured: 4850920K(4851024K)->5117226K(5117328K)
[2025-10-14T10:58:59.259+0300][66.205s][info][gc,metaspace   ] GC(558) Metaspace: 3787K(3968K)->3787K(3968K) NonClass: 3370K(3456K)->3370K(3456K) Class: 416K(512K)->416K(512K)
[2025-10-14T10:58:59.259+0300][66.205s][info][gc             ] GC(558) Pause Young (Allocation Failure) 5211M->5049M(5471M) 82.457ms
[2025-10-14T10:58:59.259+0300][66.205s][info][gc,cpu         ] GC(558) User=0.03s Sys=0.03s Real=0.08s
[2025-10-14T10:58:59.285+0300][66.231s][info][gc,start       ] GC(559) Pause Young (Allocation Failure)
[2025-10-14T10:58:59.339+0300][66.286s][info][gc,heap        ] GC(559) DefNew: 485242K(485248K)->53882K(485248K) Eden: 431360K(431360K)->0K(431360K) From: 53882K(53888K)->53882K(53888K)
[2025-10-14T10:58:59.339+0300][66.286s][info][gc,heap        ] GC(559) Tenured: 5117226K(5117328K)->5383532K(5383632K)
[2025-10-14T10:58:59.339+0300][66.286s][info][gc,metaspace   ] GC(559) Metaspace: 3787K(3968K)->3787K(3968K) NonClass: 3370K(3456K)->3370K(3456K) Class: 416K(512K)->416K(512K)
[2025-10-14T10:58:59.339+0300][66.286s][info][gc             ] GC(559) Pause Young (Allocation Failure) 5471M->5309M(5731M) 54.416ms
[2025-10-14T10:58:59.339+0300][66.286s][info][gc,cpu         ] GC(559) User=0.02s Sys=0.03s Real=0.05s
[2025-10-14T10:58:59.364+0300][66.310s][info][gc,start       ] GC(560) Pause Full (Allocation Failure)
[2025-10-14T10:58:59.364+0300][66.310s][info][gc,phases,start] GC(560) Phase 1: Mark live objects
[2025-10-14T10:58:59.366+0300][66.313s][info][gc,phases      ] GC(560) Phase 1: Mark live objects 2.124ms
[2025-10-14T10:58:59.366+0300][66.313s][info][gc,phases,start] GC(560) Phase 2: Compute new object addresses
[2025-10-14T10:58:59.463+0300][66.409s][info][gc,phases      ] GC(560) Phase 2: Compute new object addresses 96.525ms
[2025-10-14T10:58:59.463+0300][66.409s][info][gc,phases,start] GC(560) Phase 3: Adjust pointers
[2025-10-14T10:58:59.466+0300][66.412s][info][gc,phases      ] GC(560) Phase 3: Adjust pointers 2.807ms
[2025-10-14T10:58:59.466+0300][66.412s][info][gc,phases,start] GC(560) Phase 4: Move objects
[2025-10-14T10:58:59.480+0300][66.427s][info][gc,phases      ] GC(560) Phase 4: Move objects 14.730ms
[2025-10-14T10:58:59.579+0300][66.525s][info][gc,heap        ] GC(560) DefNew: 485242K(485248K)->0K(485184K) Eden: 431360K(431360K)->0K(431296K) From: 53882K(53888K)->0K(53888K)
[2025-10-14T10:58:59.579+0300][66.525s][info][gc,heap        ] GC(560) Tenured: 5383532K(5383632K)->323430K(1078112K)
[2025-10-14T10:58:59.579+0300][66.525s][info][gc,metaspace   ] GC(560) Metaspace: 3787K(3968K)->3787K(3968K) NonClass: 3370K(3456K)->3370K(3456K) Class: 416K(512K)->416K(512K)
[2025-10-14T10:58:59.579+0300][66.525s][info][gc             ] GC(560) Pause Full (Allocation Failure) 5731M->315M(1526M) 215.006ms
[2025-10-14T10:58:59.579+0300][66.525s][info][gc,cpu         ] GC(560) User=0.07s Sys=0.15s Real=0.21s
[2025-10-14T10:58:59.604+0300][66.550s][info][gc,start       ] GC(561) Pause Young (Allocation Failure)
[2025-10-14T10:58:59.629+0300][66.575s][info][gc,heap        ] GC(561) DefNew: 431296K(485184K)->53882K(485184K) Eden: 431296K(431296K)->0K(431296K) From: 0K(53888K)->53882K(53888K)
[2025-10-14T10:58:59.629+0300][66.575s][info][gc,heap        ] GC(561) Tenured: 323430K(1078112K)->589768K(1078112K)
[2025-10-14T10:58:59.629+0300][66.575s][info][gc,metaspace   ] GC(561) Metaspace: 3787K(3968K)->3787K(3968K) NonClass: 3370K(3456K)->3370K(3456K) Class: 416K(512K)->416K(512K)
[2025-10-14T10:58:59.629+0300][66.575s][info][gc             ] GC(561) Pause Young (Allocation Failure) 737M->628M(1526M) 24.595ms
[2025-10-14T10:58:59.629+0300][66.575s][info][gc,cpu         ] GC(561) User=0.02s Sys=0.01s Real=0.02s
[2025-10-14T10:58:59.654+0300][66.600s][info][gc,start       ] GC(562) Pause Young (Allocation Failure)
[2025-10-14T10:58:59.671+0300][66.617s][info][gc,heap        ] GC(562) DefNew: 485178K(485184K)->53882K(485184K) Eden: 431296K(431296K)->0K(431296K) From: 53882K(53888K)->53882K(53888K)
[2025-10-14T10:58:59.671+0300][66.617s][info][gc,heap        ] GC(562) Tenured: 589768K(1078112K)->856042K(1078112K)
[2025-10-14T10:58:59.671+0300][66.617s][info][gc,metaspace   ] GC(562) Metaspace: 3787K(3968K)->3787K(3968K) NonClass: 3370K(3456K)->3370K(3456K) Class: 416K(512K)->416K(512K)
[2025-10-14T10:58:59.671+0300][66.617s][info][gc             ] GC(562) Pause Young (Allocation Failure) 1049M->888M(1526M) 17.295ms
[2025-10-14T10:58:59.671+0300][66.617s][info][gc,cpu         ] GC(562) User=0.02s Sys=0.00s Real=0.02s
[2025-10-14T10:58:59.696+0300][66.642s][info][gc,start       ] GC(563) Pause Young (Allocation Failure)
[2025-10-14T10:58:59.715+0300][66.662s][info][gc,heap        ] GC(563) DefNew: 485178K(485184K)->53882K(485184K) Eden: 431296K(431296K)->0K(431296K) From: 53882K(53888K)->53882K(53888K)
[2025-10-14T10:58:59.715+0300][66.662s][info][gc,heap        ] GC(563) Tenured: 856042K(1078112K)->1122380K(1122464K)
[2025-10-14T10:58:59.715+0300][66.662s][info][gc,metaspace   ] GC(563) Metaspace: 3787K(3968K)->3787K(3968K) NonClass: 3370K(3456K)->3370K(3456K) Class: 416K(512K)->416K(512K)
[2025-10-14T10:58:59.715+0300][66.662s][info][gc             ] GC(563) Pause Young (Allocation Failure) 1309M->1148M(1569M) 19.669ms
[2025-10-14T10:58:59.715+0300][66.662s][info][gc,cpu         ] GC(563) User=0.02s Sys=0.00s Real=0.02s
[2025-10-14T10:58:59.740+0300][66.686s][info][gc,start       ] GC(564) Pause Young (Allocation Failure)
[2025-10-14T10:58:59.780+0300][66.726s][info][gc,heap        ] GC(564) DefNew: 485178K(485184K)->53882K(485184K) Eden: 431296K(431296K)->0K(431296K) From: 53882K(53888K)->53882K(53888K)
[2025-10-14T10:58:59.780+0300][66.726s][info][gc,heap        ] GC(564) Tenured: 1122380K(1122464K)->1388718K(1388768K)
[2025-10-14T10:58:59.780+0300][66.726s][info][gc,metaspace   ] GC(564) Metaspace: 3787K(3968K)->3787K(3968K) NonClass: 3370K(3456K)->3370K(3456K) Class: 416K(512K)->416K(512K)
[2025-10-14T10:58:59.780+0300][66.726s][info][gc             ] GC(564) Pause Young (Allocation Failure) 1569M->1408M(1830M) 39.764ms
[2025-10-14T10:58:59.780+0300][66.726s][info][gc,cpu         ] GC(564) User=0.02s Sys=0.02s Real=0.04s
[2025-10-14T10:58:59.807+0300][66.753s][info][gc,start       ] GC(565) Pause Young (Allocation Failure)
[2025-10-14T10:58:59.845+0300][66.792s][info][gc,heap        ] GC(565) DefNew: 485178K(485184K)->53882K(485184K) Eden: 431296K(431296K)->0K(431296K) From: 53882K(53888K)->53882K(53888K)
[2025-10-14T10:58:59.845+0300][66.792s][info][gc,heap        ] GC(565) Tenured: 1388718K(1388768K)->1655024K(1655072K)
[2025-10-14T10:58:59.845+0300][66.792s][info][gc,metaspace   ] GC(565) Metaspace: 3787K(3968K)->3787K(3968K) NonClass: 3370K(3456K)->3370K(3456K) Class: 416K(512K)->416K(512K)
[2025-10-14T10:58:59.845+0300][66.792s][info][gc             ] GC(565) Pause Young (Allocation Failure) 1829M->1668M(2090M) 38.635ms
[2025-10-14T10:58:59.845+0300][66.792s][info][gc,cpu         ] GC(565) User=0.02s Sys=0.02s Real=0.04s
[2025-10-14T10:58:59.870+0300][66.816s][info][gc,start       ] GC(566) Pause Young (Allocation Failure)
[2025-10-14T10:58:59.910+0300][66.857s][info][gc,heap        ] GC(566) DefNew: 485178K(485184K)->53882K(485184K) Eden: 431296K(431296K)->0K(431296K) From: 53882K(53888K)->53882K(53888K)
[2025-10-14T10:58:59.910+0300][66.857s][info][gc,heap        ] GC(566) Tenured: 1655024K(1655072K)->1921298K(1921376K)
[2025-10-14T10:58:59.910+0300][66.857s][info][gc,metaspace   ] GC(566) Metaspace: 3787K(3968K)->3787K(3968K) NonClass: 3370K(3456K)->3370K(3456K) Class: 416K(512K)->416K(512K)
[2025-10-14T10:58:59.910+0300][66.857s][info][gc             ] GC(566) Pause Young (Allocation Failure) 2090M->1928M(2350M) 40.508ms
[2025-10-14T10:58:59.910+0300][66.857s][info][gc,cpu         ] GC(566) User=0.01s Sys=0.02s Real=0.04s
[2025-10-14T10:58:59.936+0300][66.882s][info][gc,start       ] GC(567) Pause Young (Allocation Failure)
[2025-10-14T10:58:59.974+0300][66.921s][info][gc,heap        ] GC(567) DefNew: 485178K(485184K)->53882K(485184K) Eden: 431296K(431296K)->0K(431296K) From: 53882K(53888K)->53882K(53888K)
[2025-10-14T10:58:59.974+0300][66.921s][info][gc,heap        ] GC(567) Tenured: 1921298K(1921376K)->2187636K(2187680K)
[2025-10-14T10:58:59.974+0300][66.921s][info][gc,metaspace   ] GC(567) Metaspace: 3787K(3968K)->3787K(3968K) NonClass: 3370K(3456K)->3370K(3456K) Class: 416K(512K)->416K(512K)
[2025-10-14T10:58:59.974+0300][66.921s][info][gc             ] GC(567) Pause Young (Allocation Failure) 2350M->2188M(2610M) 38.661ms
[2025-10-14T10:58:59.974+0300][66.921s][info][gc,cpu         ] GC(567) User=0.02s Sys=0.02s Real=0.04s
[2025-10-14T10:58:59.999+0300][66.945s][info][gc,start       ] GC(568) Pause Young (Allocation Failure)
[2025-10-14T10:59:00.040+0300][66.987s][info][gc,heap        ] GC(568) DefNew: 485178K(485184K)->53882K(485184K) Eden: 431296K(431296K)->0K(431296K) From: 53882K(53888K)->53882K(53888K)
[2025-10-14T10:59:00.040+0300][66.987s][info][gc,heap        ] GC(568) Tenured: 2187636K(2187680K)->2453942K(2453984K)
[2025-10-14T10:59:00.040+0300][66.987s][info][gc,metaspace   ] GC(568) Metaspace: 3787K(3968K)->3787K(3968K) NonClass: 3370K(3456K)->3370K(3456K) Class: 416K(512K)->416K(512K)
[2025-10-14T10:59:00.040+0300][66.987s][info][gc             ] GC(568) Pause Young (Allocation Failure) 2610M->2449M(2870M) 41.347ms
[2025-10-14T10:59:00.040+0300][66.987s][info][gc,cpu         ] GC(568) User=0.02s Sys=0.02s Real=0.05s
[2025-10-14T10:59:00.065+0300][67.012s][info][gc,start       ] GC(569) Pause Young (Allocation Failure)
[2025-10-14T10:59:00.104+0300][67.051s][info][gc,heap        ] GC(569) DefNew: 485178K(485184K)->53882K(485184K) Eden: 431296K(431296K)->0K(431296K) From: 53882K(53888K)->53882K(53888K)
[2025-10-14T10:59:00.104+0300][67.051s][info][gc,heap        ] GC(569) Tenured: 2453942K(2453984K)->2720248K(2720288K)
[2025-10-14T10:59:00.104+0300][67.051s][info][gc,metaspace   ] GC(569) Metaspace: 3787K(3968K)->3787K(3968K) NonClass: 3370K(3456K)->3370K(3456K) Class: 416K(512K)->416K(512K)
[2025-10-14T10:59:00.104+0300][67.051s][info][gc             ] GC(569) Pause Young (Allocation Failure) 2870M->2709M(3130M) 39.016ms
[2025-10-14T10:59:00.104+0300][67.051s][info][gc,cpu         ] GC(569) User=0.02s Sys=0.02s Real=0.04s
[2025-10-14T10:59:00.129+0300][67.076s][info][gc,start       ] GC(570) Pause Young (Allocation Failure)
[2025-10-14T10:59:00.173+0300][67.119s][info][gc,heap        ] GC(570) DefNew: 485178K(485184K)->53882K(485184K) Eden: 431296K(431296K)->0K(431296K) From: 53882K(53888K)->53882K(53888K)
[2025-10-14T10:59:00.173+0300][67.119s][info][gc,heap        ] GC(570) Tenured: 2720248K(2720288K)->2986554K(2986592K)
[2025-10-14T10:59:00.173+0300][67.119s][info][gc,metaspace   ] GC(570) Metaspace: 3787K(3968K)->3787K(3968K) NonClass: 3370K(3456K)->3370K(3456K) Class: 416K(512K)->416K(512K)
[2025-10-14T10:59:00.173+0300][67.119s][info][gc             ] GC(570) Pause Young (Allocation Failure) 3130M->2969M(3390M) 43.554ms
[2025-10-14T10:59:00.173+0300][67.119s][info][gc,cpu         ] GC(570) User=0.02s Sys=0.02s Real=0.05s
[2025-10-14T10:59:00.197+0300][67.144s][info][gc,start       ] GC(571) Pause Young (Allocation Failure)
[2025-10-14T10:59:00.236+0300][67.183s][info][gc,heap        ] GC(571) DefNew: 485178K(485184K)->53882K(485184K) Eden: 431296K(431296K)->0K(431296K) From: 53882K(53888K)->53882K(53888K)
[2025-10-14T10:59:00.236+0300][67.183s][info][gc,heap        ] GC(571) Tenured: 2986554K(2986592K)->3252860K(3252896K)
[2025-10-14T10:59:00.236+0300][67.183s][info][gc,metaspace   ] GC(571) Metaspace: 3787K(3968K)->3787K(3968K) NonClass: 3370K(3456K)->3370K(3456K) Class: 416K(512K)->416K(512K)
[2025-10-14T10:59:00.236+0300][67.183s][info][gc             ] GC(571) Pause Young (Allocation Failure) 3390M->3229M(3650M) 39.007ms
[2025-10-14T10:59:00.236+0300][67.183s][info][gc,cpu         ] GC(571) User=0.02s Sys=0.02s Real=0.04s
[2025-10-14T10:59:00.261+0300][67.208s][info][gc,start       ] GC(572) Pause Young (Allocation Failure)
[2025-10-14T10:59:00.306+0300][67.253s][info][gc,heap        ] GC(572) DefNew: 485178K(485184K)->53882K(485184K) Eden: 431296K(431296K)->0K(431296K) From: 53882K(53888K)->53882K(53888K)
[2025-10-14T10:59:00.306+0300][67.253s][info][gc,heap        ] GC(572) Tenured: 3252860K(3252896K)->3519198K(3519200K)
[2025-10-14T10:59:00.306+0300][67.253s][info][gc,metaspace   ] GC(572) Metaspace: 3787K(3968K)->3787K(3968K) NonClass: 3370K(3456K)->3370K(3456K) Class: 416K(512K)->416K(512K)
[2025-10-14T10:59:00.306+0300][67.253s][info][gc             ] GC(572) Pause Young (Allocation Failure) 3650M->3489M(3910M) 45.346ms
[2025-10-14T10:59:00.306+0300][67.253s][info][gc,cpu         ] GC(572) User=0.02s Sys=0.02s Real=0.04s
[2025-10-14T10:59:00.331+0300][67.277s][info][gc,start       ] GC(573) Pause Young (Allocation Failure)
[2025-10-14T10:59:00.370+0300][67.317s][info][gc,heap        ] GC(573) DefNew: 485178K(485184K)->53882K(485184K) Eden: 431296K(431296K)->0K(431296K) From: 53882K(53888K)->53882K(53888K)
[2025-10-14T10:59:00.370+0300][67.317s][info][gc,heap        ] GC(573) Tenured: 3519198K(3519200K)->3785504K(3785696K)
[2025-10-14T10:59:00.370+0300][67.317s][info][gc,metaspace   ] GC(573) Metaspace: 3787K(3968K)->3787K(3968K) NonClass: 3370K(3456K)->3370K(3456K) Class: 416K(512K)->416K(512K)
[2025-10-14T10:59:00.371+0300][67.317s][info][gc             ] GC(573) Pause Young (Allocation Failure) 3910M->3749M(4170M) 39.593ms
[2025-10-14T10:59:00.371+0300][67.317s][info][gc,cpu         ] GC(573) User=0.01s Sys=0.03s Real=0.04s
[2025-10-14T10:59:00.395+0300][67.342s][info][gc,start       ] GC(574) Pause Young (Allocation Failure)
[2025-10-14T10:59:00.435+0300][67.382s][info][gc,heap        ] GC(574) DefNew: 485178K(485184K)->53882K(485184K) Eden: 431296K(431296K)->0K(431296K) From: 53882K(53888K)->53882K(53888K)
[2025-10-14T10:59:00.435+0300][67.382s][info][gc,heap        ] GC(574) Tenured: 3785504K(3785696K)->4051810K(4052000K)
[2025-10-14T10:59:00.435+0300][67.382s][info][gc,metaspace   ] GC(574) Metaspace: 3787K(3968K)->3787K(3968K) NonClass: 3370K(3456K)->3370K(3456K) Class: 416K(512K)->416K(512K)
[2025-10-14T10:59:00.435+0300][67.382s][info][gc             ] GC(574) Pause Young (Allocation Failure) 4170M->4009M(4430M) 39.861ms
[2025-10-14T10:59:00.435+0300][67.382s][info][gc,cpu         ] GC(574) User=0.02s Sys=0.02s Real=0.04s
[2025-10-14T10:59:00.460+0300][67.406s][info][gc,start       ] GC(575) Pause Young (Allocation Failure)
[2025-10-14T10:59:00.503+0300][67.449s][info][gc,heap        ] GC(575) DefNew: 485178K(485184K)->53882K(485184K) Eden: 431296K(431296K)->0K(431296K) From: 53882K(53888K)->53882K(53888K)
[2025-10-14T10:59:00.503+0300][67.449s][info][gc,heap        ] GC(575) Tenured: 4051810K(4052000K)->4318148K(4318304K)
[2025-10-14T10:59:00.503+0300][67.449s][info][gc,metaspace   ] GC(575) Metaspace: 3787K(3968K)->3787K(3968K) NonClass: 3370K(3456K)->3370K(3456K) Class: 416K(512K)->416K(512K)
[2025-10-14T10:59:00.503+0300][67.449s][info][gc             ] GC(575) Pause Young (Allocation Failure) 4430M->4269M(4690M) 43.395ms
[2025-10-14T10:59:00.503+0300][67.449s][info][gc,cpu         ] GC(575) User=0.02s Sys=0.03s Real=0.04s
[2025-10-14T10:59:00.527+0300][67.474s][info][gc,start       ] GC(576) Pause Young (Allocation Failure)
[2025-10-14T10:59:00.568+0300][67.515s][info][gc,heap        ] GC(576) DefNew: 485178K(485184K)->53882K(485184K) Eden: 431296K(431296K)->0K(431296K) From: 53882K(53888K)->53882K(53888K)
[2025-10-14T10:59:00.568+0300][67.515s][info][gc,heap        ] GC(576) Tenured: 4318148K(4318304K)->4584486K(4584608K)
[2025-10-14T10:59:00.568+0300][67.515s][info][gc,metaspace   ] GC(576) Metaspace: 3787K(3968K)->3787K(3968K) NonClass: 3370K(3456K)->3370K(3456K) Class: 416K(512K)->416K(512K)
[2025-10-14T10:59:00.568+0300][67.515s][info][gc             ] GC(576) Pause Young (Allocation Failure) 4690M->4529M(4950M) 40.664ms
[2025-10-14T10:59:00.568+0300][67.515s][info][gc,cpu         ] GC(576) User=0.02s Sys=0.02s Real=0.04s
[2025-10-14T10:59:00.593+0300][67.539s][info][gc,start       ] GC(577) Pause Young (Allocation Failure)
[2025-10-14T10:59:00.636+0300][67.582s][info][gc,heap        ] GC(577) DefNew: 485178K(485184K)->53882K(485184K) Eden: 431296K(431296K)->0K(431296K) From: 53882K(53888K)->53882K(53888K)
[2025-10-14T10:59:00.636+0300][67.582s][info][gc,heap        ] GC(577) Tenured: 4584486K(4584608K)->4850824K(4850912K)
[2025-10-14T10:59:00.636+0300][67.582s][info][gc,metaspace   ] GC(577) Metaspace: 3787K(3968K)->3787K(3968K) NonClass: 3370K(3456K)->3370K(3456K) Class: 416K(512K)->416K(512K)
[2025-10-14T10:59:00.636+0300][67.582s][info][gc             ] GC(577) Pause Young (Allocation Failure) 4950M->4789M(5211M) 43.229ms
[2025-10-14T10:59:00.636+0300][67.582s][info][gc,cpu         ] GC(577) User=0.02s Sys=0.03s Real=0.04s
[2025-10-14T10:59:00.661+0300][67.607s][info][gc,start       ] GC(578) Pause Young (Allocation Failure)
[2025-10-14T10:59:00.723+0300][67.670s][info][gc,heap        ] GC(578) DefNew: 485178K(485184K)->53882K(485184K) Eden: 431296K(431296K)->0K(431296K) From: 53882K(53888K)->53882K(53888K)
[2025-10-14T10:59:00.723+0300][67.670s][info][gc,heap        ] GC(578) Tenured: 4850824K(4850912K)->5117098K(5117216K)
[2025-10-14T10:59:00.723+0300][67.670s][info][gc,metaspace   ] GC(578) Metaspace: 3787K(3968K)->3787K(3968K) NonClass: 3370K(3456K)->3370K(3456K) Class: 416K(512K)->416K(512K)
[2025-10-14T10:59:00.723+0300][67.670s][info][gc             ] GC(578) Pause Young (Allocation Failure) 5210M->5049M(5471M) 62.782ms
[2025-10-14T10:59:00.723+0300][67.670s][info][gc,cpu         ] GC(578) User=0.03s Sys=0.03s Real=0.06s
[2025-10-14T10:59:00.748+0300][67.694s][info][gc,start       ] GC(579) Pause Young (Allocation Failure)
[2025-10-14T10:59:00.801+0300][67.747s][info][gc,heap        ] GC(579) DefNew: 485178K(485184K)->53882K(485184K) Eden: 431296K(431296K)->0K(431296K) From: 53882K(53888K)->53882K(53888K)
[2025-10-14T10:59:00.801+0300][67.747s][info][gc,heap        ] GC(579) Tenured: 5117098K(5117216K)->5383436K(5383520K)
[2025-10-14T10:59:00.801+0300][67.747s][info][gc,metaspace   ] GC(579) Metaspace: 3787K(3968K)->3787K(3968K) NonClass: 3370K(3456K)->3370K(3456K) Class: 416K(512K)->416K(512K)
[2025-10-14T10:59:00.801+0300][67.747s][info][gc             ] GC(579) Pause Young (Allocation Failure) 5470M->5309M(5731M) 53.020ms
[2025-10-14T10:59:00.801+0300][67.747s][info][gc,cpu         ] GC(579) User=0.02s Sys=0.03s Real=0.06s
[2025-10-14T10:59:00.825+0300][67.772s][info][gc,start       ] GC(580) Pause Full (Allocation Failure)
[2025-10-14T10:59:00.825+0300][67.772s][info][gc,phases,start] GC(580) Phase 1: Mark live objects
[2025-10-14T10:59:00.831+0300][67.777s][info][gc,phases      ] GC(580) Phase 1: Mark live objects 5.504ms
[2025-10-14T10:59:00.831+0300][67.777s][info][gc,phases,start] GC(580) Phase 2: Compute new object addresses
[2025-10-14T10:59:00.927+0300][67.874s][info][gc,phases      ] GC(580) Phase 2: Compute new object addresses 96.052ms
[2025-10-14T10:59:00.927+0300][67.874s][info][gc,phases,start] GC(580) Phase 3: Adjust pointers
[2025-10-14T10:59:00.930+0300][67.877s][info][gc,phases      ] GC(580) Phase 3: Adjust pointers 3.146ms
[2025-10-14T10:59:00.930+0300][67.877s][info][gc,phases,start] GC(580) Phase 4: Move objects
[2025-10-14T10:59:00.951+0300][67.898s][info][gc,phases      ] GC(580) Phase 4: Move objects 21.171ms
[2025-10-14T10:59:01.055+0300][68.001s][info][gc,heap        ] GC(580) DefNew: 485178K(485184K)->0K(485184K) Eden: 431296K(431296K)->0K(431296K) From: 53882K(53888K)->0K(53888K)
[2025-10-14T10:59:01.055+0300][68.001s][info][gc,heap        ] GC(580) Tenured: 5383436K(5383520K)->323430K(1078112K)
[2025-10-14T10:59:01.055+0300][68.001s][info][gc,metaspace   ] GC(580) Metaspace: 3787K(3968K)->3787K(3968K) NonClass: 3370K(3456K)->3370K(3456K) Class: 416K(512K)->416K(512K)
[2025-10-14T10:59:01.055+0300][68.001s][info][gc             ] GC(580) Pause Full (Allocation Failure) 5731M->315M(1526M) 229.383ms
[2025-10-14T10:59:01.055+0300][68.001s][info][gc,cpu         ] GC(580) User=0.06s Sys=0.16s Real=0.23s
[2025-10-14T10:59:01.081+0300][68.027s][info][gc,start       ] GC(581) Pause Young (Allocation Failure)
[2025-10-14T10:59:01.099+0300][68.045s][info][gc,heap        ] GC(581) DefNew: 431296K(485184K)->53882K(485184K) Eden: 431296K(431296K)->0K(431296K) From: 0K(53888K)->53882K(53888K)
[2025-10-14T10:59:01.099+0300][68.045s][info][gc,heap        ] GC(581) Tenured: 323430K(1078112K)->589736K(1078112K)
[2025-10-14T10:59:01.099+0300][68.045s][info][gc,metaspace   ] GC(581) Metaspace: 3787K(3968K)->3787K(3968K) NonClass: 3370K(3456K)->3370K(3456K) Class: 416K(512K)->416K(512K)
[2025-10-14T10:59:01.099+0300][68.045s][info][gc             ] GC(581) Pause Young (Allocation Failure) 737M->628M(1526M) 18.384ms
[2025-10-14T10:59:01.099+0300][68.045s][info][gc,cpu         ] GC(581) User=0.02s Sys=0.00s Real=0.01s
[2025-10-14T10:59:01.125+0300][68.071s][info][gc,start       ] GC(582) Pause Young (Allocation Failure)
[2025-10-14T10:59:01.151+0300][68.097s][info][gc,heap        ] GC(582) DefNew: 485178K(485184K)->53882K(485184K) Eden: 431296K(431296K)->0K(431296K) From: 53882K(53888K)->53882K(53888K)
[2025-10-14T10:59:01.151+0300][68.098s][info][gc,heap        ] GC(582) Tenured: 589736K(1078112K)->856074K(1078112K)
[2025-10-14T10:59:01.151+0300][68.098s][info][gc,metaspace   ] GC(582) Metaspace: 3787K(3968K)->3787K(3968K) NonClass: 3370K(3456K)->3370K(3456K) Class: 416K(512K)->416K(512K)
[2025-10-14T10:59:01.151+0300][68.098s][info][gc             ] GC(582) Pause Young (Allocation Failure) 1049M->888M(1526M) 26.610ms
[2025-10-14T10:59:01.151+0300][68.098s][info][gc,cpu         ] GC(582) User=0.02s Sys=0.01s Real=0.03s
[2025-10-14T10:59:01.176+0300][68.123s][info][gc,start       ] GC(583) Pause Young (Allocation Failure)
[2025-10-14T10:59:01.206+0300][68.152s][info][gc,heap        ] GC(583) DefNew: 485178K(485184K)->53882K(485184K) Eden: 431296K(431296K)->0K(431296K) From: 53882K(53888K)->53882K(53888K)
[2025-10-14T10:59:01.206+0300][68.152s][info][gc,heap        ] GC(583) Tenured: 856074K(1078112K)->1122380K(1122464K)
[2025-10-14T10:59:01.206+0300][68.152s][info][gc,metaspace   ] GC(583) Metaspace: 3787K(3968K)->3787K(3968K) NonClass: 3370K(3456K)->3370K(3456K) Class: 416K(512K)->416K(512K)
[2025-10-14T10:59:01.206+0300][68.152s][info][gc             ] GC(583) Pause Young (Allocation Failure) 1309M->1148M(1569M) 29.443ms
[2025-10-14T10:59:01.206+0300][68.152s][info][gc,cpu         ] GC(583) User=0.02s Sys=0.01s Real=0.03s
[2025-10-14T10:59:01.230+0300][68.177s][info][gc,start       ] GC(584) Pause Young (Allocation Failure)
[2025-10-14T10:59:01.271+0300][68.218s][info][gc,heap        ] GC(584) DefNew: 485149K(485184K)->53882K(485184K) Eden: 431266K(431296K)->0K(431296K) From: 53882K(53888K)->53882K(53888K)
[2025-10-14T10:59:01.271+0300][68.218s][info][gc,heap        ] GC(584) Tenured: 1122380K(1122464K)->1388686K(1388768K)
[2025-10-14T10:59:01.271+0300][68.218s][info][gc,metaspace   ] GC(584) Metaspace: 3787K(3968K)->3787K(3968K) NonClass: 3370K(3456K)->3370K(3456K) Class: 416K(512K)->416K(512K)
[2025-10-14T10:59:01.271+0300][68.218s][info][gc             ] GC(584) Pause Young (Allocation Failure) 1569M->1408M(1830M) 40.915ms
[2025-10-14T10:59:01.271+0300][68.218s][info][gc,cpu         ] GC(584) User=0.02s Sys=0.02s Real=0.04s
[2025-10-14T10:59:01.297+0300][68.244s][info][gc,start       ] GC(585) Pause Young (Allocation Failure)
[2025-10-14T10:59:01.334+0300][68.280s][info][gc,heap        ] GC(585) DefNew: 485178K(485184K)->53882K(485184K) Eden: 431296K(431296K)->0K(431296K) From: 53882K(53888K)->53882K(53888K)
[2025-10-14T10:59:01.334+0300][68.280s][info][gc,heap        ] GC(585) Tenured: 1388686K(1388768K)->1655024K(1655072K)
[2025-10-14T10:59:01.334+0300][68.280s][info][gc,metaspace   ] GC(585) Metaspace: 3787K(3968K)->3787K(3968K) NonClass: 3370K(3456K)->3370K(3456K) Class: 416K(512K)->416K(512K)
[2025-10-14T10:59:01.334+0300][68.281s][info][gc             ] GC(585) Pause Young (Allocation Failure) 1829M->1668M(2090M) 36.717ms
[2025-10-14T10:59:01.334+0300][68.281s][info][gc,cpu         ] GC(585) User=0.01s Sys=0.02s Real=0.04s
[2025-10-14T10:59:01.361+0300][68.307s][info][gc,start       ] GC(586) Pause Young (Allocation Failure)
[2025-10-14T10:59:01.398+0300][68.344s][info][gc,heap        ] GC(586) DefNew: 485178K(485184K)->53882K(485184K) Eden: 431296K(431296K)->0K(431296K) From: 53882K(53888K)->53882K(53888K)
[2025-10-14T10:59:01.398+0300][68.344s][info][gc,heap        ] GC(586) Tenured: 1655024K(1655072K)->1921362K(1921376K)
[2025-10-14T10:59:01.398+0300][68.344s][info][gc,metaspace   ] GC(586) Metaspace: 3787K(3968K)->3787K(3968K) NonClass: 3370K(3456K)->3370K(3456K) Class: 416K(512K)->416K(512K)
[2025-10-14T10:59:01.398+0300][68.344s][info][gc             ] GC(586) Pause Young (Allocation Failure) 2090M->1928M(2350M) 37.348ms
[2025-10-14T10:59:01.398+0300][68.344s][info][gc,cpu         ] GC(586) User=0.02s Sys=0.02s Real=0.03s
[2025-10-14T10:59:01.424+0300][68.370s][info][gc,start       ] GC(587) Pause Young (Allocation Failure)
[2025-10-14T10:59:01.462+0300][68.409s][info][gc,heap        ] GC(587) DefNew: 485178K(485184K)->53882K(485184K) Eden: 431296K(431296K)->0K(431296K) From: 53882K(53888K)->53882K(53888K)
[2025-10-14T10:59:01.462+0300][68.409s][info][gc,heap        ] GC(587) Tenured: 1921362K(1921376K)->2187700K(2187872K)
[2025-10-14T10:59:01.462+0300][68.409s][info][gc,metaspace   ] GC(587) Metaspace: 3787K(3968K)->3787K(3968K) NonClass: 3370K(3456K)->3370K(3456K) Class: 416K(512K)->416K(512K)
[2025-10-14T10:59:01.462+0300][68.409s][info][gc             ] GC(587) Pause Young (Allocation Failure) 2350M->2189M(2610M) 38.521ms
[2025-10-14T10:59:01.462+0300][68.409s][info][gc,cpu         ] GC(587) User=0.02s Sys=0.02s Real=0.04s
[2025-10-14T10:59:01.488+0300][68.434s][info][gc,start       ] GC(588) Pause Young (Allocation Failure)
[2025-10-14T10:59:01.524+0300][68.470s][info][gc,heap        ] GC(588) DefNew: 485178K(485184K)->53882K(485184K) Eden: 431296K(431296K)->0K(431296K) From: 53882K(53888K)->53882K(53888K)
[2025-10-14T10:59:01.524+0300][68.470s][info][gc,heap        ] GC(588) Tenured: 2187700K(2187872K)->2454006K(2454176K)
[2025-10-14T10:59:01.524+0300][68.470s][info][gc,metaspace   ] GC(588) Metaspace: 3787K(3968K)->3787K(3968K) NonClass: 3370K(3456K)->3370K(3456K) Class: 416K(512K)->416K(512K)
[2025-10-14T10:59:01.524+0300][68.470s][info][gc             ] GC(588) Pause Young (Allocation Failure) 2610M->2449M(2870M) 36.049ms
[2025-10-14T10:59:01.524+0300][68.470s][info][gc,cpu         ] GC(588) User=0.02s Sys=0.02s Real=0.04s
[2025-10-14T10:59:01.551+0300][68.497s][info][gc,start       ] GC(589) Pause Young (Allocation Failure)
[2025-10-14T10:59:01.588+0300][68.534s][info][gc,heap        ] GC(589) DefNew: 485178K(485184K)->53882K(485184K) Eden: 431296K(431296K)->0K(431296K) From: 53882K(53888K)->53882K(53888K)
[2025-10-14T10:59:01.588+0300][68.534s][info][gc,heap        ] GC(589) Tenured: 2454006K(2454176K)->2720312K(2720480K)
[2025-10-14T10:59:01.588+0300][68.534s][info][gc,metaspace   ] GC(589) Metaspace: 3787K(3968K)->3787K(3968K) NonClass: 3370K(3456K)->3370K(3456K) Class: 416K(512K)->416K(512K)
[2025-10-14T10:59:01.588+0300][68.534s][info][gc             ] GC(589) Pause Young (Allocation Failure) 2870M->2709M(3130M) 36.979ms
[2025-10-14T10:59:01.588+0300][68.534s][info][gc,cpu         ] GC(589) User=0.01s Sys=0.02s Real=0.03s
[2025-10-14T10:59:01.614+0300][68.560s][info][gc,start       ] GC(590) Pause Young (Allocation Failure)
[2025-10-14T10:59:01.650+0300][68.596s][info][gc,heap        ] GC(590) DefNew: 485178K(485184K)->53882K(485184K) Eden: 431296K(431296K)->0K(431296K) From: 53882K(53888K)->53882K(53888K)
[2025-10-14T10:59:01.650+0300][68.596s][info][gc,heap        ] GC(590) Tenured: 2720312K(2720480K)->2986586K(2986592K)
[2025-10-14T10:59:01.650+0300][68.596s][info][gc,metaspace   ] GC(590) Metaspace: 3787K(3968K)->3787K(3968K) NonClass: 3370K(3456K)->3370K(3456K) Class: 416K(512K)->416K(512K)
[2025-10-14T10:59:01.650+0300][68.596s][info][gc             ] GC(590) Pause Young (Allocation Failure) 3130M->2969M(3390M) 36.048ms
[2025-10-14T10:59:01.650+0300][68.596s][info][gc,cpu         ] GC(590) User=0.01s Sys=0.02s Real=0.04s
[2025-10-14T10:59:01.676+0300][68.622s][info][gc,start       ] GC(591) Pause Young (Allocation Failure)
[2025-10-14T10:59:01.713+0300][68.659s][info][gc,heap        ] GC(591) DefNew: 485178K(485184K)->53882K(485184K) Eden: 431296K(431296K)->0K(431296K) From: 53882K(53888K)->53882K(53888K)
[2025-10-14T10:59:01.713+0300][68.659s][info][gc,heap        ] GC(591) Tenured: 2986586K(2986592K)->3252924K(3253088K)
[2025-10-14T10:59:01.713+0300][68.659s][info][gc,metaspace   ] GC(591) Metaspace: 3787K(3968K)->3787K(3968K) NonClass: 3370K(3456K)->3370K(3456K) Class: 416K(512K)->416K(512K)
[2025-10-14T10:59:01.713+0300][68.659s][info][gc             ] GC(591) Pause Young (Allocation Failure) 3390M->3229M(3650M) 36.998ms
[2025-10-14T10:59:01.713+0300][68.659s][info][gc,cpu         ] GC(591) User=0.02s Sys=0.02s Real=0.04s
[2025-10-14T10:59:01.740+0300][68.687s][info][gc,start       ] GC(592) Pause Young (Allocation Failure)
[2025-10-14T10:59:01.776+0300][68.723s][info][gc,heap        ] GC(592) DefNew: 485178K(485184K)->53882K(485184K) Eden: 431296K(431296K)->0K(431296K) From: 53882K(53888K)->53882K(53888K)
[2025-10-14T10:59:01.777+0300][68.723s][info][gc,heap        ] GC(592) Tenured: 3252924K(3253088K)->3519262K(3519392K)
[2025-10-14T10:59:01.777+0300][68.723s][info][gc,metaspace   ] GC(592) Metaspace: 3787K(3968K)->3787K(3968K) NonClass: 3370K(3456K)->3370K(3456K) Class: 416K(512K)->416K(512K)
[2025-10-14T10:59:01.777+0300][68.723s][info][gc             ] GC(592) Pause Young (Allocation Failure) 3650M->3489M(3910M) 36.088ms
[2025-10-14T10:59:01.777+0300][68.723s][info][gc,cpu         ] GC(592) User=0.02s Sys=0.02s Real=0.03s
[2025-10-14T10:59:01.803+0300][68.749s][info][gc,start       ] GC(593) Pause Young (Allocation Failure)
[2025-10-14T10:59:01.840+0300][68.787s][info][gc,heap        ] GC(593) DefNew: 485178K(485184K)->53882K(485184K) Eden: 431296K(431296K)->0K(431296K) From: 53882K(53888K)->53882K(53888K)
[2025-10-14T10:59:01.841+0300][68.787s][info][gc,heap        ] GC(593) Tenured: 3519262K(3519392K)->3785600K(3785696K)
[2025-10-14T10:59:01.841+0300][68.787s][info][gc,metaspace   ] GC(593) Metaspace: 3787K(3968K)->3787K(3968K) NonClass: 3370K(3456K)->3370K(3456K) Class: 416K(512K)->416K(512K)
[2025-10-14T10:59:01.841+0300][68.787s][info][gc             ] GC(593) Pause Young (Allocation Failure) 3910M->3749M(4170M) 38.047ms
[2025-10-14T10:59:01.841+0300][68.787s][info][gc,cpu         ] GC(593) User=0.01s Sys=0.02s Real=0.04s
[2025-10-14T10:59:01.867+0300][68.814s][info][gc,start       ] GC(594) Pause Young (Allocation Failure)
[2025-10-14T10:59:01.904+0300][68.850s][info][gc,heap        ] GC(594) DefNew: 485178K(485184K)->53882K(485184K) Eden: 431296K(431296K)->0K(431296K) From: 53882K(53888K)->53882K(53888K)
[2025-10-14T10:59:01.904+0300][68.850s][info][gc,heap        ] GC(594) Tenured: 3785600K(3785696K)->4051938K(4052000K)
[2025-10-14T10:59:01.904+0300][68.850s][info][gc,metaspace   ] GC(594) Metaspace: 3787K(3968K)->3787K(3968K) NonClass: 3370K(3456K)->3370K(3456K) Class: 416K(512K)->416K(512K)
[2025-10-14T10:59:01.904+0300][68.850s][info][gc             ] GC(594) Pause Young (Allocation Failure) 4170M->4009M(4430M) 36.652ms
[2025-10-14T10:59:01.904+0300][68.850s][info][gc,cpu         ] GC(594) User=0.02s Sys=0.02s Real=0.04s
[2025-10-14T10:59:01.931+0300][68.878s][info][gc,start       ] GC(595) Pause Young (Allocation Failure)
[2025-10-14T10:59:01.969+0300][68.915s][info][gc,heap        ] GC(595) DefNew: 485178K(485184K)->53882K(485184K) Eden: 431296K(431296K)->0K(431296K) From: 53882K(53888K)->53882K(53888K)
[2025-10-14T10:59:01.969+0300][68.915s][info][gc,heap        ] GC(595) Tenured: 4051938K(4052000K)->4318212K(4318304K)
[2025-10-14T10:59:01.969+0300][68.915s][info][gc,metaspace   ] GC(595) Metaspace: 3787K(3968K)->3787K(3968K) NonClass: 3370K(3456K)->3370K(3456K) Class: 416K(512K)->416K(512K)
[2025-10-14T10:59:01.969+0300][68.915s][info][gc             ] GC(595) Pause Young (Allocation Failure) 4430M->4269M(4690M) 37.442ms
[2025-10-14T10:59:01.969+0300][68.915s][info][gc,cpu         ] GC(595) User=0.02s Sys=0.02s Real=0.03s
[2025-10-14T10:59:01.995+0300][68.942s][info][gc,start       ] GC(596) Pause Young (Allocation Failure)
[2025-10-14T10:59:02.031+0300][68.978s][info][gc,heap        ] GC(596) DefNew: 485178K(485184K)->53882K(485184K) Eden: 431296K(431296K)->0K(431296K) From: 53882K(53888K)->53882K(53888K)
[2025-10-14T10:59:02.031+0300][68.978s][info][gc,heap        ] GC(596) Tenured: 4318212K(4318304K)->4584518K(4584608K)
[2025-10-14T10:59:02.031+0300][68.978s][info][gc,metaspace   ] GC(596) Metaspace: 3787K(3968K)->3787K(3968K) NonClass: 3370K(3456K)->3370K(3456K) Class: 416K(512K)->416K(512K)
[2025-10-14T10:59:02.032+0300][68.978s][info][gc             ] GC(596) Pause Young (Allocation Failure) 4690M->4529M(4950M) 36.240ms
[2025-10-14T10:59:02.032+0300][68.978s][info][gc,cpu         ] GC(596) User=0.01s Sys=0.02s Real=0.04s
[2025-10-14T10:59:02.058+0300][69.004s][info][gc,start       ] GC(597) Pause Young (Allocation Failure)
[2025-10-14T10:59:02.095+0300][69.041s][info][gc,heap        ] GC(597) DefNew: 485178K(485184K)->53882K(485184K) Eden: 431296K(431296K)->0K(431296K) From: 53882K(53888K)->53882K(53888K)
[2025-10-14T10:59:02.095+0300][69.041s][info][gc,heap        ] GC(597) Tenured: 4584518K(4584608K)->4850856K(4850912K)
[2025-10-14T10:59:02.095+0300][69.041s][info][gc,metaspace   ] GC(597) Metaspace: 3787K(3968K)->3787K(3968K) NonClass: 3370K(3456K)->3370K(3456K) Class: 416K(512K)->416K(512K)
[2025-10-14T10:59:02.095+0300][69.041s][info][gc             ] GC(597) Pause Young (Allocation Failure) 4950M->4789M(5211M) 37.270ms
[2025-10-14T10:59:02.095+0300][69.041s][info][gc,cpu         ] GC(597) User=0.01s Sys=0.02s Real=0.04s
[2025-10-14T10:59:02.121+0300][69.068s][info][gc,start       ] GC(598) Pause Young (Allocation Failure)
[2025-10-14T10:59:02.179+0300][69.126s][info][gc,heap        ] GC(598) DefNew: 485178K(485184K)->53882K(485184K) Eden: 431296K(431296K)->0K(431296K) From: 53882K(53888K)->53882K(53888K)
[2025-10-14T10:59:02.179+0300][69.126s][info][gc,heap        ] GC(598) Tenured: 4850856K(4850912K)->5117130K(5117216K)
[2025-10-14T10:59:02.179+0300][69.126s][info][gc,metaspace   ] GC(598) Metaspace: 3787K(3968K)->3787K(3968K) NonClass: 3370K(3456K)->3370K(3456K) Class: 416K(512K)->416K(512K)
[2025-10-14T10:59:02.179+0300][69.126s][info][gc             ] GC(598) Pause Young (Allocation Failure) 5210M->5049M(5471M) 58.031ms
[2025-10-14T10:59:02.179+0300][69.126s][info][gc,cpu         ] GC(598) User=0.02s Sys=0.03s Real=0.05s
[2025-10-14T10:59:02.205+0300][69.151s][info][gc,start       ] GC(599) Pause Young (Allocation Failure)
[2025-10-14T10:59:02.286+0300][69.232s][info][gc,heap        ] GC(599) DefNew: 485178K(485184K)->53882K(485184K) Eden: 431296K(431296K)->0K(431296K) From: 53882K(53888K)->53882K(53888K)
[2025-10-14T10:59:02.286+0300][69.232s][info][gc,heap        ] GC(599) Tenured: 5117130K(5117216K)->5383468K(5383520K)
[2025-10-14T10:59:02.286+0300][69.232s][info][gc,metaspace   ] GC(599) Metaspace: 3787K(3968K)->3787K(3968K) NonClass: 3370K(3456K)->3370K(3456K) Class: 416K(512K)->416K(512K)
[2025-10-14T10:59:02.286+0300][69.232s][info][gc             ] GC(599) Pause Young (Allocation Failure) 5471M->5309M(5731M) 80.961ms
[2025-10-14T10:59:02.286+0300][69.232s][info][gc,cpu         ] GC(599) User=0.03s Sys=0.03s Real=0.08s
[2025-10-14T10:59:02.314+0300][69.260s][info][gc,start       ] GC(600) Pause Full (Allocation Failure)
[2025-10-14T10:59:02.314+0300][69.260s][info][gc,phases,start] GC(600) Phase 1: Mark live objects
[2025-10-14T10:59:02.316+0300][69.262s][info][gc,phases      ] GC(600) Phase 1: Mark live objects 2.091ms
[2025-10-14T10:59:02.316+0300][69.262s][info][gc,phases,start] GC(600) Phase 2: Compute new object addresses
[2025-10-14T10:59:02.396+0300][69.343s][info][gc,phases      ] GC(600) Phase 2: Compute new object addresses 80.160ms
[2025-10-14T10:59:02.396+0300][69.343s][info][gc,phases,start] GC(600) Phase 3: Adjust pointers
[2025-10-14T10:59:02.399+0300][69.345s][info][gc,phases      ] GC(600) Phase 3: Adjust pointers 2.438ms
[2025-10-14T10:59:02.399+0300][69.345s][info][gc,phases,start] GC(600) Phase 4: Move objects
[2025-10-14T10:59:02.424+0300][69.371s][info][gc,phases      ] GC(600) Phase 4: Move objects 25.534ms
[2025-10-14T10:59:02.517+0300][69.463s][info][gc,heap        ] GC(600) DefNew: 485178K(485184K)->0K(485248K) Eden: 431296K(431296K)->0K(431360K) From: 53882K(53888K)->0K(53888K)
[2025-10-14T10:59:02.517+0300][69.463s][info][gc,heap        ] GC(600) Tenured: 5383468K(5383520K)->323462K(1078224K)
[2025-10-14T10:59:02.517+0300][69.463s][info][gc,metaspace   ] GC(600) Metaspace: 3787K(3968K)->3787K(3968K) NonClass: 3370K(3456K)->3370K(3456K) Class: 416K(512K)->416K(512K)
[2025-10-14T10:59:02.517+0300][69.463s][info][gc             ] GC(600) Pause Full (Allocation Failure) 5731M->315M(1526M) 203.083ms
[2025-10-14T10:59:02.517+0300][69.463s][info][gc,cpu         ] GC(600) User=0.06s Sys=0.14s Real=0.20s
[2025-10-14T10:59:02.543+0300][69.489s][info][gc,start       ] GC(601) Pause Young (Allocation Failure)
[2025-10-14T10:59:02.558+0300][69.504s][info][gc,heap        ] GC(601) DefNew: 431360K(485248K)->53882K(485248K) Eden: 431360K(431360K)->0K(431360K) From: 0K(53888K)->53882K(53888K)
[2025-10-14T10:59:02.558+0300][69.504s][info][gc,heap        ] GC(601) Tenured: 323462K(1078224K)->589800K(1078224K)
[2025-10-14T10:59:02.558+0300][69.504s][info][gc,metaspace   ] GC(601) Metaspace: 3787K(3968K)->3787K(3968K) NonClass: 3370K(3456K)->3370K(3456K) Class: 416K(512K)->416K(512K)
[2025-10-14T10:59:02.558+0300][69.504s][info][gc             ] GC(601) Pause Young (Allocation Failure) 737M->628M(1526M) 14.977ms
[2025-10-14T10:59:02.558+0300][69.504s][info][gc,cpu         ] GC(601) User=0.01s Sys=0.00s Real=0.01s
[2025-10-14T10:59:02.585+0300][69.531s][info][gc,start       ] GC(602) Pause Young (Allocation Failure)
[2025-10-14T10:59:02.600+0300][69.546s][info][gc,heap        ] GC(602) DefNew: 485242K(485248K)->53882K(485248K) Eden: 431360K(431360K)->0K(431360K) From: 53882K(53888K)->53882K(53888K)
[2025-10-14T10:59:02.600+0300][69.546s][info][gc,heap        ] GC(602) Tenured: 589800K(1078224K)->856138K(1078224K)
[2025-10-14T10:59:02.600+0300][69.546s][info][gc,metaspace   ] GC(602) Metaspace: 3787K(3968K)->3787K(3968K) NonClass: 3370K(3456K)->3370K(3456K) Class: 416K(512K)->416K(512K)
[2025-10-14T10:59:02.600+0300][69.546s][info][gc             ] GC(602) Pause Young (Allocation Failure) 1049M->888M(1526M) 15.271ms
[2025-10-14T10:59:02.600+0300][69.546s][info][gc,cpu         ] GC(602) User=0.01s Sys=0.00s Real=0.02s
[2025-10-14T10:59:02.627+0300][69.573s][info][gc,start       ] GC(603) Pause Young (Allocation Failure)
[2025-10-14T10:59:02.645+0300][69.592s][info][gc,heap        ] GC(603) DefNew: 485242K(485248K)->53882K(485248K) Eden: 431360K(431360K)->0K(431360K) From: 53882K(53888K)->53882K(53888K)
[2025-10-14T10:59:02.645+0300][69.592s][info][gc,heap        ] GC(603) Tenured: 856138K(1078224K)->1122476K(1122576K)
[2025-10-14T10:59:02.645+0300][69.592s][info][gc,metaspace   ] GC(603) Metaspace: 3787K(3968K)->3787K(3968K) NonClass: 3370K(3456K)->3370K(3456K) Class: 416K(512K)->416K(512K)
[2025-10-14T10:59:02.645+0300][69.592s][info][gc             ] GC(603) Pause Young (Allocation Failure) 1309M->1148M(1570M) 18.939ms
[2025-10-14T10:59:02.645+0300][69.592s][info][gc,cpu         ] GC(603) User=0.02s Sys=0.00s Real=0.02s
[2025-10-14T10:59:02.671+0300][69.618s][info][gc,start       ] GC(604) Pause Young (Allocation Failure)
[2025-10-14T10:59:02.709+0300][69.655s][info][gc,heap        ] GC(604) DefNew: 485242K(485248K)->53882K(485248K) Eden: 431360K(431360K)->0K(431360K) From: 53882K(53888K)->53882K(53888K)
[2025-10-14T10:59:02.709+0300][69.655s][info][gc,heap        ] GC(604) Tenured: 1122476K(1122576K)->1388782K(1388880K)
[2025-10-14T10:59:02.709+0300][69.655s][info][gc,metaspace   ] GC(604) Metaspace: 3787K(3968K)->3787K(3968K) NonClass: 3370K(3456K)->3370K(3456K) Class: 416K(512K)->416K(512K)
[2025-10-14T10:59:02.709+0300][69.655s][info][gc             ] GC(604) Pause Young (Allocation Failure) 1570M->1408M(1830M) 37.480ms
[2025-10-14T10:59:02.709+0300][69.655s][info][gc,cpu         ] GC(604) User=0.02s Sys=0.02s Real=0.03s
[2025-10-14T10:59:02.736+0300][69.682s][info][gc,start       ] GC(605) Pause Young (Allocation Failure)
[2025-10-14T10:59:02.774+0300][69.720s][info][gc,heap        ] GC(605) DefNew: 485242K(485248K)->53882K(485248K) Eden: 431360K(431360K)->0K(431360K) From: 53882K(53888K)->53882K(53888K)
[2025-10-14T10:59:02.774+0300][69.720s][info][gc,heap        ] GC(605) Tenured: 1388782K(1388880K)->1655120K(1655184K)
[2025-10-14T10:59:02.774+0300][69.720s][info][gc,metaspace   ] GC(605) Metaspace: 3787K(3968K)->3787K(3968K) NonClass: 3370K(3456K)->3370K(3456K) Class: 416K(512K)->416K(512K)
[2025-10-14T10:59:02.774+0300][69.720s][info][gc             ] GC(605) Pause Young (Allocation Failure) 1830M->1668M(2090M) 38.279ms
[2025-10-14T10:59:02.774+0300][69.720s][info][gc,cpu         ] GC(605) User=0.02s Sys=0.02s Real=0.04s
[2025-10-14T10:59:02.801+0300][69.747s][info][gc,start       ] GC(606) Pause Young (Allocation Failure)
[2025-10-14T10:59:02.838+0300][69.784s][info][gc,heap        ] GC(606) DefNew: 485242K(485248K)->53882K(485248K) Eden: 431360K(431360K)->0K(431360K) From: 53882K(53888K)->53882K(53888K)
[2025-10-14T10:59:02.838+0300][69.784s][info][gc,heap        ] GC(606) Tenured: 1655120K(1655184K)->1921458K(1921488K)
[2025-10-14T10:59:02.838+0300][69.784s][info][gc,metaspace   ] GC(606) Metaspace: 3787K(3968K)->3787K(3968K) NonClass: 3370K(3456K)->3370K(3456K) Class: 416K(512K)->416K(512K)
[2025-10-14T10:59:02.838+0300][69.784s][info][gc             ] GC(606) Pause Young (Allocation Failure) 2090M->1929M(2350M) 37.021ms
[2025-10-14T10:59:02.838+0300][69.784s][info][gc,cpu         ] GC(606) User=0.02s Sys=0.02s Real=0.03s
[2025-10-14T10:59:02.864+0300][69.810s][info][gc,start       ] GC(607) Pause Young (Allocation Failure)
[2025-10-14T10:59:02.903+0300][69.849s][info][gc,heap        ] GC(607) DefNew: 485242K(485248K)->53882K(485248K) Eden: 431360K(431360K)->0K(431360K) From: 53882K(53888K)->53882K(53888K)
[2025-10-14T10:59:02.903+0300][69.849s][info][gc,heap        ] GC(607) Tenured: 1921458K(1921488K)->2187732K(2187792K)
[2025-10-14T10:59:02.903+0300][69.849s][info][gc,metaspace   ] GC(607) Metaspace: 3787K(3968K)->3787K(3968K) NonClass: 3370K(3456K)->3370K(3456K) Class: 416K(512K)->416K(512K)
[2025-10-14T10:59:02.903+0300][69.849s][info][gc             ] GC(607) Pause Young (Allocation Failure) 2350M->2189M(2610M) 38.723ms
[2025-10-14T10:59:02.903+0300][69.849s][info][gc,cpu         ] GC(607) User=0.02s Sys=0.02s Real=0.04s
[2025-10-14T10:59:02.929+0300][69.875s][info][gc,start       ] GC(608) Pause Young (Allocation Failure)
[2025-10-14T10:59:02.969+0300][69.915s][info][gc,heap        ] GC(608) DefNew: 485242K(485248K)->53882K(485248K) Eden: 431360K(431360K)->0K(431360K) From: 53882K(53888K)->53882K(53888K)
[2025-10-14T10:59:02.969+0300][69.915s][info][gc,heap        ] GC(608) Tenured: 2187732K(2187792K)->2454038K(2454096K)
[2025-10-14T10:59:02.969+0300][69.915s][info][gc,metaspace   ] GC(608) Metaspace: 3787K(3968K)->3787K(3968K) NonClass: 3370K(3456K)->3370K(3456K) Class: 416K(512K)->416K(512K)
[2025-10-14T10:59:02.969+0300][69.915s][info][gc             ] GC(608) Pause Young (Allocation Failure) 2610M->2449M(2870M) 40.093ms
[2025-10-14T10:59:02.969+0300][69.915s][info][gc,cpu         ] GC(608) User=0.02s Sys=0.02s Real=0.04s
[2025-10-14T10:59:02.996+0300][69.942s][info][gc,start       ] GC(609) Pause Young (Allocation Failure)
[2025-10-14T10:59:03.038+0300][69.984s][info][gc,heap        ] GC(609) DefNew: 485242K(485248K)->53882K(485248K) Eden: 431360K(431360K)->0K(431360K) From: 53882K(53888K)->53882K(53888K)
[2025-10-14T10:59:03.038+0300][69.984s][info][gc,heap        ] GC(609) Tenured: 2454038K(2454096K)->2720376K(2720400K)
[2025-10-14T10:59:03.038+0300][69.984s][info][gc,metaspace   ] GC(609) Metaspace: 3787K(3968K)->3787K(3968K) NonClass: 3370K(3456K)->3370K(3456K) Class: 416K(512K)->416K(512K)
[2025-10-14T10:59:03.038+0300][69.984s][info][gc             ] GC(609) Pause Young (Allocation Failure) 2870M->2709M(3130M) 41.866ms
[2025-10-14T10:59:03.038+0300][69.984s][info][gc,cpu         ] GC(609) User=0.02s Sys=0.03s Real=0.04s
[2025-10-14T10:59:03.064+0300][70.011s][info][gc,start       ] GC(610) Pause Young (Allocation Failure)
[2025-10-14T10:59:03.104+0300][70.050s][info][gc,heap        ] GC(610) DefNew: 485242K(485248K)->53882K(485248K) Eden: 431360K(431360K)->0K(431360K) From: 53882K(53888K)->53882K(53888K)
[2025-10-14T10:59:03.104+0300][70.050s][info][gc,heap        ] GC(610) Tenured: 2720376K(2720400K)->2986714K(2986896K)
[2025-10-14T10:59:03.104+0300][70.050s][info][gc,metaspace   ] GC(610) Metaspace: 3787K(3968K)->3787K(3968K) NonClass: 3370K(3456K)->3370K(3456K) Class: 416K(512K)->416K(512K)
[2025-10-14T10:59:03.104+0300][70.050s][info][gc             ] GC(610) Pause Young (Allocation Failure) 3130M->2969M(3390M) 39.109ms
[2025-10-14T10:59:03.104+0300][70.050s][info][gc,cpu         ] GC(610) User=0.02s Sys=0.02s Real=0.04s
[2025-10-14T10:59:03.130+0300][70.077s][info][gc,start       ] GC(611) Pause Young (Allocation Failure)
[2025-10-14T10:59:03.169+0300][70.116s][info][gc,heap        ] GC(611) DefNew: 485242K(485248K)->53882K(485248K) Eden: 431360K(431360K)->0K(431360K) From: 53882K(53888K)->53882K(53888K)
[2025-10-14T10:59:03.169+0300][70.116s][info][gc,heap        ] GC(611) Tenured: 2986714K(2986896K)->3252988K(3253008K)
[2025-10-14T10:59:03.169+0300][70.116s][info][gc,metaspace   ] GC(611) Metaspace: 3787K(3968K)->3787K(3968K) NonClass: 3370K(3456K)->3370K(3456K) Class: 416K(512K)->416K(512K)
[2025-10-14T10:59:03.169+0300][70.116s][info][gc             ] GC(611) Pause Young (Allocation Failure) 3390M->3229M(3650M) 39.175ms
[2025-10-14T10:59:03.169+0300][70.116s][info][gc,cpu         ] GC(611) User=0.01s Sys=0.02s Real=0.03s
[2025-10-14T10:59:03.197+0300][70.143s][info][gc,start       ] GC(612) Pause Young (Allocation Failure)
[2025-10-14T10:59:03.236+0300][70.183s][info][gc,heap        ] GC(612) DefNew: 485242K(485248K)->53882K(485248K) Eden: 431360K(431360K)->0K(431360K) From: 53882K(53888K)->53882K(53888K)
[2025-10-14T10:59:03.236+0300][70.183s][info][gc,heap        ] GC(612) Tenured: 3252988K(3253008K)->3519326K(3519504K)
[2025-10-14T10:59:03.236+0300][70.183s][info][gc,metaspace   ] GC(612) Metaspace: 3787K(3968K)->3787K(3968K) NonClass: 3370K(3456K)->3370K(3456K) Class: 416K(512K)->416K(512K)
[2025-10-14T10:59:03.236+0300][70.183s][info][gc             ] GC(612) Pause Young (Allocation Failure) 3650M->3489M(3910M) 39.377ms
[2025-10-14T10:59:03.236+0300][70.183s][info][gc,cpu         ] GC(612) User=0.02s Sys=0.03s Real=0.04s
[2025-10-14T10:59:03.267+0300][70.213s][info][gc,exit        ] Heap
[2025-10-14T10:59:03.267+0300][70.213s][info][gc,exit        ]  DefNew     total 485248K, used 406184K [0x0000000600000000, 0x0000000620e80000, 0x00000006aaaa0000)
[2025-10-14T10:59:03.267+0300][70.213s][info][gc,exit        ]   eden space 431360K,  81% used [0x0000000600000000, 0x000000061580baa8, 0x000000061a540000)
[2025-10-14T10:59:03.267+0300][70.213s][info][gc,exit        ]   from space 53888K,  99% used [0x000000061a540000, 0x000000061d9de930, 0x000000061d9e0000)
[2025-10-14T10:59:03.267+0300][70.213s][info][gc,exit        ]   to   space 53888K,   0% used [0x000000061d9e0000, 0x000000061d9e0000, 0x0000000620e80000)
[2025-10-14T10:59:03.267+0300][70.213s][info][gc,exit        ]  Tenured    total 3519504K, used 3519326K [0x00000006aaaa0000, 0x00000007817a4000, 0x0000000800000000)
[2025-10-14T10:59:03.267+0300][70.213s][info][gc,exit        ]   the  space 3519504K,  99% used [0x00000006aaaa0000, 0x0000000781777a98, 0x00000007817a4000)
[2025-10-14T10:59:03.267+0300][70.213s][info][gc,exit        ]  Metaspace       used 3854K, committed 4032K, reserved 1114112K
[2025-10-14T10:59:03.267+0300][70.213s][info][gc,exit        ]   class space    used 428K, committed 512K, reserved 1048576K
