[2025-10-14T11:00:13.913+0300][0.018s][info][gc,init] Initializing The Z Garbage Collector
[2025-10-14T11:00:13.913+0300][0.019s][info][gc,init] Version: 25+36-LTS (release)
[2025-10-14T11:00:13.913+0300][0.019s][info][gc,init] NUMA Support: Disabled
[2025-10-14T11:00:13.913+0300][0.019s][info][gc,init] CPUs: 10 total, 10 available
[2025-10-14T11:00:13.913+0300][0.019s][info][gc,init] Memory: 32768M
[2025-10-14T11:00:13.913+0300][0.019s][info][gc,init] Large Page Support: Disabled
[2025-10-14T11:00:13.913+0300][0.019s][info][gc,init] Address Space Size: unlimited
[2025-10-14T11:00:13.913+0300][0.019s][info][gc,init] Reserved Space Type: Contiguous/Unrestricted/Complete
[2025-10-14T11:00:13.913+0300][0.019s][info][gc,init] Reserved Space Size: 128G
[2025-10-14T11:00:13.913+0300][0.019s][info][gc,init] Min Capacity: 8M
[2025-10-14T11:00:13.913+0300][0.019s][info][gc,init] Initial Capacity: 512M
[2025-10-14T11:00:13.913+0300][0.019s][info][gc,init] Max Capacity: 8192M
[2025-10-14T11:00:13.913+0300][0.019s][info][gc,init] Soft Max Capacity: 8192M
[2025-10-14T11:00:13.913+0300][0.019s][info][gc,init] Page Size Medium: Range [4M, 32M]
[2025-10-14T11:00:13.913+0300][0.019s][info][gc,init] Pre-touch: Disabled
[2025-10-14T11:00:13.913+0300][0.019s][info][gc,init] Uncommit: Enabled
[2025-10-14T11:00:13.913+0300][0.019s][info][gc,init] Uncommit Delay: 300s
[2025-10-14T11:00:13.913+0300][0.019s][info][gc,init] GC Workers for Old Generation: 3 (dynamic)
[2025-10-14T11:00:13.913+0300][0.019s][info][gc,init] GC Workers for Young Generation: 3 (dynamic)
[2025-10-14T11:00:13.913+0300][0.019s][info][gc,init] GC Workers Max: 3 (dynamic)
[2025-10-14T11:00:13.914+0300][0.019s][info][gc,init] Runtime Workers: 6
[2025-10-14T11:00:13.914+0300][0.020s][info][gc     ] Using The Z Garbage Collector
[2025-10-14T11:00:13.923+0300][0.029s][info][gc,metaspace] CDS archive(s) mapped at: [0x00000fe000000000-0x00000fe000d94000-0x00000fe000d94000), size 14237696, SharedBaseAddress: 0x00000fe000000000, ArchiveRelocationMode: 1.
[2025-10-14T11:00:13.923+0300][0.029s][info][gc,metaspace] Compressed class space mapped at: 0x00000fe001000000-0x00000fe041000000, reserved size: 1073741824
[2025-10-14T11:00:13.923+0300][0.029s][info][gc,metaspace] UseCompressedClassPointers 1, UseCompactObjectHeaders 0
[2025-10-14T11:00:13.923+0300][0.029s][info][gc,metaspace] Narrow klass pointer bits 32, Max shift 3
[2025-10-14T11:00:13.923+0300][0.029s][info][gc,metaspace] Narrow klass base: 0x00000fe000000000, Narrow klass shift: 0
[2025-10-14T11:00:13.923+0300][0.029s][info][gc,metaspace] Encoding Range: [0x00000fe000000000 - 0x00000fe100000000), (4294967296 bytes)
[2025-10-14T11:00:13.923+0300][0.029s][info][gc,metaspace] Klass Range:    [0x00000fe000004000 - 0x00000fe041000000), (1090502656 bytes)
[2025-10-14T11:00:13.923+0300][0.029s][info][gc,metaspace] Klass ID Range:  [16384 - 1090519033) (1090502649)
[2025-10-14T11:00:13.923+0300][0.029s][info][gc,metaspace] Protection zone: [0x00000fe000000000 - 0x00000fe000004000), (16384 bytes)
[2025-10-14T11:00:14.325+0300][0.431s][info][gc          ] GC(0) Major Collection (Warmup)
[2025-10-14T11:00:14.326+0300][0.431s][info][gc,task     ] GC(0) Using 3 Workers for Young Generation
[2025-10-14T11:00:14.326+0300][0.431s][info][gc,task     ] GC(0) Using 2 Workers for Old Generation
[2025-10-14T11:00:14.326+0300][0.431s][info][gc,phases   ] GC(0) Y: Young Generation
[2025-10-14T11:00:14.326+0300][0.432s][info][gc,phases   ] GC(0) Y: Pause Mark Start (Major) 0.007ms
[2025-10-14T11:00:14.329+0300][0.435s][info][gc,phases   ] GC(0) Y: Concurrent Mark 3.221ms
[2025-10-14T11:00:14.329+0300][0.435s][info][gc,phases   ] GC(0) Y: Pause Mark End 0.011ms
[2025-10-14T11:00:14.329+0300][0.435s][info][gc,phases   ] GC(0) Y: Concurrent Mark Free 0.001ms
[2025-10-14T11:00:14.329+0300][0.435s][info][gc,phases   ] GC(0) Y: Concurrent Reset Relocation Set 0.000ms
[2025-10-14T11:00:14.329+0300][0.435s][info][gc,reloc    ] GC(0) Y: Using tenuring threshold: 1 (Computed)
[2025-10-14T11:00:14.330+0300][0.435s][info][gc,phases   ] GC(0) Y: Concurrent Select Relocation Set 0.350ms
[2025-10-14T11:00:14.330+0300][0.436s][info][gc,phases   ] GC(0) Y: Pause Relocate Start 0.004ms
[2025-10-14T11:00:14.330+0300][0.436s][info][gc,phases   ] GC(0) Y: Concurrent Relocate 0.445ms
[2025-10-14T11:00:14.330+0300][0.436s][info][gc,alloc    ] GC(0) Y:                         Mark Start        Mark End      Relocate Start    Relocate End   
[2025-10-14T11:00:14.330+0300][0.436s][info][gc,alloc    ] GC(0) Y: Allocation Stalls:          0                0                0                0         
[2025-10-14T11:00:14.330+0300][0.436s][info][gc,load     ] GC(0) Y: Load: 21.96 (220%) / 15.60 (156%) / 13.86 (139%)
[2025-10-14T11:00:14.330+0300][0.436s][info][gc,mmu      ] GC(0) Y: MMU: 2ms/99.2%, 5ms/99.6%, 10ms/99.8%, 20ms/99.9%, 50ms/100.0%, 100ms/100.0%
[2025-10-14T11:00:14.330+0300][0.436s][info][gc,marking  ] GC(0) Y: Mark: 2 stripe(s), 2 proactive flush(es), 1 terminate flush(es), 0 completion(s), 0 continuation(s) 
[2025-10-14T11:00:14.330+0300][0.436s][info][gc,nmethod  ] GC(0) Y: NMethods: 930 registered, 0 unregistered
[2025-10-14T11:00:14.330+0300][0.436s][info][gc,metaspace] GC(0) Y: Metaspace: 3M used, 3M committed, 1088M reserved
[2025-10-14T11:00:14.330+0300][0.436s][info][gc,reloc    ] GC(0) Y:                        Candidates     Selected     In-Place         Size        Empty    Relocated 
[2025-10-14T11:00:14.330+0300][0.436s][info][gc,reloc    ] GC(0) Y: Small Pages:                  412            6            0         824M         402M           2M 
[2025-10-14T11:00:14.330+0300][0.436s][info][gc,reloc    ] GC(0) Y: Medium Pages:                   1            0            0          32M           0M           0M 
[2025-10-14T11:00:14.330+0300][0.436s][info][gc,reloc    ] GC(0) Y: Large Pages:                    0            0            0           0M           0M           0M 
[2025-10-14T11:00:14.330+0300][0.436s][info][gc,reloc    ] GC(0) Y: Forwarding Usage: 0M
[2025-10-14T11:00:14.330+0300][0.436s][info][gc,reloc    ] GC(0) Y: Age Table:
[2025-10-14T11:00:14.330+0300][0.436s][info][gc,reloc    ] GC(0) Y:                    Live             Garbage             Small              Medium             Large        
[2025-10-14T11:00:14.330+0300][0.436s][info][gc,reloc    ] GC(0) Y: Eden             316M (4%)          539M (7%)         412 / 6              1 / 0              0 / 0        
[2025-10-14T11:00:14.330+0300][0.436s][info][gc,heap     ] GC(0) Y: Min Capacity: 8M(0%)
[2025-10-14T11:00:14.330+0300][0.436s][info][gc,heap     ] GC(0) Y: Max Capacity: 8192M(100%)
[2025-10-14T11:00:14.330+0300][0.436s][info][gc,heap     ] GC(0) Y: Soft Max Capacity: 8192M(100%)
[2025-10-14T11:00:14.330+0300][0.436s][info][gc,heap     ] GC(0) Y: Heap Statistics:
[2025-10-14T11:00:14.330+0300][0.436s][info][gc,heap     ] GC(0) Y:                Mark Start          Mark End        Relocate Start      Relocate End           High               Low         
[2025-10-14T11:00:14.330+0300][0.436s][info][gc,heap     ] GC(0) Y:  Capacity:      856M (10%)         862M (11%)         862M (11%)         862M (11%)         862M (11%)         856M (10%)    
[2025-10-14T11:00:14.330+0300][0.436s][info][gc,heap     ] GC(0) Y:      Free:     7336M (90%)        7330M (89%)        7732M (94%)        7738M (94%)        7738M (94%)        7330M (89%)    
[2025-10-14T11:00:14.330+0300][0.436s][info][gc,heap     ] GC(0) Y:      Used:      856M (10%)         862M (11%)         460M (6%)          454M (6%)          862M (11%)         454M (6%)     
[2025-10-14T11:00:14.330+0300][0.436s][info][gc,heap     ] GC(0) Y: Young Generation Statistics:
[2025-10-14T11:00:14.330+0300][0.436s][info][gc,heap     ] GC(0) Y:                Mark Start          Mark End        Relocate Start      Relocate End    
[2025-10-14T11:00:14.330+0300][0.436s][info][gc,heap     ] GC(0) Y:      Used:      856M (10%)         862M (11%)         460M (6%)          454M (6%)     
[2025-10-14T11:00:14.330+0300][0.436s][info][gc,heap     ] GC(0) Y:      Live:         -               316M (4%)          316M (4%)          316M (4%)     
[2025-10-14T11:00:14.330+0300][0.436s][info][gc,heap     ] GC(0) Y:   Garbage:         -               539M (7%)          137M (2%)          125M (2%)     
[2025-10-14T11:00:14.330+0300][0.436s][info][gc,heap     ] GC(0) Y: Allocated:         -                 6M (0%)            6M (0%)           12M (0%)     
[2025-10-14T11:00:14.330+0300][0.436s][info][gc,heap     ] GC(0) Y: Reclaimed:         -                  -               402M (5%)          414M (5%)     
[2025-10-14T11:00:14.330+0300][0.436s][info][gc,heap     ] GC(0) Y:  Promoted:         -                  -                 0M (0%)            0M (0%)     
[2025-10-14T11:00:14.330+0300][0.436s][info][gc,heap     ] GC(0) Y: Compacted:         -                  -                  -                 3M (0%)     
[2025-10-14T11:00:14.330+0300][0.436s][info][gc,phases   ] GC(0) Y: Young Generation 856M(10%)->454M(6%) 0.005s
[2025-10-14T11:00:14.330+0300][0.436s][info][gc,phases   ] GC(0) O: Old Generation
[2025-10-14T11:00:14.331+0300][0.436s][info][gc,phases   ] GC(0) O: Concurrent Mark 0.190ms
[2025-10-14T11:00:14.331+0300][0.437s][info][gc,phases   ] GC(0) O: Pause Mark End 0.006ms
[2025-10-14T11:00:14.331+0300][0.437s][info][gc,phases   ] GC(0) O: Concurrent Mark Free 0.000ms
[2025-10-14T11:00:14.332+0300][0.438s][info][gc,phases   ] GC(0) O: Concurrent Process Non-Strong 0.941ms
[2025-10-14T11:00:14.332+0300][0.438s][info][gc,phases   ] GC(0) O: Concurrent Reset Relocation Set 0.000ms
[2025-10-14T11:00:14.332+0300][0.438s][info][gc,phases   ] GC(0) O: Concurrent Select Relocation Set 0.168ms
[2025-10-14T11:00:14.332+0300][0.438s][info][gc,task     ] GC(0) O: Using 3 Workers for Old Generation
[2025-10-14T11:00:14.332+0300][0.438s][info][gc,task     ] GC(0) O: Using 2 Workers for Old Generation
[2025-10-14T11:00:14.332+0300][0.438s][info][gc,phases   ] GC(0) O: Concurrent Remap Roots 0.506ms
[2025-10-14T11:00:14.332+0300][0.438s][info][gc,phases   ] GC(0) O: Pause Relocate Start 0.005ms
[2025-10-14T11:00:14.333+0300][0.438s][info][gc,phases   ] GC(0) O: Concurrent Relocate 0.033ms
[2025-10-14T11:00:14.333+0300][0.438s][info][gc,alloc    ] GC(0) O:                         Mark Start        Mark End      Relocate Start    Relocate End   
[2025-10-14T11:00:14.333+0300][0.438s][info][gc,alloc    ] GC(0) O: Allocation Stalls:          0                0                0                0         
[2025-10-14T11:00:14.333+0300][0.438s][info][gc,load     ] GC(0) O: Load: 21.96 (220%) / 15.60 (156%) / 13.86 (139%)
[2025-10-14T11:00:14.333+0300][0.438s][info][gc,mmu      ] GC(0) O: MMU: 2ms/98.9%, 5ms/99.5%, 10ms/99.7%, 20ms/99.8%, 50ms/99.9%, 100ms/100.0%
[2025-10-14T11:00:14.333+0300][0.438s][info][gc,marking  ] GC(0) O: Mark: 2 stripe(s), 1 proactive flush(es), 1 terminate flush(es), 0 completion(s), 0 continuation(s) 
[2025-10-14T11:00:14.333+0300][0.438s][info][gc,nmethod  ] GC(0) O: NMethods: 870 registered, 60 unregistered
[2025-10-14T11:00:14.333+0300][0.438s][info][gc,metaspace] GC(0) O: Metaspace: 3M used, 3M committed, 1088M reserved
[2025-10-14T11:00:14.333+0300][0.438s][info][gc,ref      ] GC(0) O:                       Encountered   Discovered     Enqueued 
[2025-10-14T11:00:14.333+0300][0.438s][info][gc,ref      ] GC(0) O: Soft References:              265            0            0 
[2025-10-14T11:00:14.333+0300][0.438s][info][gc,ref      ] GC(0) O: Weak References:              627            0            0 
[2025-10-14T11:00:14.333+0300][0.439s][info][gc,ref      ] GC(0) O: Final References:               0            0            0 
[2025-10-14T11:00:14.333+0300][0.439s][info][gc,ref      ] GC(0) O: Phantom References:            53            0            0 
[2025-10-14T11:00:14.333+0300][0.439s][info][gc,heap     ] GC(0) O: Min Capacity: 8M(0%)
[2025-10-14T11:00:14.333+0300][0.439s][info][gc,heap     ] GC(0) O: Max Capacity: 8192M(100%)
[2025-10-14T11:00:14.333+0300][0.439s][info][gc,heap     ] GC(0) O: Soft Max Capacity: 8192M(100%)
[2025-10-14T11:00:14.333+0300][0.439s][info][gc,heap     ] GC(0) O: Heap Statistics:
[2025-10-14T11:00:14.333+0300][0.439s][info][gc,heap     ] GC(0) O:                Mark Start          Mark End        Relocate Start      Relocate End           High               Low         
[2025-10-14T11:00:14.333+0300][0.439s][info][gc,heap     ] GC(0) O:  Capacity:      856M (10%)         862M (11%)         862M (11%)         862M (11%)         862M (11%)         856M (10%)    
[2025-10-14T11:00:14.333+0300][0.439s][info][gc,heap     ] GC(0) O:      Free:     7336M (90%)        7736M (94%)        7730M (94%)        7730M (94%)        7738M (94%)        7330M (89%)    
[2025-10-14T11:00:14.333+0300][0.439s][info][gc,heap     ] GC(0) O:      Used:      856M (10%)         456M (6%)          462M (6%)          462M (6%)          862M (11%)         454M (6%)     
[2025-10-14T11:00:14.333+0300][0.439s][info][gc,heap     ] GC(0) O: Old Generation Statistics:
[2025-10-14T11:00:14.333+0300][0.439s][info][gc,heap     ] GC(0) O:                Mark Start          Mark End        Relocate Start      Relocate End    
[2025-10-14T11:00:14.333+0300][0.439s][info][gc,heap     ] GC(0) O:      Used:        0M (0%)            0M (0%)            0M (0%)            0M (0%)     
[2025-10-14T11:00:14.333+0300][0.439s][info][gc,heap     ] GC(0) O:      Live:         -                 0M (0%)            0M (0%)            0M (0%)     
[2025-10-14T11:00:14.333+0300][0.439s][info][gc,heap     ] GC(0) O:   Garbage:         -                 0M (0%)            0M (0%)            0M (0%)     
[2025-10-14T11:00:14.333+0300][0.439s][info][gc,heap     ] GC(0) O: Allocated:         -                 0M (0%)            0M (0%)            0M (0%)     
[2025-10-14T11:00:14.333+0300][0.439s][info][gc,heap     ] GC(0) O: Reclaimed:         -                  -                 0M (0%)            0M (0%)     
[2025-10-14T11:00:14.333+0300][0.439s][info][gc,heap     ] GC(0) O: Compacted:         -                  -                  -                 0M (0%)     
[2025-10-14T11:00:14.333+0300][0.439s][info][gc,phases   ] GC(0) O: Old Generation 456M(6%)->462M(6%) 0.002s
[2025-10-14T11:00:14.333+0300][0.439s][info][gc          ] GC(0) Major Collection (Warmup) 856M(10%)->462M(6%) 0.007s
[2025-10-14T11:00:14.690+0300][0.796s][info][gc          ] GC(1) Major Collection (Warmup)
[2025-10-14T11:00:14.690+0300][0.796s][info][gc,task     ] GC(1) Using 3 Workers for Young Generation
[2025-10-14T11:00:14.690+0300][0.796s][info][gc,task     ] GC(1) Using 1 Workers for Old Generation
[2025-10-14T11:00:14.690+0300][0.796s][info][gc,phases   ] GC(1) Y: Young Generation
[2025-10-14T11:00:14.690+0300][0.796s][info][gc,phases   ] GC(1) Y: Pause Mark Start (Major) 0.010ms
[2025-10-14T11:00:14.693+0300][0.799s][info][gc,phases   ] GC(1) Y: Concurrent Mark 3.261ms
[2025-10-14T11:00:14.693+0300][0.799s][info][gc,phases   ] GC(1) Y: Pause Mark End 0.013ms
[2025-10-14T11:00:14.694+0300][0.799s][info][gc,phases   ] GC(1) Y: Concurrent Mark Free 0.001ms
[2025-10-14T11:00:14.694+0300][0.799s][info][gc,phases   ] GC(1) Y: Concurrent Reset Relocation Set 0.001ms
[2025-10-14T11:00:14.694+0300][0.800s][info][gc,reloc    ] GC(1) Y: Using tenuring threshold: 2 (Computed)
[2025-10-14T11:00:14.694+0300][0.800s][info][gc,phases   ] GC(1) Y: Concurrent Select Relocation Set 0.601ms
[2025-10-14T11:00:14.694+0300][0.800s][info][gc,phases   ] GC(1) Y: Pause Relocate Start 0.003ms
[2025-10-14T11:00:14.695+0300][0.801s][info][gc,phases   ] GC(1) Y: Concurrent Relocate 0.708ms
[2025-10-14T11:00:14.695+0300][0.801s][info][gc,alloc    ] GC(1) Y:                         Mark Start        Mark End      Relocate Start    Relocate End   
[2025-10-14T11:00:14.695+0300][0.801s][info][gc,alloc    ] GC(1) Y: Allocation Stalls:          0                0                0                0         
[2025-10-14T11:00:14.695+0300][0.801s][info][gc,load     ] GC(1) Y: Load: 21.96 (220%) / 15.60 (156%) / 13.86 (139%)
[2025-10-14T11:00:14.695+0300][0.801s][info][gc,mmu      ] GC(1) Y: MMU: 2ms/98.9%, 5ms/99.5%, 10ms/99.7%, 20ms/99.8%, 50ms/99.9%, 100ms/100.0%
[2025-10-14T11:00:14.695+0300][0.801s][info][gc,marking  ] GC(1) Y: Mark: 2 stripe(s), 2 proactive flush(es), 1 terminate flush(es), 0 completion(s), 0 continuation(s) 
[2025-10-14T11:00:14.695+0300][0.801s][info][gc,nmethod  ] GC(1) Y: NMethods: 870 registered, 60 unregistered
[2025-10-14T11:00:14.695+0300][0.801s][info][gc,metaspace] GC(1) Y: Metaspace: 3M used, 3M committed, 1088M reserved
[2025-10-14T11:00:14.695+0300][0.801s][info][gc,reloc    ] GC(1) Y:                        Candidates     Selected     In-Place         Size        Empty    Relocated 
[2025-10-14T11:00:14.695+0300][0.801s][info][gc,reloc    ] GC(1) Y: Small Pages:                  809            7            0        1618M        1194M           3M 
[2025-10-14T11:00:14.695+0300][0.801s][info][gc,reloc    ] GC(1) Y: Medium Pages:                   1            0            0          32M           0M           0M 
[2025-10-14T11:00:14.695+0300][0.801s][info][gc,reloc    ] GC(1) Y: Large Pages:                    0            0            0           0M           0M           0M 
[2025-10-14T11:00:14.695+0300][0.801s][info][gc,reloc    ] GC(1) Y: Forwarding Usage: 0M
[2025-10-14T11:00:14.695+0300][0.801s][info][gc,reloc    ] GC(1) Y: Age Table:
[2025-10-14T11:00:14.695+0300][0.801s][info][gc,reloc    ] GC(1) Y:                    Live             Garbage             Small              Medium             Large        
[2025-10-14T11:00:14.695+0300][0.801s][info][gc,reloc    ] GC(1) Y: Eden             312M (4%)          891M (11%)        602 / 3              0 / 0              0 / 0        
[2025-10-14T11:00:14.695+0300][0.801s][info][gc,reloc    ] GC(1) Y: Survivor 1         3M (0%)          442M (5%)         207 / 4              1 / 0              0 / 0        
[2025-10-14T11:00:14.695+0300][0.801s][info][gc,heap     ] GC(1) Y: Min Capacity: 8M(0%)
[2025-10-14T11:00:14.695+0300][0.801s][info][gc,heap     ] GC(1) Y: Max Capacity: 8192M(100%)
[2025-10-14T11:00:14.695+0300][0.801s][info][gc,heap     ] GC(1) Y: Soft Max Capacity: 8192M(100%)
[2025-10-14T11:00:14.695+0300][0.801s][info][gc,heap     ] GC(1) Y: Heap Statistics:
[2025-10-14T11:00:14.695+0300][0.801s][info][gc,heap     ] GC(1) Y:                Mark Start          Mark End        Relocate Start      Relocate End           High               Low         
[2025-10-14T11:00:14.695+0300][0.801s][info][gc,heap     ] GC(1) Y:  Capacity:     1650M (20%)        1658M (20%)        1658M (20%)        1658M (20%)        1658M (20%)        1650M (20%)    
[2025-10-14T11:00:14.695+0300][0.801s][info][gc,heap     ] GC(1) Y:      Free:     6542M (80%)        6534M (80%)        7726M (94%)        7730M (94%)        7730M (94%)        6534M (80%)    
[2025-10-14T11:00:14.695+0300][0.801s][info][gc,heap     ] GC(1) Y:      Used:     1650M (20%)        1658M (20%)         466M (6%)          462M (6%)         1658M (20%)         462M (6%)     
[2025-10-14T11:00:14.695+0300][0.801s][info][gc,heap     ] GC(1) Y: Young Generation Statistics:
[2025-10-14T11:00:14.695+0300][0.801s][info][gc,heap     ] GC(1) Y:                Mark Start          Mark End        Relocate Start      Relocate End    
[2025-10-14T11:00:14.695+0300][0.801s][info][gc,heap     ] GC(1) Y:      Used:     1650M (20%)        1658M (20%)         466M (6%)          462M (6%)     
[2025-10-14T11:00:14.695+0300][0.801s][info][gc,heap     ] GC(1) Y:      Live:         -               316M (4%)          316M (4%)          316M (4%)     
[2025-10-14T11:00:14.695+0300][0.801s][info][gc,heap     ] GC(1) Y:   Garbage:         -              1333M (16%)         139M (2%)          124M (2%)     
[2025-10-14T11:00:14.695+0300][0.801s][info][gc,heap     ] GC(1) Y: Allocated:         -                 8M (0%)           10M (0%)           21M (0%)     
[2025-10-14T11:00:14.695+0300][0.801s][info][gc,heap     ] GC(1) Y: Reclaimed:         -                  -              1194M (15%)        1209M (15%)    
[2025-10-14T11:00:14.695+0300][0.801s][info][gc,heap     ] GC(1) Y:  Promoted:         -                  -                 0M (0%)            0M (0%)     
[2025-10-14T11:00:14.695+0300][0.801s][info][gc,heap     ] GC(1) Y: Compacted:         -                  -                  -                 6M (0%)     
[2025-10-14T11:00:14.695+0300][0.801s][info][gc,phases   ] GC(1) Y: Young Generation 1650M(20%)->462M(6%) 0.005s
[2025-10-14T11:00:14.695+0300][0.801s][info][gc,phases   ] GC(1) O: Old Generation
[2025-10-14T11:00:14.695+0300][0.801s][info][gc,phases   ] GC(1) O: Concurrent Mark 0.199ms
[2025-10-14T11:00:14.696+0300][0.801s][info][gc,phases   ] GC(1) O: Pause Mark End 0.008ms
[2025-10-14T11:00:14.696+0300][0.801s][info][gc,phases   ] GC(1) O: Concurrent Mark Free 0.000ms
[2025-10-14T11:00:14.697+0300][0.803s][info][gc,phases   ] GC(1) O: Concurrent Process Non-Strong 1.556ms
[2025-10-14T11:00:14.697+0300][0.803s][info][gc,phases   ] GC(1) O: Concurrent Reset Relocation Set 0.000ms
[2025-10-14T11:00:14.697+0300][0.803s][info][gc,phases   ] GC(1) O: Concurrent Select Relocation Set 0.059ms
[2025-10-14T11:00:14.697+0300][0.803s][info][gc,task     ] GC(1) O: Using 3 Workers for Old Generation
[2025-10-14T11:00:14.698+0300][0.804s][info][gc,task     ] GC(1) O: Using 1 Workers for Old Generation
[2025-10-14T11:00:14.698+0300][0.804s][info][gc,phases   ] GC(1) O: Concurrent Remap Roots 0.529ms
[2025-10-14T11:00:14.698+0300][0.804s][info][gc,phases   ] GC(1) O: Pause Relocate Start 0.005ms
[2025-10-14T11:00:14.698+0300][0.804s][info][gc,phases   ] GC(1) O: Concurrent Relocate 0.011ms
[2025-10-14T11:00:14.698+0300][0.804s][info][gc,alloc    ] GC(1) O:                         Mark Start        Mark End      Relocate Start    Relocate End   
[2025-10-14T11:00:14.698+0300][0.804s][info][gc,alloc    ] GC(1) O: Allocation Stalls:          0                0                0                0         
[2025-10-14T11:00:14.698+0300][0.804s][info][gc,load     ] GC(1) O: Load: 21.96 (220%) / 15.60 (156%) / 13.86 (139%)
[2025-10-14T11:00:14.698+0300][0.804s][info][gc,mmu      ] GC(1) O: MMU: 2ms/98.9%, 5ms/99.4%, 10ms/99.6%, 20ms/99.8%, 50ms/99.9%, 100ms/100.0%
[2025-10-14T11:00:14.698+0300][0.804s][info][gc,marking  ] GC(1) O: Mark: 1 stripe(s), 1 proactive flush(es), 1 terminate flush(es), 0 completion(s), 0 continuation(s) 
[2025-10-14T11:00:14.698+0300][0.804s][info][gc,nmethod  ] GC(1) O: NMethods: 870 registered, 60 unregistered
[2025-10-14T11:00:14.698+0300][0.804s][info][gc,metaspace] GC(1) O: Metaspace: 3M used, 3M committed, 1088M reserved
[2025-10-14T11:00:14.698+0300][0.804s][info][gc,ref      ] GC(1) O:                       Encountered   Discovered     Enqueued 
[2025-10-14T11:00:14.698+0300][0.804s][info][gc,ref      ] GC(1) O: Soft References:              265            0            0 
[2025-10-14T11:00:14.698+0300][0.804s][info][gc,ref      ] GC(1) O: Weak References:              627            0            0 
[2025-10-14T11:00:14.698+0300][0.804s][info][gc,ref      ] GC(1) O: Final References:               0            0            0 
[2025-10-14T11:00:14.698+0300][0.804s][info][gc,ref      ] GC(1) O: Phantom References:            53            0            0 
[2025-10-14T11:00:14.698+0300][0.804s][info][gc,heap     ] GC(1) O: Min Capacity: 8M(0%)
[2025-10-14T11:00:14.698+0300][0.804s][info][gc,heap     ] GC(1) O: Max Capacity: 8192M(100%)
[2025-10-14T11:00:14.698+0300][0.804s][info][gc,heap     ] GC(1) O: Soft Max Capacity: 8192M(100%)
[2025-10-14T11:00:14.698+0300][0.804s][info][gc,heap     ] GC(1) O: Heap Statistics:
[2025-10-14T11:00:14.698+0300][0.804s][info][gc,heap     ] GC(1) O:                Mark Start          Mark End        Relocate Start      Relocate End           High               Low         
[2025-10-14T11:00:14.698+0300][0.804s][info][gc,heap     ] GC(1) O:  Capacity:     1650M (20%)        1658M (20%)        1658M (20%)        1658M (20%)        1658M (20%)        1650M (20%)    
[2025-10-14T11:00:14.698+0300][0.804s][info][gc,heap     ] GC(1) O:      Free:     6542M (80%)        7728M (94%)        7720M (94%)        7720M (94%)        7730M (94%)        6534M (80%)    
[2025-10-14T11:00:14.698+0300][0.804s][info][gc,heap     ] GC(1) O:      Used:     1650M (20%)         464M (6%)          472M (6%)          472M (6%)         1658M (20%)         462M (6%)     
[2025-10-14T11:00:14.698+0300][0.804s][info][gc,heap     ] GC(1) O: Old Generation Statistics:
[2025-10-14T11:00:14.698+0300][0.804s][info][gc,heap     ] GC(1) O:                Mark Start          Mark End        Relocate Start      Relocate End    
[2025-10-14T11:00:14.698+0300][0.804s][info][gc,heap     ] GC(1) O:      Used:        0M (0%)            0M (0%)            0M (0%)            0M (0%)     
[2025-10-14T11:00:14.698+0300][0.804s][info][gc,heap     ] GC(1) O:      Live:         -                 0M (0%)            0M (0%)            0M (0%)     
[2025-10-14T11:00:14.698+0300][0.804s][info][gc,heap     ] GC(1) O:   Garbage:         -                 0M (0%)            0M (0%)            0M (0%)     
[2025-10-14T11:00:14.698+0300][0.804s][info][gc,heap     ] GC(1) O: Allocated:         -                 0M (0%)            0M (0%)            0M (0%)     
[2025-10-14T11:00:14.698+0300][0.804s][info][gc,heap     ] GC(1) O: Reclaimed:         -                  -                 0M (0%)            0M (0%)     
[2025-10-14T11:00:14.698+0300][0.804s][info][gc,heap     ] GC(1) O: Compacted:         -                  -                  -                 0M (0%)     
[2025-10-14T11:00:14.698+0300][0.804s][info][gc,phases   ] GC(1) O: Old Generation 462M(6%)->472M(6%) 0.003s
[2025-10-14T11:00:14.698+0300][0.804s][info][gc          ] GC(1) Major Collection (Warmup) 1650M(20%)->472M(6%) 0.008s
[2025-10-14T11:00:15.270+0300][1.376s][info][gc          ] GC(2) Major Collection (Warmup)
[2025-10-14T11:00:15.270+0300][1.376s][info][gc,task     ] GC(2) Using 3 Workers for Young Generation
[2025-10-14T11:00:15.270+0300][1.376s][info][gc,task     ] GC(2) Using 1 Workers for Old Generation
[2025-10-14T11:00:15.270+0300][1.376s][info][gc,phases   ] GC(2) Y: Young Generation
[2025-10-14T11:00:15.270+0300][1.376s][info][gc,phases   ] GC(2) Y: Pause Mark Start (Major) 0.011ms
[2025-10-14T11:00:15.275+0300][1.381s][info][gc,phases   ] GC(2) Y: Concurrent Mark 5.191ms
[2025-10-14T11:00:15.275+0300][1.381s][info][gc,phases   ] GC(2) Y: Pause Mark End 0.010ms
[2025-10-14T11:00:15.275+0300][1.381s][info][gc,phases   ] GC(2) Y: Concurrent Mark Free 0.002ms
[2025-10-14T11:00:15.275+0300][1.381s][info][gc,phases   ] GC(2) Y: Concurrent Reset Relocation Set 0.001ms
[2025-10-14T11:00:15.276+0300][1.382s][info][gc,reloc    ] GC(2) Y: Using tenuring threshold: 3 (Computed)
[2025-10-14T11:00:15.276+0300][1.382s][info][gc,phases   ] GC(2) Y: Concurrent Select Relocation Set 0.567ms
[2025-10-14T11:00:15.276+0300][1.382s][info][gc,phases   ] GC(2) Y: Pause Relocate Start 0.003ms
[2025-10-14T11:00:15.276+0300][1.382s][info][gc,phases   ] GC(2) Y: Concurrent Relocate 0.359ms
[2025-10-14T11:00:15.276+0300][1.382s][info][gc,alloc    ] GC(2) Y:                         Mark Start        Mark End      Relocate Start    Relocate End   
[2025-10-14T11:00:15.276+0300][1.382s][info][gc,alloc    ] GC(2) Y: Allocation Stalls:          0                0                0                0         
[2025-10-14T11:00:15.276+0300][1.382s][info][gc,load     ] GC(2) Y: Load: 21.96 (220%) / 15.60 (156%) / 13.86 (139%)
[2025-10-14T11:00:15.276+0300][1.382s][info][gc,mmu      ] GC(2) Y: MMU: 2ms/98.9%, 5ms/99.4%, 10ms/99.6%, 20ms/99.8%, 50ms/99.9%, 100ms/100.0%
[2025-10-14T11:00:15.276+0300][1.382s][info][gc,marking  ] GC(2) Y: Mark: 2 stripe(s), 3 proactive flush(es), 1 terminate flush(es), 0 completion(s), 0 continuation(s) 
[2025-10-14T11:00:15.276+0300][1.382s][info][gc,nmethod  ] GC(2) Y: NMethods: 870 registered, 60 unregistered
[2025-10-14T11:00:15.276+0300][1.382s][info][gc,metaspace] GC(2) Y: Metaspace: 3M used, 3M committed, 1088M reserved
[2025-10-14T11:00:15.276+0300][1.382s][info][gc,reloc    ] GC(2) Y:                        Candidates     Selected     In-Place         Size        Empty    Relocated 
[2025-10-14T11:00:15.276+0300][1.382s][info][gc,reloc    ] GC(2) Y: Small Pages:                 1225            4            0        2450M        2032M           2M 
[2025-10-14T11:00:15.276+0300][1.382s][info][gc,reloc    ] GC(2) Y: Medium Pages:                   1            0            0          32M           0M           0M 
[2025-10-14T11:00:15.276+0300][1.382s][info][gc,reloc    ] GC(2) Y: Large Pages:                    0            0            0           0M           0M           0M 
[2025-10-14T11:00:15.276+0300][1.382s][info][gc,reloc    ] GC(2) Y: Forwarding Usage: 0M
[2025-10-14T11:00:15.276+0300][1.382s][info][gc,reloc    ] GC(2) Y: Age Table:
[2025-10-14T11:00:15.276+0300][1.382s][info][gc,reloc    ] GC(2) Y:                    Live             Garbage             Small              Medium             Large        
[2025-10-14T11:00:15.276+0300][1.382s][info][gc,reloc    ] GC(2) Y: Eden             312M (4%)         1719M (21%)       1016 / 2              0 / 0              0 / 0        
[2025-10-14T11:00:15.276+0300][1.382s][info][gc,reloc    ] GC(2) Y: Survivor 1          -               410M (5%)         205 / 0              0 / 0              0 / 0        
[2025-10-14T11:00:15.276+0300][1.382s][info][gc,reloc    ] GC(2) Y: Survivor 2         3M (0%)           36M (0%)           4 / 2              1 / 0              0 / 0        
[2025-10-14T11:00:15.277+0300][1.382s][info][gc,heap     ] GC(2) Y: Min Capacity: 8M(0%)
[2025-10-14T11:00:15.277+0300][1.382s][info][gc,heap     ] GC(2) Y: Max Capacity: 8192M(100%)
[2025-10-14T11:00:15.277+0300][1.382s][info][gc,heap     ] GC(2) Y: Soft Max Capacity: 8192M(100%)
[2025-10-14T11:00:15.277+0300][1.382s][info][gc,heap     ] GC(2) Y: Heap Statistics:
[2025-10-14T11:00:15.277+0300][1.382s][info][gc,heap     ] GC(2) Y:                Mark Start          Mark End        Relocate Start      Relocate End           High               Low         
[2025-10-14T11:00:15.277+0300][1.382s][info][gc,heap     ] GC(2) Y:  Capacity:     2482M (30%)        2492M (30%)        2492M (30%)        2492M (30%)        2492M (30%)        2482M (30%)    
[2025-10-14T11:00:15.277+0300][1.382s][info][gc,heap     ] GC(2) Y:      Free:     5710M (70%)        5700M (70%)        7730M (94%)        7728M (94%)        7730M (94%)        5700M (70%)    
[2025-10-14T11:00:15.277+0300][1.382s][info][gc,heap     ] GC(2) Y:      Used:     2482M (30%)        2492M (30%)         462M (6%)          464M (6%)         2492M (30%)         462M (6%)     
[2025-10-14T11:00:15.277+0300][1.382s][info][gc,heap     ] GC(2) Y: Young Generation Statistics:
[2025-10-14T11:00:15.277+0300][1.382s][info][gc,heap     ] GC(2) Y:                Mark Start          Mark End        Relocate Start      Relocate End    
[2025-10-14T11:00:15.277+0300][1.382s][info][gc,heap     ] GC(2) Y:      Used:     2482M (30%)        2492M (30%)         462M (6%)          464M (6%)     
[2025-10-14T11:00:15.277+0300][1.382s][info][gc,heap     ] GC(2) Y:      Live:         -               316M (4%)          316M (4%)          316M (4%)     
[2025-10-14T11:00:15.277+0300][1.382s][info][gc,heap     ] GC(2) Y:   Garbage:         -              2165M (26%)         133M (2%)          124M (2%)     
[2025-10-14T11:00:15.277+0300][1.382s][info][gc,heap     ] GC(2) Y: Allocated:         -                10M (0%)           12M (0%)           22M (0%)     
[2025-10-14T11:00:15.277+0300][1.382s][info][gc,heap     ] GC(2) Y: Reclaimed:         -                  -              2032M (25%)        2040M (25%)    
[2025-10-14T11:00:15.277+0300][1.382s][info][gc,heap     ] GC(2) Y:  Promoted:         -                  -                 0M (0%)            0M (0%)     
[2025-10-14T11:00:15.277+0300][1.382s][info][gc,heap     ] GC(2) Y: Compacted:         -                  -                  -                 5M (0%)     
[2025-10-14T11:00:15.277+0300][1.382s][info][gc,phases   ] GC(2) Y: Young Generation 2482M(30%)->464M(6%) 0.007s
[2025-10-14T11:00:15.277+0300][1.382s][info][gc,phases   ] GC(2) O: Old Generation
[2025-10-14T11:00:15.277+0300][1.383s][info][gc,phases   ] GC(2) O: Concurrent Mark 0.193ms
[2025-10-14T11:00:15.277+0300][1.383s][info][gc,phases   ] GC(2) O: Pause Mark End 0.007ms
[2025-10-14T11:00:15.277+0300][1.383s][info][gc,phases   ] GC(2) O: Concurrent Mark Free 0.000ms
[2025-10-14T11:00:15.279+0300][1.384s][info][gc,phases   ] GC(2) O: Concurrent Process Non-Strong 1.616ms
[2025-10-14T11:00:15.279+0300][1.384s][info][gc,phases   ] GC(2) O: Concurrent Reset Relocation Set 0.000ms
[2025-10-14T11:00:15.279+0300][1.385s][info][gc,phases   ] GC(2) O: Concurrent Select Relocation Set 0.045ms
[2025-10-14T11:00:15.279+0300][1.385s][info][gc,task     ] GC(2) O: Using 3 Workers for Old Generation
[2025-10-14T11:00:15.279+0300][1.385s][info][gc,task     ] GC(2) O: Using 1 Workers for Old Generation
[2025-10-14T11:00:15.279+0300][1.385s][info][gc,phases   ] GC(2) O: Concurrent Remap Roots 0.371ms
[2025-10-14T11:00:15.279+0300][1.385s][info][gc,phases   ] GC(2) O: Pause Relocate Start 0.005ms
[2025-10-14T11:00:15.279+0300][1.385s][info][gc,phases   ] GC(2) O: Concurrent Relocate 0.014ms
[2025-10-14T11:00:15.279+0300][1.385s][info][gc,alloc    ] GC(2) O:                         Mark Start        Mark End      Relocate Start    Relocate End   
[2025-10-14T11:00:15.279+0300][1.385s][info][gc,alloc    ] GC(2) O: Allocation Stalls:          0                0                0                0         
[2025-10-14T11:00:15.279+0300][1.385s][info][gc,load     ] GC(2) O: Load: 21.96 (220%) / 15.60 (156%) / 13.86 (139%)
[2025-10-14T11:00:15.279+0300][1.385s][info][gc,mmu      ] GC(2) O: MMU: 2ms/98.9%, 5ms/99.4%, 10ms/99.6%, 20ms/99.8%, 50ms/99.9%, 100ms/100.0%
[2025-10-14T11:00:15.279+0300][1.385s][info][gc,marking  ] GC(2) O: Mark: 1 stripe(s), 1 proactive flush(es), 1 terminate flush(es), 0 completion(s), 0 continuation(s) 
[2025-10-14T11:00:15.279+0300][1.385s][info][gc,nmethod  ] GC(2) O: NMethods: 870 registered, 60 unregistered
[2025-10-14T11:00:15.279+0300][1.385s][info][gc,metaspace] GC(2) O: Metaspace: 3M used, 3M committed, 1088M reserved
[2025-10-14T11:00:15.279+0300][1.385s][info][gc,ref      ] GC(2) O:                       Encountered   Discovered     Enqueued 
[2025-10-14T11:00:15.279+0300][1.385s][info][gc,ref      ] GC(2) O: Soft References:              265            0            0 
[2025-10-14T11:00:15.279+0300][1.385s][info][gc,ref      ] GC(2) O: Weak References:              627            0            0 
[2025-10-14T11:00:15.279+0300][1.385s][info][gc,ref      ] GC(2) O: Final References:               0            0            0 
[2025-10-14T11:00:15.279+0300][1.385s][info][gc,ref      ] GC(2) O: Phantom References:            53            0            0 
[2025-10-14T11:00:15.279+0300][1.385s][info][gc,heap     ] GC(2) O: Min Capacity: 8M(0%)
[2025-10-14T11:00:15.279+0300][1.385s][info][gc,heap     ] GC(2) O: Max Capacity: 8192M(100%)
[2025-10-14T11:00:15.279+0300][1.385s][info][gc,heap     ] GC(2) O: Soft Max Capacity: 8192M(100%)
[2025-10-14T11:00:15.279+0300][1.385s][info][gc,heap     ] GC(2) O: Heap Statistics:
[2025-10-14T11:00:15.279+0300][1.385s][info][gc,heap     ] GC(2) O:                Mark Start          Mark End        Relocate Start      Relocate End           High               Low         
[2025-10-14T11:00:15.279+0300][1.385s][info][gc,heap     ] GC(2) O:  Capacity:     2482M (30%)        2492M (30%)        2492M (30%)        2492M (30%)        2492M (30%)        2482M (30%)    
[2025-10-14T11:00:15.279+0300][1.385s][info][gc,heap     ] GC(2) O:      Free:     5710M (70%)        7726M (94%)        7716M (94%)        7716M (94%)        7730M (94%)        5700M (70%)    
[2025-10-14T11:00:15.279+0300][1.385s][info][gc,heap     ] GC(2) O:      Used:     2482M (30%)         466M (6%)          476M (6%)          476M (6%)         2492M (30%)         462M (6%)     
[2025-10-14T11:00:15.279+0300][1.385s][info][gc,heap     ] GC(2) O: Old Generation Statistics:
[2025-10-14T11:00:15.279+0300][1.385s][info][gc,heap     ] GC(2) O:                Mark Start          Mark End        Relocate Start      Relocate End    
[2025-10-14T11:00:15.279+0300][1.385s][info][gc,heap     ] GC(2) O:      Used:        0M (0%)            0M (0%)            0M (0%)            0M (0%)     
[2025-10-14T11:00:15.279+0300][1.385s][info][gc,heap     ] GC(2) O:      Live:         -                 0M (0%)            0M (0%)            0M (0%)     
[2025-10-14T11:00:15.279+0300][1.385s][info][gc,heap     ] GC(2) O:   Garbage:         -                 0M (0%)            0M (0%)            0M (0%)     
[2025-10-14T11:00:15.279+0300][1.385s][info][gc,heap     ] GC(2) O: Allocated:         -                 0M (0%)            0M (0%)            0M (0%)     
[2025-10-14T11:00:15.279+0300][1.385s][info][gc,heap     ] GC(2) O: Reclaimed:         -                  -                 0M (0%)            0M (0%)     
[2025-10-14T11:00:15.279+0300][1.385s][info][gc,heap     ] GC(2) O: Compacted:         -                  -                  -                 0M (0%)     
[2025-10-14T11:00:15.279+0300][1.385s][info][gc,phases   ] GC(2) O: Old Generation 466M(6%)->476M(6%) 0.003s
[2025-10-14T11:00:15.279+0300][1.385s][info][gc          ] GC(2) Major Collection (Warmup) 2482M(30%)->476M(6%) 0.010s
[2025-10-14T11:00:16.678+0300][2.783s][info][gc          ] GC(3) Major Collection (Proactive)
[2025-10-14T11:00:16.678+0300][2.783s][info][gc,task     ] GC(3) Using 1 Workers for Young Generation
[2025-10-14T11:00:16.678+0300][2.783s][info][gc,task     ] GC(3) Using 1 Workers for Old Generation
[2025-10-14T11:00:16.678+0300][2.783s][info][gc,phases   ] GC(3) Y: Young Generation
[2025-10-14T11:00:16.678+0300][2.784s][info][gc,phases   ] GC(3) Y: Pause Mark Start (Major) 0.006ms
[2025-10-14T11:00:16.688+0300][2.794s][info][gc,phases   ] GC(3) Y: Concurrent Mark 10.457ms
[2025-10-14T11:00:16.688+0300][2.794s][info][gc,phases   ] GC(3) Y: Pause Mark End 0.010ms
[2025-10-14T11:00:16.688+0300][2.794s][info][gc,phases   ] GC(3) Y: Concurrent Mark Free 0.002ms
[2025-10-14T11:00:16.688+0300][2.794s][info][gc,phases   ] GC(3) Y: Concurrent Reset Relocation Set 0.001ms
[2025-10-14T11:00:16.690+0300][2.796s][info][gc,reloc    ] GC(3) Y: Using tenuring threshold: 4 (Computed)
[2025-10-14T11:00:16.690+0300][2.796s][info][gc,phases   ] GC(3) Y: Concurrent Select Relocation Set 1.693ms
[2025-10-14T11:00:16.690+0300][2.796s][info][gc,phases   ] GC(3) Y: Pause Relocate Start 0.003ms
[2025-10-14T11:00:16.692+0300][2.797s][info][gc,phases   ] GC(3) Y: Concurrent Relocate 1.313ms
[2025-10-14T11:00:16.692+0300][2.797s][info][gc,alloc    ] GC(3) Y:                         Mark Start        Mark End      Relocate Start    Relocate End   
[2025-10-14T11:00:16.692+0300][2.797s][info][gc,alloc    ] GC(3) Y: Allocation Stalls:          0                0                0                0         
[2025-10-14T11:00:16.692+0300][2.797s][info][gc,load     ] GC(3) Y: Load: 21.96 (220%) / 15.60 (156%) / 13.86 (139%)
[2025-10-14T11:00:16.692+0300][2.797s][info][gc,mmu      ] GC(3) Y: MMU: 2ms/98.9%, 5ms/99.4%, 10ms/99.6%, 20ms/99.8%, 50ms/99.9%, 100ms/100.0%
[2025-10-14T11:00:16.692+0300][2.797s][info][gc,marking  ] GC(3) Y: Mark: 1 stripe(s), 2 proactive flush(es), 1 terminate flush(es), 0 completion(s), 0 continuation(s) 
[2025-10-14T11:00:16.692+0300][2.797s][info][gc,nmethod  ] GC(3) Y: NMethods: 870 registered, 60 unregistered
[2025-10-14T11:00:16.692+0300][2.797s][info][gc,metaspace] GC(3) Y: Metaspace: 3M used, 3M committed, 1088M reserved
[2025-10-14T11:00:16.692+0300][2.797s][info][gc,reloc    ] GC(3) Y:                        Candidates     Selected     In-Place         Size        Empty    Relocated 
[2025-10-14T11:00:16.692+0300][2.797s][info][gc,reloc    ] GC(3) Y: Small Pages:                 2470            5            0        4940M        4520M           2M 
[2025-10-14T11:00:16.692+0300][2.797s][info][gc,reloc    ] GC(3) Y: Medium Pages:                   1            0            0          32M           0M           0M 
[2025-10-14T11:00:16.692+0300][2.797s][info][gc,reloc    ] GC(3) Y: Large Pages:                    0            0            0           0M           0M           0M 
[2025-10-14T11:00:16.692+0300][2.797s][info][gc,reloc    ] GC(3) Y: Forwarding Usage: 1M
[2025-10-14T11:00:16.692+0300][2.798s][info][gc,reloc    ] GC(3) Y: Age Table:
[2025-10-14T11:00:16.692+0300][2.798s][info][gc,reloc    ] GC(3) Y:                    Live             Garbage             Small              Medium             Large        
[2025-10-14T11:00:16.692+0300][2.798s][info][gc,reloc    ] GC(3) Y: Eden             312M (4%)         4207M (51%)       2260 / 3              0 / 0              0 / 0        
[2025-10-14T11:00:16.692+0300][2.798s][info][gc,reloc    ] GC(3) Y: Survivor 1          -               410M (5%)         205 / 0              0 / 0              0 / 0        
[2025-10-14T11:00:16.692+0300][2.798s][info][gc,reloc    ] GC(3) Y: Survivor 2          -                 0M (0%)           0 / 0              0 / 0              0 / 0        
[2025-10-14T11:00:16.692+0300][2.798s][info][gc,reloc    ] GC(3) Y: Survivor 3         3M (0%)           38M (0%)           5 / 2              1 / 0              0 / 0        
[2025-10-14T11:00:16.692+0300][2.798s][info][gc,heap     ] GC(3) Y: Min Capacity: 8M(0%)
[2025-10-14T11:00:16.692+0300][2.798s][info][gc,heap     ] GC(3) Y: Max Capacity: 8192M(100%)
[2025-10-14T11:00:16.692+0300][2.798s][info][gc,heap     ] GC(3) Y: Soft Max Capacity: 8192M(100%)
[2025-10-14T11:00:16.692+0300][2.798s][info][gc,heap     ] GC(3) Y: Heap Statistics:
[2025-10-14T11:00:16.692+0300][2.798s][info][gc,heap     ] GC(3) Y:                Mark Start          Mark End        Relocate Start      Relocate End           High               Low         
[2025-10-14T11:00:16.692+0300][2.798s][info][gc,heap     ] GC(3) Y:  Capacity:     4972M (61%)        4998M (61%)        5000M (61%)        5000M (61%)        5000M (61%)        4972M (61%)    
[2025-10-14T11:00:16.692+0300][2.798s][info][gc,heap     ] GC(3) Y:      Free:     3220M (39%)        3194M (39%)        7706M (94%)        7708M (94%)        7708M (94%)        3192M (39%)    
[2025-10-14T11:00:16.692+0300][2.798s][info][gc,heap     ] GC(3) Y:      Used:     4972M (61%)        4998M (61%)         486M (6%)          484M (6%)         5000M (61%)         484M (6%)     
[2025-10-14T11:00:16.692+0300][2.798s][info][gc,heap     ] GC(3) Y: Young Generation Statistics:
[2025-10-14T11:00:16.692+0300][2.798s][info][gc,heap     ] GC(3) Y:                Mark Start          Mark End        Relocate Start      Relocate End    
[2025-10-14T11:00:16.692+0300][2.798s][info][gc,heap     ] GC(3) Y:      Used:     4972M (61%)        4998M (61%)         486M (6%)          484M (6%)     
[2025-10-14T11:00:16.692+0300][2.798s][info][gc,heap     ] GC(3) Y:      Live:         -               316M (4%)          316M (4%)          316M (4%)     
[2025-10-14T11:00:16.692+0300][2.798s][info][gc,heap     ] GC(3) Y:   Garbage:         -              4655M (57%)         135M (2%)          125M (2%)     
[2025-10-14T11:00:16.692+0300][2.798s][info][gc,heap     ] GC(3) Y: Allocated:         -                26M (0%)           34M (0%)           42M (1%)     
[2025-10-14T11:00:16.692+0300][2.798s][info][gc,heap     ] GC(3) Y: Reclaimed:         -                  -              4520M (55%)        4530M (55%)    
[2025-10-14T11:00:16.692+0300][2.798s][info][gc,heap     ] GC(3) Y:  Promoted:         -                  -                 0M (0%)            0M (0%)     
[2025-10-14T11:00:16.692+0300][2.798s][info][gc,heap     ] GC(3) Y: Compacted:         -                  -                  -                 5M (0%)     
[2025-10-14T11:00:16.692+0300][2.798s][info][gc,phases   ] GC(3) Y: Young Generation 4972M(61%)->484M(6%) 0.014s
[2025-10-14T11:00:16.692+0300][2.798s][info][gc,phases   ] GC(3) O: Old Generation
[2025-10-14T11:00:16.692+0300][2.798s][info][gc,phases   ] GC(3) O: Concurrent Mark 0.183ms
[2025-10-14T11:00:16.692+0300][2.798s][info][gc,phases   ] GC(3) O: Pause Mark End 0.007ms
[2025-10-14T11:00:16.692+0300][2.798s][info][gc,phases   ] GC(3) O: Concurrent Mark Free 0.000ms
[2025-10-14T11:00:16.694+0300][2.799s][info][gc,phases   ] GC(3) O: Concurrent Process Non-Strong 1.407ms
[2025-10-14T11:00:16.694+0300][2.799s][info][gc,phases   ] GC(3) O: Concurrent Reset Relocation Set 0.000ms
[2025-10-14T11:00:16.694+0300][2.800s][info][gc,phases   ] GC(3) O: Concurrent Select Relocation Set 0.045ms
[2025-10-14T11:00:16.694+0300][2.800s][info][gc,task     ] GC(3) O: Using 2 Workers for Old Generation
[2025-10-14T11:00:16.694+0300][2.800s][info][gc,task     ] GC(3) O: Using 1 Workers for Old Generation
[2025-10-14T11:00:16.694+0300][2.800s][info][gc,phases   ] GC(3) O: Concurrent Remap Roots 0.598ms
[2025-10-14T11:00:16.694+0300][2.800s][info][gc,phases   ] GC(3) O: Pause Relocate Start 0.004ms
[2025-10-14T11:00:16.694+0300][2.800s][info][gc,phases   ] GC(3) O: Concurrent Relocate 0.013ms
[2025-10-14T11:00:16.694+0300][2.800s][info][gc,alloc    ] GC(3) O:                         Mark Start        Mark End      Relocate Start    Relocate End   
[2025-10-14T11:00:16.694+0300][2.800s][info][gc,alloc    ] GC(3) O: Allocation Stalls:          0                0                0                0         
[2025-10-14T11:00:16.694+0300][2.800s][info][gc,load     ] GC(3) O: Load: 21.96 (220%) / 15.60 (156%) / 13.86 (139%)
[2025-10-14T11:00:16.694+0300][2.800s][info][gc,mmu      ] GC(3) O: MMU: 2ms/98.9%, 5ms/99.4%, 10ms/99.6%, 20ms/99.8%, 50ms/99.9%, 100ms/100.0%
[2025-10-14T11:00:16.694+0300][2.800s][info][gc,marking  ] GC(3) O: Mark: 1 stripe(s), 1 proactive flush(es), 1 terminate flush(es), 0 completion(s), 0 continuation(s) 
[2025-10-14T11:00:16.694+0300][2.800s][info][gc,nmethod  ] GC(3) O: NMethods: 870 registered, 60 unregistered
[2025-10-14T11:00:16.694+0300][2.800s][info][gc,metaspace] GC(3) O: Metaspace: 3M used, 3M committed, 1088M reserved
[2025-10-14T11:00:16.695+0300][2.800s][info][gc,ref      ] GC(3) O:                       Encountered   Discovered     Enqueued 
[2025-10-14T11:00:16.695+0300][2.800s][info][gc,ref      ] GC(3) O: Soft References:              265            0            0 
[2025-10-14T11:00:16.695+0300][2.800s][info][gc,ref      ] GC(3) O: Weak References:              627            0            0 
[2025-10-14T11:00:16.695+0300][2.800s][info][gc,ref      ] GC(3) O: Final References:               0            0            0 
[2025-10-14T11:00:16.695+0300][2.800s][info][gc,ref      ] GC(3) O: Phantom References:            53            0            0 
[2025-10-14T11:00:16.695+0300][2.800s][info][gc,heap     ] GC(3) O: Min Capacity: 8M(0%)
[2025-10-14T11:00:16.695+0300][2.800s][info][gc,heap     ] GC(3) O: Max Capacity: 8192M(100%)
[2025-10-14T11:00:16.695+0300][2.800s][info][gc,heap     ] GC(3) O: Soft Max Capacity: 8192M(100%)
[2025-10-14T11:00:16.695+0300][2.800s][info][gc,heap     ] GC(3) O: Heap Statistics:
[2025-10-14T11:00:16.695+0300][2.800s][info][gc,heap     ] GC(3) O:                Mark Start          Mark End        Relocate Start      Relocate End           High               Low         
[2025-10-14T11:00:16.695+0300][2.800s][info][gc,heap     ] GC(3) O:  Capacity:     4972M (61%)        5000M (61%)        5000M (61%)        5000M (61%)        5000M (61%)        4972M (61%)    
[2025-10-14T11:00:16.695+0300][2.800s][info][gc,heap     ] GC(3) O:      Free:     3220M (39%)        7706M (94%)        7698M (94%)        7698M (94%)        7708M (94%)        3192M (39%)    
[2025-10-14T11:00:16.695+0300][2.800s][info][gc,heap     ] GC(3) O:      Used:     4972M (61%)         486M (6%)          494M (6%)          494M (6%)         5000M (61%)         484M (6%)     
[2025-10-14T11:00:16.695+0300][2.800s][info][gc,heap     ] GC(3) O: Old Generation Statistics:
[2025-10-14T11:00:16.695+0300][2.800s][info][gc,heap     ] GC(3) O:                Mark Start          Mark End        Relocate Start      Relocate End    
[2025-10-14T11:00:16.695+0300][2.800s][info][gc,heap     ] GC(3) O:      Used:        0M (0%)            0M (0%)            0M (0%)            0M (0%)     
[2025-10-14T11:00:16.695+0300][2.800s][info][gc,heap     ] GC(3) O:      Live:         -                 0M (0%)            0M (0%)            0M (0%)     
[2025-10-14T11:00:16.695+0300][2.800s][info][gc,heap     ] GC(3) O:   Garbage:         -                 0M (0%)            0M (0%)            0M (0%)     
[2025-10-14T11:00:16.695+0300][2.800s][info][gc,heap     ] GC(3) O: Allocated:         -                 0M (0%)            0M (0%)            0M (0%)     
[2025-10-14T11:00:16.695+0300][2.800s][info][gc,heap     ] GC(3) O: Reclaimed:         -                  -                 0M (0%)            0M (0%)     
[2025-10-14T11:00:16.695+0300][2.800s][info][gc,heap     ] GC(3) O: Compacted:         -                  -                  -                 0M (0%)     
[2025-10-14T11:00:16.695+0300][2.800s][info][gc,phases   ] GC(3) O: Old Generation 486M(6%)->494M(6%) 0.003s
[2025-10-14T11:00:16.695+0300][2.800s][info][gc          ] GC(3) Major Collection (Proactive) 4972M(61%)->494M(6%) 0.017s
[2025-10-14T11:00:18.018+0300][4.124s][info][gc          ] GC(4) Major Collection (Proactive)
[2025-10-14T11:00:18.018+0300][4.124s][info][gc,task     ] GC(4) Using 1 Workers for Young Generation
[2025-10-14T11:00:18.018+0300][4.124s][info][gc,task     ] GC(4) Using 1 Workers for Old Generation
[2025-10-14T11:00:18.018+0300][4.124s][info][gc,phases   ] GC(4) Y: Young Generation
[2025-10-14T11:00:18.018+0300][4.124s][info][gc,phases   ] GC(4) Y: Pause Mark Start (Major) 0.011ms
[2025-10-14T11:00:18.040+0300][4.146s][info][gc,phases   ] GC(4) Y: Concurrent Mark 22.246ms
[2025-10-14T11:00:18.041+0300][4.146s][info][gc,phases   ] GC(4) Y: Pause Mark End 0.011ms
[2025-10-14T11:00:18.041+0300][4.146s][info][gc,phases   ] GC(4) Y: Concurrent Mark Free 0.001ms
[2025-10-14T11:00:18.041+0300][4.146s][info][gc,phases   ] GC(4) Y: Concurrent Reset Relocation Set 0.003ms
[2025-10-14T11:00:18.044+0300][4.150s][info][gc,reloc    ] GC(4) Y: Using tenuring threshold: 5 (Computed)
[2025-10-14T11:00:18.044+0300][4.150s][info][gc,phases   ] GC(4) Y: Concurrent Select Relocation Set 3.569ms
[2025-10-14T11:00:18.044+0300][4.150s][info][gc,phases   ] GC(4) Y: Pause Relocate Start 0.006ms
[2025-10-14T11:00:18.045+0300][4.151s][info][gc,phases   ] GC(4) Y: Concurrent Relocate 0.799ms
[2025-10-14T11:00:18.045+0300][4.151s][info][gc,alloc    ] GC(4) Y:                         Mark Start        Mark End      Relocate Start    Relocate End   
[2025-10-14T11:00:18.045+0300][4.151s][info][gc,alloc    ] GC(4) Y: Allocation Stalls:          0                0                0                0         
[2025-10-14T11:00:18.045+0300][4.151s][info][gc,load     ] GC(4) Y: Load: 21.64 (216%) / 15.64 (156%) / 13.89 (139%)
[2025-10-14T11:00:18.045+0300][4.151s][info][gc,mmu      ] GC(4) Y: MMU: 2ms/98.9%, 5ms/99.4%, 10ms/99.6%, 20ms/99.8%, 50ms/99.9%, 100ms/100.0%
[2025-10-14T11:00:18.045+0300][4.151s][info][gc,marking  ] GC(4) Y: Mark: 1 stripe(s), 2 proactive flush(es), 1 terminate flush(es), 0 completion(s), 0 continuation(s) 
[2025-10-14T11:00:18.045+0300][4.151s][info][gc,nmethod  ] GC(4) Y: NMethods: 870 registered, 60 unregistered
[2025-10-14T11:00:18.045+0300][4.151s][info][gc,metaspace] GC(4) Y: Metaspace: 3M used, 3M committed, 1088M reserved
[2025-10-14T11:00:18.045+0300][4.151s][info][gc,reloc    ] GC(4) Y:                        Candidates     Selected     In-Place         Size        Empty    Relocated 
[2025-10-14T11:00:18.045+0300][4.151s][info][gc,reloc    ] GC(4) Y: Small Pages:                 2638            3            0        5276M        4860M           2M 
[2025-10-14T11:00:18.045+0300][4.151s][info][gc,reloc    ] GC(4) Y: Medium Pages:                   1            0            0          32M           0M           0M 
[2025-10-14T11:00:18.045+0300][4.151s][info][gc,reloc    ] GC(4) Y: Large Pages:                    0            0            0           0M           0M           0M 
[2025-10-14T11:00:18.045+0300][4.151s][info][gc,reloc    ] GC(4) Y: Forwarding Usage: 0M
[2025-10-14T11:00:18.045+0300][4.151s][info][gc,reloc    ] GC(4) Y: Age Table:
[2025-10-14T11:00:18.045+0300][4.151s][info][gc,reloc    ] GC(4) Y:                    Live             Garbage             Small              Medium             Large        
[2025-10-14T11:00:18.045+0300][4.151s][info][gc,reloc    ] GC(4) Y: Eden             312M (4%)         4549M (56%)       2431 / 3              0 / 0              0 / 0        
[2025-10-14T11:00:18.045+0300][4.151s][info][gc,reloc    ] GC(4) Y: Survivor 1          -               408M (5%)         204 / 0              0 / 0              0 / 0        
[2025-10-14T11:00:18.045+0300][4.151s][info][gc,reloc    ] GC(4) Y: Survivor 2          -                 0M (0%)           0 / 0              0 / 0              0 / 0        
[2025-10-14T11:00:18.045+0300][4.151s][info][gc,reloc    ] GC(4) Y: Survivor 3          -                 0M (0%)           0 / 0              0 / 0              0 / 0        
[2025-10-14T11:00:18.045+0300][4.151s][info][gc,reloc    ] GC(4) Y: Survivor 4         3M (0%)           34M (0%)           3 / 0              1 / 0              0 / 0        
[2025-10-14T11:00:18.045+0300][4.151s][info][gc,heap     ] GC(4) Y: Min Capacity: 8M(0%)
[2025-10-14T11:00:18.045+0300][4.151s][info][gc,heap     ] GC(4) Y: Max Capacity: 8192M(100%)
[2025-10-14T11:00:18.045+0300][4.151s][info][gc,heap     ] GC(4) Y: Soft Max Capacity: 8192M(100%)
[2025-10-14T11:00:18.045+0300][4.151s][info][gc,heap     ] GC(4) Y: Heap Statistics:
[2025-10-14T11:00:18.045+0300][4.151s][info][gc,heap     ] GC(4) Y:                Mark Start          Mark End        Relocate Start      Relocate End           High               Low         
[2025-10-14T11:00:18.045+0300][4.151s][info][gc,heap     ] GC(4) Y:  Capacity:     5308M (65%)        5354M (65%)        5354M (65%)        5354M (65%)        5354M (65%)        5308M (65%)    
[2025-10-14T11:00:18.045+0300][4.151s][info][gc,heap     ] GC(4) Y:      Free:     2884M (35%)        2838M (35%)        7688M (94%)        7688M (94%)        7690M (94%)        2838M (35%)    
[2025-10-14T11:00:18.045+0300][4.151s][info][gc,heap     ] GC(4) Y:      Used:     5308M (65%)        5354M (65%)         504M (6%)          504M (6%)         5354M (65%)         502M (6%)     
[2025-10-14T11:00:18.045+0300][4.151s][info][gc,heap     ] GC(4) Y: Young Generation Statistics:
[2025-10-14T11:00:18.045+0300][4.151s][info][gc,heap     ] GC(4) Y:                Mark Start          Mark End        Relocate Start      Relocate End    
[2025-10-14T11:00:18.045+0300][4.151s][info][gc,heap     ] GC(4) Y:      Used:     5308M (65%)        5354M (65%)         504M (6%)          504M (6%)     
[2025-10-14T11:00:18.045+0300][4.151s][info][gc,heap     ] GC(4) Y:      Live:         -               316M (4%)          316M (4%)          316M (4%)     
[2025-10-14T11:00:18.045+0300][4.151s][info][gc,heap     ] GC(4) Y:   Garbage:         -              4991M (61%)         131M (2%)          125M (2%)     
[2025-10-14T11:00:18.045+0300][4.151s][info][gc,heap     ] GC(4) Y: Allocated:         -                46M (1%)           56M (1%)           62M (1%)     
[2025-10-14T11:00:18.045+0300][4.151s][info][gc,heap     ] GC(4) Y: Reclaimed:         -                  -              4860M (59%)        4866M (59%)    
[2025-10-14T11:00:18.045+0300][4.151s][info][gc,heap     ] GC(4) Y:  Promoted:         -                  -                 0M (0%)            0M (0%)     
[2025-10-14T11:00:18.045+0300][4.151s][info][gc,heap     ] GC(4) Y: Compacted:         -                  -                  -                 3M (0%)     
[2025-10-14T11:00:18.045+0300][4.151s][info][gc,phases   ] GC(4) Y: Young Generation 5308M(65%)->504M(6%) 0.027s
[2025-10-14T11:00:18.045+0300][4.151s][info][gc,phases   ] GC(4) O: Old Generation
[2025-10-14T11:00:18.046+0300][4.151s][info][gc,phases   ] GC(4) O: Concurrent Mark 0.188ms
[2025-10-14T11:00:18.046+0300][4.152s][info][gc,phases   ] GC(4) O: Pause Mark End 0.005ms
[2025-10-14T11:00:18.046+0300][4.152s][info][gc,phases   ] GC(4) O: Concurrent Mark Free 0.001ms
[2025-10-14T11:00:18.047+0300][4.153s][info][gc,phases   ] GC(4) O: Concurrent Process Non-Strong 1.506ms
[2025-10-14T11:00:18.047+0300][4.153s][info][gc,phases   ] GC(4) O: Concurrent Reset Relocation Set 0.000ms
[2025-10-14T11:00:18.047+0300][4.153s][info][gc,phases   ] GC(4) O: Concurrent Select Relocation Set 0.042ms
[2025-10-14T11:00:18.047+0300][4.153s][info][gc,task     ] GC(4) O: Using 2 Workers for Old Generation
[2025-10-14T11:00:18.048+0300][4.154s][info][gc,task     ] GC(4) O: Using 1 Workers for Old Generation
[2025-10-14T11:00:18.048+0300][4.154s][info][gc,phases   ] GC(4) O: Concurrent Remap Roots 0.564ms
[2025-10-14T11:00:18.048+0300][4.154s][info][gc,phases   ] GC(4) O: Pause Relocate Start 0.010ms
[2025-10-14T11:00:18.048+0300][4.154s][info][gc,phases   ] GC(4) O: Concurrent Relocate 0.020ms
[2025-10-14T11:00:18.048+0300][4.154s][info][gc,alloc    ] GC(4) O:                         Mark Start        Mark End      Relocate Start    Relocate End   
[2025-10-14T11:00:18.048+0300][4.154s][info][gc,alloc    ] GC(4) O: Allocation Stalls:          0                0                0                0         
[2025-10-14T11:00:18.048+0300][4.154s][info][gc,load     ] GC(4) O: Load: 21.64 (216%) / 15.64 (156%) / 13.89 (139%)
[2025-10-14T11:00:18.048+0300][4.154s][info][gc,mmu      ] GC(4) O: MMU: 2ms/98.9%, 5ms/99.4%, 10ms/99.6%, 20ms/99.8%, 50ms/99.9%, 100ms/100.0%
[2025-10-14T11:00:18.048+0300][4.154s][info][gc,marking  ] GC(4) O: Mark: 1 stripe(s), 1 proactive flush(es), 1 terminate flush(es), 0 completion(s), 0 continuation(s) 
[2025-10-14T11:00:18.048+0300][4.154s][info][gc,nmethod  ] GC(4) O: NMethods: 870 registered, 60 unregistered
[2025-10-14T11:00:18.048+0300][4.154s][info][gc,metaspace] GC(4) O: Metaspace: 3M used, 3M committed, 1088M reserved
[2025-10-14T11:00:18.048+0300][4.154s][info][gc,ref      ] GC(4) O:                       Encountered   Discovered     Enqueued 
[2025-10-14T11:00:18.048+0300][4.154s][info][gc,ref      ] GC(4) O: Soft References:              265            0            0 
[2025-10-14T11:00:18.048+0300][4.154s][info][gc,ref      ] GC(4) O: Weak References:              627            0            0 
[2025-10-14T11:00:18.048+0300][4.154s][info][gc,ref      ] GC(4) O: Final References:               0            0            0 
[2025-10-14T11:00:18.048+0300][4.154s][info][gc,ref      ] GC(4) O: Phantom References:            53            0            0 
[2025-10-14T11:00:18.048+0300][4.154s][info][gc,heap     ] GC(4) O: Min Capacity: 8M(0%)
[2025-10-14T11:00:18.048+0300][4.154s][info][gc,heap     ] GC(4) O: Max Capacity: 8192M(100%)
[2025-10-14T11:00:18.048+0300][4.154s][info][gc,heap     ] GC(4) O: Soft Max Capacity: 8192M(100%)
[2025-10-14T11:00:18.048+0300][4.154s][info][gc,heap     ] GC(4) O: Heap Statistics:
[2025-10-14T11:00:18.048+0300][4.154s][info][gc,heap     ] GC(4) O:                Mark Start          Mark End        Relocate Start      Relocate End           High               Low         
[2025-10-14T11:00:18.048+0300][4.154s][info][gc,heap     ] GC(4) O:  Capacity:     5308M (65%)        5354M (65%)        5354M (65%)        5354M (65%)        5354M (65%)        5308M (65%)    
[2025-10-14T11:00:18.048+0300][4.154s][info][gc,heap     ] GC(4) O:      Free:     2884M (35%)        7686M (94%)        7680M (94%)        7680M (94%)        7690M (94%)        2838M (35%)    
[2025-10-14T11:00:18.048+0300][4.154s][info][gc,heap     ] GC(4) O:      Used:     5308M (65%)         506M (6%)          512M (6%)          512M (6%)         5354M (65%)         502M (6%)     
[2025-10-14T11:00:18.048+0300][4.154s][info][gc,heap     ] GC(4) O: Old Generation Statistics:
[2025-10-14T11:00:18.048+0300][4.154s][info][gc,heap     ] GC(4) O:                Mark Start          Mark End        Relocate Start      Relocate End    
[2025-10-14T11:00:18.048+0300][4.154s][info][gc,heap     ] GC(4) O:      Used:        0M (0%)            0M (0%)            0M (0%)            0M (0%)     
[2025-10-14T11:00:18.048+0300][4.154s][info][gc,heap     ] GC(4) O:      Live:         -                 0M (0%)            0M (0%)            0M (0%)     
[2025-10-14T11:00:18.048+0300][4.154s][info][gc,heap     ] GC(4) O:   Garbage:         -                 0M (0%)            0M (0%)            0M (0%)     
[2025-10-14T11:00:18.048+0300][4.154s][info][gc,heap     ] GC(4) O: Allocated:         -                 0M (0%)            0M (0%)            0M (0%)     
[2025-10-14T11:00:18.048+0300][4.154s][info][gc,heap     ] GC(4) O: Reclaimed:         -                  -                 0M (0%)            0M (0%)     
[2025-10-14T11:00:18.048+0300][4.154s][info][gc,heap     ] GC(4) O: Compacted:         -                  -                  -                 0M (0%)     
[2025-10-14T11:00:18.048+0300][4.154s][info][gc,phases   ] GC(4) O: Old Generation 504M(6%)->512M(6%) 0.003s
[2025-10-14T11:00:18.048+0300][4.154s][info][gc          ] GC(4) Major Collection (Proactive) 5308M(65%)->512M(6%) 0.030s
[2025-10-14T11:00:20.337+0300][6.443s][info][gc          ] GC(5) Major Collection (Proactive)
[2025-10-14T11:00:20.338+0300][6.443s][info][gc,task     ] GC(5) Using 1 Workers for Young Generation
[2025-10-14T11:00:20.338+0300][6.444s][info][gc,task     ] GC(5) Using 1 Workers for Old Generation
[2025-10-14T11:00:20.338+0300][6.444s][info][gc,phases   ] GC(5) Y: Young Generation
[2025-10-14T11:00:20.338+0300][6.444s][info][gc,phases   ] GC(5) Y: Pause Mark Start (Major) 0.172ms
[2025-10-14T11:00:20.374+0300][6.480s][info][gc,phases   ] GC(5) Y: Concurrent Mark 35.606ms
[2025-10-14T11:00:20.375+0300][6.480s][info][gc,phases   ] GC(5) Y: Pause Mark End 0.020ms
[2025-10-14T11:00:20.375+0300][6.481s][info][gc,phases   ] GC(5) Y: Concurrent Mark Free 0.002ms
[2025-10-14T11:00:20.375+0300][6.481s][info][gc,phases   ] GC(5) Y: Concurrent Reset Relocation Set 0.020ms
[2025-10-14T11:00:20.384+0300][6.490s][info][gc,reloc    ] GC(5) Y: Using tenuring threshold: 5 (Computed)
[2025-10-14T11:00:20.388+0300][6.494s][info][gc,phases   ] GC(5) Y: Concurrent Select Relocation Set 13.213ms
[2025-10-14T11:00:20.388+0300][6.494s][info][gc,phases   ] GC(5) Y: Pause Relocate Start 0.009ms
[2025-10-14T11:00:20.393+0300][6.499s][info][gc,phases   ] GC(5) Y: Concurrent Relocate 4.684ms
[2025-10-14T11:00:20.393+0300][6.499s][info][gc,alloc    ] GC(5) Y:                         Mark Start        Mark End      Relocate Start    Relocate End   
[2025-10-14T11:00:20.393+0300][6.499s][info][gc,alloc    ] GC(5) Y: Allocation Stalls:          0                0                0                0         
[2025-10-14T11:00:20.393+0300][6.499s][info][gc,load     ] GC(5) Y: Load: 21.64 (216%) / 15.64 (156%) / 13.89 (139%)
[2025-10-14T11:00:20.393+0300][6.499s][info][gc,mmu      ] GC(5) Y: MMU: 2ms/91.4%, 5ms/96.6%, 10ms/98.3%, 20ms/99.1%, 50ms/99.6%, 100ms/99.8%
[2025-10-14T11:00:20.393+0300][6.499s][info][gc,marking  ] GC(5) Y: Mark: 1 stripe(s), 2 proactive flush(es), 1 terminate flush(es), 0 completion(s), 0 continuation(s) 
[2025-10-14T11:00:20.393+0300][6.499s][info][gc,nmethod  ] GC(5) Y: NMethods: 870 registered, 60 unregistered
[2025-10-14T11:00:20.393+0300][6.499s][info][gc,metaspace] GC(5) Y: Metaspace: 3M used, 3M committed, 1088M reserved
[2025-10-14T11:00:20.393+0300][6.499s][info][gc,reloc    ] GC(5) Y:                        Candidates     Selected     In-Place         Size        Empty    Relocated 
[2025-10-14T11:00:20.394+0300][6.499s][info][gc,reloc    ] GC(5) Y: Small Pages:                 3682            3            0        7364M        6948M           1M 
[2025-10-14T11:00:20.394+0300][6.499s][info][gc,reloc    ] GC(5) Y: Medium Pages:                   1            0            0          32M           0M           0M 
[2025-10-14T11:00:20.394+0300][6.499s][info][gc,reloc    ] GC(5) Y: Large Pages:                    0            0            0           0M           0M           0M 
[2025-10-14T11:00:20.394+0300][6.499s][info][gc,reloc    ] GC(5) Y: Forwarding Usage: 0M
[2025-10-14T11:00:20.394+0300][6.499s][info][gc,reloc    ] GC(5) Y: Age Table:
[2025-10-14T11:00:20.394+0300][6.499s][info][gc,reloc    ] GC(5) Y:                    Live             Garbage             Small              Medium             Large        
[2025-10-14T11:00:20.394+0300][6.500s][info][gc,reloc    ] GC(5) Y: Eden             312M (4%)         6637M (81%)       3475 / 2              0 / 0              0 / 0        
[2025-10-14T11:00:20.394+0300][6.500s][info][gc,reloc    ] GC(5) Y: Survivor 1          -               408M (5%)         204 / 0              0 / 0              0 / 0        
[2025-10-14T11:00:20.394+0300][6.500s][info][gc,reloc    ] GC(5) Y: Survivor 2          -                 0M (0%)           0 / 0              0 / 0              0 / 0        
[2025-10-14T11:00:20.394+0300][6.500s][info][gc,reloc    ] GC(5) Y: Survivor 3          -                 0M (0%)           0 / 0              0 / 0              0 / 0        
[2025-10-14T11:00:20.394+0300][6.500s][info][gc,reloc    ] GC(5) Y: Survivor 4          -                 0M (0%)           0 / 0              0 / 0              0 / 0        
[2025-10-14T11:00:20.394+0300][6.500s][info][gc,reloc    ] GC(5) Y: Survivor 5         3M (0%)           34M (0%)           3 / 1              1 / 0              0 / 0        
[2025-10-14T11:00:20.394+0300][6.500s][info][gc,heap     ] GC(5) Y: Min Capacity: 8M(0%)
[2025-10-14T11:00:20.394+0300][6.500s][info][gc,heap     ] GC(5) Y: Max Capacity: 8192M(100%)
[2025-10-14T11:00:20.394+0300][6.500s][info][gc,heap     ] GC(5) Y: Soft Max Capacity: 8192M(100%)
[2025-10-14T11:00:20.394+0300][6.500s][info][gc,heap     ] GC(5) Y: Heap Statistics:
[2025-10-14T11:00:20.395+0300][6.500s][info][gc,heap     ] GC(5) Y:                Mark Start          Mark End        Relocate Start      Relocate End           High               Low         
[2025-10-14T11:00:20.395+0300][6.500s][info][gc,heap     ] GC(5) Y:  Capacity:     7396M (90%)        7454M (91%)        7456M (91%)        7456M (91%)        7456M (91%)        7396M (90%)    
[2025-10-14T11:00:20.395+0300][6.500s][info][gc,heap     ] GC(5) Y:      Free:      796M (10%)         738M (9%)         7680M (94%)        7674M (94%)        7682M (94%)         736M (9%)     
[2025-10-14T11:00:20.395+0300][6.500s][info][gc,heap     ] GC(5) Y:      Used:     7396M (90%)        7454M (91%)         512M (6%)          518M (6%)         7456M (91%)         510M (6%)     
[2025-10-14T11:00:20.395+0300][6.500s][info][gc,heap     ] GC(5) Y: Young Generation Statistics:
[2025-10-14T11:00:20.395+0300][6.501s][info][gc,heap     ] GC(5) Y:                Mark Start          Mark End        Relocate Start      Relocate End    
[2025-10-14T11:00:20.395+0300][6.501s][info][gc,heap     ] GC(5) Y:      Used:     7396M (90%)        7454M (91%)         478M (6%)          480M (6%)     
[2025-10-14T11:00:20.395+0300][6.501s][info][gc,heap     ] GC(5) Y:      Live:         -               316M (4%)          313M (4%)          312M (4%)     
[2025-10-14T11:00:20.395+0300][6.501s][info][gc,heap     ] GC(5) Y:   Garbage:         -              7079M (86%)         100M (1%)           94M (1%)     
[2025-10-14T11:00:20.395+0300][6.501s][info][gc,heap     ] GC(5) Y: Allocated:         -                58M (1%)           64M (1%)           73M (1%)     
[2025-10-14T11:00:20.395+0300][6.501s][info][gc,heap     ] GC(5) Y: Reclaimed:         -                  -              6979M (85%)        6985M (85%)    
[2025-10-14T11:00:20.395+0300][6.501s][info][gc,heap     ] GC(5) Y:  Promoted:         -                  -                 2M (0%)            3M (0%)     
[2025-10-14T11:00:20.396+0300][6.502s][info][gc,heap     ] GC(5) Y: Compacted:         -                  -                  -                 0M (0%)     
[2025-10-14T11:00:20.396+0300][6.502s][info][gc,phases   ] GC(5) Y: Young Generation 7396M(90%)->518M(6%) 0.055s
[2025-10-14T11:00:20.396+0300][6.502s][info][gc,phases   ] GC(5) O: Old Generation
[2025-10-14T11:00:20.397+0300][6.503s][info][gc,phases   ] GC(5) O: Concurrent Mark 0.701ms
[2025-10-14T11:00:20.397+0300][6.503s][info][gc,phases   ] GC(5) O: Pause Mark End 0.012ms
[2025-10-14T11:00:20.397+0300][6.503s][info][gc,phases   ] GC(5) O: Concurrent Mark Free 0.001ms
[2025-10-14T11:00:20.399+0300][6.505s][info][gc,phases   ] GC(5) O: Concurrent Process Non-Strong 1.977ms
[2025-10-14T11:00:20.399+0300][6.505s][info][gc,phases   ] GC(5) O: Concurrent Reset Relocation Set 0.000ms
[2025-10-14T11:00:20.399+0300][6.505s][info][gc,phases   ] GC(5) O: Concurrent Select Relocation Set 0.050ms
[2025-10-14T11:00:20.399+0300][6.505s][info][gc,task     ] GC(5) O: Using 2 Workers for Old Generation
[2025-10-14T11:00:20.400+0300][6.506s][info][gc,task     ] GC(5) O: Using 1 Workers for Old Generation
[2025-10-14T11:00:20.400+0300][6.506s][info][gc,phases   ] GC(5) O: Concurrent Remap Roots 0.900ms
[2025-10-14T11:00:20.400+0300][6.506s][info][gc,phases   ] GC(5) O: Pause Relocate Start 0.008ms
[2025-10-14T11:00:20.400+0300][6.506s][info][gc,phases   ] GC(5) O: Concurrent Relocate 0.015ms
[2025-10-14T11:00:20.400+0300][6.506s][info][gc,alloc    ] GC(5) O:                         Mark Start        Mark End      Relocate Start    Relocate End   
[2025-10-14T11:00:20.400+0300][6.506s][info][gc,alloc    ] GC(5) O: Allocation Stalls:          0                0                0                0         
[2025-10-14T11:00:20.400+0300][6.506s][info][gc,load     ] GC(5) O: Load: 21.64 (216%) / 15.64 (156%) / 13.89 (139%)
[2025-10-14T11:00:20.400+0300][6.506s][info][gc,mmu      ] GC(5) O: MMU: 2ms/91.4%, 5ms/96.6%, 10ms/98.3%, 20ms/99.1%, 50ms/99.6%, 100ms/99.8%
[2025-10-14T11:00:20.400+0300][6.506s][info][gc,marking  ] GC(5) O: Mark: 1 stripe(s), 1 proactive flush(es), 1 terminate flush(es), 0 completion(s), 0 continuation(s) 
[2025-10-14T11:00:20.400+0300][6.506s][info][gc,nmethod  ] GC(5) O: NMethods: 870 registered, 60 unregistered
[2025-10-14T11:00:20.400+0300][6.506s][info][gc,metaspace] GC(5) O: Metaspace: 3M used, 3M committed, 1088M reserved
[2025-10-14T11:00:20.400+0300][6.506s][info][gc,ref      ] GC(5) O:                       Encountered   Discovered     Enqueued 
[2025-10-14T11:00:20.400+0300][6.506s][info][gc,ref      ] GC(5) O: Soft References:              265            0            0 
[2025-10-14T11:00:20.400+0300][6.506s][info][gc,ref      ] GC(5) O: Weak References:              627            0            0 
[2025-10-14T11:00:20.400+0300][6.506s][info][gc,ref      ] GC(5) O: Final References:               0            0            0 
[2025-10-14T11:00:20.400+0300][6.506s][info][gc,ref      ] GC(5) O: Phantom References:            53            0            0 
[2025-10-14T11:00:20.400+0300][6.506s][info][gc,heap     ] GC(5) O: Min Capacity: 8M(0%)
[2025-10-14T11:00:20.400+0300][6.506s][info][gc,heap     ] GC(5) O: Max Capacity: 8192M(100%)
[2025-10-14T11:00:20.400+0300][6.506s][info][gc,heap     ] GC(5) O: Soft Max Capacity: 8192M(100%)
[2025-10-14T11:00:20.400+0300][6.506s][info][gc,heap     ] GC(5) O: Heap Statistics:
[2025-10-14T11:00:20.401+0300][6.506s][info][gc,heap     ] GC(5) O:                Mark Start          Mark End        Relocate Start      Relocate End           High               Low         
[2025-10-14T11:00:20.401+0300][6.506s][info][gc,heap     ] GC(5) O:  Capacity:     7396M (90%)        7456M (91%)        7456M (91%)        7456M (91%)        7456M (91%)        7396M (90%)    
[2025-10-14T11:00:20.401+0300][6.506s][info][gc,heap     ] GC(5) O:      Free:      796M (10%)        7670M (94%)        7666M (94%)        7666M (94%)        7682M (94%)         736M (9%)     
[2025-10-14T11:00:20.401+0300][6.506s][info][gc,heap     ] GC(5) O:      Used:     7396M (90%)         522M (6%)          526M (6%)          526M (6%)         7456M (91%)         510M (6%)     
[2025-10-14T11:00:20.401+0300][6.506s][info][gc,heap     ] GC(5) O: Old Generation Statistics:
[2025-10-14T11:00:20.401+0300][6.506s][info][gc,heap     ] GC(5) O:                Mark Start          Mark End        Relocate Start      Relocate End    
[2025-10-14T11:00:20.401+0300][6.506s][info][gc,heap     ] GC(5) O:      Used:        0M (0%)           38M (0%)           38M (0%)           38M (0%)     
[2025-10-14T11:00:20.401+0300][6.506s][info][gc,heap     ] GC(5) O:      Live:         -                 0M (0%)            0M (0%)            0M (0%)     
[2025-10-14T11:00:20.401+0300][6.506s][info][gc,heap     ] GC(5) O:   Garbage:         -                 0M (0%)            0M (0%)            0M (0%)     
[2025-10-14T11:00:20.401+0300][6.506s][info][gc,heap     ] GC(5) O: Allocated:         -                38M (0%)           38M (0%)           38M (0%)     
[2025-10-14T11:00:20.401+0300][6.506s][info][gc,heap     ] GC(5) O: Reclaimed:         -                  -                 0M (0%)            0M (0%)     
[2025-10-14T11:00:20.401+0300][6.506s][info][gc,heap     ] GC(5) O: Compacted:         -                  -                  -                 0M (0%)     
[2025-10-14T11:00:20.401+0300][6.506s][info][gc,phases   ] GC(5) O: Old Generation 520M(6%)->526M(6%) 0.004s
[2025-10-14T11:00:20.401+0300][6.506s][info][gc          ] GC(5) Major Collection (Proactive) 7394M(90%)->526M(6%) 0.063s
[2025-10-14T11:00:23.243+0300][9.349s][info][gc          ] GC(6) Minor Collection (Allocation Rate)
[2025-10-14T11:00:23.244+0300][9.350s][info][gc,task     ] GC(6) Using 1 Workers for Young Generation
[2025-10-14T11:00:23.244+0300][9.350s][info][gc,phases   ] GC(6) y: Young Generation
[2025-10-14T11:00:23.244+0300][9.350s][info][gc,phases   ] GC(6) y: Pause Mark Start 0.015ms
[2025-10-14T11:00:23.260+0300][9.366s][info][gc,phases   ] GC(6) y: Concurrent Mark 15.408ms
[2025-10-14T11:00:23.260+0300][9.366s][info][gc,phases   ] GC(6) y: Pause Mark End 0.011ms
[2025-10-14T11:00:23.260+0300][9.366s][info][gc,phases   ] GC(6) y: Concurrent Mark Free 0.001ms
[2025-10-14T11:00:23.260+0300][9.366s][info][gc,phases   ] GC(6) y: Concurrent Reset Relocation Set 0.015ms
[2025-10-14T11:00:23.267+0300][9.372s][info][gc,reloc    ] GC(6) y: Using tenuring threshold: 1 (Computed)
[2025-10-14T11:00:23.267+0300][9.373s][info][gc,phases   ] GC(6) y: Concurrent Select Relocation Set 6.631ms
[2025-10-14T11:00:23.267+0300][9.373s][info][gc,phases   ] GC(6) y: Pause Relocate Start 0.008ms
[2025-10-14T11:00:23.267+0300][9.373s][info][gc,phases   ] GC(6) y: Concurrent Relocate 0.137ms
[2025-10-14T11:00:23.267+0300][9.373s][info][gc,alloc    ] GC(6) y:                         Mark Start        Mark End      Relocate Start    Relocate End   
[2025-10-14T11:00:23.267+0300][9.373s][info][gc,alloc    ] GC(6) y: Allocation Stalls:          0                0                0                0         
[2025-10-14T11:00:23.267+0300][9.373s][info][gc,load     ] GC(6) y: Load: 20.47 (205%) / 15.50 (155%) / 13.85 (138%)
[2025-10-14T11:00:23.267+0300][9.373s][info][gc,mmu      ] GC(6) y: MMU: 2ms/91.4%, 5ms/96.6%, 10ms/98.3%, 20ms/99.1%, 50ms/99.6%, 100ms/99.8%
[2025-10-14T11:00:23.267+0300][9.373s][info][gc,marking  ] GC(6) y: Mark: 1 stripe(s), 2 proactive flush(es), 1 terminate flush(es), 0 completion(s), 0 continuation(s) 
[2025-10-14T11:00:23.267+0300][9.373s][info][gc,nmethod  ] GC(6) y: NMethods: 870 registered, 60 unregistered
[2025-10-14T11:00:23.267+0300][9.373s][info][gc,metaspace] GC(6) y: Metaspace: 3M used, 3M committed, 1088M reserved
[2025-10-14T11:00:23.267+0300][9.373s][info][gc,reloc    ] GC(6) y:                        Candidates     Selected     In-Place         Size        Empty    Relocated 
[2025-10-14T11:00:23.267+0300][9.373s][info][gc,reloc    ] GC(6) y: Small Pages:                 3771            1            0        7542M        7134M           0M 
[2025-10-14T11:00:23.267+0300][9.373s][info][gc,reloc    ] GC(6) y: Medium Pages:                   0            0            0           0M           0M           0M 
[2025-10-14T11:00:23.267+0300][9.373s][info][gc,reloc    ] GC(6) y: Large Pages:                    0            0            0           0M           0M           0M 
[2025-10-14T11:00:23.267+0300][9.373s][info][gc,reloc    ] GC(6) y: Forwarding Usage: 0M
[2025-10-14T11:00:23.267+0300][9.373s][info][gc,reloc    ] GC(6) y: Age Table:
[2025-10-14T11:00:23.267+0300][9.373s][info][gc,reloc    ] GC(6) y:                    Live             Garbage             Small              Medium             Large        
[2025-10-14T11:00:23.267+0300][9.373s][info][gc,reloc    ] GC(6) y: Eden             312M (4%)         6819M (83%)       3566 / 1              0 / 0              0 / 0        
[2025-10-14T11:00:23.267+0300][9.373s][info][gc,reloc    ] GC(6) y: Survivor 1          -               410M (5%)         205 / 0              0 / 0              0 / 0        
[2025-10-14T11:00:23.267+0300][9.373s][info][gc,heap     ] GC(6) y: Min Capacity: 8M(0%)
[2025-10-14T11:00:23.267+0300][9.373s][info][gc,heap     ] GC(6) y: Max Capacity: 8192M(100%)
[2025-10-14T11:00:23.267+0300][9.373s][info][gc,heap     ] GC(6) y: Soft Max Capacity: 8192M(100%)
[2025-10-14T11:00:23.267+0300][9.373s][info][gc,heap     ] GC(6) y: Heap Statistics:
[2025-10-14T11:00:23.267+0300][9.373s][info][gc,heap     ] GC(6) y:                Mark Start          Mark End        Relocate Start      Relocate End           High               Low         
[2025-10-14T11:00:23.267+0300][9.373s][info][gc,heap     ] GC(6) y:  Capacity:     7584M (93%)        7606M (93%)        7606M (93%)        7606M (93%)        7606M (93%)        7584M (93%)    
[2025-10-14T11:00:23.267+0300][9.373s][info][gc,heap     ] GC(6) y:      Free:      612M (7%)          588M (7%)         7702M (94%)        7704M (94%)        7704M (94%)         586M (7%)     
[2025-10-14T11:00:23.267+0300][9.373s][info][gc,heap     ] GC(6) y:      Used:     7580M (93%)        7604M (93%)         490M (6%)          488M (6%)         7606M (93%)         488M (6%)     
[2025-10-14T11:00:23.267+0300][9.373s][info][gc,heap     ] GC(6) y: Young Generation Statistics:
[2025-10-14T11:00:23.267+0300][9.373s][info][gc,heap     ] GC(6) y:                Mark Start          Mark End        Relocate Start      Relocate End    
[2025-10-14T11:00:23.267+0300][9.373s][info][gc,heap     ] GC(6) y:      Used:     7542M (92%)        7566M (92%)         452M (6%)          450M (5%)     
[2025-10-14T11:00:23.267+0300][9.373s][info][gc,heap     ] GC(6) y:      Live:         -               312M (4%)          312M (4%)          312M (4%)     
[2025-10-14T11:00:23.267+0300][9.373s][info][gc,heap     ] GC(6) y:   Garbage:         -              7229M (88%)          95M (1%)           92M (1%)     
[2025-10-14T11:00:23.267+0300][9.373s][info][gc,heap     ] GC(6) y: Allocated:         -                24M (0%)           44M (1%)           44M (1%)     
[2025-10-14T11:00:23.267+0300][9.373s][info][gc,heap     ] GC(6) y: Reclaimed:         -                  -              7134M (87%)        7136M (87%)    
[2025-10-14T11:00:23.267+0300][9.373s][info][gc,heap     ] GC(6) y:  Promoted:         -                  -                 0M (0%)            0M (0%)     
[2025-10-14T11:00:23.267+0300][9.373s][info][gc,heap     ] GC(6) y: Compacted:         -                  -                  -                 1M (0%)     
[2025-10-14T11:00:23.267+0300][9.373s][info][gc,phases   ] GC(6) y: Young Generation 7580M(93%)->488M(6%) 0.023s
[2025-10-14T11:00:23.267+0300][9.373s][info][gc          ] GC(6) Minor Collection (Allocation Rate) 7580M(93%)->490M(6%) 0.024s
[2025-10-14T11:00:24.402+0300][10.508s][info][gc          ] GC(7) Major Collection (Proactive)
[2025-10-14T11:00:24.402+0300][10.508s][info][gc,task     ] GC(7) Using 1 Workers for Young Generation
[2025-10-14T11:00:24.402+0300][10.508s][info][gc,task     ] GC(7) Using 1 Workers for Old Generation
[2025-10-14T11:00:24.402+0300][10.508s][info][gc,phases   ] GC(7) Y: Young Generation
[2025-10-14T11:00:24.402+0300][10.508s][info][gc,phases   ] GC(7) Y: Pause Mark Start (Major) 0.008ms
[2025-10-14T11:00:24.406+0300][10.512s][info][gc,phases   ] GC(7) Y: Concurrent Mark 4.110ms
[2025-10-14T11:00:24.406+0300][10.512s][info][gc,phases   ] GC(7) Y: Pause Mark End 0.010ms
[2025-10-14T11:00:24.406+0300][10.512s][info][gc,phases   ] GC(7) Y: Concurrent Mark Free 0.001ms
[2025-10-14T11:00:24.406+0300][10.512s][info][gc,phases   ] GC(7) Y: Concurrent Reset Relocation Set 0.001ms
[2025-10-14T11:00:24.408+0300][10.513s][info][gc,reloc    ] GC(7) Y: Using tenuring threshold: 1 (Computed)
[2025-10-14T11:00:24.408+0300][10.514s][info][gc,phases   ] GC(7) Y: Concurrent Select Relocation Set 1.283ms
[2025-10-14T11:00:24.408+0300][10.514s][info][gc,phases   ] GC(7) Y: Pause Relocate Start 0.003ms
[2025-10-14T11:00:24.408+0300][10.514s][info][gc,phases   ] GC(7) Y: Concurrent Relocate 0.268ms
[2025-10-14T11:00:24.408+0300][10.514s][info][gc,alloc    ] GC(7) Y:                         Mark Start        Mark End      Relocate Start    Relocate End   
[2025-10-14T11:00:24.408+0300][10.514s][info][gc,alloc    ] GC(7) Y: Allocation Stalls:          0                0                0                0         
[2025-10-14T11:00:24.408+0300][10.514s][info][gc,load     ] GC(7) Y: Load: 20.47 (205%) / 15.50 (155%) / 13.85 (138%)
[2025-10-14T11:00:24.408+0300][10.514s][info][gc,mmu      ] GC(7) Y: MMU: 2ms/91.4%, 5ms/96.6%, 10ms/98.3%, 20ms/99.1%, 50ms/99.6%, 100ms/99.8%
[2025-10-14T11:00:24.408+0300][10.514s][info][gc,marking  ] GC(7) Y: Mark: 1 stripe(s), 2 proactive flush(es), 1 terminate flush(es), 0 completion(s), 0 continuation(s) 
[2025-10-14T11:00:24.408+0300][10.514s][info][gc,nmethod  ] GC(7) Y: NMethods: 897 registered, 60 unregistered
[2025-10-14T11:00:24.408+0300][10.514s][info][gc,metaspace] GC(7) Y: Metaspace: 3M used, 3M committed, 1088M reserved
[2025-10-14T11:00:24.408+0300][10.514s][info][gc,reloc    ] GC(7) Y:                        Candidates     Selected     In-Place         Size        Empty    Relocated 
[2025-10-14T11:00:24.408+0300][10.514s][info][gc,reloc    ] GC(7) Y: Small Pages:                 1989            4            0        3978M        3562M           2M 
[2025-10-14T11:00:24.408+0300][10.514s][info][gc,reloc    ] GC(7) Y: Medium Pages:                   0            0            0           0M           0M           0M 
[2025-10-14T11:00:24.408+0300][10.514s][info][gc,reloc    ] GC(7) Y: Large Pages:                    0            0            0           0M           0M           0M 
[2025-10-14T11:00:24.408+0300][10.514s][info][gc,reloc    ] GC(7) Y: Forwarding Usage: 0M
[2025-10-14T11:00:24.408+0300][10.514s][info][gc,reloc    ] GC(7) Y: Age Table:
[2025-10-14T11:00:24.408+0300][10.514s][info][gc,reloc    ] GC(7) Y:                    Live             Garbage             Small              Medium             Large        
[2025-10-14T11:00:24.408+0300][10.514s][info][gc,reloc    ] GC(7) Y: Eden             312M (4%)         3259M (40%)       1786 / 4              0 / 0              0 / 0        
[2025-10-14T11:00:24.408+0300][10.514s][info][gc,reloc    ] GC(7) Y: Survivor 1          -               406M (5%)         203 / 0              0 / 0              0 / 0        
[2025-10-14T11:00:24.408+0300][10.514s][info][gc,heap     ] GC(7) Y: Min Capacity: 8M(0%)
[2025-10-14T11:00:24.408+0300][10.514s][info][gc,heap     ] GC(7) Y: Max Capacity: 8192M(100%)
[2025-10-14T11:00:24.408+0300][10.514s][info][gc,heap     ] GC(7) Y: Soft Max Capacity: 8192M(100%)
[2025-10-14T11:00:24.408+0300][10.514s][info][gc,heap     ] GC(7) Y: Heap Statistics:
[2025-10-14T11:00:24.408+0300][10.514s][info][gc,heap     ] GC(7) Y:                Mark Start          Mark End        Relocate Start      Relocate End           High               Low         
[2025-10-14T11:00:24.408+0300][10.514s][info][gc,heap     ] GC(7) Y:  Capacity:     7606M (93%)        7606M (93%)        7606M (93%)        7606M (93%)        7606M (93%)        7606M (93%)    
[2025-10-14T11:00:24.408+0300][10.514s][info][gc,heap     ] GC(7) Y:      Free:     4176M (51%)        4170M (51%)        7728M (94%)        7736M (94%)        7736M (94%)        4170M (51%)    
[2025-10-14T11:00:24.408+0300][10.514s][info][gc,heap     ] GC(7) Y:      Used:     4016M (49%)        4022M (49%)         464M (6%)          456M (6%)         4022M (49%)         456M (6%)     
[2025-10-14T11:00:24.408+0300][10.514s][info][gc,heap     ] GC(7) Y: Young Generation Statistics:
[2025-10-14T11:00:24.408+0300][10.514s][info][gc,heap     ] GC(7) Y:                Mark Start          Mark End        Relocate Start      Relocate End    
[2025-10-14T11:00:24.408+0300][10.514s][info][gc,heap     ] GC(7) Y:      Used:     3978M (49%)        3984M (49%)         426M (5%)          418M (5%)     
[2025-10-14T11:00:24.408+0300][10.514s][info][gc,heap     ] GC(7) Y:      Live:         -               312M (4%)          312M (4%)          312M (4%)     
[2025-10-14T11:00:24.408+0300][10.514s][info][gc,heap     ] GC(7) Y:   Garbage:         -              3665M (45%)         103M (1%)           94M (1%)     
[2025-10-14T11:00:24.408+0300][10.514s][info][gc,heap     ] GC(7) Y: Allocated:         -                 6M (0%)           10M (0%)           10M (0%)     
[2025-10-14T11:00:24.408+0300][10.514s][info][gc,heap     ] GC(7) Y: Reclaimed:         -                  -              3562M (43%)        3570M (44%)    
[2025-10-14T11:00:24.408+0300][10.514s][info][gc,heap     ] GC(7) Y:  Promoted:         -                  -                 0M (0%)            0M (0%)     
[2025-10-14T11:00:24.408+0300][10.514s][info][gc,heap     ] GC(7) Y: Compacted:         -                  -                  -                 3M (0%)     
[2025-10-14T11:00:24.408+0300][10.514s][info][gc,phases   ] GC(7) Y: Young Generation 4016M(49%)->456M(6%) 0.006s
[2025-10-14T11:00:24.408+0300][10.514s][info][gc,phases   ] GC(7) O: Old Generation
[2025-10-14T11:00:24.412+0300][10.518s][info][gc,phases   ] GC(7) O: Concurrent Mark 3.283ms
[2025-10-14T11:00:24.412+0300][10.518s][info][gc,phases   ] GC(7) O: Pause Mark End 0.010ms
[2025-10-14T11:00:24.412+0300][10.518s][info][gc,phases   ] GC(7) O: Concurrent Mark Free 0.000ms
[2025-10-14T11:00:24.417+0300][10.523s][info][gc,phases   ] GC(7) O: Concurrent Process Non-Strong 5.527ms
[2025-10-14T11:00:24.418+0300][10.523s][info][gc,phases   ] GC(7) O: Concurrent Reset Relocation Set 0.001ms
[2025-10-14T11:00:24.418+0300][10.523s][info][gc,phases   ] GC(7) O: Concurrent Select Relocation Set 0.071ms
[2025-10-14T11:00:24.418+0300][10.523s][info][gc,task     ] GC(7) O: Using 2 Workers for Old Generation
[2025-10-14T11:00:24.418+0300][10.524s][info][gc,task     ] GC(7) O: Using 1 Workers for Old Generation
[2025-10-14T11:00:24.418+0300][10.524s][info][gc,phases   ] GC(7) O: Concurrent Remap Roots 0.488ms
[2025-10-14T11:00:24.418+0300][10.524s][info][gc,phases   ] GC(7) O: Pause Relocate Start 0.009ms
[2025-10-14T11:00:24.419+0300][10.525s][info][gc,phases   ] GC(7) O: Concurrent Relocate 0.697ms
[2025-10-14T11:00:24.419+0300][10.525s][info][gc,alloc    ] GC(7) O:                         Mark Start        Mark End      Relocate Start    Relocate End   
[2025-10-14T11:00:24.419+0300][10.525s][info][gc,alloc    ] GC(7) O: Allocation Stalls:          0                0                0                0         
[2025-10-14T11:00:24.419+0300][10.525s][info][gc,load     ] GC(7) O: Load: 20.47 (205%) / 15.50 (155%) / 13.85 (138%)
[2025-10-14T11:00:24.419+0300][10.525s][info][gc,mmu      ] GC(7) O: MMU: 2ms/91.4%, 5ms/96.6%, 10ms/98.3%, 20ms/99.1%, 50ms/99.6%, 100ms/99.8%
[2025-10-14T11:00:24.419+0300][10.525s][info][gc,marking  ] GC(7) O: Mark: 1 stripe(s), 2 proactive flush(es), 1 terminate flush(es), 0 completion(s), 0 continuation(s) 
[2025-10-14T11:00:24.419+0300][10.525s][info][gc,nmethod  ] GC(7) O: NMethods: 891 registered, 67 unregistered
[2025-10-14T11:00:24.419+0300][10.525s][info][gc,metaspace] GC(7) O: Metaspace: 3M used, 3M committed, 1088M reserved
[2025-10-14T11:00:24.419+0300][10.525s][info][gc,ref      ] GC(7) O:                       Encountered   Discovered     Enqueued 
[2025-10-14T11:00:24.419+0300][10.525s][info][gc,ref      ] GC(7) O: Soft References:              289            0            0 
[2025-10-14T11:00:24.419+0300][10.525s][info][gc,ref      ] GC(7) O: Weak References:              676          440          123 
[2025-10-14T11:00:24.419+0300][10.525s][info][gc,ref      ] GC(7) O: Final References:               0            0            0 
[2025-10-14T11:00:24.419+0300][10.525s][info][gc,ref      ] GC(7) O: Phantom References:            53           53            0 
[2025-10-14T11:00:24.419+0300][10.525s][info][gc,reloc    ] GC(7) O:                        Candidates     Selected     In-Place         Size        Empty    Relocated 
[2025-10-14T11:00:24.419+0300][10.525s][info][gc,reloc    ] GC(7) O: Small Pages:                    3            1            0           6M           0M           0M 
[2025-10-14T11:00:24.419+0300][10.525s][info][gc,reloc    ] GC(7) O: Medium Pages:                   1            0            0          32M           0M           0M 
[2025-10-14T11:00:24.419+0300][10.525s][info][gc,reloc    ] GC(7) O: Large Pages:                    0            0            0           0M           0M           0M 
[2025-10-14T11:00:24.419+0300][10.525s][info][gc,reloc    ] GC(7) O: Forwarding Usage: 0M
[2025-10-14T11:00:24.419+0300][10.525s][info][gc,heap     ] GC(7) O: Min Capacity: 8M(0%)
[2025-10-14T11:00:24.419+0300][10.525s][info][gc,heap     ] GC(7) O: Max Capacity: 8192M(100%)
[2025-10-14T11:00:24.419+0300][10.525s][info][gc,heap     ] GC(7) O: Soft Max Capacity: 8192M(100%)
[2025-10-14T11:00:24.419+0300][10.525s][info][gc,heap     ] GC(7) O: Heap Statistics:
[2025-10-14T11:00:24.419+0300][10.525s][info][gc,heap     ] GC(7) O:                Mark Start          Mark End        Relocate Start      Relocate End           High               Low         
[2025-10-14T11:00:24.419+0300][10.525s][info][gc,heap     ] GC(7) O:  Capacity:     7606M (93%)        7606M (93%)        7606M (93%)        7606M (93%)        7606M (93%)        7606M (93%)    
[2025-10-14T11:00:24.419+0300][10.525s][info][gc,heap     ] GC(7) O:      Free:     4176M (51%)        7726M (94%)        7712M (94%)        7712M (94%)        7736M (94%)        4170M (51%)    
[2025-10-14T11:00:24.419+0300][10.525s][info][gc,heap     ] GC(7) O:      Used:     4016M (49%)         466M (6%)          480M (6%)          480M (6%)         4022M (49%)         456M (6%)     
[2025-10-14T11:00:24.419+0300][10.525s][info][gc,heap     ] GC(7) O: Old Generation Statistics:
[2025-10-14T11:00:24.419+0300][10.525s][info][gc,heap     ] GC(7) O:                Mark Start          Mark End        Relocate Start      Relocate End    
[2025-10-14T11:00:24.419+0300][10.525s][info][gc,heap     ] GC(7) O:      Used:       38M (0%)           38M (0%)           38M (0%)           38M (0%)     
[2025-10-14T11:00:24.419+0300][10.525s][info][gc,heap     ] GC(7) O:      Live:         -                 3M (0%)            3M (0%)            3M (0%)     
[2025-10-14T11:00:24.419+0300][10.525s][info][gc,heap     ] GC(7) O:   Garbage:         -                34M (0%)           34M (0%)           31M (0%)     
[2025-10-14T11:00:24.419+0300][10.525s][info][gc,heap     ] GC(7) O: Allocated:         -                 0M (0%)            0M (0%)            2M (0%)     
[2025-10-14T11:00:24.419+0300][10.525s][info][gc,heap     ] GC(7) O: Reclaimed:         -                  -                 0M (0%)            2M (0%)     
[2025-10-14T11:00:24.419+0300][10.525s][info][gc,heap     ] GC(7) O: Compacted:         -                  -                  -                 1M (0%)     
[2025-10-14T11:00:24.419+0300][10.525s][info][gc,phases   ] GC(7) O: Old Generation 458M(6%)->480M(6%) 0.011s
[2025-10-14T11:00:24.419+0300][10.525s][info][gc          ] GC(7) Major Collection (Proactive) 4016M(49%)->482M(6%) 0.018s
[2025-10-14T11:00:27.786+0300][13.892s][info][gc          ] GC(8) Minor Collection (Allocation Rate)
[2025-10-14T11:00:27.787+0300][13.892s][info][gc,task     ] GC(8) Using 1 Workers for Young Generation
[2025-10-14T11:00:27.787+0300][13.892s][info][gc,phases   ] GC(8) y: Young Generation
[2025-10-14T11:00:27.787+0300][13.892s][info][gc,phases   ] GC(8) y: Pause Mark Start 0.021ms
[2025-10-14T11:00:27.800+0300][13.906s][info][gc,phases   ] GC(8) y: Concurrent Mark 13.153ms
[2025-10-14T11:00:27.800+0300][13.906s][info][gc,phases   ] GC(8) y: Pause Mark End 0.011ms
[2025-10-14T11:00:27.800+0300][13.906s][info][gc,phases   ] GC(8) y: Concurrent Mark Free 0.000ms
[2025-10-14T11:00:27.800+0300][13.906s][info][gc,phases   ] GC(8) y: Concurrent Reset Relocation Set 0.010ms
[2025-10-14T11:00:27.811+0300][13.917s][info][gc,reloc    ] GC(8) y: Using tenuring threshold: 2 (Computed)
[2025-10-14T11:00:27.811+0300][13.917s][info][gc,phases   ] GC(8) y: Concurrent Select Relocation Set 11.169ms
[2025-10-14T11:00:27.811+0300][13.917s][info][gc,phases   ] GC(8) y: Pause Relocate Start 0.007ms
[2025-10-14T11:00:27.812+0300][13.918s][info][gc,phases   ] GC(8) y: Concurrent Relocate 0.531ms
[2025-10-14T11:00:27.812+0300][13.918s][info][gc,alloc    ] GC(8) y:                         Mark Start        Mark End      Relocate Start    Relocate End   
[2025-10-14T11:00:27.812+0300][13.918s][info][gc,alloc    ] GC(8) y: Allocation Stalls:          0                0                0                0         
[2025-10-14T11:00:27.812+0300][13.918s][info][gc,load     ] GC(8) y: Load: 19.55 (195%) / 15.39 (154%) / 13.82 (138%)
[2025-10-14T11:00:27.812+0300][13.918s][info][gc,mmu      ] GC(8) y: MMU: 2ms/91.4%, 5ms/96.6%, 10ms/98.3%, 20ms/99.1%, 50ms/99.6%, 100ms/99.8%
[2025-10-14T11:00:27.812+0300][13.918s][info][gc,marking  ] GC(8) y: Mark: 1 stripe(s), 2 proactive flush(es), 1 terminate flush(es), 0 completion(s), 0 continuation(s) 
[2025-10-14T11:00:27.812+0300][13.918s][info][gc,nmethod  ] GC(8) y: NMethods: 891 registered, 67 unregistered
[2025-10-14T11:00:27.812+0300][13.918s][info][gc,metaspace] GC(8) y: Metaspace: 3M used, 3M committed, 1088M reserved
[2025-10-14T11:00:27.812+0300][13.918s][info][gc,reloc    ] GC(8) y:                        Candidates     Selected     In-Place         Size        Empty    Relocated 
[2025-10-14T11:00:27.812+0300][13.918s][info][gc,reloc    ] GC(8) y: Small Pages:                 3865            4            0        7730M        7316M           1M 
[2025-10-14T11:00:27.812+0300][13.918s][info][gc,reloc    ] GC(8) y: Medium Pages:                   0            0            0           0M           0M           0M 
[2025-10-14T11:00:27.812+0300][13.918s][info][gc,reloc    ] GC(8) y: Large Pages:                    0            0            0           0M           0M           0M 
[2025-10-14T11:00:27.812+0300][13.918s][info][gc,reloc    ] GC(8) y: Forwarding Usage: 0M
[2025-10-14T11:00:27.812+0300][13.918s][info][gc,reloc    ] GC(8) y: Age Table:
[2025-10-14T11:00:27.812+0300][13.918s][info][gc,reloc    ] GC(8) y:                    Live             Garbage             Small              Medium             Large        
[2025-10-14T11:00:27.812+0300][13.918s][info][gc,reloc    ] GC(8) y: Eden             312M (4%)         7009M (86%)       3661 / 3              0 / 0              0 / 0        
[2025-10-14T11:00:27.812+0300][13.918s][info][gc,reloc    ] GC(8) y: Survivor 1         0M (0%)          407M (5%)         204 / 1              0 / 0              0 / 0        
[2025-10-14T11:00:27.812+0300][13.918s][info][gc,heap     ] GC(8) y: Min Capacity: 8M(0%)
[2025-10-14T11:00:27.812+0300][13.918s][info][gc,heap     ] GC(8) y: Max Capacity: 8192M(100%)
[2025-10-14T11:00:27.812+0300][13.918s][info][gc,heap     ] GC(8) y: Soft Max Capacity: 8192M(100%)
[2025-10-14T11:00:27.812+0300][13.918s][info][gc,heap     ] GC(8) y: Heap Statistics:
[2025-10-14T11:00:27.812+0300][13.918s][info][gc,heap     ] GC(8) y:                Mark Start          Mark End        Relocate Start      Relocate End           High               Low         
[2025-10-14T11:00:27.812+0300][13.918s][info][gc,heap     ] GC(8) y:  Capacity:     7770M (95%)        7804M (95%)        7806M (95%)        7806M (95%)        7806M (95%)        7770M (95%)    
[2025-10-14T11:00:27.812+0300][13.918s][info][gc,heap     ] GC(8) y:      Free:      424M (5%)          388M (5%)         7686M (94%)        7688M (94%)        7688M (94%)         386M (5%)     
[2025-10-14T11:00:27.812+0300][13.918s][info][gc,heap     ] GC(8) y:      Used:     7768M (95%)        7804M (95%)         506M (6%)          504M (6%)         7806M (95%)         504M (6%)     
[2025-10-14T11:00:27.812+0300][13.918s][info][gc,heap     ] GC(8) y: Young Generation Statistics:
[2025-10-14T11:00:27.812+0300][13.918s][info][gc,heap     ] GC(8) y:                Mark Start          Mark End        Relocate Start      Relocate End    
[2025-10-14T11:00:27.812+0300][13.918s][info][gc,heap     ] GC(8) y:      Used:     7730M (94%)        7766M (95%)         468M (6%)          466M (6%)     
[2025-10-14T11:00:27.812+0300][13.918s][info][gc,heap     ] GC(8) y:      Live:         -               312M (4%)          312M (4%)          312M (4%)     
[2025-10-14T11:00:27.812+0300][13.918s][info][gc,heap     ] GC(8) y:   Garbage:         -              7417M (91%)         101M (1%)           92M (1%)     
[2025-10-14T11:00:27.812+0300][13.918s][info][gc,heap     ] GC(8) y: Allocated:         -                36M (0%)           54M (1%)           60M (1%)     
[2025-10-14T11:00:27.812+0300][13.918s][info][gc,heap     ] GC(8) y: Reclaimed:         -                  -              7316M (89%)        7324M (89%)    
[2025-10-14T11:00:27.812+0300][13.918s][info][gc,heap     ] GC(8) y:  Promoted:         -                  -                 0M (0%)            0M (0%)     
[2025-10-14T11:00:27.812+0300][13.918s][info][gc,heap     ] GC(8) y: Compacted:         -                  -                  -                 3M (0%)     
[2025-10-14T11:00:27.812+0300][13.918s][info][gc,phases   ] GC(8) y: Young Generation 7768M(95%)->504M(6%) 0.025s
[2025-10-14T11:00:27.812+0300][13.918s][info][gc          ] GC(8) Minor Collection (Allocation Rate) 7770M(95%)->506M(6%) 0.026s
[2025-10-14T11:00:28.074+0300][14.180s][info][gc          ] GC(9) Major Collection (Proactive)
[2025-10-14T11:00:28.074+0300][14.180s][info][gc,task     ] GC(9) Using 1 Workers for Young Generation
[2025-10-14T11:00:28.074+0300][14.180s][info][gc,task     ] GC(9) Using 1 Workers for Old Generation
[2025-10-14T11:00:28.074+0300][14.180s][info][gc,phases   ] GC(9) Y: Young Generation
[2025-10-14T11:00:28.075+0300][14.180s][info][gc,phases   ] GC(9) Y: Pause Mark Start (Major) 0.011ms
[2025-10-14T11:00:28.081+0300][14.186s][info][gc,phases   ] GC(9) Y: Concurrent Mark 5.890ms
[2025-10-14T11:00:28.081+0300][14.186s][info][gc,phases   ] GC(9) Y: Pause Mark End 0.014ms
[2025-10-14T11:00:28.081+0300][14.186s][info][gc,phases   ] GC(9) Y: Concurrent Mark Free 0.001ms
[2025-10-14T11:00:28.081+0300][14.186s][info][gc,phases   ] GC(9) Y: Concurrent Reset Relocation Set 0.001ms
[2025-10-14T11:00:28.081+0300][14.187s][info][gc,reloc    ] GC(9) Y: Using tenuring threshold: 3 (Computed)
[2025-10-14T11:00:28.081+0300][14.187s][info][gc,phases   ] GC(9) Y: Concurrent Select Relocation Set 0.643ms
[2025-10-14T11:00:28.081+0300][14.187s][info][gc,phases   ] GC(9) Y: Pause Relocate Start 0.007ms
[2025-10-14T11:00:28.082+0300][14.187s][info][gc,phases   ] GC(9) Y: Concurrent Relocate 0.175ms
[2025-10-14T11:00:28.082+0300][14.187s][info][gc,alloc    ] GC(9) Y:                         Mark Start        Mark End      Relocate Start    Relocate End   
[2025-10-14T11:00:28.082+0300][14.187s][info][gc,alloc    ] GC(9) Y: Allocation Stalls:          0                0                0                0         
[2025-10-14T11:00:28.082+0300][14.187s][info][gc,load     ] GC(9) Y: Load: 19.55 (195%) / 15.39 (154%) / 13.82 (138%)
[2025-10-14T11:00:28.082+0300][14.188s][info][gc,mmu      ] GC(9) Y: MMU: 2ms/91.4%, 5ms/96.6%, 10ms/98.3%, 20ms/99.1%, 50ms/99.6%, 100ms/99.8%
[2025-10-14T11:00:28.082+0300][14.188s][info][gc,marking  ] GC(9) Y: Mark: 1 stripe(s), 2 proactive flush(es), 1 terminate flush(es), 0 completion(s), 0 continuation(s) 
[2025-10-14T11:00:28.082+0300][14.188s][info][gc,nmethod  ] GC(9) Y: NMethods: 891 registered, 67 unregistered
[2025-10-14T11:00:28.082+0300][14.188s][info][gc,metaspace] GC(9) Y: Metaspace: 3M used, 3M committed, 1088M reserved
[2025-10-14T11:00:28.082+0300][14.188s][info][gc,reloc    ] GC(9) Y:                        Candidates     Selected     In-Place         Size        Empty    Relocated 
[2025-10-14T11:00:28.082+0300][14.188s][info][gc,reloc    ] GC(9) Y: Small Pages:                  641            4            0        1282M         868M           1M 
[2025-10-14T11:00:28.082+0300][14.188s][info][gc,reloc    ] GC(9) Y: Medium Pages:                   0            0            0           0M           0M           0M 
[2025-10-14T11:00:28.082+0300][14.188s][info][gc,reloc    ] GC(9) Y: Large Pages:                    0            0            0           0M           0M           0M 
[2025-10-14T11:00:28.082+0300][14.188s][info][gc,reloc    ] GC(9) Y: Forwarding Usage: 0M
[2025-10-14T11:00:28.082+0300][14.188s][info][gc,reloc    ] GC(9) Y: Age Table:
[2025-10-14T11:00:28.082+0300][14.188s][info][gc,reloc    ] GC(9) Y:                    Live             Garbage             Small              Medium             Large        
[2025-10-14T11:00:28.082+0300][14.188s][info][gc,reloc    ] GC(9) Y: Eden             312M (4%)          557M (7%)         435 / 3              0 / 0              0 / 0        
[2025-10-14T11:00:28.082+0300][14.188s][info][gc,reloc    ] GC(9) Y: Survivor 1          -               408M (5%)         204 / 0              0 / 0              0 / 0        
[2025-10-14T11:00:28.082+0300][14.188s][info][gc,reloc    ] GC(9) Y: Survivor 2         0M (0%)            3M (0%)           2 / 1              0 / 0              0 / 0        
[2025-10-14T11:00:28.082+0300][14.188s][info][gc,heap     ] GC(9) Y: Min Capacity: 8M(0%)
[2025-10-14T11:00:28.082+0300][14.188s][info][gc,heap     ] GC(9) Y: Max Capacity: 8192M(100%)
[2025-10-14T11:00:28.082+0300][14.188s][info][gc,heap     ] GC(9) Y: Soft Max Capacity: 8192M(100%)
[2025-10-14T11:00:28.082+0300][14.188s][info][gc,heap     ] GC(9) Y: Heap Statistics:
[2025-10-14T11:00:28.082+0300][14.188s][info][gc,heap     ] GC(9) Y:                Mark Start          Mark End        Relocate Start      Relocate End           High               Low         
[2025-10-14T11:00:28.082+0300][14.188s][info][gc,heap     ] GC(9) Y:  Capacity:     7806M (95%)        7806M (95%)        7806M (95%)        7806M (95%)        7806M (95%)        7806M (95%)    
[2025-10-14T11:00:28.082+0300][14.188s][info][gc,heap     ] GC(9) Y:      Free:     6872M (84%)        6852M (84%)        7718M (94%)        7722M (94%)        7722M (94%)        6852M (84%)    
[2025-10-14T11:00:28.082+0300][14.188s][info][gc,heap     ] GC(9) Y:      Used:     1320M (16%)        1340M (16%)         474M (6%)          470M (6%)         1340M (16%)         470M (6%)     
[2025-10-14T11:00:28.082+0300][14.188s][info][gc,heap     ] GC(9) Y: Young Generation Statistics:
[2025-10-14T11:00:28.082+0300][14.188s][info][gc,heap     ] GC(9) Y:                Mark Start          Mark End        Relocate Start      Relocate End    
[2025-10-14T11:00:28.082+0300][14.188s][info][gc,heap     ] GC(9) Y:      Used:     1282M (16%)        1302M (16%)         436M (5%)          432M (5%)     
[2025-10-14T11:00:28.082+0300][14.188s][info][gc,heap     ] GC(9) Y:      Live:         -               312M (4%)          312M (4%)          312M (4%)     
[2025-10-14T11:00:28.082+0300][14.188s][info][gc,heap     ] GC(9) Y:   Garbage:         -               969M (12%)         101M (1%)           92M (1%)     
[2025-10-14T11:00:28.082+0300][14.188s][info][gc,heap     ] GC(9) Y: Allocated:         -                20M (0%)           22M (0%)           26M (0%)     
[2025-10-14T11:00:28.082+0300][14.188s][info][gc,heap     ] GC(9) Y: Reclaimed:         -                  -               868M (11%)         876M (11%)    
[2025-10-14T11:00:28.082+0300][14.188s][info][gc,heap     ] GC(9) Y:  Promoted:         -                  -                 0M (0%)            0M (0%)     
[2025-10-14T11:00:28.082+0300][14.188s][info][gc,heap     ] GC(9) Y: Compacted:         -                  -                  -                 3M (0%)     
[2025-10-14T11:00:28.082+0300][14.188s][info][gc,phases   ] GC(9) Y: Young Generation 1320M(16%)->470M(6%) 0.007s
[2025-10-14T11:00:28.082+0300][14.188s][info][gc,phases   ] GC(9) O: Old Generation
[2025-10-14T11:00:28.086+0300][14.192s][info][gc,phases   ] GC(9) O: Concurrent Mark 3.792ms
[2025-10-14T11:00:28.086+0300][14.192s][info][gc,phases   ] GC(9) O: Pause Mark End 0.011ms
[2025-10-14T11:00:28.086+0300][14.192s][info][gc,phases   ] GC(9) O: Concurrent Mark Free 0.001ms
[2025-10-14T11:00:28.088+0300][14.194s][info][gc,phases   ] GC(9) O: Concurrent Process Non-Strong 1.744ms
[2025-10-14T11:00:28.088+0300][14.194s][info][gc,phases   ] GC(9) O: Concurrent Reset Relocation Set 0.001ms
[2025-10-14T11:00:28.088+0300][14.194s][info][gc,phases   ] GC(9) O: Concurrent Select Relocation Set 0.060ms
[2025-10-14T11:00:28.088+0300][14.194s][info][gc,task     ] GC(9) O: Using 2 Workers for Old Generation
[2025-10-14T11:00:28.088+0300][14.194s][info][gc,task     ] GC(9) O: Using 1 Workers for Old Generation
[2025-10-14T11:00:28.088+0300][14.194s][info][gc,phases   ] GC(9) O: Concurrent Remap Roots 0.639ms
[2025-10-14T11:00:28.089+0300][14.194s][info][gc,phases   ] GC(9) O: Pause Relocate Start 0.007ms
[2025-10-14T11:00:28.090+0300][14.196s][info][gc,phases   ] GC(9) O: Concurrent Relocate 1.753ms
[2025-10-14T11:00:28.090+0300][14.196s][info][gc,alloc    ] GC(9) O:                         Mark Start        Mark End      Relocate Start    Relocate End   
[2025-10-14T11:00:28.090+0300][14.196s][info][gc,alloc    ] GC(9) O: Allocation Stalls:          0                0                0                0         
[2025-10-14T11:00:28.090+0300][14.196s][info][gc,load     ] GC(9) O: Load: 19.55 (195%) / 15.39 (154%) / 13.82 (138%)
[2025-10-14T11:00:28.090+0300][14.196s][info][gc,mmu      ] GC(9) O: MMU: 2ms/91.4%, 5ms/96.6%, 10ms/98.3%, 20ms/99.1%, 50ms/99.6%, 100ms/99.8%
[2025-10-14T11:00:28.091+0300][14.196s][info][gc,marking  ] GC(9) O: Mark: 1 stripe(s), 2 proactive flush(es), 1 terminate flush(es), 0 completion(s), 0 continuation(s) 
[2025-10-14T11:00:28.091+0300][14.196s][info][gc,nmethod  ] GC(9) O: NMethods: 891 registered, 67 unregistered
[2025-10-14T11:00:28.091+0300][14.196s][info][gc,metaspace] GC(9) O: Metaspace: 3M used, 3M committed, 1088M reserved
[2025-10-14T11:00:28.091+0300][14.196s][info][gc,ref      ] GC(9) O:                       Encountered   Discovered     Enqueued 
[2025-10-14T11:00:28.091+0300][14.196s][info][gc,ref      ] GC(9) O: Soft References:              289            0            0 
[2025-10-14T11:00:28.091+0300][14.196s][info][gc,ref      ] GC(9) O: Weak References:              553          317            0 
[2025-10-14T11:00:28.091+0300][14.196s][info][gc,ref      ] GC(9) O: Final References:               0            0            0 
[2025-10-14T11:00:28.091+0300][14.196s][info][gc,ref      ] GC(9) O: Phantom References:            53           53            0 
[2025-10-14T11:00:28.091+0300][14.196s][info][gc,reloc    ] GC(9) O:                        Candidates     Selected     In-Place         Size        Empty    Relocated 
[2025-10-14T11:00:28.091+0300][14.196s][info][gc,reloc    ] GC(9) O: Small Pages:                    3            1            0           6M           0M           1M 
[2025-10-14T11:00:28.091+0300][14.196s][info][gc,reloc    ] GC(9) O: Medium Pages:                   1            0            0          32M           0M           0M 
[2025-10-14T11:00:28.091+0300][14.196s][info][gc,reloc    ] GC(9) O: Large Pages:                    0            0            0           0M           0M           0M 
[2025-10-14T11:00:28.091+0300][14.196s][info][gc,reloc    ] GC(9) O: Forwarding Usage: 0M
[2025-10-14T11:00:28.091+0300][14.196s][info][gc,heap     ] GC(9) O: Min Capacity: 8M(0%)
[2025-10-14T11:00:28.091+0300][14.196s][info][gc,heap     ] GC(9) O: Max Capacity: 8192M(100%)
[2025-10-14T11:00:28.091+0300][14.196s][info][gc,heap     ] GC(9) O: Soft Max Capacity: 8192M(100%)
[2025-10-14T11:00:28.091+0300][14.196s][info][gc,heap     ] GC(9) O: Heap Statistics:
[2025-10-14T11:00:28.091+0300][14.196s][info][gc,heap     ] GC(9) O:                Mark Start          Mark End        Relocate Start      Relocate End           High               Low         
[2025-10-14T11:00:28.091+0300][14.196s][info][gc,heap     ] GC(9) O:  Capacity:     7806M (95%)        7806M (95%)        7806M (95%)        7806M (95%)        7806M (95%)        7806M (95%)    
[2025-10-14T11:00:28.091+0300][14.196s][info][gc,heap     ] GC(9) O:      Free:     6872M (84%)        7708M (94%)        7702M (94%)        7696M (94%)        7722M (94%)        6852M (84%)    
[2025-10-14T11:00:28.091+0300][14.196s][info][gc,heap     ] GC(9) O:      Used:     1320M (16%)         484M (6%)          490M (6%)          496M (6%)         1340M (16%)         470M (6%)     
[2025-10-14T11:00:28.091+0300][14.197s][info][gc,heap     ] GC(9) O: Old Generation Statistics:
[2025-10-14T11:00:28.091+0300][14.197s][info][gc,heap     ] GC(9) O:                Mark Start          Mark End        Relocate Start      Relocate End    
[2025-10-14T11:00:28.091+0300][14.197s][info][gc,heap     ] GC(9) O:      Used:       38M (0%)           38M (0%)           38M (0%)           38M (0%)     
[2025-10-14T11:00:28.091+0300][14.197s][info][gc,heap     ] GC(9) O:      Live:         -                 3M (0%)            3M (0%)            3M (0%)     
[2025-10-14T11:00:28.091+0300][14.197s][info][gc,heap     ] GC(9) O:   Garbage:         -                34M (0%)           34M (0%)           31M (0%)     
[2025-10-14T11:00:28.091+0300][14.197s][info][gc,heap     ] GC(9) O: Allocated:         -                 0M (0%)            0M (0%)            2M (0%)     
[2025-10-14T11:00:28.091+0300][14.197s][info][gc,heap     ] GC(9) O: Reclaimed:         -                  -                 0M (0%)            2M (0%)     
[2025-10-14T11:00:28.091+0300][14.197s][info][gc,heap     ] GC(9) O: Compacted:         -                  -                  -                 1M (0%)     
[2025-10-14T11:00:28.091+0300][14.197s][info][gc,phases   ] GC(9) O: Old Generation 472M(6%)->496M(6%) 0.008s
[2025-10-14T11:00:28.091+0300][14.197s][info][gc          ] GC(9) Major Collection (Proactive) 1320M(16%)->496M(6%) 0.016s
[2025-10-14T11:00:31.011+0300][17.117s][info][gc          ] GC(10) Major Collection (Proactive)
[2025-10-14T11:00:31.011+0300][17.117s][info][gc,task     ] GC(10) Using 1 Workers for Young Generation
[2025-10-14T11:00:31.011+0300][17.117s][info][gc,task     ] GC(10) Using 1 Workers for Old Generation
[2025-10-14T11:00:31.011+0300][17.117s][info][gc,phases   ] GC(10) Y: Young Generation
[2025-10-14T11:00:31.011+0300][17.117s][info][gc,phases   ] GC(10) Y: Pause Mark Start (Major) 0.013ms
[2025-10-14T11:00:31.020+0300][17.125s][info][gc,phases   ] GC(10) Y: Concurrent Mark 8.475ms
[2025-10-14T11:00:31.020+0300][17.125s][info][gc,phases   ] GC(10) Y: Pause Mark End 0.012ms
[2025-10-14T11:00:31.020+0300][17.125s][info][gc,phases   ] GC(10) Y: Concurrent Mark Free 0.001ms
[2025-10-14T11:00:31.020+0300][17.125s][info][gc,phases   ] GC(10) Y: Concurrent Reset Relocation Set 0.008ms
[2025-10-14T11:00:31.025+0300][17.131s][info][gc,reloc    ] GC(10) Y: Using tenuring threshold: 4 (Computed)
[2025-10-14T11:00:31.025+0300][17.131s][info][gc,phases   ] GC(10) Y: Concurrent Select Relocation Set 5.775ms
[2025-10-14T11:00:31.026+0300][17.131s][info][gc,phases   ] GC(10) Y: Pause Relocate Start 0.009ms
[2025-10-14T11:00:31.026+0300][17.132s][info][gc,phases   ] GC(10) Y: Concurrent Relocate 0.386ms
[2025-10-14T11:00:31.026+0300][17.132s][info][gc,alloc    ] GC(10) Y:                         Mark Start        Mark End      Relocate Start    Relocate End   
[2025-10-14T11:00:31.026+0300][17.132s][info][gc,alloc    ] GC(10) Y: Allocation Stalls:          0                0                0                0         
[2025-10-14T11:00:31.026+0300][17.132s][info][gc,load     ] GC(10) Y: Load: 19.55 (195%) / 15.39 (154%) / 13.82 (138%)
[2025-10-14T11:00:31.026+0300][17.132s][info][gc,mmu      ] GC(10) Y: MMU: 2ms/91.4%, 5ms/96.6%, 10ms/98.3%, 20ms/99.1%, 50ms/99.6%, 100ms/99.8%
[2025-10-14T11:00:31.026+0300][17.132s][info][gc,marking  ] GC(10) Y: Mark: 1 stripe(s), 2 proactive flush(es), 1 terminate flush(es), 0 completion(s), 0 continuation(s) 
[2025-10-14T11:00:31.026+0300][17.132s][info][gc,nmethod  ] GC(10) Y: NMethods: 891 registered, 67 unregistered
[2025-10-14T11:00:31.026+0300][17.132s][info][gc,metaspace] GC(10) Y: Metaspace: 3M used, 3M committed, 1088M reserved
[2025-10-14T11:00:31.026+0300][17.132s][info][gc,reloc    ] GC(10) Y:                        Candidates     Selected     In-Place         Size        Empty    Relocated 
[2025-10-14T11:00:31.026+0300][17.132s][info][gc,reloc    ] GC(10) Y: Small Pages:                 2347            3            0        4694M        4282M           1M 
[2025-10-14T11:00:31.026+0300][17.132s][info][gc,reloc    ] GC(10) Y: Medium Pages:                   0            0            0           0M           0M           0M 
[2025-10-14T11:00:31.026+0300][17.132s][info][gc,reloc    ] GC(10) Y: Large Pages:                    0            0            0           0M           0M           0M 
[2025-10-14T11:00:31.026+0300][17.132s][info][gc,reloc    ] GC(10) Y: Forwarding Usage: 0M
[2025-10-14T11:00:31.026+0300][17.132s][info][gc,reloc    ] GC(10) Y: Age Table:
[2025-10-14T11:00:31.026+0300][17.132s][info][gc,reloc    ] GC(10) Y:                    Live             Garbage             Small              Medium             Large        
[2025-10-14T11:00:31.026+0300][17.132s][info][gc,reloc    ] GC(10) Y: Eden             312M (4%)         3971M (48%)       2142 / 2              0 / 0              0 / 0        
[2025-10-14T11:00:31.026+0300][17.132s][info][gc,reloc    ] GC(10) Y: Survivor 1          -               406M (5%)         203 / 0              0 / 0              0 / 0        
[2025-10-14T11:00:31.026+0300][17.132s][info][gc,reloc    ] GC(10) Y: Survivor 2          -                 0M (0%)           0 / 0              0 / 0              0 / 0        
[2025-10-14T11:00:31.026+0300][17.132s][info][gc,reloc    ] GC(10) Y: Survivor 3         0M (0%)            3M (0%)           2 / 1              0 / 0              0 / 0        
[2025-10-14T11:00:31.026+0300][17.132s][info][gc,heap     ] GC(10) Y: Min Capacity: 8M(0%)
[2025-10-14T11:00:31.026+0300][17.132s][info][gc,heap     ] GC(10) Y: Max Capacity: 8192M(100%)
[2025-10-14T11:00:31.026+0300][17.132s][info][gc,heap     ] GC(10) Y: Soft Max Capacity: 8192M(100%)
[2025-10-14T11:00:31.026+0300][17.132s][info][gc,heap     ] GC(10) Y: Heap Statistics:
[2025-10-14T11:00:31.026+0300][17.132s][info][gc,heap     ] GC(10) Y:                Mark Start          Mark End        Relocate Start      Relocate End           High               Low         
[2025-10-14T11:00:31.026+0300][17.132s][info][gc,heap     ] GC(10) Y:  Capacity:     7806M (95%)        7806M (95%)        7806M (95%)        7806M (95%)        7806M (95%)        7806M (95%)    
[2025-10-14T11:00:31.026+0300][17.132s][info][gc,heap     ] GC(10) Y:      Free:     3460M (42%)        3450M (42%)        7726M (94%)        7724M (94%)        7726M (94%)        3450M (42%)    
[2025-10-14T11:00:31.026+0300][17.132s][info][gc,heap     ] GC(10) Y:      Used:     4732M (58%)        4742M (58%)         466M (6%)          468M (6%)         4742M (58%)         466M (6%)     
[2025-10-14T11:00:31.026+0300][17.132s][info][gc,heap     ] GC(10) Y: Young Generation Statistics:
[2025-10-14T11:00:31.026+0300][17.132s][info][gc,heap     ] GC(10) Y:                Mark Start          Mark End        Relocate Start      Relocate End    
[2025-10-14T11:00:31.026+0300][17.132s][info][gc,heap     ] GC(10) Y:      Used:     4694M (57%)        4704M (57%)         428M (5%)          430M (5%)     
[2025-10-14T11:00:31.026+0300][17.132s][info][gc,heap     ] GC(10) Y:      Live:         -               312M (4%)          312M (4%)          312M (4%)     
[2025-10-14T11:00:31.026+0300][17.132s][info][gc,heap     ] GC(10) Y:   Garbage:         -              4381M (53%)          99M (1%)           92M (1%)     
[2025-10-14T11:00:31.026+0300][17.132s][info][gc,heap     ] GC(10) Y: Allocated:         -                10M (0%)           16M (0%)           24M (0%)     
[2025-10-14T11:00:31.026+0300][17.132s][info][gc,heap     ] GC(10) Y: Reclaimed:         -                  -              4282M (52%)        4288M (52%)    
[2025-10-14T11:00:31.026+0300][17.132s][info][gc,heap     ] GC(10) Y:  Promoted:         -                  -                 0M (0%)            0M (0%)     
[2025-10-14T11:00:31.026+0300][17.132s][info][gc,heap     ] GC(10) Y: Compacted:         -                  -                  -                 1M (0%)     
[2025-10-14T11:00:31.026+0300][17.132s][info][gc,phases   ] GC(10) Y: Young Generation 4732M(58%)->468M(6%) 0.015s
[2025-10-14T11:00:31.026+0300][17.132s][info][gc,phases   ] GC(10) O: Old Generation
[2025-10-14T11:00:31.030+0300][17.136s][info][gc,phases   ] GC(10) O: Concurrent Mark 3.793ms
[2025-10-14T11:00:31.030+0300][17.136s][info][gc,phases   ] GC(10) O: Pause Mark End 0.010ms
[2025-10-14T11:00:31.030+0300][17.136s][info][gc,phases   ] GC(10) O: Concurrent Mark Free 0.000ms
[2025-10-14T11:00:31.032+0300][17.138s][info][gc,phases   ] GC(10) O: Concurrent Process Non-Strong 1.531ms
[2025-10-14T11:00:31.032+0300][17.138s][info][gc,phases   ] GC(10) O: Concurrent Reset Relocation Set 0.001ms
[2025-10-14T11:00:31.032+0300][17.138s][info][gc,phases   ] GC(10) O: Concurrent Select Relocation Set 0.057ms
[2025-10-14T11:00:31.032+0300][17.138s][info][gc,task     ] GC(10) O: Using 2 Workers for Old Generation
[2025-10-14T11:00:31.032+0300][17.138s][info][gc,task     ] GC(10) O: Using 1 Workers for Old Generation
[2025-10-14T11:00:31.032+0300][17.138s][info][gc,phases   ] GC(10) O: Concurrent Remap Roots 0.486ms
[2025-10-14T11:00:31.033+0300][17.138s][info][gc,phases   ] GC(10) O: Pause Relocate Start 0.010ms
[2025-10-14T11:00:31.033+0300][17.139s][info][gc,phases   ] GC(10) O: Concurrent Relocate 0.693ms
[2025-10-14T11:00:31.033+0300][17.139s][info][gc,alloc    ] GC(10) O:                         Mark Start        Mark End      Relocate Start    Relocate End   
[2025-10-14T11:00:31.033+0300][17.139s][info][gc,alloc    ] GC(10) O: Allocation Stalls:          0                0                0                0         
[2025-10-14T11:00:31.033+0300][17.139s][info][gc,load     ] GC(10) O: Load: 19.55 (195%) / 15.39 (154%) / 13.82 (138%)
[2025-10-14T11:00:31.033+0300][17.139s][info][gc,mmu      ] GC(10) O: MMU: 2ms/91.4%, 5ms/96.6%, 10ms/98.3%, 20ms/99.1%, 50ms/99.6%, 100ms/99.8%
[2025-10-14T11:00:31.033+0300][17.139s][info][gc,marking  ] GC(10) O: Mark: 1 stripe(s), 2 proactive flush(es), 1 terminate flush(es), 0 completion(s), 0 continuation(s) 
[2025-10-14T11:00:31.033+0300][17.139s][info][gc,nmethod  ] GC(10) O: NMethods: 891 registered, 67 unregistered
[2025-10-14T11:00:31.033+0300][17.139s][info][gc,metaspace] GC(10) O: Metaspace: 3M used, 3M committed, 1088M reserved
[2025-10-14T11:00:31.033+0300][17.139s][info][gc,ref      ] GC(10) O:                       Encountered   Discovered     Enqueued 
[2025-10-14T11:00:31.033+0300][17.139s][info][gc,ref      ] GC(10) O: Soft References:              289            0            0 
[2025-10-14T11:00:31.033+0300][17.139s][info][gc,ref      ] GC(10) O: Weak References:              553          317            0 
[2025-10-14T11:00:31.033+0300][17.139s][info][gc,ref      ] GC(10) O: Final References:               0            0            0 
[2025-10-14T11:00:31.033+0300][17.139s][info][gc,ref      ] GC(10) O: Phantom References:            53           53            0 
[2025-10-14T11:00:31.033+0300][17.139s][info][gc,reloc    ] GC(10) O:                        Candidates     Selected     In-Place         Size        Empty    Relocated 
[2025-10-14T11:00:31.033+0300][17.139s][info][gc,reloc    ] GC(10) O: Small Pages:                    3            1            0           6M           0M           0M 
[2025-10-14T11:00:31.033+0300][17.139s][info][gc,reloc    ] GC(10) O: Medium Pages:                   1            0            0          32M           0M           0M 
[2025-10-14T11:00:31.033+0300][17.139s][info][gc,reloc    ] GC(10) O: Large Pages:                    0            0            0           0M           0M           0M 
[2025-10-14T11:00:31.033+0300][17.139s][info][gc,reloc    ] GC(10) O: Forwarding Usage: 0M
[2025-10-14T11:00:31.033+0300][17.139s][info][gc,heap     ] GC(10) O: Min Capacity: 8M(0%)
[2025-10-14T11:00:31.033+0300][17.139s][info][gc,heap     ] GC(10) O: Max Capacity: 8192M(100%)
[2025-10-14T11:00:31.033+0300][17.139s][info][gc,heap     ] GC(10) O: Soft Max Capacity: 8192M(100%)
[2025-10-14T11:00:31.033+0300][17.139s][info][gc,heap     ] GC(10) O: Heap Statistics:
[2025-10-14T11:00:31.033+0300][17.139s][info][gc,heap     ] GC(10) O:                Mark Start          Mark End        Relocate Start      Relocate End           High               Low         
[2025-10-14T11:00:31.034+0300][17.139s][info][gc,heap     ] GC(10) O:  Capacity:     7806M (95%)        7806M (95%)        7806M (95%)        7806M (95%)        7806M (95%)        7806M (95%)    
[2025-10-14T11:00:31.034+0300][17.139s][info][gc,heap     ] GC(10) O:      Free:     3460M (42%)        7710M (94%)        7704M (94%)        7702M (94%)        7726M (94%)        3450M (42%)    
[2025-10-14T11:00:31.034+0300][17.139s][info][gc,heap     ] GC(10) O:      Used:     4732M (58%)         482M (6%)          488M (6%)          490M (6%)         4742M (58%)         466M (6%)     
[2025-10-14T11:00:31.034+0300][17.139s][info][gc,heap     ] GC(10) O: Old Generation Statistics:
[2025-10-14T11:00:31.034+0300][17.139s][info][gc,heap     ] GC(10) O:                Mark Start          Mark End        Relocate Start      Relocate End    
[2025-10-14T11:00:31.034+0300][17.139s][info][gc,heap     ] GC(10) O:      Used:       38M (0%)           38M (0%)           38M (0%)           38M (0%)     
[2025-10-14T11:00:31.034+0300][17.139s][info][gc,heap     ] GC(10) O:      Live:         -                 3M (0%)            3M (0%)            3M (0%)     
[2025-10-14T11:00:31.034+0300][17.139s][info][gc,heap     ] GC(10) O:   Garbage:         -                34M (0%)           34M (0%)           31M (0%)     
[2025-10-14T11:00:31.034+0300][17.139s][info][gc,heap     ] GC(10) O: Allocated:         -                 0M (0%)            0M (0%)            2M (0%)     
[2025-10-14T11:00:31.034+0300][17.139s][info][gc,heap     ] GC(10) O: Reclaimed:         -                  -                 0M (0%)            2M (0%)     
[2025-10-14T11:00:31.034+0300][17.139s][info][gc,heap     ] GC(10) O: Compacted:         -                  -                  -                 1M (0%)     
[2025-10-14T11:00:31.034+0300][17.139s][info][gc,phases   ] GC(10) O: Old Generation 470M(6%)->490M(6%) 0.007s
[2025-10-14T11:00:31.034+0300][17.139s][info][gc          ] GC(10) Major Collection (Proactive) 4732M(58%)->492M(6%) 0.023s
[2025-10-14T11:00:33.238+0300][19.343s][info][gc          ] GC(11) Major Collection (Proactive)
[2025-10-14T11:00:33.238+0300][19.343s][info][gc,task     ] GC(11) Using 1 Workers for Young Generation
[2025-10-14T11:00:33.238+0300][19.343s][info][gc,task     ] GC(11) Using 1 Workers for Old Generation
[2025-10-14T11:00:33.238+0300][19.343s][info][gc,phases   ] GC(11) Y: Young Generation
[2025-10-14T11:00:33.238+0300][19.344s][info][gc,phases   ] GC(11) Y: Pause Mark Start (Major) 0.009ms
[2025-10-14T11:00:33.244+0300][19.350s][info][gc,phases   ] GC(11) Y: Concurrent Mark 6.459ms
[2025-10-14T11:00:33.244+0300][19.350s][info][gc,phases   ] GC(11) Y: Pause Mark End 0.011ms
[2025-10-14T11:00:33.244+0300][19.350s][info][gc,phases   ] GC(11) Y: Concurrent Mark Free 0.000ms
[2025-10-14T11:00:33.245+0300][19.350s][info][gc,phases   ] GC(11) Y: Concurrent Reset Relocation Set 0.001ms
[2025-10-14T11:00:33.245+0300][19.351s][info][gc,reloc    ] GC(11) Y: Using tenuring threshold: 5 (Computed)
[2025-10-14T11:00:33.246+0300][19.351s][info][gc,phases   ] GC(11) Y: Concurrent Select Relocation Set 1.044ms
[2025-10-14T11:00:33.246+0300][19.351s][info][gc,phases   ] GC(11) Y: Pause Relocate Start 0.003ms
[2025-10-14T11:00:33.246+0300][19.352s][info][gc,phases   ] GC(11) Y: Concurrent Relocate 0.588ms
[2025-10-14T11:00:33.246+0300][19.352s][info][gc,alloc    ] GC(11) Y:                         Mark Start        Mark End      Relocate Start    Relocate End   
[2025-10-14T11:00:33.246+0300][19.352s][info][gc,alloc    ] GC(11) Y: Allocation Stalls:          0                0                0                0         
[2025-10-14T11:00:33.246+0300][19.352s][info][gc,load     ] GC(11) Y: Load: 18.62 (186%) / 15.26 (153%) / 13.78 (138%)
[2025-10-14T11:00:33.246+0300][19.352s][info][gc,mmu      ] GC(11) Y: MMU: 2ms/91.4%, 5ms/96.6%, 10ms/98.3%, 20ms/99.1%, 50ms/99.6%, 100ms/99.8%
[2025-10-14T11:00:33.246+0300][19.352s][info][gc,marking  ] GC(11) Y: Mark: 1 stripe(s), 2 proactive flush(es), 1 terminate flush(es), 0 completion(s), 0 continuation(s) 
[2025-10-14T11:00:33.246+0300][19.352s][info][gc,nmethod  ] GC(11) Y: NMethods: 891 registered, 67 unregistered
[2025-10-14T11:00:33.246+0300][19.352s][info][gc,metaspace] GC(11) Y: Metaspace: 3M used, 3M committed, 1088M reserved
[2025-10-14T11:00:33.246+0300][19.352s][info][gc,reloc    ] GC(11) Y:                        Candidates     Selected     In-Place         Size        Empty    Relocated 
[2025-10-14T11:00:33.246+0300][19.352s][info][gc,reloc    ] GC(11) Y: Small Pages:                 2964            4            0        5928M        5516M           2M 
[2025-10-14T11:00:33.246+0300][19.352s][info][gc,reloc    ] GC(11) Y: Medium Pages:                   0            0            0           0M           0M           0M 
[2025-10-14T11:00:33.246+0300][19.352s][info][gc,reloc    ] GC(11) Y: Large Pages:                    0            0            0           0M           0M           0M 
[2025-10-14T11:00:33.246+0300][19.352s][info][gc,reloc    ] GC(11) Y: Forwarding Usage: 0M
[2025-10-14T11:00:33.246+0300][19.352s][info][gc,reloc    ] GC(11) Y: Age Table:
[2025-10-14T11:00:33.246+0300][19.352s][info][gc,reloc    ] GC(11) Y:                    Live             Garbage             Small              Medium             Large        
[2025-10-14T11:00:33.247+0300][19.352s][info][gc,reloc    ] GC(11) Y: Eden             312M (4%)         5203M (64%)       2758 / 3              0 / 0              0 / 0        
[2025-10-14T11:00:33.247+0300][19.352s][info][gc,reloc    ] GC(11) Y: Survivor 1          -               408M (5%)         204 / 0              0 / 0              0 / 0        
[2025-10-14T11:00:33.247+0300][19.352s][info][gc,reloc    ] GC(11) Y: Survivor 2          -                 0M (0%)           0 / 0              0 / 0              0 / 0        
[2025-10-14T11:00:33.247+0300][19.352s][info][gc,reloc    ] GC(11) Y: Survivor 3          -                 0M (0%)           0 / 0              0 / 0              0 / 0        
[2025-10-14T11:00:33.247+0300][19.352s][info][gc,reloc    ] GC(11) Y: Survivor 4         0M (0%)            3M (0%)           2 / 1              0 / 0              0 / 0        
[2025-10-14T11:00:33.247+0300][19.352s][info][gc,heap     ] GC(11) Y: Min Capacity: 8M(0%)
[2025-10-14T11:00:33.247+0300][19.352s][info][gc,heap     ] GC(11) Y: Max Capacity: 8192M(100%)
[2025-10-14T11:00:33.247+0300][19.352s][info][gc,heap     ] GC(11) Y: Soft Max Capacity: 8192M(100%)
[2025-10-14T11:00:33.247+0300][19.352s][info][gc,heap     ] GC(11) Y: Heap Statistics:
[2025-10-14T11:00:33.247+0300][19.352s][info][gc,heap     ] GC(11) Y:                Mark Start          Mark End        Relocate Start      Relocate End           High               Low         
[2025-10-14T11:00:33.247+0300][19.352s][info][gc,heap     ] GC(11) Y:  Capacity:     7806M (95%)        7806M (95%)        7806M (95%)        7806M (95%)        7806M (95%)        7806M (95%)    
[2025-10-14T11:00:33.247+0300][19.352s][info][gc,heap     ] GC(11) Y:      Free:     2226M (27%)        2218M (27%)        7730M (94%)        7734M (94%)        7734M (94%)        2218M (27%)    
[2025-10-14T11:00:33.247+0300][19.352s][info][gc,heap     ] GC(11) Y:      Used:     5966M (73%)        5974M (73%)         462M (6%)          458M (6%)         5974M (73%)         458M (6%)     
[2025-10-14T11:00:33.247+0300][19.352s][info][gc,heap     ] GC(11) Y: Young Generation Statistics:
[2025-10-14T11:00:33.247+0300][19.353s][info][gc,heap     ] GC(11) Y:                Mark Start          Mark End        Relocate Start      Relocate End    
[2025-10-14T11:00:33.247+0300][19.353s][info][gc,heap     ] GC(11) Y:      Used:     5928M (72%)        5936M (72%)         424M (5%)          420M (5%)     
[2025-10-14T11:00:33.247+0300][19.353s][info][gc,heap     ] GC(11) Y:      Live:         -               312M (4%)          312M (4%)          312M (4%)     
[2025-10-14T11:00:33.247+0300][19.353s][info][gc,heap     ] GC(11) Y:   Garbage:         -              5615M (69%)          99M (1%)           90M (1%)     
[2025-10-14T11:00:33.247+0300][19.353s][info][gc,heap     ] GC(11) Y: Allocated:         -                 8M (0%)           12M (0%)           16M (0%)     
[2025-10-14T11:00:33.247+0300][19.353s][info][gc,heap     ] GC(11) Y: Reclaimed:         -                  -              5516M (67%)        5524M (67%)    
[2025-10-14T11:00:33.247+0300][19.353s][info][gc,heap     ] GC(11) Y:  Promoted:         -                  -                 0M (0%)            0M (0%)     
[2025-10-14T11:00:33.247+0300][19.353s][info][gc,heap     ] GC(11) Y: Compacted:         -                  -                  -                 5M (0%)     
[2025-10-14T11:00:33.247+0300][19.353s][info][gc,phases   ] GC(11) Y: Young Generation 5966M(73%)->458M(6%) 0.009s
[2025-10-14T11:00:33.247+0300][19.353s][info][gc,phases   ] GC(11) O: Old Generation
[2025-10-14T11:00:33.251+0300][19.356s][info][gc,phases   ] GC(11) O: Concurrent Mark 3.687ms
[2025-10-14T11:00:33.251+0300][19.356s][info][gc,phases   ] GC(11) O: Pause Mark End 0.010ms
[2025-10-14T11:00:33.251+0300][19.356s][info][gc,phases   ] GC(11) O: Concurrent Mark Free 0.000ms
[2025-10-14T11:00:33.252+0300][19.358s][info][gc,phases   ] GC(11) O: Concurrent Process Non-Strong 1.430ms
[2025-10-14T11:00:33.252+0300][19.358s][info][gc,phases   ] GC(11) O: Concurrent Reset Relocation Set 0.001ms
[2025-10-14T11:00:33.252+0300][19.358s][info][gc,phases   ] GC(11) O: Concurrent Select Relocation Set 0.049ms
[2025-10-14T11:00:33.252+0300][19.358s][info][gc,task     ] GC(11) O: Using 2 Workers for Old Generation
[2025-10-14T11:00:33.253+0300][19.359s][info][gc,task     ] GC(11) O: Using 1 Workers for Old Generation
[2025-10-14T11:00:33.253+0300][19.359s][info][gc,phases   ] GC(11) O: Concurrent Remap Roots 0.613ms
[2025-10-14T11:00:33.253+0300][19.359s][info][gc,phases   ] GC(11) O: Pause Relocate Start 0.004ms
[2025-10-14T11:00:33.254+0300][19.359s][info][gc,phases   ] GC(11) O: Concurrent Relocate 0.605ms
[2025-10-14T11:00:33.254+0300][19.359s][info][gc,alloc    ] GC(11) O:                         Mark Start        Mark End      Relocate Start    Relocate End   
[2025-10-14T11:00:33.254+0300][19.359s][info][gc,alloc    ] GC(11) O: Allocation Stalls:          0                0                0                0         
[2025-10-14T11:00:33.254+0300][19.359s][info][gc,load     ] GC(11) O: Load: 18.62 (186%) / 15.26 (153%) / 13.78 (138%)
[2025-10-14T11:00:33.254+0300][19.359s][info][gc,mmu      ] GC(11) O: MMU: 2ms/91.4%, 5ms/96.6%, 10ms/98.3%, 20ms/99.1%, 50ms/99.6%, 100ms/99.8%
[2025-10-14T11:00:33.254+0300][19.359s][info][gc,marking  ] GC(11) O: Mark: 1 stripe(s), 2 proactive flush(es), 1 terminate flush(es), 0 completion(s), 0 continuation(s) 
[2025-10-14T11:00:33.254+0300][19.359s][info][gc,nmethod  ] GC(11) O: NMethods: 891 registered, 67 unregistered
[2025-10-14T11:00:33.254+0300][19.359s][info][gc,metaspace] GC(11) O: Metaspace: 3M used, 3M committed, 1088M reserved
[2025-10-14T11:00:33.254+0300][19.359s][info][gc,ref      ] GC(11) O:                       Encountered   Discovered     Enqueued 
[2025-10-14T11:00:33.254+0300][19.359s][info][gc,ref      ] GC(11) O: Soft References:              289            0            0 
[2025-10-14T11:00:33.254+0300][19.359s][info][gc,ref      ] GC(11) O: Weak References:              553          317            0 
[2025-10-14T11:00:33.254+0300][19.359s][info][gc,ref      ] GC(11) O: Final References:               0            0            0 
[2025-10-14T11:00:33.254+0300][19.359s][info][gc,ref      ] GC(11) O: Phantom References:            53           53            0 
[2025-10-14T11:00:33.254+0300][19.359s][info][gc,reloc    ] GC(11) O:                        Candidates     Selected     In-Place         Size        Empty    Relocated 
[2025-10-14T11:00:33.254+0300][19.359s][info][gc,reloc    ] GC(11) O: Small Pages:                    3            1            0           6M           0M           0M 
[2025-10-14T11:00:33.254+0300][19.360s][info][gc,reloc    ] GC(11) O: Medium Pages:                   1            0            0          32M           0M           0M 
[2025-10-14T11:00:33.254+0300][19.360s][info][gc,reloc    ] GC(11) O: Large Pages:                    0            0            0           0M           0M           0M 
[2025-10-14T11:00:33.254+0300][19.360s][info][gc,reloc    ] GC(11) O: Forwarding Usage: 0M
[2025-10-14T11:00:33.254+0300][19.360s][info][gc,heap     ] GC(11) O: Min Capacity: 8M(0%)
[2025-10-14T11:00:33.254+0300][19.360s][info][gc,heap     ] GC(11) O: Max Capacity: 8192M(100%)
[2025-10-14T11:00:33.254+0300][19.360s][info][gc,heap     ] GC(11) O: Soft Max Capacity: 8192M(100%)
[2025-10-14T11:00:33.254+0300][19.360s][info][gc,heap     ] GC(11) O: Heap Statistics:
[2025-10-14T11:00:33.254+0300][19.360s][info][gc,heap     ] GC(11) O:                Mark Start          Mark End        Relocate Start      Relocate End           High               Low         
[2025-10-14T11:00:33.254+0300][19.360s][info][gc,heap     ] GC(11) O:  Capacity:     7806M (95%)        7806M (95%)        7806M (95%)        7806M (95%)        7806M (95%)        7806M (95%)    
[2025-10-14T11:00:33.254+0300][19.360s][info][gc,heap     ] GC(11) O:      Free:     2226M (27%)        7716M (94%)        7708M (94%)        7706M (94%)        7734M (94%)        2218M (27%)    
[2025-10-14T11:00:33.254+0300][19.360s][info][gc,heap     ] GC(11) O:      Used:     5966M (73%)         476M (6%)          484M (6%)          486M (6%)         5974M (73%)         458M (6%)     
[2025-10-14T11:00:33.254+0300][19.360s][info][gc,heap     ] GC(11) O: Old Generation Statistics:
[2025-10-14T11:00:33.254+0300][19.360s][info][gc,heap     ] GC(11) O:                Mark Start          Mark End        Relocate Start      Relocate End    
[2025-10-14T11:00:33.254+0300][19.360s][info][gc,heap     ] GC(11) O:      Used:       38M (0%)           38M (0%)           38M (0%)           38M (0%)     
[2025-10-14T11:00:33.254+0300][19.360s][info][gc,heap     ] GC(11) O:      Live:         -                 3M (0%)            3M (0%)            3M (0%)     
[2025-10-14T11:00:33.254+0300][19.360s][info][gc,heap     ] GC(11) O:   Garbage:         -                34M (0%)           34M (0%)           31M (0%)     
[2025-10-14T11:00:33.254+0300][19.360s][info][gc,heap     ] GC(11) O: Allocated:         -                 0M (0%)            0M (0%)            2M (0%)     
[2025-10-14T11:00:33.254+0300][19.360s][info][gc,heap     ] GC(11) O: Reclaimed:         -                  -                 0M (0%)            2M (0%)     
[2025-10-14T11:00:33.254+0300][19.360s][info][gc,heap     ] GC(11) O: Compacted:         -                  -                  -                 1M (0%)     
[2025-10-14T11:00:33.254+0300][19.360s][info][gc,phases   ] GC(11) O: Old Generation 462M(6%)->486M(6%) 0.007s
[2025-10-14T11:00:33.254+0300][19.360s][info][gc          ] GC(11) Major Collection (Proactive) 5966M(73%)->486M(6%) 0.016s
[2025-10-14T11:00:34.917+0300][21.022s][info][gc          ] GC(12) Major Collection (Proactive)
[2025-10-14T11:00:34.917+0300][21.022s][info][gc,task     ] GC(12) Using 1 Workers for Young Generation
[2025-10-14T11:00:34.917+0300][21.023s][info][gc,task     ] GC(12) Using 1 Workers for Old Generation
[2025-10-14T11:00:34.917+0300][21.023s][info][gc,phases   ] GC(12) Y: Young Generation
[2025-10-14T11:00:34.918+0300][21.023s][info][gc,phases   ] GC(12) Y: Pause Mark Start (Major) 0.033ms
[2025-10-14T11:00:34.925+0300][21.031s][info][gc,phases   ] GC(12) Y: Concurrent Mark 7.481ms
[2025-10-14T11:00:34.926+0300][21.031s][info][gc,phases   ] GC(12) Y: Pause Mark End 0.016ms
[2025-10-14T11:00:34.926+0300][21.031s][info][gc,phases   ] GC(12) Y: Concurrent Mark Free 0.000ms
[2025-10-14T11:00:34.926+0300][21.031s][info][gc,phases   ] GC(12) Y: Concurrent Reset Relocation Set 0.020ms
[2025-10-14T11:00:34.929+0300][21.035s][info][gc,reloc    ] GC(12) Y: Using tenuring threshold: 5 (Computed)
[2025-10-14T11:00:34.930+0300][21.035s][info][gc,phases   ] GC(12) Y: Concurrent Select Relocation Set 3.919ms
[2025-10-14T11:00:34.930+0300][21.035s][info][gc,phases   ] GC(12) Y: Pause Relocate Start 0.007ms
[2025-10-14T11:00:34.931+0300][21.037s][info][gc,phases   ] GC(12) Y: Concurrent Relocate 1.305ms
[2025-10-14T11:00:34.931+0300][21.037s][info][gc,alloc    ] GC(12) Y:                         Mark Start        Mark End      Relocate Start    Relocate End   
[2025-10-14T11:00:34.931+0300][21.037s][info][gc,alloc    ] GC(12) Y: Allocation Stalls:          0                0                0                0         
[2025-10-14T11:00:34.931+0300][21.037s][info][gc,load     ] GC(12) Y: Load: 18.62 (186%) / 15.26 (153%) / 13.78 (138%)
[2025-10-14T11:00:34.931+0300][21.037s][info][gc,mmu      ] GC(12) Y: MMU: 2ms/91.4%, 5ms/96.6%, 10ms/98.3%, 20ms/99.1%, 50ms/99.6%, 100ms/99.8%
[2025-10-14T11:00:34.931+0300][21.037s][info][gc,marking  ] GC(12) Y: Mark: 1 stripe(s), 2 proactive flush(es), 1 terminate flush(es), 0 completion(s), 0 continuation(s) 
[2025-10-14T11:00:34.931+0300][21.037s][info][gc,nmethod  ] GC(12) Y: NMethods: 891 registered, 67 unregistered
[2025-10-14T11:00:34.931+0300][21.037s][info][gc,metaspace] GC(12) Y: Metaspace: 3M used, 3M committed, 1088M reserved
[2025-10-14T11:00:34.931+0300][21.037s][info][gc,reloc    ] GC(12) Y:                        Candidates     Selected     In-Place         Size        Empty    Relocated 
[2025-10-14T11:00:34.931+0300][21.037s][info][gc,reloc    ] GC(12) Y: Small Pages:                 2013            4            0        4026M        3612M           2M 
[2025-10-14T11:00:34.931+0300][21.037s][info][gc,reloc    ] GC(12) Y: Medium Pages:                   0            0            0           0M           0M           0M 
[2025-10-14T11:00:34.931+0300][21.037s][info][gc,reloc    ] GC(12) Y: Large Pages:                    0            0            0           0M           0M           0M 
[2025-10-14T11:00:34.931+0300][21.037s][info][gc,reloc    ] GC(12) Y: Forwarding Usage: 0M
[2025-10-14T11:00:34.931+0300][21.037s][info][gc,reloc    ] GC(12) Y: Age Table:
[2025-10-14T11:00:34.931+0300][21.037s][info][gc,reloc    ] GC(12) Y:                    Live             Garbage             Small              Medium             Large        
[2025-10-14T11:00:34.931+0300][21.037s][info][gc,reloc    ] GC(12) Y: Eden             312M (4%)         3305M (40%)       1809 / 3              0 / 0              0 / 0        
[2025-10-14T11:00:34.931+0300][21.037s][info][gc,reloc    ] GC(12) Y: Survivor 1          -               404M (5%)         202 / 0              0 / 0              0 / 0        
[2025-10-14T11:00:34.931+0300][21.037s][info][gc,reloc    ] GC(12) Y: Survivor 2          -                 0M (0%)           0 / 0              0 / 0              0 / 0        
[2025-10-14T11:00:34.931+0300][21.037s][info][gc,reloc    ] GC(12) Y: Survivor 3          -                 0M (0%)           0 / 0              0 / 0              0 / 0        
[2025-10-14T11:00:34.931+0300][21.037s][info][gc,reloc    ] GC(12) Y: Survivor 4          -                 0M (0%)           0 / 0              0 / 0              0 / 0        
[2025-10-14T11:00:34.931+0300][21.037s][info][gc,reloc    ] GC(12) Y: Survivor 5         0M (0%)            3M (0%)           2 / 1              0 / 0              0 / 0        
[2025-10-14T11:00:34.931+0300][21.037s][info][gc,heap     ] GC(12) Y: Min Capacity: 8M(0%)
[2025-10-14T11:00:34.931+0300][21.037s][info][gc,heap     ] GC(12) Y: Max Capacity: 8192M(100%)
[2025-10-14T11:00:34.931+0300][21.037s][info][gc,heap     ] GC(12) Y: Soft Max Capacity: 8192M(100%)
[2025-10-14T11:00:34.931+0300][21.037s][info][gc,heap     ] GC(12) Y: Heap Statistics:
[2025-10-14T11:00:34.931+0300][21.037s][info][gc,heap     ] GC(12) Y:                Mark Start          Mark End        Relocate Start      Relocate End           High               Low         
[2025-10-14T11:00:34.931+0300][21.037s][info][gc,heap     ] GC(12) Y:  Capacity:     7806M (95%)        7806M (95%)        7806M (95%)        7806M (95%)        7806M (95%)        7806M (95%)    
[2025-10-14T11:00:34.931+0300][21.037s][info][gc,heap     ] GC(12) Y:      Free:     4128M (50%)        4114M (50%)        7720M (94%)        7722M (94%)        7722M (94%)        4114M (50%)    
[2025-10-14T11:00:34.931+0300][21.037s][info][gc,heap     ] GC(12) Y:      Used:     4064M (50%)        4078M (50%)         472M (6%)          470M (6%)         4078M (50%)         470M (6%)     
[2025-10-14T11:00:34.931+0300][21.037s][info][gc,heap     ] GC(12) Y: Young Generation Statistics:
[2025-10-14T11:00:34.931+0300][21.037s][info][gc,heap     ] GC(12) Y:                Mark Start          Mark End        Relocate Start      Relocate End    
[2025-10-14T11:00:34.931+0300][21.037s][info][gc,heap     ] GC(12) Y:      Used:     4026M (49%)        4040M (49%)         434M (5%)          428M (5%)     
[2025-10-14T11:00:34.931+0300][21.037s][info][gc,heap     ] GC(12) Y:      Live:         -               312M (4%)          312M (4%)          312M (4%)     
[2025-10-14T11:00:34.931+0300][21.037s][info][gc,heap     ] GC(12) Y:   Garbage:         -              3713M (45%)         101M (1%)           92M (1%)     
[2025-10-14T11:00:34.931+0300][21.037s][info][gc,heap     ] GC(12) Y: Allocated:         -                14M (0%)           20M (0%)           22M (0%)     
[2025-10-14T11:00:34.931+0300][21.037s][info][gc,heap     ] GC(12) Y: Reclaimed:         -                  -              3612M (44%)        3620M (44%)    
[2025-10-14T11:00:34.931+0300][21.037s][info][gc,heap     ] GC(12) Y:  Promoted:         -                  -                 0M (0%)            0M (0%)     
[2025-10-14T11:00:34.931+0300][21.037s][info][gc,heap     ] GC(12) Y: Compacted:         -                  -                  -                 5M (0%)     
[2025-10-14T11:00:34.931+0300][21.037s][info][gc,phases   ] GC(12) Y: Young Generation 4062M(50%)->470M(6%) 0.014s
[2025-10-14T11:00:34.931+0300][21.037s][info][gc,phases   ] GC(12) O: Old Generation
[2025-10-14T11:00:34.936+0300][21.042s][info][gc,phases   ] GC(12) O: Concurrent Mark 5.077ms
[2025-10-14T11:00:34.937+0300][21.042s][info][gc,phases   ] GC(12) O: Pause Mark End 0.014ms
[2025-10-14T11:00:34.937+0300][21.042s][info][gc,phases   ] GC(12) O: Concurrent Mark Free 0.000ms
[2025-10-14T11:00:34.939+0300][21.044s][info][gc,phases   ] GC(12) O: Concurrent Process Non-Strong 2.069ms
[2025-10-14T11:00:34.939+0300][21.044s][info][gc,phases   ] GC(12) O: Concurrent Reset Relocation Set 0.001ms
[2025-10-14T11:00:34.939+0300][21.045s][info][gc,phases   ] GC(12) O: Concurrent Select Relocation Set 0.072ms
[2025-10-14T11:00:34.939+0300][21.045s][info][gc,task     ] GC(12) O: Using 2 Workers for Old Generation
[2025-10-14T11:00:34.939+0300][21.045s][info][gc,task     ] GC(12) O: Using 1 Workers for Old Generation
[2025-10-14T11:00:34.939+0300][21.045s][info][gc,phases   ] GC(12) O: Concurrent Remap Roots 0.596ms
[2025-10-14T11:00:34.939+0300][21.045s][info][gc,phases   ] GC(12) O: Pause Relocate Start 0.006ms
[2025-10-14T11:00:34.940+0300][21.046s][info][gc,phases   ] GC(12) O: Concurrent Relocate 0.885ms
[2025-10-14T11:00:34.940+0300][21.046s][info][gc,alloc    ] GC(12) O:                         Mark Start        Mark End      Relocate Start    Relocate End   
[2025-10-14T11:00:34.940+0300][21.046s][info][gc,alloc    ] GC(12) O: Allocation Stalls:          0                0                0                0         
[2025-10-14T11:00:34.940+0300][21.046s][info][gc,load     ] GC(12) O: Load: 18.62 (186%) / 15.26 (153%) / 13.78 (138%)
[2025-10-14T11:00:34.940+0300][21.046s][info][gc,mmu      ] GC(12) O: MMU: 2ms/91.4%, 5ms/96.6%, 10ms/98.3%, 20ms/99.1%, 50ms/99.6%, 100ms/99.8%
[2025-10-14T11:00:34.940+0300][21.046s][info][gc,marking  ] GC(12) O: Mark: 1 stripe(s), 2 proactive flush(es), 1 terminate flush(es), 0 completion(s), 0 continuation(s) 
[2025-10-14T11:00:34.940+0300][21.046s][info][gc,nmethod  ] GC(12) O: NMethods: 891 registered, 67 unregistered
[2025-10-14T11:00:34.940+0300][21.046s][info][gc,metaspace] GC(12) O: Metaspace: 3M used, 3M committed, 1088M reserved
[2025-10-14T11:00:34.940+0300][21.046s][info][gc,ref      ] GC(12) O:                       Encountered   Discovered     Enqueued 
[2025-10-14T11:00:34.940+0300][21.046s][info][gc,ref      ] GC(12) O: Soft References:              289            0            0 
[2025-10-14T11:00:34.940+0300][21.046s][info][gc,ref      ] GC(12) O: Weak References:              553          317            0 
[2025-10-14T11:00:34.940+0300][21.046s][info][gc,ref      ] GC(12) O: Final References:               0            0            0 
[2025-10-14T11:00:34.940+0300][21.046s][info][gc,ref      ] GC(12) O: Phantom References:            53           52            0 
[2025-10-14T11:00:34.941+0300][21.046s][info][gc,reloc    ] GC(12) O:                        Candidates     Selected     In-Place         Size        Empty    Relocated 
[2025-10-14T11:00:34.941+0300][21.046s][info][gc,reloc    ] GC(12) O: Small Pages:                    3            1            0           6M           0M           0M 
[2025-10-14T11:00:34.941+0300][21.046s][info][gc,reloc    ] GC(12) O: Medium Pages:                   1            0            0          32M           0M           0M 
[2025-10-14T11:00:34.941+0300][21.046s][info][gc,reloc    ] GC(12) O: Large Pages:                    0            0            0           0M           0M           0M 
[2025-10-14T11:00:34.941+0300][21.046s][info][gc,reloc    ] GC(12) O: Forwarding Usage: 0M
[2025-10-14T11:00:34.941+0300][21.046s][info][gc,heap     ] GC(12) O: Min Capacity: 8M(0%)
[2025-10-14T11:00:34.941+0300][21.046s][info][gc,heap     ] GC(12) O: Max Capacity: 8192M(100%)
[2025-10-14T11:00:34.941+0300][21.046s][info][gc,heap     ] GC(12) O: Soft Max Capacity: 8192M(100%)
[2025-10-14T11:00:34.941+0300][21.046s][info][gc,heap     ] GC(12) O: Heap Statistics:
[2025-10-14T11:00:34.941+0300][21.046s][info][gc,heap     ] GC(12) O:                Mark Start          Mark End        Relocate Start      Relocate End           High               Low         
[2025-10-14T11:00:34.941+0300][21.046s][info][gc,heap     ] GC(12) O:  Capacity:     7806M (95%)        7806M (95%)        7806M (95%)        7806M (95%)        7806M (95%)        7806M (95%)    
[2025-10-14T11:00:34.941+0300][21.046s][info][gc,heap     ] GC(12) O:      Free:     4128M (50%)        7712M (94%)        7708M (94%)        7708M (94%)        7722M (94%)        4114M (50%)    
[2025-10-14T11:00:34.941+0300][21.046s][info][gc,heap     ] GC(12) O:      Used:     4064M (50%)         480M (6%)          484M (6%)          484M (6%)         4078M (50%)         470M (6%)     
[2025-10-14T11:00:34.941+0300][21.046s][info][gc,heap     ] GC(12) O: Old Generation Statistics:
[2025-10-14T11:00:34.941+0300][21.046s][info][gc,heap     ] GC(12) O:                Mark Start          Mark End        Relocate Start      Relocate End    
[2025-10-14T11:00:34.941+0300][21.046s][info][gc,heap     ] GC(12) O:      Used:       38M (0%)           42M (1%)           42M (1%)           40M (0%)     
[2025-10-14T11:00:34.941+0300][21.046s][info][gc,heap     ] GC(12) O:      Live:         -                 3M (0%)            3M (0%)            3M (0%)     
[2025-10-14T11:00:34.941+0300][21.046s][info][gc,heap     ] GC(12) O:   Garbage:         -                34M (0%)           34M (0%)           31M (0%)     
[2025-10-14T11:00:34.941+0300][21.046s][info][gc,heap     ] GC(12) O: Allocated:         -                 4M (0%)            4M (0%)            4M (0%)     
[2025-10-14T11:00:34.941+0300][21.046s][info][gc,heap     ] GC(12) O: Reclaimed:         -                  -                 0M (0%)            2M (0%)     
[2025-10-14T11:00:34.941+0300][21.046s][info][gc,heap     ] GC(12) O: Compacted:         -                  -                  -                 1M (0%)     
[2025-10-14T11:00:34.941+0300][21.046s][info][gc,phases   ] GC(12) O: Old Generation 470M(6%)->484M(6%) 0.009s
[2025-10-14T11:00:34.941+0300][21.046s][info][gc          ] GC(12) Major Collection (Proactive) 4062M(50%)->484M(6%) 0.024s
[2025-10-14T11:00:36.684+0300][22.790s][info][gc          ] GC(13) Major Collection (Proactive)
[2025-10-14T11:00:36.684+0300][22.790s][info][gc,task     ] GC(13) Using 1 Workers for Young Generation
[2025-10-14T11:00:36.684+0300][22.790s][info][gc,task     ] GC(13) Using 1 Workers for Old Generation
[2025-10-14T11:00:36.684+0300][22.790s][info][gc,phases   ] GC(13) Y: Young Generation
[2025-10-14T11:00:36.685+0300][22.790s][info][gc,phases   ] GC(13) Y: Pause Mark Start (Major) 0.006ms
[2025-10-14T11:00:36.693+0300][22.799s][info][gc,phases   ] GC(13) Y: Concurrent Mark 8.781ms
[2025-10-14T11:00:36.693+0300][22.799s][info][gc,phases   ] GC(13) Y: Pause Mark End 0.011ms
[2025-10-14T11:00:36.694+0300][22.799s][info][gc,phases   ] GC(13) Y: Concurrent Mark Free 0.001ms
[2025-10-14T11:00:36.694+0300][22.799s][info][gc,phases   ] GC(13) Y: Concurrent Reset Relocation Set 0.001ms
[2025-10-14T11:00:36.694+0300][22.800s][info][gc,reloc    ] GC(13) Y: Using tenuring threshold: 1 (Computed)
[2025-10-14T11:00:36.694+0300][22.800s][info][gc,phases   ] GC(13) Y: Concurrent Select Relocation Set 0.861ms
[2025-10-14T11:00:36.695+0300][22.800s][info][gc,phases   ] GC(13) Y: Pause Relocate Start 0.004ms
[2025-10-14T11:00:36.695+0300][22.801s][info][gc,phases   ] GC(13) Y: Concurrent Relocate 0.203ms
[2025-10-14T11:00:36.695+0300][22.801s][info][gc,alloc    ] GC(13) Y:                         Mark Start        Mark End      Relocate Start    Relocate End   
[2025-10-14T11:00:36.695+0300][22.801s][info][gc,alloc    ] GC(13) Y: Allocation Stalls:          0                0                0                0         
[2025-10-14T11:00:36.695+0300][22.801s][info][gc,load     ] GC(13) Y: Load: 18.62 (186%) / 15.26 (153%) / 13.78 (138%)
[2025-10-14T11:00:36.695+0300][22.801s][info][gc,mmu      ] GC(13) Y: MMU: 2ms/91.4%, 5ms/96.6%, 10ms/98.3%, 20ms/99.1%, 50ms/99.6%, 100ms/99.8%
[2025-10-14T11:00:36.695+0300][22.801s][info][gc,marking  ] GC(13) Y: Mark: 1 stripe(s), 2 proactive flush(es), 1 terminate flush(es), 0 completion(s), 0 continuation(s) 
[2025-10-14T11:00:36.695+0300][22.801s][info][gc,nmethod  ] GC(13) Y: NMethods: 891 registered, 67 unregistered
[2025-10-14T11:00:36.695+0300][22.801s][info][gc,metaspace] GC(13) Y: Metaspace: 3M used, 3M committed, 1088M reserved
[2025-10-14T11:00:36.695+0300][22.801s][info][gc,reloc    ] GC(13) Y:                        Candidates     Selected     In-Place         Size        Empty    Relocated 
[2025-10-14T11:00:36.695+0300][22.801s][info][gc,reloc    ] GC(13) Y: Small Pages:                 2129            2            0        4258M        3848M           1M 
[2025-10-14T11:00:36.695+0300][22.801s][info][gc,reloc    ] GC(13) Y: Medium Pages:                   0            0            0           0M           0M           0M 
[2025-10-14T11:00:36.695+0300][22.801s][info][gc,reloc    ] GC(13) Y: Large Pages:                    0            0            0           0M           0M           0M 
[2025-10-14T11:00:36.695+0300][22.801s][info][gc,reloc    ] GC(13) Y: Forwarding Usage: 0M
[2025-10-14T11:00:36.695+0300][22.801s][info][gc,reloc    ] GC(13) Y: Age Table:
[2025-10-14T11:00:36.695+0300][22.801s][info][gc,reloc    ] GC(13) Y:                    Live             Garbage             Small              Medium             Large        
[2025-10-14T11:00:36.695+0300][22.801s][info][gc,reloc    ] GC(13) Y: Eden             312M (4%)         3537M (43%)       1925 / 2              0 / 0              0 / 0        
[2025-10-14T11:00:36.695+0300][22.801s][info][gc,reloc    ] GC(13) Y: Survivor 1          -               408M (5%)         204 / 0              0 / 0              0 / 0        
[2025-10-14T11:00:36.695+0300][22.801s][info][gc,heap     ] GC(13) Y: Min Capacity: 8M(0%)
[2025-10-14T11:00:36.695+0300][22.801s][info][gc,heap     ] GC(13) Y: Max Capacity: 8192M(100%)
[2025-10-14T11:00:36.695+0300][22.801s][info][gc,heap     ] GC(13) Y: Soft Max Capacity: 8192M(100%)
[2025-10-14T11:00:36.695+0300][22.801s][info][gc,heap     ] GC(13) Y: Heap Statistics:
[2025-10-14T11:00:36.695+0300][22.801s][info][gc,heap     ] GC(13) Y:                Mark Start          Mark End        Relocate Start      Relocate End           High               Low         
[2025-10-14T11:00:36.695+0300][22.801s][info][gc,heap     ] GC(13) Y:  Capacity:     7806M (95%)        7806M (95%)        7806M (95%)        7806M (95%)        7806M (95%)        7806M (95%)    
[2025-10-14T11:00:36.695+0300][22.801s][info][gc,heap     ] GC(13) Y:      Free:     3894M (48%)        3886M (47%)        7732M (94%)        7734M (94%)        7734M (94%)        3886M (47%)    
[2025-10-14T11:00:36.695+0300][22.801s][info][gc,heap     ] GC(13) Y:      Used:     4298M (52%)        4306M (53%)         460M (6%)          458M (6%)         4306M (53%)         458M (6%)     
[2025-10-14T11:00:36.695+0300][22.801s][info][gc,heap     ] GC(13) Y: Young Generation Statistics:
[2025-10-14T11:00:36.695+0300][22.801s][info][gc,heap     ] GC(13) Y:                Mark Start          Mark End        Relocate Start      Relocate End    
[2025-10-14T11:00:36.695+0300][22.801s][info][gc,heap     ] GC(13) Y:      Used:     4258M (52%)        4266M (52%)         420M (5%)          418M (5%)     
[2025-10-14T11:00:36.695+0300][22.801s][info][gc,heap     ] GC(13) Y:      Live:         -               312M (4%)          312M (4%)          312M (4%)     
[2025-10-14T11:00:36.695+0300][22.801s][info][gc,heap     ] GC(13) Y:   Garbage:         -              3945M (48%)          97M (1%)           92M (1%)     
[2025-10-14T11:00:36.695+0300][22.801s][info][gc,heap     ] GC(13) Y: Allocated:         -                 8M (0%)           10M (0%)           12M (0%)     
[2025-10-14T11:00:36.695+0300][22.801s][info][gc,heap     ] GC(13) Y: Reclaimed:         -                  -              3848M (47%)        3852M (47%)    
[2025-10-14T11:00:36.695+0300][22.801s][info][gc,heap     ] GC(13) Y:  Promoted:         -                  -                 0M (0%)            0M (0%)     
[2025-10-14T11:00:36.695+0300][22.801s][info][gc,heap     ] GC(13) Y: Compacted:         -                  -                  -                 1M (0%)     
[2025-10-14T11:00:36.695+0300][22.801s][info][gc,phases   ] GC(13) Y: Young Generation 4298M(52%)->458M(6%) 0.010s
[2025-10-14T11:00:36.695+0300][22.801s][info][gc,phases   ] GC(13) O: Old Generation
[2025-10-14T11:00:36.699+0300][22.805s][info][gc,phases   ] GC(13) O: Concurrent Mark 3.869ms
[2025-10-14T11:00:36.699+0300][22.805s][info][gc,phases   ] GC(13) O: Pause Mark End 0.011ms
[2025-10-14T11:00:36.699+0300][22.805s][info][gc,phases   ] GC(13) O: Concurrent Mark Free 0.001ms
[2025-10-14T11:00:36.701+0300][22.807s][info][gc,phases   ] GC(13) O: Concurrent Process Non-Strong 1.534ms
[2025-10-14T11:00:36.701+0300][22.807s][info][gc,phases   ] GC(13) O: Concurrent Reset Relocation Set 0.001ms
[2025-10-14T11:00:36.701+0300][22.807s][info][gc,phases   ] GC(13) O: Concurrent Select Relocation Set 0.065ms
[2025-10-14T11:00:36.701+0300][22.807s][info][gc,task     ] GC(13) O: Using 2 Workers for Old Generation
[2025-10-14T11:00:36.701+0300][22.807s][info][gc,task     ] GC(13) O: Using 1 Workers for Old Generation
[2025-10-14T11:00:36.701+0300][22.807s][info][gc,phases   ] GC(13) O: Concurrent Remap Roots 0.551ms
[2025-10-14T11:00:36.701+0300][22.807s][info][gc,phases   ] GC(13) O: Pause Relocate Start 0.007ms
[2025-10-14T11:00:36.702+0300][22.808s][info][gc,phases   ] GC(13) O: Concurrent Relocate 0.728ms
[2025-10-14T11:00:36.702+0300][22.808s][info][gc,alloc    ] GC(13) O:                         Mark Start        Mark End      Relocate Start    Relocate End   
[2025-10-14T11:00:36.702+0300][22.808s][info][gc,alloc    ] GC(13) O: Allocation Stalls:          0                0                0                0         
[2025-10-14T11:00:36.702+0300][22.808s][info][gc,load     ] GC(13) O: Load: 18.62 (186%) / 15.26 (153%) / 13.78 (138%)
[2025-10-14T11:00:36.702+0300][22.808s][info][gc,mmu      ] GC(13) O: MMU: 2ms/91.4%, 5ms/96.6%, 10ms/98.3%, 20ms/99.1%, 50ms/99.6%, 100ms/99.8%
[2025-10-14T11:00:36.702+0300][22.808s][info][gc,marking  ] GC(13) O: Mark: 1 stripe(s), 2 proactive flush(es), 1 terminate flush(es), 0 completion(s), 0 continuation(s) 
[2025-10-14T11:00:36.702+0300][22.808s][info][gc,nmethod  ] GC(13) O: NMethods: 891 registered, 67 unregistered
[2025-10-14T11:00:36.702+0300][22.808s][info][gc,metaspace] GC(13) O: Metaspace: 3M used, 3M committed, 1088M reserved
[2025-10-14T11:00:36.702+0300][22.808s][info][gc,ref      ] GC(13) O:                       Encountered   Discovered     Enqueued 
[2025-10-14T11:00:36.702+0300][22.808s][info][gc,ref      ] GC(13) O: Soft References:              289            0            0 
[2025-10-14T11:00:36.702+0300][22.808s][info][gc,ref      ] GC(13) O: Weak References:              553          504           12 
[2025-10-14T11:00:36.702+0300][22.808s][info][gc,ref      ] GC(13) O: Final References:               0            0            0 
[2025-10-14T11:00:36.702+0300][22.808s][info][gc,ref      ] GC(13) O: Phantom References:            53           52            0 
[2025-10-14T11:00:36.702+0300][22.808s][info][gc,reloc    ] GC(13) O:                        Candidates     Selected     In-Place         Size        Empty    Relocated 
[2025-10-14T11:00:36.702+0300][22.808s][info][gc,reloc    ] GC(13) O: Small Pages:                    4            2            0           8M           0M           1M 
[2025-10-14T11:00:36.702+0300][22.808s][info][gc,reloc    ] GC(13) O: Medium Pages:                   1            0            0          32M           0M           0M 
[2025-10-14T11:00:36.702+0300][22.808s][info][gc,reloc    ] GC(13) O: Large Pages:                    0            0            0           0M           0M           0M 
[2025-10-14T11:00:36.702+0300][22.808s][info][gc,reloc    ] GC(13) O: Forwarding Usage: 0M
[2025-10-14T11:00:36.702+0300][22.808s][info][gc,heap     ] GC(13) O: Min Capacity: 8M(0%)
[2025-10-14T11:00:36.702+0300][22.808s][info][gc,heap     ] GC(13) O: Max Capacity: 8192M(100%)
[2025-10-14T11:00:36.702+0300][22.808s][info][gc,heap     ] GC(13) O: Soft Max Capacity: 8192M(100%)
[2025-10-14T11:00:36.702+0300][22.808s][info][gc,heap     ] GC(13) O: Heap Statistics:
[2025-10-14T11:00:36.702+0300][22.808s][info][gc,heap     ] GC(13) O:                Mark Start          Mark End        Relocate Start      Relocate End           High               Low         
[2025-10-14T11:00:36.702+0300][22.808s][info][gc,heap     ] GC(13) O:  Capacity:     7806M (95%)        7806M (95%)        7806M (95%)        7806M (95%)        7806M (95%)        7806M (95%)    
[2025-10-14T11:00:36.702+0300][22.808s][info][gc,heap     ] GC(13) O:      Free:     3894M (48%)        7720M (94%)        7712M (94%)        7712M (94%)        7734M (94%)        3886M (47%)    
[2025-10-14T11:00:36.702+0300][22.808s][info][gc,heap     ] GC(13) O:      Used:     4298M (52%)         472M (6%)          480M (6%)          480M (6%)         4306M (53%)         458M (6%)     
[2025-10-14T11:00:36.702+0300][22.808s][info][gc,heap     ] GC(13) O: Old Generation Statistics:
[2025-10-14T11:00:36.702+0300][22.808s][info][gc,heap     ] GC(13) O:                Mark Start          Mark End        Relocate Start      Relocate End    
[2025-10-14T11:00:36.703+0300][22.808s][info][gc,heap     ] GC(13) O:      Used:       40M (0%)           40M (0%)           40M (0%)           38M (0%)     
[2025-10-14T11:00:36.703+0300][22.808s][info][gc,heap     ] GC(13) O:      Live:         -                 3M (0%)            3M (0%)            3M (0%)     
[2025-10-14T11:00:36.703+0300][22.808s][info][gc,heap     ] GC(13) O:   Garbage:         -                36M (0%)           36M (0%)           31M (0%)     
[2025-10-14T11:00:36.703+0300][22.808s][info][gc,heap     ] GC(13) O: Allocated:         -                 0M (0%)            0M (0%)            2M (0%)     
[2025-10-14T11:00:36.703+0300][22.808s][info][gc,heap     ] GC(13) O: Reclaimed:         -                  -                 0M (0%)            4M (0%)     
[2025-10-14T11:00:36.703+0300][22.808s][info][gc,heap     ] GC(13) O: Compacted:         -                  -                  -                 1M (0%)     
[2025-10-14T11:00:36.703+0300][22.808s][info][gc,phases   ] GC(13) O: Old Generation 460M(6%)->480M(6%) 0.007s
[2025-10-14T11:00:36.703+0300][22.808s][info][gc          ] GC(13) Major Collection (Proactive) 4296M(52%)->480M(6%) 0.018s
[2025-10-14T11:00:38.187+0300][24.293s][info][gc          ] GC(14) Major Collection (Proactive)
[2025-10-14T11:00:38.187+0300][24.293s][info][gc,task     ] GC(14) Using 1 Workers for Young Generation
[2025-10-14T11:00:38.187+0300][24.293s][info][gc,task     ] GC(14) Using 1 Workers for Old Generation
[2025-10-14T11:00:38.187+0300][24.293s][info][gc,phases   ] GC(14) Y: Young Generation
[2025-10-14T11:00:38.187+0300][24.293s][info][gc,phases   ] GC(14) Y: Pause Mark Start (Major) 0.017ms
[2025-10-14T11:00:38.194+0300][24.300s][info][gc,phases   ] GC(14) Y: Concurrent Mark 6.555ms
[2025-10-14T11:00:38.194+0300][24.300s][info][gc,phases   ] GC(14) Y: Pause Mark End 0.017ms
[2025-10-14T11:00:38.194+0300][24.300s][info][gc,phases   ] GC(14) Y: Concurrent Mark Free 0.000ms
[2025-10-14T11:00:38.194+0300][24.300s][info][gc,phases   ] GC(14) Y: Concurrent Reset Relocation Set 0.004ms
[2025-10-14T11:00:38.198+0300][24.304s][info][gc,reloc    ] GC(14) Y: Using tenuring threshold: 1 (Computed)
[2025-10-14T11:00:38.198+0300][24.304s][info][gc,phases   ] GC(14) Y: Concurrent Select Relocation Set 3.938ms
[2025-10-14T11:00:38.198+0300][24.304s][info][gc,phases   ] GC(14) Y: Pause Relocate Start 0.008ms
[2025-10-14T11:00:38.199+0300][24.304s][info][gc,phases   ] GC(14) Y: Concurrent Relocate 0.363ms
[2025-10-14T11:00:38.199+0300][24.304s][info][gc,alloc    ] GC(14) Y:                         Mark Start        Mark End      Relocate Start    Relocate End   
[2025-10-14T11:00:38.199+0300][24.305s][info][gc,alloc    ] GC(14) Y: Allocation Stalls:          0                0                0                0         
[2025-10-14T11:00:38.199+0300][24.305s][info][gc,load     ] GC(14) Y: Load: 19.85 (199%) / 15.58 (156%) / 13.90 (139%)
[2025-10-14T11:00:38.199+0300][24.305s][info][gc,mmu      ] GC(14) Y: MMU: 2ms/91.4%, 5ms/96.6%, 10ms/98.3%, 20ms/99.1%, 50ms/99.6%, 100ms/99.8%
[2025-10-14T11:00:38.199+0300][24.305s][info][gc,marking  ] GC(14) Y: Mark: 1 stripe(s), 2 proactive flush(es), 1 terminate flush(es), 0 completion(s), 0 continuation(s) 
[2025-10-14T11:00:38.199+0300][24.305s][info][gc,nmethod  ] GC(14) Y: NMethods: 891 registered, 67 unregistered
[2025-10-14T11:00:38.199+0300][24.305s][info][gc,metaspace] GC(14) Y: Metaspace: 3M used, 3M committed, 1088M reserved
[2025-10-14T11:00:38.199+0300][24.305s][info][gc,reloc    ] GC(14) Y:                        Candidates     Selected     In-Place         Size        Empty    Relocated 
[2025-10-14T11:00:38.199+0300][24.305s][info][gc,reloc    ] GC(14) Y: Small Pages:                 2326            2            0        4652M        4242M           1M 
[2025-10-14T11:00:38.199+0300][24.305s][info][gc,reloc    ] GC(14) Y: Medium Pages:                   0            0            0           0M           0M           0M 
[2025-10-14T11:00:38.199+0300][24.305s][info][gc,reloc    ] GC(14) Y: Large Pages:                    0            0            0           0M           0M           0M 
[2025-10-14T11:00:38.199+0300][24.305s][info][gc,reloc    ] GC(14) Y: Forwarding Usage: 0M
[2025-10-14T11:00:38.199+0300][24.305s][info][gc,reloc    ] GC(14) Y: Age Table:
[2025-10-14T11:00:38.199+0300][24.305s][info][gc,reloc    ] GC(14) Y:                    Live             Garbage             Small              Medium             Large        
[2025-10-14T11:00:38.199+0300][24.305s][info][gc,reloc    ] GC(14) Y: Eden             312M (4%)         3931M (48%)       2122 / 2              0 / 0              0 / 0        
[2025-10-14T11:00:38.199+0300][24.305s][info][gc,reloc    ] GC(14) Y: Survivor 1          -               408M (5%)         204 / 0              0 / 0              0 / 0        
[2025-10-14T11:00:38.199+0300][24.305s][info][gc,heap     ] GC(14) Y: Min Capacity: 8M(0%)
[2025-10-14T11:00:38.199+0300][24.305s][info][gc,heap     ] GC(14) Y: Max Capacity: 8192M(100%)
[2025-10-14T11:00:38.199+0300][24.305s][info][gc,heap     ] GC(14) Y: Soft Max Capacity: 8192M(100%)
[2025-10-14T11:00:38.199+0300][24.305s][info][gc,heap     ] GC(14) Y: Heap Statistics:
[2025-10-14T11:00:38.199+0300][24.305s][info][gc,heap     ] GC(14) Y:                Mark Start          Mark End        Relocate Start      Relocate End           High               Low         
[2025-10-14T11:00:38.199+0300][24.305s][info][gc,heap     ] GC(14) Y:  Capacity:     7806M (95%)        7806M (95%)        7806M (95%)        7806M (95%)        7806M (95%)        7806M (95%)    
[2025-10-14T11:00:38.199+0300][24.305s][info][gc,heap     ] GC(14) Y:      Free:     3502M (43%)        3494M (43%)        7730M (94%)        7734M (94%)        7734M (94%)        3494M (43%)    
[2025-10-14T11:00:38.199+0300][24.305s][info][gc,heap     ] GC(14) Y:      Used:     4690M (57%)        4698M (57%)         462M (6%)          458M (6%)         4698M (57%)         458M (6%)     
[2025-10-14T11:00:38.199+0300][24.305s][info][gc,heap     ] GC(14) Y: Young Generation Statistics:
[2025-10-14T11:00:38.199+0300][24.305s][info][gc,heap     ] GC(14) Y:                Mark Start          Mark End        Relocate Start      Relocate End    
[2025-10-14T11:00:38.199+0300][24.305s][info][gc,heap     ] GC(14) Y:      Used:     4652M (57%)        4660M (57%)         424M (5%)          420M (5%)     
[2025-10-14T11:00:38.199+0300][24.305s][info][gc,heap     ] GC(14) Y:      Live:         -               312M (4%)          312M (4%)          312M (4%)     
[2025-10-14T11:00:38.199+0300][24.305s][info][gc,heap     ] GC(14) Y:   Garbage:         -              4339M (53%)          97M (1%)           92M (1%)     
[2025-10-14T11:00:38.199+0300][24.305s][info][gc,heap     ] GC(14) Y: Allocated:         -                 8M (0%)           14M (0%)           14M (0%)     
[2025-10-14T11:00:38.199+0300][24.305s][info][gc,heap     ] GC(14) Y: Reclaimed:         -                  -              4242M (52%)        4246M (52%)    
[2025-10-14T11:00:38.199+0300][24.305s][info][gc,heap     ] GC(14) Y:  Promoted:         -                  -                 0M (0%)            0M (0%)     
[2025-10-14T11:00:38.199+0300][24.305s][info][gc,heap     ] GC(14) Y: Compacted:         -                  -                  -                 3M (0%)     
[2025-10-14T11:00:38.199+0300][24.305s][info][gc,phases   ] GC(14) Y: Young Generation 4690M(57%)->458M(6%) 0.012s
[2025-10-14T11:00:38.199+0300][24.305s][info][gc,phases   ] GC(14) O: Old Generation
[2025-10-14T11:00:38.203+0300][24.309s][info][gc,phases   ] GC(14) O: Concurrent Mark 4.168ms
[2025-10-14T11:00:38.203+0300][24.309s][info][gc,phases   ] GC(14) O: Pause Mark End 0.011ms
[2025-10-14T11:00:38.204+0300][24.309s][info][gc,phases   ] GC(14) O: Concurrent Mark Free 0.001ms
[2025-10-14T11:00:38.205+0300][24.311s][info][gc,phases   ] GC(14) O: Concurrent Process Non-Strong 1.625ms
[2025-10-14T11:00:38.205+0300][24.311s][info][gc,phases   ] GC(14) O: Concurrent Reset Relocation Set 0.001ms
[2025-10-14T11:00:38.205+0300][24.311s][info][gc,phases   ] GC(14) O: Concurrent Select Relocation Set 0.061ms
[2025-10-14T11:00:38.205+0300][24.311s][info][gc,task     ] GC(14) O: Using 2 Workers for Old Generation
[2025-10-14T11:00:38.206+0300][24.312s][info][gc,task     ] GC(14) O: Using 1 Workers for Old Generation
[2025-10-14T11:00:38.206+0300][24.312s][info][gc,phases   ] GC(14) O: Concurrent Remap Roots 0.624ms
[2025-10-14T11:00:38.206+0300][24.312s][info][gc,phases   ] GC(14) O: Pause Relocate Start 0.006ms
[2025-10-14T11:00:38.207+0300][24.313s][info][gc,phases   ] GC(14) O: Concurrent Relocate 0.839ms
[2025-10-14T11:00:38.207+0300][24.313s][info][gc,alloc    ] GC(14) O:                         Mark Start        Mark End      Relocate Start    Relocate End   
[2025-10-14T11:00:38.207+0300][24.313s][info][gc,alloc    ] GC(14) O: Allocation Stalls:          0                0                0                0         
[2025-10-14T11:00:38.207+0300][24.313s][info][gc,load     ] GC(14) O: Load: 19.85 (199%) / 15.58 (156%) / 13.90 (139%)
[2025-10-14T11:00:38.207+0300][24.313s][info][gc,mmu      ] GC(14) O: MMU: 2ms/91.4%, 5ms/96.6%, 10ms/98.3%, 20ms/99.1%, 50ms/99.6%, 100ms/99.8%
[2025-10-14T11:00:38.207+0300][24.313s][info][gc,marking  ] GC(14) O: Mark: 1 stripe(s), 2 proactive flush(es), 1 terminate flush(es), 0 completion(s), 0 continuation(s) 
[2025-10-14T11:00:38.207+0300][24.313s][info][gc,nmethod  ] GC(14) O: NMethods: 891 registered, 67 unregistered
[2025-10-14T11:00:38.207+0300][24.313s][info][gc,metaspace] GC(14) O: Metaspace: 3M used, 3M committed, 1088M reserved
[2025-10-14T11:00:38.207+0300][24.313s][info][gc,ref      ] GC(14) O:                       Encountered   Discovered     Enqueued 
[2025-10-14T11:00:38.207+0300][24.313s][info][gc,ref      ] GC(14) O: Soft References:              289            0            0 
[2025-10-14T11:00:38.207+0300][24.313s][info][gc,ref      ] GC(14) O: Weak References:              541          492            0 
[2025-10-14T11:00:38.207+0300][24.313s][info][gc,ref      ] GC(14) O: Final References:               0            0            0 
[2025-10-14T11:00:38.207+0300][24.313s][info][gc,ref      ] GC(14) O: Phantom References:            53           52            0 
[2025-10-14T11:00:38.207+0300][24.313s][info][gc,reloc    ] GC(14) O:                        Candidates     Selected     In-Place         Size        Empty    Relocated 
[2025-10-14T11:00:38.207+0300][24.313s][info][gc,reloc    ] GC(14) O: Small Pages:                    3            1            0           6M           0M           1M 
[2025-10-14T11:00:38.207+0300][24.313s][info][gc,reloc    ] GC(14) O: Medium Pages:                   1            0            0          32M           0M           0M 
[2025-10-14T11:00:38.207+0300][24.313s][info][gc,reloc    ] GC(14) O: Large Pages:                    0            0            0           0M           0M           0M 
[2025-10-14T11:00:38.207+0300][24.313s][info][gc,reloc    ] GC(14) O: Forwarding Usage: 0M
[2025-10-14T11:00:38.207+0300][24.313s][info][gc,heap     ] GC(14) O: Min Capacity: 8M(0%)
[2025-10-14T11:00:38.207+0300][24.313s][info][gc,heap     ] GC(14) O: Max Capacity: 8192M(100%)
[2025-10-14T11:00:38.207+0300][24.313s][info][gc,heap     ] GC(14) O: Soft Max Capacity: 8192M(100%)
[2025-10-14T11:00:38.207+0300][24.313s][info][gc,heap     ] GC(14) O: Heap Statistics:
[2025-10-14T11:00:38.207+0300][24.313s][info][gc,heap     ] GC(14) O:                Mark Start          Mark End        Relocate Start      Relocate End           High               Low         
[2025-10-14T11:00:38.207+0300][24.313s][info][gc,heap     ] GC(14) O:  Capacity:     7806M (95%)        7806M (95%)        7806M (95%)        7806M (95%)        7806M (95%)        7806M (95%)    
[2025-10-14T11:00:38.207+0300][24.313s][info][gc,heap     ] GC(14) O:      Free:     3502M (43%)        7718M (94%)        7714M (94%)        7712M (94%)        7734M (94%)        3494M (43%)    
[2025-10-14T11:00:38.207+0300][24.313s][info][gc,heap     ] GC(14) O:      Used:     4690M (57%)         474M (6%)          478M (6%)          480M (6%)         4698M (57%)         458M (6%)     
[2025-10-14T11:00:38.207+0300][24.313s][info][gc,heap     ] GC(14) O: Old Generation Statistics:
[2025-10-14T11:00:38.207+0300][24.313s][info][gc,heap     ] GC(14) O:                Mark Start          Mark End        Relocate Start      Relocate End    
[2025-10-14T11:00:38.207+0300][24.313s][info][gc,heap     ] GC(14) O:      Used:       38M (0%)           38M (0%)           38M (0%)           38M (0%)     
[2025-10-14T11:00:38.207+0300][24.313s][info][gc,heap     ] GC(14) O:      Live:         -                 3M (0%)            3M (0%)            3M (0%)     
[2025-10-14T11:00:38.207+0300][24.313s][info][gc,heap     ] GC(14) O:   Garbage:         -                34M (0%)           34M (0%)           31M (0%)     
[2025-10-14T11:00:38.207+0300][24.313s][info][gc,heap     ] GC(14) O: Allocated:         -                 0M (0%)            0M (0%)            2M (0%)     
[2025-10-14T11:00:38.207+0300][24.313s][info][gc,heap     ] GC(14) O: Reclaimed:         -                  -                 0M (0%)            2M (0%)     
[2025-10-14T11:00:38.207+0300][24.313s][info][gc,heap     ] GC(14) O: Compacted:         -                  -                  -                 1M (0%)     
[2025-10-14T11:00:38.207+0300][24.313s][info][gc,phases   ] GC(14) O: Old Generation 458M(6%)->480M(6%) 0.008s
[2025-10-14T11:00:38.207+0300][24.313s][info][gc          ] GC(14) Major Collection (Proactive) 4690M(57%)->480M(6%) 0.020s
[2025-10-14T11:00:39.650+0300][25.756s][info][gc          ] GC(15) Major Collection (Proactive)
[2025-10-14T11:00:39.650+0300][25.756s][info][gc,task     ] GC(15) Using 1 Workers for Young Generation
[2025-10-14T11:00:39.650+0300][25.756s][info][gc,task     ] GC(15) Using 1 Workers for Old Generation
[2025-10-14T11:00:39.650+0300][25.756s][info][gc,phases   ] GC(15) Y: Young Generation
[2025-10-14T11:00:39.650+0300][25.756s][info][gc,phases   ] GC(15) Y: Pause Mark Start (Major) 0.006ms
[2025-10-14T11:00:39.654+0300][25.760s][info][gc,phases   ] GC(15) Y: Concurrent Mark 4.366ms
[2025-10-14T11:00:39.654+0300][25.760s][info][gc,phases   ] GC(15) Y: Pause Mark End 0.010ms
[2025-10-14T11:00:39.655+0300][25.760s][info][gc,phases   ] GC(15) Y: Concurrent Mark Free 0.000ms
[2025-10-14T11:00:39.655+0300][25.760s][info][gc,phases   ] GC(15) Y: Concurrent Reset Relocation Set 0.001ms
[2025-10-14T11:00:39.656+0300][25.761s][info][gc,reloc    ] GC(15) Y: Using tenuring threshold: 1 (Computed)
[2025-10-14T11:00:39.656+0300][25.761s][info][gc,phases   ] GC(15) Y: Concurrent Select Relocation Set 0.969ms
[2025-10-14T11:00:39.656+0300][25.761s][info][gc,phases   ] GC(15) Y: Pause Relocate Start 0.003ms
[2025-10-14T11:00:39.656+0300][25.762s][info][gc,phases   ] GC(15) Y: Concurrent Relocate 0.260ms
[2025-10-14T11:00:39.656+0300][25.762s][info][gc,alloc    ] GC(15) Y:                         Mark Start        Mark End      Relocate Start    Relocate End   
[2025-10-14T11:00:39.656+0300][25.762s][info][gc,alloc    ] GC(15) Y: Allocation Stalls:          0                0                0                0         
[2025-10-14T11:00:39.656+0300][25.762s][info][gc,load     ] GC(15) Y: Load: 19.85 (199%) / 15.58 (156%) / 13.90 (139%)
[2025-10-14T11:00:39.656+0300][25.762s][info][gc,mmu      ] GC(15) Y: MMU: 2ms/91.4%, 5ms/96.6%, 10ms/98.3%, 20ms/99.1%, 50ms/99.6%, 100ms/99.8%
[2025-10-14T11:00:39.656+0300][25.762s][info][gc,marking  ] GC(15) Y: Mark: 1 stripe(s), 2 proactive flush(es), 1 terminate flush(es), 0 completion(s), 0 continuation(s) 
[2025-10-14T11:00:39.656+0300][25.762s][info][gc,nmethod  ] GC(15) Y: NMethods: 891 registered, 67 unregistered
[2025-10-14T11:00:39.656+0300][25.762s][info][gc,metaspace] GC(15) Y: Metaspace: 3M used, 3M committed, 1088M reserved
[2025-10-14T11:00:39.656+0300][25.762s][info][gc,reloc    ] GC(15) Y:                        Candidates     Selected     In-Place         Size        Empty    Relocated 
[2025-10-14T11:00:39.656+0300][25.762s][info][gc,reloc    ] GC(15) Y: Small Pages:                 2571            2            0        5142M        4734M           2M 
[2025-10-14T11:00:39.656+0300][25.762s][info][gc,reloc    ] GC(15) Y: Medium Pages:                   0            0            0           0M           0M           0M 
[2025-10-14T11:00:39.656+0300][25.762s][info][gc,reloc    ] GC(15) Y: Large Pages:                    0            0            0           0M           0M           0M 
[2025-10-14T11:00:39.656+0300][25.762s][info][gc,reloc    ] GC(15) Y: Forwarding Usage: 0M
[2025-10-14T11:00:39.656+0300][25.762s][info][gc,reloc    ] GC(15) Y: Age Table:
[2025-10-14T11:00:39.656+0300][25.762s][info][gc,reloc    ] GC(15) Y:                    Live             Garbage             Small              Medium             Large        
[2025-10-14T11:00:39.656+0300][25.762s][info][gc,reloc    ] GC(15) Y: Eden             312M (4%)         4423M (54%)       2368 / 2              0 / 0              0 / 0        
[2025-10-14T11:00:39.656+0300][25.762s][info][gc,reloc    ] GC(15) Y: Survivor 1          -               406M (5%)         203 / 0              0 / 0              0 / 0        
[2025-10-14T11:00:39.656+0300][25.762s][info][gc,heap     ] GC(15) Y: Min Capacity: 8M(0%)
[2025-10-14T11:00:39.656+0300][25.762s][info][gc,heap     ] GC(15) Y: Max Capacity: 8192M(100%)
[2025-10-14T11:00:39.656+0300][25.762s][info][gc,heap     ] GC(15) Y: Soft Max Capacity: 8192M(100%)
[2025-10-14T11:00:39.656+0300][25.762s][info][gc,heap     ] GC(15) Y: Heap Statistics:
[2025-10-14T11:00:39.656+0300][25.762s][info][gc,heap     ] GC(15) Y:                Mark Start          Mark End        Relocate Start      Relocate End           High               Low         
[2025-10-14T11:00:39.656+0300][25.762s][info][gc,heap     ] GC(15) Y:  Capacity:     7806M (95%)        7806M (95%)        7806M (95%)        7806M (95%)        7806M (95%)        7806M (95%)    
[2025-10-14T11:00:39.656+0300][25.762s][info][gc,heap     ] GC(15) Y:      Free:     3012M (37%)        3004M (37%)        7734M (94%)        7736M (94%)        7736M (94%)        3002M (37%)    
[2025-10-14T11:00:39.656+0300][25.762s][info][gc,heap     ] GC(15) Y:      Used:     5180M (63%)        5188M (63%)         458M (6%)          456M (6%)         5190M (63%)         456M (6%)     
[2025-10-14T11:00:39.656+0300][25.762s][info][gc,heap     ] GC(15) Y: Young Generation Statistics:
[2025-10-14T11:00:39.656+0300][25.762s][info][gc,heap     ] GC(15) Y:                Mark Start          Mark End        Relocate Start      Relocate End    
[2025-10-14T11:00:39.656+0300][25.762s][info][gc,heap     ] GC(15) Y:      Used:     5142M (63%)        5150M (63%)         420M (5%)          418M (5%)     
[2025-10-14T11:00:39.656+0300][25.762s][info][gc,heap     ] GC(15) Y:      Live:         -               312M (4%)          312M (4%)          312M (4%)     
[2025-10-14T11:00:39.656+0300][25.762s][info][gc,heap     ] GC(15) Y:   Garbage:         -              4829M (59%)          95M (1%)           90M (1%)     
[2025-10-14T11:00:39.656+0300][25.762s][info][gc,heap     ] GC(15) Y: Allocated:         -                 8M (0%)           12M (0%)           14M (0%)     
[2025-10-14T11:00:39.656+0300][25.762s][info][gc,heap     ] GC(15) Y: Reclaimed:         -                  -              4734M (58%)        4738M (58%)    
[2025-10-14T11:00:39.656+0300][25.762s][info][gc,heap     ] GC(15) Y:  Promoted:         -                  -                 0M (0%)            0M (0%)     
[2025-10-14T11:00:39.656+0300][25.762s][info][gc,heap     ] GC(15) Y: Compacted:         -                  -                  -                 5M (0%)     
[2025-10-14T11:00:39.656+0300][25.762s][info][gc,phases   ] GC(15) Y: Young Generation 5180M(63%)->456M(6%) 0.006s
[2025-10-14T11:00:39.656+0300][25.762s][info][gc,phases   ] GC(15) O: Old Generation
[2025-10-14T11:00:39.660+0300][25.766s][info][gc,phases   ] GC(15) O: Concurrent Mark 3.907ms
[2025-10-14T11:00:39.660+0300][25.766s][info][gc,phases   ] GC(15) O: Pause Mark End 0.010ms
[2025-10-14T11:00:39.660+0300][25.766s][info][gc,phases   ] GC(15) O: Concurrent Mark Free 0.001ms
[2025-10-14T11:00:39.662+0300][25.768s][info][gc,phases   ] GC(15) O: Concurrent Process Non-Strong 1.505ms
[2025-10-14T11:00:39.662+0300][25.768s][info][gc,phases   ] GC(15) O: Concurrent Reset Relocation Set 0.001ms
[2025-10-14T11:00:39.662+0300][25.768s][info][gc,phases   ] GC(15) O: Concurrent Select Relocation Set 0.060ms
[2025-10-14T11:00:39.662+0300][25.768s][info][gc,task     ] GC(15) O: Using 2 Workers for Old Generation
[2025-10-14T11:00:39.663+0300][25.768s][info][gc,task     ] GC(15) O: Using 1 Workers for Old Generation
[2025-10-14T11:00:39.663+0300][25.768s][info][gc,phases   ] GC(15) O: Concurrent Remap Roots 0.517ms
[2025-10-14T11:00:39.663+0300][25.768s][info][gc,phases   ] GC(15) O: Pause Relocate Start 0.005ms
[2025-10-14T11:00:39.663+0300][25.769s][info][gc,phases   ] GC(15) O: Concurrent Relocate 0.751ms
[2025-10-14T11:00:39.663+0300][25.769s][info][gc,alloc    ] GC(15) O:                         Mark Start        Mark End      Relocate Start    Relocate End   
[2025-10-14T11:00:39.663+0300][25.769s][info][gc,alloc    ] GC(15) O: Allocation Stalls:          0                0                0                0         
[2025-10-14T11:00:39.663+0300][25.769s][info][gc,load     ] GC(15) O: Load: 19.85 (199%) / 15.58 (156%) / 13.90 (139%)
[2025-10-14T11:00:39.663+0300][25.769s][info][gc,mmu      ] GC(15) O: MMU: 2ms/91.4%, 5ms/96.6%, 10ms/98.3%, 20ms/99.1%, 50ms/99.6%, 100ms/99.8%
[2025-10-14T11:00:39.663+0300][25.769s][info][gc,marking  ] GC(15) O: Mark: 1 stripe(s), 2 proactive flush(es), 1 terminate flush(es), 0 completion(s), 0 continuation(s) 
[2025-10-14T11:00:39.663+0300][25.769s][info][gc,nmethod  ] GC(15) O: NMethods: 891 registered, 67 unregistered
[2025-10-14T11:00:39.663+0300][25.769s][info][gc,metaspace] GC(15) O: Metaspace: 3M used, 3M committed, 1088M reserved
[2025-10-14T11:00:39.663+0300][25.769s][info][gc,ref      ] GC(15) O:                       Encountered   Discovered     Enqueued 
[2025-10-14T11:00:39.664+0300][25.769s][info][gc,ref      ] GC(15) O: Soft References:              289            0            0 
[2025-10-14T11:00:39.664+0300][25.769s][info][gc,ref      ] GC(15) O: Weak References:              541          492            0 
[2025-10-14T11:00:39.664+0300][25.769s][info][gc,ref      ] GC(15) O: Final References:               0            0            0 
[2025-10-14T11:00:39.664+0300][25.769s][info][gc,ref      ] GC(15) O: Phantom References:            53           52            0 
[2025-10-14T11:00:39.664+0300][25.769s][info][gc,reloc    ] GC(15) O:                        Candidates     Selected     In-Place         Size        Empty    Relocated 
[2025-10-14T11:00:39.664+0300][25.769s][info][gc,reloc    ] GC(15) O: Small Pages:                    3            1            0           6M           0M           1M 
[2025-10-14T11:00:39.664+0300][25.769s][info][gc,reloc    ] GC(15) O: Medium Pages:                   1            0            0          32M           0M           0M 
[2025-10-14T11:00:39.664+0300][25.769s][info][gc,reloc    ] GC(15) O: Large Pages:                    0            0            0           0M           0M           0M 
[2025-10-14T11:00:39.664+0300][25.769s][info][gc,reloc    ] GC(15) O: Forwarding Usage: 0M
[2025-10-14T11:00:39.664+0300][25.769s][info][gc,heap     ] GC(15) O: Min Capacity: 8M(0%)
[2025-10-14T11:00:39.664+0300][25.769s][info][gc,heap     ] GC(15) O: Max Capacity: 8192M(100%)
[2025-10-14T11:00:39.664+0300][25.769s][info][gc,heap     ] GC(15) O: Soft Max Capacity: 8192M(100%)
[2025-10-14T11:00:39.664+0300][25.769s][info][gc,heap     ] GC(15) O: Heap Statistics:
[2025-10-14T11:00:39.664+0300][25.769s][info][gc,heap     ] GC(15) O:                Mark Start          Mark End        Relocate Start      Relocate End           High               Low         
[2025-10-14T11:00:39.664+0300][25.769s][info][gc,heap     ] GC(15) O:  Capacity:     7806M (95%)        7806M (95%)        7806M (95%)        7806M (95%)        7806M (95%)        7806M (95%)    
[2025-10-14T11:00:39.664+0300][25.769s][info][gc,heap     ] GC(15) O:      Free:     3012M (37%)        7718M (94%)        7712M (94%)        7710M (94%)        7736M (94%)        3002M (37%)    
[2025-10-14T11:00:39.664+0300][25.769s][info][gc,heap     ] GC(15) O:      Used:     5180M (63%)         474M (6%)          480M (6%)          482M (6%)         5190M (63%)         456M (6%)     
[2025-10-14T11:00:39.664+0300][25.769s][info][gc,heap     ] GC(15) O: Old Generation Statistics:
[2025-10-14T11:00:39.664+0300][25.769s][info][gc,heap     ] GC(15) O:                Mark Start          Mark End        Relocate Start      Relocate End    
[2025-10-14T11:00:39.664+0300][25.769s][info][gc,heap     ] GC(15) O:      Used:       38M (0%)           38M (0%)           38M (0%)           38M (0%)     
[2025-10-14T11:00:39.664+0300][25.769s][info][gc,heap     ] GC(15) O:      Live:         -                 3M (0%)            3M (0%)            3M (0%)     
[2025-10-14T11:00:39.664+0300][25.769s][info][gc,heap     ] GC(15) O:   Garbage:         -                34M (0%)           34M (0%)           31M (0%)     
[2025-10-14T11:00:39.664+0300][25.769s][info][gc,heap     ] GC(15) O: Allocated:         -                 0M (0%)            0M (0%)            2M (0%)     
[2025-10-14T11:00:39.664+0300][25.769s][info][gc,heap     ] GC(15) O: Reclaimed:         -                  -                 0M (0%)            2M (0%)     
[2025-10-14T11:00:39.664+0300][25.769s][info][gc,heap     ] GC(15) O: Compacted:         -                  -                  -                 1M (0%)     
[2025-10-14T11:00:39.664+0300][25.770s][info][gc,phases   ] GC(15) O: Old Generation 458M(6%)->482M(6%) 0.007s
[2025-10-14T11:00:39.664+0300][25.770s][info][gc          ] GC(15) Major Collection (Proactive) 5180M(63%)->484M(6%) 0.014s
[2025-10-14T11:00:40.941+0300][27.047s][info][gc          ] GC(16) Major Collection (Proactive)
[2025-10-14T11:00:40.942+0300][27.047s][info][gc,task     ] GC(16) Using 1 Workers for Young Generation
[2025-10-14T11:00:40.942+0300][27.048s][info][gc,task     ] GC(16) Using 1 Workers for Old Generation
[2025-10-14T11:00:40.942+0300][27.048s][info][gc,phases   ] GC(16) Y: Young Generation
[2025-10-14T11:00:40.942+0300][27.048s][info][gc,phases   ] GC(16) Y: Pause Mark Start (Major) 0.011ms
[2025-10-14T11:00:40.946+0300][27.052s][info][gc,phases   ] GC(16) Y: Concurrent Mark 3.541ms
[2025-10-14T11:00:40.946+0300][27.052s][info][gc,phases   ] GC(16) Y: Pause Mark End 0.012ms
[2025-10-14T11:00:40.946+0300][27.052s][info][gc,phases   ] GC(16) Y: Concurrent Mark Free 0.001ms
[2025-10-14T11:00:40.946+0300][27.052s][info][gc,phases   ] GC(16) Y: Concurrent Reset Relocation Set 0.001ms
[2025-10-14T11:00:40.947+0300][27.053s][info][gc,reloc    ] GC(16) Y: Using tenuring threshold: 1 (Computed)
[2025-10-14T11:00:40.947+0300][27.053s][info][gc,phases   ] GC(16) Y: Concurrent Select Relocation Set 1.090ms
[2025-10-14T11:00:40.947+0300][27.053s][info][gc,phases   ] GC(16) Y: Pause Relocate Start 0.005ms
[2025-10-14T11:00:40.947+0300][27.053s][info][gc,phases   ] GC(16) Y: Concurrent Relocate 0.092ms
[2025-10-14T11:00:40.947+0300][27.053s][info][gc,alloc    ] GC(16) Y:                         Mark Start        Mark End      Relocate Start    Relocate End   
[2025-10-14T11:00:40.947+0300][27.053s][info][gc,alloc    ] GC(16) Y: Allocation Stalls:          0                0                0                0         
[2025-10-14T11:00:40.947+0300][27.053s][info][gc,load     ] GC(16) Y: Load: 19.85 (199%) / 15.58 (156%) / 13.90 (139%)
[2025-10-14T11:00:40.948+0300][27.053s][info][gc,mmu      ] GC(16) Y: MMU: 2ms/91.4%, 5ms/96.6%, 10ms/98.3%, 20ms/99.1%, 50ms/99.6%, 100ms/99.8%
[2025-10-14T11:00:40.948+0300][27.053s][info][gc,marking  ] GC(16) Y: Mark: 1 stripe(s), 2 proactive flush(es), 1 terminate flush(es), 0 completion(s), 0 continuation(s) 
[2025-10-14T11:00:40.948+0300][27.053s][info][gc,nmethod  ] GC(16) Y: NMethods: 891 registered, 67 unregistered
[2025-10-14T11:00:40.948+0300][27.053s][info][gc,metaspace] GC(16) Y: Metaspace: 3M used, 3M committed, 1088M reserved
[2025-10-14T11:00:40.948+0300][27.053s][info][gc,reloc    ] GC(16) Y:                        Candidates     Selected     In-Place         Size        Empty    Relocated 
[2025-10-14T11:00:40.948+0300][27.053s][info][gc,reloc    ] GC(16) Y: Small Pages:                 2231            1            0        4462M        4054M           0M 
[2025-10-14T11:00:40.948+0300][27.053s][info][gc,reloc    ] GC(16) Y: Medium Pages:                   0            0            0           0M           0M           0M 
[2025-10-14T11:00:40.948+0300][27.053s][info][gc,reloc    ] GC(16) Y: Large Pages:                    0            0            0           0M           0M           0M 
[2025-10-14T11:00:40.948+0300][27.053s][info][gc,reloc    ] GC(16) Y: Forwarding Usage: 0M
[2025-10-14T11:00:40.948+0300][27.053s][info][gc,reloc    ] GC(16) Y: Age Table:
[2025-10-14T11:00:40.948+0300][27.053s][info][gc,reloc    ] GC(16) Y:                    Live             Garbage             Small              Medium             Large        
[2025-10-14T11:00:40.948+0300][27.053s][info][gc,reloc    ] GC(16) Y: Eden             312M (4%)         3743M (46%)       2028 / 1              0 / 0              0 / 0        
[2025-10-14T11:00:40.948+0300][27.053s][info][gc,reloc    ] GC(16) Y: Survivor 1          -               406M (5%)         203 / 0              0 / 0              0 / 0        
[2025-10-14T11:00:40.948+0300][27.053s][info][gc,heap     ] GC(16) Y: Min Capacity: 8M(0%)
[2025-10-14T11:00:40.948+0300][27.053s][info][gc,heap     ] GC(16) Y: Max Capacity: 8192M(100%)
[2025-10-14T11:00:40.948+0300][27.053s][info][gc,heap     ] GC(16) Y: Soft Max Capacity: 8192M(100%)
[2025-10-14T11:00:40.948+0300][27.053s][info][gc,heap     ] GC(16) Y: Heap Statistics:
[2025-10-14T11:00:40.948+0300][27.053s][info][gc,heap     ] GC(16) Y:                Mark Start          Mark End        Relocate Start      Relocate End           High               Low         
[2025-10-14T11:00:40.948+0300][27.053s][info][gc,heap     ] GC(16) Y:  Capacity:     7806M (95%)        7806M (95%)        7806M (95%)        7806M (95%)        7806M (95%)        7806M (95%)    
[2025-10-14T11:00:40.948+0300][27.053s][info][gc,heap     ] GC(16) Y:      Free:     3692M (45%)        3682M (45%)        7732M (94%)        7734M (94%)        7734M (94%)        3682M (45%)    
[2025-10-14T11:00:40.948+0300][27.053s][info][gc,heap     ] GC(16) Y:      Used:     4500M (55%)        4510M (55%)         460M (6%)          458M (6%)         4510M (55%)         458M (6%)     
[2025-10-14T11:00:40.948+0300][27.053s][info][gc,heap     ] GC(16) Y: Young Generation Statistics:
[2025-10-14T11:00:40.948+0300][27.053s][info][gc,heap     ] GC(16) Y:                Mark Start          Mark End        Relocate Start      Relocate End    
[2025-10-14T11:00:40.948+0300][27.053s][info][gc,heap     ] GC(16) Y:      Used:     4462M (54%)        4472M (55%)         422M (5%)          420M (5%)     
[2025-10-14T11:00:40.948+0300][27.053s][info][gc,heap     ] GC(16) Y:      Live:         -               312M (4%)          312M (4%)          312M (4%)     
[2025-10-14T11:00:40.948+0300][27.054s][info][gc,heap     ] GC(16) Y:   Garbage:         -              4149M (51%)          95M (1%)           92M (1%)     
[2025-10-14T11:00:40.948+0300][27.054s][info][gc,heap     ] GC(16) Y: Allocated:         -                10M (0%)           14M (0%)           14M (0%)     
[2025-10-14T11:00:40.948+0300][27.054s][info][gc,heap     ] GC(16) Y: Reclaimed:         -                  -              4054M (49%)        4056M (50%)    
[2025-10-14T11:00:40.948+0300][27.054s][info][gc,heap     ] GC(16) Y:  Promoted:         -                  -                 0M (0%)            0M (0%)     
[2025-10-14T11:00:40.948+0300][27.054s][info][gc,heap     ] GC(16) Y: Compacted:         -                  -                  -                 1M (0%)     
[2025-10-14T11:00:40.948+0300][27.054s][info][gc,phases   ] GC(16) Y: Young Generation 4500M(55%)->458M(6%) 0.006s
[2025-10-14T11:00:40.948+0300][27.054s][info][gc,phases   ] GC(16) O: Old Generation
[2025-10-14T11:00:40.952+0300][27.058s][info][gc,phases   ] GC(16) O: Concurrent Mark 4.265ms
[2025-10-14T11:00:40.952+0300][27.058s][info][gc,phases   ] GC(16) O: Pause Mark End 0.012ms
[2025-10-14T11:00:40.952+0300][27.058s][info][gc,phases   ] GC(16) O: Concurrent Mark Free 0.001ms
[2025-10-14T11:00:40.954+0300][27.059s][info][gc,phases   ] GC(16) O: Concurrent Process Non-Strong 1.439ms
[2025-10-14T11:00:40.954+0300][27.059s][info][gc,phases   ] GC(16) O: Concurrent Reset Relocation Set 0.001ms
[2025-10-14T11:00:40.954+0300][27.060s][info][gc,phases   ] GC(16) O: Concurrent Select Relocation Set 0.050ms
[2025-10-14T11:00:40.954+0300][27.060s][info][gc,task     ] GC(16) O: Using 2 Workers for Old Generation
[2025-10-14T11:00:40.954+0300][27.060s][info][gc,task     ] GC(16) O: Using 1 Workers for Old Generation
[2025-10-14T11:00:40.954+0300][27.060s][info][gc,phases   ] GC(16) O: Concurrent Remap Roots 0.548ms
[2025-10-14T11:00:40.954+0300][27.060s][info][gc,phases   ] GC(16) O: Pause Relocate Start 0.008ms
[2025-10-14T11:00:40.955+0300][27.061s][info][gc,phases   ] GC(16) O: Concurrent Relocate 0.678ms
[2025-10-14T11:00:40.955+0300][27.061s][info][gc,alloc    ] GC(16) O:                         Mark Start        Mark End      Relocate Start    Relocate End   
[2025-10-14T11:00:40.955+0300][27.061s][info][gc,alloc    ] GC(16) O: Allocation Stalls:          0                0                0                0         
[2025-10-14T11:00:40.955+0300][27.061s][info][gc,load     ] GC(16) O: Load: 19.85 (199%) / 15.58 (156%) / 13.90 (139%)
[2025-10-14T11:00:40.955+0300][27.061s][info][gc,mmu      ] GC(16) O: MMU: 2ms/91.4%, 5ms/96.6%, 10ms/98.3%, 20ms/99.1%, 50ms/99.6%, 100ms/99.8%
[2025-10-14T11:00:40.955+0300][27.061s][info][gc,marking  ] GC(16) O: Mark: 1 stripe(s), 2 proactive flush(es), 1 terminate flush(es), 0 completion(s), 0 continuation(s) 
[2025-10-14T11:00:40.955+0300][27.061s][info][gc,nmethod  ] GC(16) O: NMethods: 891 registered, 67 unregistered
[2025-10-14T11:00:40.955+0300][27.061s][info][gc,metaspace] GC(16) O: Metaspace: 3M used, 3M committed, 1088M reserved
[2025-10-14T11:00:40.955+0300][27.061s][info][gc,ref      ] GC(16) O:                       Encountered   Discovered     Enqueued 
[2025-10-14T11:00:40.955+0300][27.061s][info][gc,ref      ] GC(16) O: Soft References:              289            0            0 
[2025-10-14T11:00:40.955+0300][27.061s][info][gc,ref      ] GC(16) O: Weak References:              541          492            0 
[2025-10-14T11:00:40.955+0300][27.061s][info][gc,ref      ] GC(16) O: Final References:               0            0            0 
[2025-10-14T11:00:40.955+0300][27.061s][info][gc,ref      ] GC(16) O: Phantom References:            53           52            0 
[2025-10-14T11:00:40.955+0300][27.061s][info][gc,reloc    ] GC(16) O:                        Candidates     Selected     In-Place         Size        Empty    Relocated 
[2025-10-14T11:00:40.955+0300][27.061s][info][gc,reloc    ] GC(16) O: Small Pages:                    3            1            0           6M           0M           1M 
[2025-10-14T11:00:40.955+0300][27.061s][info][gc,reloc    ] GC(16) O: Medium Pages:                   1            0            0          32M           0M           0M 
[2025-10-14T11:00:40.955+0300][27.061s][info][gc,reloc    ] GC(16) O: Large Pages:                    0            0            0           0M           0M           0M 
[2025-10-14T11:00:40.955+0300][27.061s][info][gc,reloc    ] GC(16) O: Forwarding Usage: 0M
[2025-10-14T11:00:40.955+0300][27.061s][info][gc,heap     ] GC(16) O: Min Capacity: 8M(0%)
[2025-10-14T11:00:40.955+0300][27.061s][info][gc,heap     ] GC(16) O: Max Capacity: 8192M(100%)
[2025-10-14T11:00:40.955+0300][27.061s][info][gc,heap     ] GC(16) O: Soft Max Capacity: 8192M(100%)
[2025-10-14T11:00:40.955+0300][27.061s][info][gc,heap     ] GC(16) O: Heap Statistics:
[2025-10-14T11:00:40.955+0300][27.061s][info][gc,heap     ] GC(16) O:                Mark Start          Mark End        Relocate Start      Relocate End           High               Low         
[2025-10-14T11:00:40.955+0300][27.061s][info][gc,heap     ] GC(16) O:  Capacity:     7806M (95%)        7806M (95%)        7806M (95%)        7806M (95%)        7806M (95%)        7806M (95%)    
[2025-10-14T11:00:40.955+0300][27.061s][info][gc,heap     ] GC(16) O:      Free:     3692M (45%)        7722M (94%)        7716M (94%)        7714M (94%)        7734M (94%)        3682M (45%)    
[2025-10-14T11:00:40.955+0300][27.061s][info][gc,heap     ] GC(16) O:      Used:     4500M (55%)         470M (6%)          476M (6%)          478M (6%)         4510M (55%)         458M (6%)     
[2025-10-14T11:00:40.955+0300][27.061s][info][gc,heap     ] GC(16) O: Old Generation Statistics:
[2025-10-14T11:00:40.955+0300][27.061s][info][gc,heap     ] GC(16) O:                Mark Start          Mark End        Relocate Start      Relocate End    
[2025-10-14T11:00:40.955+0300][27.061s][info][gc,heap     ] GC(16) O:      Used:       38M (0%)           38M (0%)           38M (0%)           38M (0%)     
[2025-10-14T11:00:40.955+0300][27.061s][info][gc,heap     ] GC(16) O:      Live:         -                 3M (0%)            3M (0%)            3M (0%)     
[2025-10-14T11:00:40.955+0300][27.061s][info][gc,heap     ] GC(16) O:   Garbage:         -                34M (0%)           34M (0%)           31M (0%)     
[2025-10-14T11:00:40.955+0300][27.061s][info][gc,heap     ] GC(16) O: Allocated:         -                 0M (0%)            0M (0%)            2M (0%)     
[2025-10-14T11:00:40.955+0300][27.061s][info][gc,heap     ] GC(16) O: Reclaimed:         -                  -                 0M (0%)            2M (0%)     
[2025-10-14T11:00:40.955+0300][27.061s][info][gc,heap     ] GC(16) O: Compacted:         -                  -                  -                 1M (0%)     
[2025-10-14T11:00:40.955+0300][27.061s][info][gc,phases   ] GC(16) O: Old Generation 458M(6%)->478M(6%) 0.007s
[2025-10-14T11:00:40.955+0300][27.061s][info][gc          ] GC(16) Major Collection (Proactive) 4498M(55%)->480M(6%) 0.014s
[2025-10-14T11:00:41.996+0300][28.102s][info][gc          ] GC(17) Major Collection (Proactive)
[2025-10-14T11:00:41.997+0300][28.102s][info][gc,task     ] GC(17) Using 1 Workers for Young Generation
[2025-10-14T11:00:41.997+0300][28.102s][info][gc,task     ] GC(17) Using 1 Workers for Old Generation
[2025-10-14T11:00:41.997+0300][28.102s][info][gc,phases   ] GC(17) Y: Young Generation
[2025-10-14T11:00:41.997+0300][28.102s][info][gc,phases   ] GC(17) Y: Pause Mark Start (Major) 0.006ms
[2025-10-14T11:00:42.000+0300][28.106s][info][gc,phases   ] GC(17) Y: Concurrent Mark 3.234ms
[2025-10-14T11:00:42.000+0300][28.106s][info][gc,phases   ] GC(17) Y: Pause Mark End 0.010ms
[2025-10-14T11:00:42.000+0300][28.106s][info][gc,phases   ] GC(17) Y: Concurrent Mark Free 0.002ms
[2025-10-14T11:00:42.000+0300][28.106s][info][gc,phases   ] GC(17) Y: Concurrent Reset Relocation Set 0.000ms
[2025-10-14T11:00:42.001+0300][28.107s][info][gc,reloc    ] GC(17) Y: Using tenuring threshold: 1 (Computed)
[2025-10-14T11:00:42.001+0300][28.107s][info][gc,phases   ] GC(17) Y: Concurrent Select Relocation Set 0.997ms
[2025-10-14T11:00:42.001+0300][28.107s][info][gc,phases   ] GC(17) Y: Pause Relocate Start 0.003ms
[2025-10-14T11:00:42.001+0300][28.107s][info][gc,phases   ] GC(17) Y: Concurrent Relocate 0.309ms
[2025-10-14T11:00:42.002+0300][28.107s][info][gc,alloc    ] GC(17) Y:                         Mark Start        Mark End      Relocate Start    Relocate End   
[2025-10-14T11:00:42.002+0300][28.107s][info][gc,alloc    ] GC(17) Y: Allocation Stalls:          0                0                0                0         
[2025-10-14T11:00:42.002+0300][28.107s][info][gc,load     ] GC(17) Y: Load: 19.85 (199%) / 15.58 (156%) / 13.90 (139%)
[2025-10-14T11:00:42.002+0300][28.107s][info][gc,mmu      ] GC(17) Y: MMU: 2ms/91.4%, 5ms/96.6%, 10ms/98.3%, 20ms/99.1%, 50ms/99.6%, 100ms/99.8%
[2025-10-14T11:00:42.002+0300][28.107s][info][gc,marking  ] GC(17) Y: Mark: 1 stripe(s), 2 proactive flush(es), 1 terminate flush(es), 0 completion(s), 0 continuation(s) 
[2025-10-14T11:00:42.002+0300][28.107s][info][gc,nmethod  ] GC(17) Y: NMethods: 891 registered, 67 unregistered
[2025-10-14T11:00:42.002+0300][28.107s][info][gc,metaspace] GC(17) Y: Metaspace: 3M used, 3M committed, 1088M reserved
[2025-10-14T11:00:42.002+0300][28.107s][info][gc,reloc    ] GC(17) Y:                        Candidates     Selected     In-Place         Size        Empty    Relocated 
[2025-10-14T11:00:42.002+0300][28.107s][info][gc,reloc    ] GC(17) Y: Small Pages:                 2172            3            0        4344M        3932M           2M 
[2025-10-14T11:00:42.002+0300][28.107s][info][gc,reloc    ] GC(17) Y: Medium Pages:                   0            0            0           0M           0M           0M 
[2025-10-14T11:00:42.002+0300][28.107s][info][gc,reloc    ] GC(17) Y: Large Pages:                    0            0            0           0M           0M           0M 
[2025-10-14T11:00:42.002+0300][28.107s][info][gc,reloc    ] GC(17) Y: Forwarding Usage: 0M
[2025-10-14T11:00:42.002+0300][28.107s][info][gc,reloc    ] GC(17) Y: Age Table:
[2025-10-14T11:00:42.002+0300][28.107s][info][gc,reloc    ] GC(17) Y:                    Live             Garbage             Small              Medium             Large        
[2025-10-14T11:00:42.002+0300][28.107s][info][gc,reloc    ] GC(17) Y: Eden             312M (4%)         3625M (44%)       1969 / 3              0 / 0              0 / 0        
[2025-10-14T11:00:42.002+0300][28.107s][info][gc,reloc    ] GC(17) Y: Survivor 1          -               406M (5%)         203 / 0              0 / 0              0 / 0        
[2025-10-14T11:00:42.002+0300][28.107s][info][gc,heap     ] GC(17) Y: Min Capacity: 8M(0%)
[2025-10-14T11:00:42.002+0300][28.107s][info][gc,heap     ] GC(17) Y: Max Capacity: 8192M(100%)
[2025-10-14T11:00:42.002+0300][28.107s][info][gc,heap     ] GC(17) Y: Soft Max Capacity: 8192M(100%)
[2025-10-14T11:00:42.002+0300][28.107s][info][gc,heap     ] GC(17) Y: Heap Statistics:
[2025-10-14T11:00:42.002+0300][28.107s][info][gc,heap     ] GC(17) Y:                Mark Start          Mark End        Relocate Start      Relocate End           High               Low         
[2025-10-14T11:00:42.002+0300][28.107s][info][gc,heap     ] GC(17) Y:  Capacity:     7806M (95%)        7806M (95%)        7806M (95%)        7806M (95%)        7806M (95%)        7806M (95%)    
[2025-10-14T11:00:42.002+0300][28.107s][info][gc,heap     ] GC(17) Y:      Free:     3810M (47%)        3800M (46%)        7728M (94%)        7734M (94%)        7734M (94%)        3798M (46%)    
[2025-10-14T11:00:42.002+0300][28.107s][info][gc,heap     ] GC(17) Y:      Used:     4382M (53%)        4392M (54%)         464M (6%)          458M (6%)         4394M (54%)         458M (6%)     
[2025-10-14T11:00:42.002+0300][28.107s][info][gc,heap     ] GC(17) Y: Young Generation Statistics:
[2025-10-14T11:00:42.002+0300][28.107s][info][gc,heap     ] GC(17) Y:                Mark Start          Mark End        Relocate Start      Relocate End    
[2025-10-14T11:00:42.002+0300][28.107s][info][gc,heap     ] GC(17) Y:      Used:     4344M (53%)        4354M (53%)         426M (5%)          420M (5%)     
[2025-10-14T11:00:42.002+0300][28.107s][info][gc,heap     ] GC(17) Y:      Live:         -               312M (4%)          312M (4%)          312M (4%)     
[2025-10-14T11:00:42.002+0300][28.108s][info][gc,heap     ] GC(17) Y:   Garbage:         -              4031M (49%)          99M (1%)           92M (1%)     
[2025-10-14T11:00:42.002+0300][28.108s][info][gc,heap     ] GC(17) Y: Allocated:         -                10M (0%)           14M (0%)           14M (0%)     
[2025-10-14T11:00:42.002+0300][28.108s][info][gc,heap     ] GC(17) Y: Reclaimed:         -                  -              3932M (48%)        3938M (48%)    
[2025-10-14T11:00:42.002+0300][28.108s][info][gc,heap     ] GC(17) Y:  Promoted:         -                  -                 0M (0%)            0M (0%)     
[2025-10-14T11:00:42.002+0300][28.108s][info][gc,heap     ] GC(17) Y: Compacted:         -                  -                  -                 5M (0%)     
[2025-10-14T11:00:42.002+0300][28.108s][info][gc,phases   ] GC(17) Y: Young Generation 4382M(53%)->458M(6%) 0.005s
[2025-10-14T11:00:42.002+0300][28.108s][info][gc,phases   ] GC(17) O: Old Generation
[2025-10-14T11:00:42.006+0300][28.112s][info][gc,phases   ] GC(17) O: Concurrent Mark 3.953ms
[2025-10-14T11:00:42.006+0300][28.112s][info][gc,phases   ] GC(17) O: Pause Mark End 0.010ms
[2025-10-14T11:00:42.006+0300][28.112s][info][gc,phases   ] GC(17) O: Concurrent Mark Free 0.001ms
[2025-10-14T11:00:42.007+0300][28.113s][info][gc,phases   ] GC(17) O: Concurrent Process Non-Strong 1.411ms
[2025-10-14T11:00:42.007+0300][28.113s][info][gc,phases   ] GC(17) O: Concurrent Reset Relocation Set 0.001ms
[2025-10-14T11:00:42.007+0300][28.113s][info][gc,phases   ] GC(17) O: Concurrent Select Relocation Set 0.046ms
[2025-10-14T11:00:42.007+0300][28.113s][info][gc,task     ] GC(17) O: Using 2 Workers for Old Generation
[2025-10-14T11:00:42.008+0300][28.114s][info][gc,task     ] GC(17) O: Using 1 Workers for Old Generation
[2025-10-14T11:00:42.008+0300][28.114s][info][gc,phases   ] GC(17) O: Concurrent Remap Roots 0.416ms
[2025-10-14T11:00:42.008+0300][28.114s][info][gc,phases   ] GC(17) O: Pause Relocate Start 0.004ms
[2025-10-14T11:00:42.009+0300][28.114s][info][gc,phases   ] GC(17) O: Concurrent Relocate 0.698ms
[2025-10-14T11:00:42.009+0300][28.114s][info][gc,alloc    ] GC(17) O:                         Mark Start        Mark End      Relocate Start    Relocate End   
[2025-10-14T11:00:42.009+0300][28.114s][info][gc,alloc    ] GC(17) O: Allocation Stalls:          0                0                0                0         
[2025-10-14T11:00:42.009+0300][28.114s][info][gc,load     ] GC(17) O: Load: 19.85 (199%) / 15.58 (156%) / 13.90 (139%)
[2025-10-14T11:00:42.009+0300][28.114s][info][gc,mmu      ] GC(17) O: MMU: 2ms/91.4%, 5ms/96.6%, 10ms/98.3%, 20ms/99.1%, 50ms/99.6%, 100ms/99.8%
[2025-10-14T11:00:42.009+0300][28.114s][info][gc,marking  ] GC(17) O: Mark: 1 stripe(s), 2 proactive flush(es), 1 terminate flush(es), 0 completion(s), 0 continuation(s) 
[2025-10-14T11:00:42.009+0300][28.114s][info][gc,nmethod  ] GC(17) O: NMethods: 891 registered, 67 unregistered
[2025-10-14T11:00:42.009+0300][28.114s][info][gc,metaspace] GC(17) O: Metaspace: 3M used, 3M committed, 1088M reserved
[2025-10-14T11:00:42.009+0300][28.114s][info][gc,ref      ] GC(17) O:                       Encountered   Discovered     Enqueued 
[2025-10-14T11:00:42.009+0300][28.114s][info][gc,ref      ] GC(17) O: Soft References:              289            0            0 
[2025-10-14T11:00:42.009+0300][28.114s][info][gc,ref      ] GC(17) O: Weak References:              541          492            0 
[2025-10-14T11:00:42.009+0300][28.114s][info][gc,ref      ] GC(17) O: Final References:               0            0            0 
[2025-10-14T11:00:42.009+0300][28.114s][info][gc,ref      ] GC(17) O: Phantom References:            53           52            0 
[2025-10-14T11:00:42.009+0300][28.114s][info][gc,reloc    ] GC(17) O:                        Candidates     Selected     In-Place         Size        Empty    Relocated 
[2025-10-14T11:00:42.009+0300][28.114s][info][gc,reloc    ] GC(17) O: Small Pages:                    3            1            0           6M           0M           1M 
[2025-10-14T11:00:42.009+0300][28.114s][info][gc,reloc    ] GC(17) O: Medium Pages:                   1            0            0          32M           0M           0M 
[2025-10-14T11:00:42.009+0300][28.114s][info][gc,reloc    ] GC(17) O: Large Pages:                    0            0            0           0M           0M           0M 
[2025-10-14T11:00:42.009+0300][28.114s][info][gc,reloc    ] GC(17) O: Forwarding Usage: 0M
[2025-10-14T11:00:42.009+0300][28.114s][info][gc,heap     ] GC(17) O: Min Capacity: 8M(0%)
[2025-10-14T11:00:42.009+0300][28.114s][info][gc,heap     ] GC(17) O: Max Capacity: 8192M(100%)
[2025-10-14T11:00:42.009+0300][28.115s][info][gc,heap     ] GC(17) O: Soft Max Capacity: 8192M(100%)
[2025-10-14T11:00:42.009+0300][28.115s][info][gc,heap     ] GC(17) O: Heap Statistics:
[2025-10-14T11:00:42.009+0300][28.115s][info][gc,heap     ] GC(17) O:                Mark Start          Mark End        Relocate Start      Relocate End           High               Low         
[2025-10-14T11:00:42.009+0300][28.115s][info][gc,heap     ] GC(17) O:  Capacity:     7806M (95%)        7806M (95%)        7806M (95%)        7806M (95%)        7806M (95%)        7806M (95%)    
[2025-10-14T11:00:42.009+0300][28.115s][info][gc,heap     ] GC(17) O:      Free:     3810M (47%)        7716M (94%)        7708M (94%)        7706M (94%)        7734M (94%)        3798M (46%)    
[2025-10-14T11:00:42.009+0300][28.115s][info][gc,heap     ] GC(17) O:      Used:     4382M (53%)         476M (6%)          484M (6%)          486M (6%)         4394M (54%)         458M (6%)     
[2025-10-14T11:00:42.009+0300][28.115s][info][gc,heap     ] GC(17) O: Old Generation Statistics:
[2025-10-14T11:00:42.009+0300][28.115s][info][gc,heap     ] GC(17) O:                Mark Start          Mark End        Relocate Start      Relocate End    
[2025-10-14T11:00:42.009+0300][28.115s][info][gc,heap     ] GC(17) O:      Used:       38M (0%)           38M (0%)           38M (0%)           38M (0%)     
[2025-10-14T11:00:42.009+0300][28.115s][info][gc,heap     ] GC(17) O:      Live:         -                 3M (0%)            3M (0%)            3M (0%)     
[2025-10-14T11:00:42.009+0300][28.115s][info][gc,heap     ] GC(17) O:   Garbage:         -                34M (0%)           34M (0%)           31M (0%)     
[2025-10-14T11:00:42.009+0300][28.115s][info][gc,heap     ] GC(17) O: Allocated:         -                 0M (0%)            0M (0%)            2M (0%)     
[2025-10-14T11:00:42.009+0300][28.115s][info][gc,heap     ] GC(17) O: Reclaimed:         -                  -                 0M (0%)            2M (0%)     
[2025-10-14T11:00:42.009+0300][28.115s][info][gc,heap     ] GC(17) O: Compacted:         -                  -                  -                 1M (0%)     
[2025-10-14T11:00:42.009+0300][28.115s][info][gc,phases   ] GC(17) O: Old Generation 460M(6%)->486M(6%) 0.007s
[2025-10-14T11:00:42.009+0300][28.115s][info][gc          ] GC(17) Major Collection (Proactive) 4382M(53%)->488M(6%) 0.012s
[2025-10-14T11:00:42.878+0300][28.984s][info][gc          ] GC(18) Major Collection (Proactive)
[2025-10-14T11:00:42.878+0300][28.984s][info][gc,task     ] GC(18) Using 1 Workers for Young Generation
[2025-10-14T11:00:42.878+0300][28.984s][info][gc,task     ] GC(18) Using 1 Workers for Old Generation
[2025-10-14T11:00:42.878+0300][28.984s][info][gc,phases   ] GC(18) Y: Young Generation
[2025-10-14T11:00:42.878+0300][28.984s][info][gc,phases   ] GC(18) Y: Pause Mark Start (Major) 0.009ms
[2025-10-14T11:00:42.882+0300][28.987s][info][gc,phases   ] GC(18) Y: Concurrent Mark 3.311ms
[2025-10-14T11:00:42.882+0300][28.987s][info][gc,phases   ] GC(18) Y: Pause Mark End 0.009ms
[2025-10-14T11:00:42.882+0300][28.988s][info][gc,phases   ] GC(18) Y: Concurrent Mark Free 0.000ms
[2025-10-14T11:00:42.882+0300][28.988s][info][gc,phases   ] GC(18) Y: Concurrent Reset Relocation Set 0.001ms
[2025-10-14T11:00:42.882+0300][28.988s][info][gc,reloc    ] GC(18) Y: Using tenuring threshold: 1 (Computed)
[2025-10-14T11:00:42.882+0300][28.988s][info][gc,phases   ] GC(18) Y: Concurrent Select Relocation Set 0.657ms
[2025-10-14T11:00:42.882+0300][28.988s][info][gc,phases   ] GC(18) Y: Pause Relocate Start 0.003ms
[2025-10-14T11:00:42.883+0300][28.989s][info][gc,phases   ] GC(18) Y: Concurrent Relocate 0.247ms
[2025-10-14T11:00:42.883+0300][28.989s][info][gc,alloc    ] GC(18) Y:                         Mark Start        Mark End      Relocate Start    Relocate End   
[2025-10-14T11:00:42.883+0300][28.989s][info][gc,alloc    ] GC(18) Y: Allocation Stalls:          0                0                0                0         
[2025-10-14T11:00:42.883+0300][28.989s][info][gc,load     ] GC(18) Y: Load: 18.66 (187%) / 15.40 (154%) / 13.85 (138%)
[2025-10-14T11:00:42.883+0300][28.989s][info][gc,mmu      ] GC(18) Y: MMU: 2ms/91.4%, 5ms/96.6%, 10ms/98.3%, 20ms/99.1%, 50ms/99.6%, 100ms/99.8%
[2025-10-14T11:00:42.883+0300][28.989s][info][gc,marking  ] GC(18) Y: Mark: 1 stripe(s), 2 proactive flush(es), 1 terminate flush(es), 0 completion(s), 0 continuation(s) 
[2025-10-14T11:00:42.883+0300][28.989s][info][gc,nmethod  ] GC(18) Y: NMethods: 891 registered, 67 unregistered
[2025-10-14T11:00:42.883+0300][28.989s][info][gc,metaspace] GC(18) Y: Metaspace: 3M used, 3M committed, 1088M reserved
[2025-10-14T11:00:42.883+0300][28.989s][info][gc,reloc    ] GC(18) Y:                        Candidates     Selected     In-Place         Size        Empty    Relocated 
[2025-10-14T11:00:42.883+0300][28.989s][info][gc,reloc    ] GC(18) Y: Small Pages:                 1742            2            0        3484M        3074M           1M 
[2025-10-14T11:00:42.883+0300][28.989s][info][gc,reloc    ] GC(18) Y: Medium Pages:                   0            0            0           0M           0M           0M 
[2025-10-14T11:00:42.883+0300][28.989s][info][gc,reloc    ] GC(18) Y: Large Pages:                    0            0            0           0M           0M           0M 
[2025-10-14T11:00:42.883+0300][28.989s][info][gc,reloc    ] GC(18) Y: Forwarding Usage: 0M
[2025-10-14T11:00:42.883+0300][28.989s][info][gc,reloc    ] GC(18) Y: Age Table:
[2025-10-14T11:00:42.883+0300][28.989s][info][gc,reloc    ] GC(18) Y:                    Live             Garbage             Small              Medium             Large        
[2025-10-14T11:00:42.883+0300][28.989s][info][gc,reloc    ] GC(18) Y: Eden             312M (4%)         2765M (34%)       1539 / 2              0 / 0              0 / 0        
[2025-10-14T11:00:42.883+0300][28.989s][info][gc,reloc    ] GC(18) Y: Survivor 1          -               406M (5%)         203 / 0              0 / 0              0 / 0        
[2025-10-14T11:00:42.883+0300][28.989s][info][gc,heap     ] GC(18) Y: Min Capacity: 8M(0%)
[2025-10-14T11:00:42.883+0300][28.989s][info][gc,heap     ] GC(18) Y: Max Capacity: 8192M(100%)
[2025-10-14T11:00:42.883+0300][28.989s][info][gc,heap     ] GC(18) Y: Soft Max Capacity: 8192M(100%)
[2025-10-14T11:00:42.883+0300][28.989s][info][gc,heap     ] GC(18) Y: Heap Statistics:
[2025-10-14T11:00:42.883+0300][28.989s][info][gc,heap     ] GC(18) Y:                Mark Start          Mark End        Relocate Start      Relocate End           High               Low         
[2025-10-14T11:00:42.883+0300][28.989s][info][gc,heap     ] GC(18) Y:  Capacity:     7806M (95%)        7806M (95%)        7806M (95%)        7806M (95%)        7806M (95%)        7806M (95%)    
[2025-10-14T11:00:42.883+0300][28.989s][info][gc,heap     ] GC(18) Y:      Free:     4670M (57%)        4660M (57%)        7732M (94%)        7736M (94%)        7736M (94%)        4660M (57%)    
[2025-10-14T11:00:42.883+0300][28.989s][info][gc,heap     ] GC(18) Y:      Used:     3522M (43%)        3532M (43%)         460M (6%)          456M (6%)         3532M (43%)         456M (6%)     
[2025-10-14T11:00:42.883+0300][28.989s][info][gc,heap     ] GC(18) Y: Young Generation Statistics:
[2025-10-14T11:00:42.883+0300][28.989s][info][gc,heap     ] GC(18) Y:                Mark Start          Mark End        Relocate Start      Relocate End    
[2025-10-14T11:00:42.883+0300][28.989s][info][gc,heap     ] GC(18) Y:      Used:     3484M (43%)        3494M (43%)         422M (5%)          418M (5%)     
[2025-10-14T11:00:42.883+0300][28.989s][info][gc,heap     ] GC(18) Y:      Live:         -               312M (4%)          312M (4%)          312M (4%)     
[2025-10-14T11:00:42.883+0300][28.989s][info][gc,heap     ] GC(18) Y:   Garbage:         -              3171M (39%)          97M (1%)           92M (1%)     
[2025-10-14T11:00:42.883+0300][28.989s][info][gc,heap     ] GC(18) Y: Allocated:         -                10M (0%)           12M (0%)           12M (0%)     
[2025-10-14T11:00:42.883+0300][28.989s][info][gc,heap     ] GC(18) Y: Reclaimed:         -                  -              3074M (38%)        3078M (38%)    
[2025-10-14T11:00:42.883+0300][28.989s][info][gc,heap     ] GC(18) Y:  Promoted:         -                  -                 0M (0%)            0M (0%)     
[2025-10-14T11:00:42.883+0300][28.989s][info][gc,heap     ] GC(18) Y: Compacted:         -                  -                  -                 1M (0%)     
[2025-10-14T11:00:42.883+0300][28.989s][info][gc,phases   ] GC(18) Y: Young Generation 3522M(43%)->456M(6%) 0.005s
[2025-10-14T11:00:42.883+0300][28.989s][info][gc,phases   ] GC(18) O: Old Generation
[2025-10-14T11:00:42.887+0300][28.993s][info][gc,phases   ] GC(18) O: Concurrent Mark 3.883ms
[2025-10-14T11:00:42.887+0300][28.993s][info][gc,phases   ] GC(18) O: Pause Mark End 0.011ms
[2025-10-14T11:00:42.887+0300][28.993s][info][gc,phases   ] GC(18) O: Concurrent Mark Free 0.002ms
[2025-10-14T11:00:42.889+0300][28.994s][info][gc,phases   ] GC(18) O: Concurrent Process Non-Strong 1.563ms
[2025-10-14T11:00:42.889+0300][28.995s][info][gc,phases   ] GC(18) O: Concurrent Reset Relocation Set 0.001ms
[2025-10-14T11:00:42.889+0300][28.995s][info][gc,phases   ] GC(18) O: Concurrent Select Relocation Set 0.053ms
[2025-10-14T11:00:42.889+0300][28.995s][info][gc,task     ] GC(18) O: Using 2 Workers for Old Generation
[2025-10-14T11:00:42.889+0300][28.995s][info][gc,task     ] GC(18) O: Using 1 Workers for Old Generation
[2025-10-14T11:00:42.889+0300][28.995s][info][gc,phases   ] GC(18) O: Concurrent Remap Roots 0.549ms
[2025-10-14T11:00:42.889+0300][28.995s][info][gc,phases   ] GC(18) O: Pause Relocate Start 0.005ms
[2025-10-14T11:00:42.890+0300][28.996s][info][gc,phases   ] GC(18) O: Concurrent Relocate 0.786ms
[2025-10-14T11:00:42.890+0300][28.996s][info][gc,alloc    ] GC(18) O:                         Mark Start        Mark End      Relocate Start    Relocate End   
[2025-10-14T11:00:42.890+0300][28.996s][info][gc,alloc    ] GC(18) O: Allocation Stalls:          0                0                0                0         
[2025-10-14T11:00:42.890+0300][28.996s][info][gc,load     ] GC(18) O: Load: 18.66 (187%) / 15.40 (154%) / 13.85 (138%)
[2025-10-14T11:00:42.890+0300][28.996s][info][gc,mmu      ] GC(18) O: MMU: 2ms/91.4%, 5ms/96.6%, 10ms/98.3%, 20ms/99.1%, 50ms/99.6%, 100ms/99.8%
[2025-10-14T11:00:42.890+0300][28.996s][info][gc,marking  ] GC(18) O: Mark: 1 stripe(s), 2 proactive flush(es), 1 terminate flush(es), 0 completion(s), 0 continuation(s) 
[2025-10-14T11:00:42.890+0300][28.996s][info][gc,nmethod  ] GC(18) O: NMethods: 891 registered, 67 unregistered
[2025-10-14T11:00:42.890+0300][28.996s][info][gc,metaspace] GC(18) O: Metaspace: 3M used, 3M committed, 1088M reserved
[2025-10-14T11:00:42.890+0300][28.996s][info][gc,ref      ] GC(18) O:                       Encountered   Discovered     Enqueued 
[2025-10-14T11:00:42.890+0300][28.996s][info][gc,ref      ] GC(18) O: Soft References:              289            0            0 
[2025-10-14T11:00:42.890+0300][28.996s][info][gc,ref      ] GC(18) O: Weak References:              541          492            0 
[2025-10-14T11:00:42.890+0300][28.996s][info][gc,ref      ] GC(18) O: Final References:               0            0            0 
[2025-10-14T11:00:42.890+0300][28.996s][info][gc,ref      ] GC(18) O: Phantom References:            53           50            0 
[2025-10-14T11:00:42.890+0300][28.996s][info][gc,reloc    ] GC(18) O:                        Candidates     Selected     In-Place         Size        Empty    Relocated 
[2025-10-14T11:00:42.890+0300][28.996s][info][gc,reloc    ] GC(18) O: Small Pages:                    3            1            0           6M           0M           1M 
[2025-10-14T11:00:42.890+0300][28.996s][info][gc,reloc    ] GC(18) O: Medium Pages:                   1            0            0          32M           0M           0M 
[2025-10-14T11:00:42.890+0300][28.996s][info][gc,reloc    ] GC(18) O: Large Pages:                    0            0            0           0M           0M           0M 
[2025-10-14T11:00:42.890+0300][28.996s][info][gc,reloc    ] GC(18) O: Forwarding Usage: 0M
[2025-10-14T11:00:42.890+0300][28.996s][info][gc,heap     ] GC(18) O: Min Capacity: 8M(0%)
[2025-10-14T11:00:42.890+0300][28.996s][info][gc,heap     ] GC(18) O: Max Capacity: 8192M(100%)
[2025-10-14T11:00:42.890+0300][28.996s][info][gc,heap     ] GC(18) O: Soft Max Capacity: 8192M(100%)
[2025-10-14T11:00:42.890+0300][28.996s][info][gc,heap     ] GC(18) O: Heap Statistics:
[2025-10-14T11:00:42.890+0300][28.996s][info][gc,heap     ] GC(18) O:                Mark Start          Mark End        Relocate Start      Relocate End           High               Low         
[2025-10-14T11:00:42.890+0300][28.996s][info][gc,heap     ] GC(18) O:  Capacity:     7806M (95%)        7806M (95%)        7806M (95%)        7806M (95%)        7806M (95%)        7806M (95%)    
[2025-10-14T11:00:42.890+0300][28.996s][info][gc,heap     ] GC(18) O:      Free:     4670M (57%)        7722M (94%)        7712M (94%)        7710M (94%)        7736M (94%)        4660M (57%)    
[2025-10-14T11:00:42.890+0300][28.996s][info][gc,heap     ] GC(18) O:      Used:     3522M (43%)         470M (6%)          480M (6%)          482M (6%)         3532M (43%)         456M (6%)     
[2025-10-14T11:00:42.890+0300][28.996s][info][gc,heap     ] GC(18) O: Old Generation Statistics:
[2025-10-14T11:00:42.890+0300][28.996s][info][gc,heap     ] GC(18) O:                Mark Start          Mark End        Relocate Start      Relocate End    
[2025-10-14T11:00:42.890+0300][28.996s][info][gc,heap     ] GC(18) O:      Used:       38M (0%)           38M (0%)           38M (0%)           38M (0%)     
[2025-10-14T11:00:42.890+0300][28.996s][info][gc,heap     ] GC(18) O:      Live:         -                 3M (0%)            3M (0%)            3M (0%)     
[2025-10-14T11:00:42.890+0300][28.996s][info][gc,heap     ] GC(18) O:   Garbage:         -                34M (0%)           34M (0%)           31M (0%)     
[2025-10-14T11:00:42.890+0300][28.996s][info][gc,heap     ] GC(18) O: Allocated:         -                 0M (0%)            0M (0%)            2M (0%)     
[2025-10-14T11:00:42.891+0300][28.996s][info][gc,heap     ] GC(18) O: Reclaimed:         -                  -                 0M (0%)            2M (0%)     
[2025-10-14T11:00:42.891+0300][28.996s][info][gc,heap     ] GC(18) O: Compacted:         -                  -                  -                 1M (0%)     
[2025-10-14T11:00:42.891+0300][28.996s][info][gc,phases   ] GC(18) O: Old Generation 458M(6%)->482M(6%) 0.007s
[2025-10-14T11:00:42.891+0300][28.996s][info][gc          ] GC(18) Major Collection (Proactive) 3522M(43%)->482M(6%) 0.013s
[2025-10-14T11:00:43.656+0300][29.762s][info][gc          ] GC(19) Major Collection (Proactive)
[2025-10-14T11:00:43.656+0300][29.762s][info][gc,task     ] GC(19) Using 1 Workers for Young Generation
[2025-10-14T11:00:43.656+0300][29.762s][info][gc,task     ] GC(19) Using 1 Workers for Old Generation
[2025-10-14T11:00:43.656+0300][29.762s][info][gc,phases   ] GC(19) Y: Young Generation
[2025-10-14T11:00:43.656+0300][29.762s][info][gc,phases   ] GC(19) Y: Pause Mark Start (Major) 0.011ms
[2025-10-14T11:00:43.661+0300][29.767s][info][gc,phases   ] GC(19) Y: Concurrent Mark 4.844ms
[2025-10-14T11:00:43.661+0300][29.767s][info][gc,phases   ] GC(19) Y: Pause Mark End 0.012ms
[2025-10-14T11:00:43.661+0300][29.767s][info][gc,phases   ] GC(19) Y: Concurrent Mark Free 0.001ms
[2025-10-14T11:00:43.661+0300][29.767s][info][gc,phases   ] GC(19) Y: Concurrent Reset Relocation Set 0.001ms
[2025-10-14T11:00:43.662+0300][29.768s][info][gc,reloc    ] GC(19) Y: Using tenuring threshold: 1 (Computed)
[2025-10-14T11:00:43.663+0300][29.768s][info][gc,phases   ] GC(19) Y: Concurrent Select Relocation Set 1.113ms
[2025-10-14T11:00:43.663+0300][29.768s][info][gc,phases   ] GC(19) Y: Pause Relocate Start 0.006ms
[2025-10-14T11:00:43.663+0300][29.769s][info][gc,phases   ] GC(19) Y: Concurrent Relocate 0.263ms
[2025-10-14T11:00:43.663+0300][29.769s][info][gc,alloc    ] GC(19) Y:                         Mark Start        Mark End      Relocate Start    Relocate End   
[2025-10-14T11:00:43.663+0300][29.769s][info][gc,alloc    ] GC(19) Y: Allocation Stalls:          0                0                0                0         
[2025-10-14T11:00:43.663+0300][29.769s][info][gc,load     ] GC(19) Y: Load: 18.66 (187%) / 15.40 (154%) / 13.85 (138%)
[2025-10-14T11:00:43.663+0300][29.769s][info][gc,mmu      ] GC(19) Y: MMU: 2ms/91.4%, 5ms/96.6%, 10ms/98.3%, 20ms/99.1%, 50ms/99.6%, 100ms/99.8%
[2025-10-14T11:00:43.663+0300][29.769s][info][gc,marking  ] GC(19) Y: Mark: 1 stripe(s), 2 proactive flush(es), 1 terminate flush(es), 0 completion(s), 0 continuation(s) 
[2025-10-14T11:00:43.663+0300][29.769s][info][gc,nmethod  ] GC(19) Y: NMethods: 891 registered, 67 unregistered
[2025-10-14T11:00:43.663+0300][29.769s][info][gc,metaspace] GC(19) Y: Metaspace: 3M used, 3M committed, 1088M reserved
[2025-10-14T11:00:43.663+0300][29.769s][info][gc,reloc    ] GC(19) Y:                        Candidates     Selected     In-Place         Size        Empty    Relocated 
[2025-10-14T11:00:43.663+0300][29.769s][info][gc,reloc    ] GC(19) Y: Small Pages:                 1765            2            0        3530M        3120M           1M 
[2025-10-14T11:00:43.663+0300][29.769s][info][gc,reloc    ] GC(19) Y: Medium Pages:                   0            0            0           0M           0M           0M 
[2025-10-14T11:00:43.663+0300][29.769s][info][gc,reloc    ] GC(19) Y: Large Pages:                    0            0            0           0M           0M           0M 
[2025-10-14T11:00:43.663+0300][29.769s][info][gc,reloc    ] GC(19) Y: Forwarding Usage: 0M
[2025-10-14T11:00:43.663+0300][29.769s][info][gc,reloc    ] GC(19) Y: Age Table:
[2025-10-14T11:00:43.663+0300][29.769s][info][gc,reloc    ] GC(19) Y:                    Live             Garbage             Small              Medium             Large        
[2025-10-14T11:00:43.663+0300][29.769s][info][gc,reloc    ] GC(19) Y: Eden             312M (4%)         2811M (34%)       1562 / 2              0 / 0              0 / 0        
[2025-10-14T11:00:43.663+0300][29.769s][info][gc,reloc    ] GC(19) Y: Survivor 1          -               406M (5%)         203 / 0              0 / 0              0 / 0        
[2025-10-14T11:00:43.663+0300][29.769s][info][gc,heap     ] GC(19) Y: Min Capacity: 8M(0%)
[2025-10-14T11:00:43.663+0300][29.769s][info][gc,heap     ] GC(19) Y: Max Capacity: 8192M(100%)
[2025-10-14T11:00:43.663+0300][29.769s][info][gc,heap     ] GC(19) Y: Soft Max Capacity: 8192M(100%)
[2025-10-14T11:00:43.663+0300][29.769s][info][gc,heap     ] GC(19) Y: Heap Statistics:
[2025-10-14T11:00:43.663+0300][29.769s][info][gc,heap     ] GC(19) Y:                Mark Start          Mark End        Relocate Start      Relocate End           High               Low         
[2025-10-14T11:00:43.663+0300][29.769s][info][gc,heap     ] GC(19) Y:  Capacity:     7806M (95%)        7806M (95%)        7806M (95%)        7806M (95%)        7806M (95%)        7806M (95%)    
[2025-10-14T11:00:43.663+0300][29.769s][info][gc,heap     ] GC(19) Y:      Free:     4624M (56%)        4608M (56%)        7724M (94%)        7726M (94%)        7726M (94%)        4608M (56%)    
[2025-10-14T11:00:43.663+0300][29.769s][info][gc,heap     ] GC(19) Y:      Used:     3568M (44%)        3584M (44%)         468M (6%)          466M (6%)         3584M (44%)         466M (6%)     
[2025-10-14T11:00:43.663+0300][29.769s][info][gc,heap     ] GC(19) Y: Young Generation Statistics:
[2025-10-14T11:00:43.663+0300][29.769s][info][gc,heap     ] GC(19) Y:                Mark Start          Mark End        Relocate Start      Relocate End    
[2025-10-14T11:00:43.663+0300][29.769s][info][gc,heap     ] GC(19) Y:      Used:     3530M (43%)        3546M (43%)         430M (5%)          428M (5%)     
[2025-10-14T11:00:43.663+0300][29.769s][info][gc,heap     ] GC(19) Y:      Live:         -               312M (4%)          312M (4%)          312M (4%)     
[2025-10-14T11:00:43.663+0300][29.769s][info][gc,heap     ] GC(19) Y:   Garbage:         -              3217M (39%)          97M (1%)           93M (1%)     
[2025-10-14T11:00:43.663+0300][29.769s][info][gc,heap     ] GC(19) Y: Allocated:         -                16M (0%)           20M (0%)           22M (0%)     
[2025-10-14T11:00:43.663+0300][29.769s][info][gc,heap     ] GC(19) Y: Reclaimed:         -                  -              3120M (38%)        3124M (38%)    
[2025-10-14T11:00:43.663+0300][29.769s][info][gc,heap     ] GC(19) Y:  Promoted:         -                  -                 0M (0%)            0M (0%)     
[2025-10-14T11:00:43.663+0300][29.769s][info][gc,heap     ] GC(19) Y: Compacted:         -                  -                  -                 1M (0%)     
[2025-10-14T11:00:43.663+0300][29.769s][info][gc,phases   ] GC(19) Y: Young Generation 3568M(44%)->466M(6%) 0.007s
[2025-10-14T11:00:43.663+0300][29.769s][info][gc,phases   ] GC(19) O: Old Generation
[2025-10-14T11:00:43.667+0300][29.773s][info][gc,phases   ] GC(19) O: Concurrent Mark 3.883ms
[2025-10-14T11:00:43.667+0300][29.773s][info][gc,phases   ] GC(19) O: Pause Mark End 0.011ms
[2025-10-14T11:00:43.667+0300][29.773s][info][gc,phases   ] GC(19) O: Concurrent Mark Free 0.001ms
[2025-10-14T11:00:43.669+0300][29.775s][info][gc,phases   ] GC(19) O: Concurrent Process Non-Strong 1.457ms
[2025-10-14T11:00:43.669+0300][29.775s][info][gc,phases   ] GC(19) O: Concurrent Reset Relocation Set 0.001ms
[2025-10-14T11:00:43.669+0300][29.775s][info][gc,phases   ] GC(19) O: Concurrent Select Relocation Set 0.060ms
[2025-10-14T11:00:43.669+0300][29.775s][info][gc,task     ] GC(19) O: Using 2 Workers for Old Generation
[2025-10-14T11:00:43.670+0300][29.775s][info][gc,task     ] GC(19) O: Using 1 Workers for Old Generation
[2025-10-14T11:00:43.670+0300][29.775s][info][gc,phases   ] GC(19) O: Concurrent Remap Roots 0.550ms
[2025-10-14T11:00:43.670+0300][29.775s][info][gc,phases   ] GC(19) O: Pause Relocate Start 0.006ms
[2025-10-14T11:00:43.670+0300][29.776s][info][gc,phases   ] GC(19) O: Concurrent Relocate 0.700ms
[2025-10-14T11:00:43.670+0300][29.776s][info][gc,alloc    ] GC(19) O:                         Mark Start        Mark End      Relocate Start    Relocate End   
[2025-10-14T11:00:43.670+0300][29.776s][info][gc,alloc    ] GC(19) O: Allocation Stalls:          0                0                0                0         
[2025-10-14T11:00:43.670+0300][29.776s][info][gc,load     ] GC(19) O: Load: 18.66 (187%) / 15.40 (154%) / 13.85 (138%)
[2025-10-14T11:00:43.670+0300][29.776s][info][gc,mmu      ] GC(19) O: MMU: 2ms/91.4%, 5ms/96.6%, 10ms/98.3%, 20ms/99.1%, 50ms/99.6%, 100ms/99.8%
[2025-10-14T11:00:43.670+0300][29.776s][info][gc,marking  ] GC(19) O: Mark: 1 stripe(s), 2 proactive flush(es), 1 terminate flush(es), 0 completion(s), 0 continuation(s) 
[2025-10-14T11:00:43.670+0300][29.776s][info][gc,nmethod  ] GC(19) O: NMethods: 891 registered, 67 unregistered
[2025-10-14T11:00:43.670+0300][29.776s][info][gc,metaspace] GC(19) O: Metaspace: 3M used, 3M committed, 1088M reserved
[2025-10-14T11:00:43.670+0300][29.776s][info][gc,ref      ] GC(19) O:                       Encountered   Discovered     Enqueued 
[2025-10-14T11:00:43.670+0300][29.776s][info][gc,ref      ] GC(19) O: Soft References:              289            0            0 
[2025-10-14T11:00:43.670+0300][29.776s][info][gc,ref      ] GC(19) O: Weak References:              541          492            0 
[2025-10-14T11:00:43.670+0300][29.776s][info][gc,ref      ] GC(19) O: Final References:               0            0            0 
[2025-10-14T11:00:43.670+0300][29.776s][info][gc,ref      ] GC(19) O: Phantom References:            53           52            0 
[2025-10-14T11:00:43.670+0300][29.776s][info][gc,reloc    ] GC(19) O:                        Candidates     Selected     In-Place         Size        Empty    Relocated 
[2025-10-14T11:00:43.670+0300][29.776s][info][gc,reloc    ] GC(19) O: Small Pages:                    3            1            0           6M           0M           1M 
[2025-10-14T11:00:43.670+0300][29.776s][info][gc,reloc    ] GC(19) O: Medium Pages:                   1            0            0          32M           0M           0M 
[2025-10-14T11:00:43.671+0300][29.776s][info][gc,reloc    ] GC(19) O: Large Pages:                    0            0            0           0M           0M           0M 
[2025-10-14T11:00:43.671+0300][29.776s][info][gc,reloc    ] GC(19) O: Forwarding Usage: 0M
[2025-10-14T11:00:43.671+0300][29.776s][info][gc,heap     ] GC(19) O: Min Capacity: 8M(0%)
[2025-10-14T11:00:43.671+0300][29.776s][info][gc,heap     ] GC(19) O: Max Capacity: 8192M(100%)
[2025-10-14T11:00:43.671+0300][29.776s][info][gc,heap     ] GC(19) O: Soft Max Capacity: 8192M(100%)
[2025-10-14T11:00:43.671+0300][29.776s][info][gc,heap     ] GC(19) O: Heap Statistics:
[2025-10-14T11:00:43.671+0300][29.776s][info][gc,heap     ] GC(19) O:                Mark Start          Mark End        Relocate Start      Relocate End           High               Low         
[2025-10-14T11:00:43.671+0300][29.776s][info][gc,heap     ] GC(19) O:  Capacity:     7806M (95%)        7806M (95%)        7806M (95%)        7806M (95%)        7806M (95%)        7806M (95%)    
[2025-10-14T11:00:43.671+0300][29.776s][info][gc,heap     ] GC(19) O:      Free:     4624M (56%)        7710M (94%)        7702M (94%)        7700M (94%)        7726M (94%)        4608M (56%)    
[2025-10-14T11:00:43.671+0300][29.776s][info][gc,heap     ] GC(19) O:      Used:     3568M (44%)         482M (6%)          490M (6%)          492M (6%)         3584M (44%)         466M (6%)     
[2025-10-14T11:00:43.671+0300][29.776s][info][gc,heap     ] GC(19) O: Old Generation Statistics:
[2025-10-14T11:00:43.671+0300][29.776s][info][gc,heap     ] GC(19) O:                Mark Start          Mark End        Relocate Start      Relocate End    
[2025-10-14T11:00:43.671+0300][29.776s][info][gc,heap     ] GC(19) O:      Used:       38M (0%)           38M (0%)           38M (0%)           38M (0%)     
[2025-10-14T11:00:43.671+0300][29.776s][info][gc,heap     ] GC(19) O:      Live:         -                 3M (0%)            3M (0%)            3M (0%)     
[2025-10-14T11:00:43.671+0300][29.776s][info][gc,heap     ] GC(19) O:   Garbage:         -                34M (0%)           34M (0%)           31M (0%)     
[2025-10-14T11:00:43.671+0300][29.776s][info][gc,heap     ] GC(19) O: Allocated:         -                 0M (0%)            0M (0%)            2M (0%)     
[2025-10-14T11:00:43.671+0300][29.776s][info][gc,heap     ] GC(19) O: Reclaimed:         -                  -                 0M (0%)            2M (0%)     
[2025-10-14T11:00:43.671+0300][29.776s][info][gc,heap     ] GC(19) O: Compacted:         -                  -                  -                 1M (0%)     
[2025-10-14T11:00:43.671+0300][29.776s][info][gc,phases   ] GC(19) O: Old Generation 468M(6%)->492M(6%) 0.007s
[2025-10-14T11:00:43.671+0300][29.776s][info][gc          ] GC(19) Major Collection (Proactive) 3568M(44%)->494M(6%) 0.015s
[2025-10-14T11:00:44.526+0300][30.632s][info][gc          ] GC(20) Major Collection (Proactive)
[2025-10-14T11:00:44.526+0300][30.632s][info][gc,task     ] GC(20) Using 1 Workers for Young Generation
[2025-10-14T11:00:44.526+0300][30.632s][info][gc,task     ] GC(20) Using 1 Workers for Old Generation
[2025-10-14T11:00:44.526+0300][30.632s][info][gc,phases   ] GC(20) Y: Young Generation
[2025-10-14T11:00:44.526+0300][30.632s][info][gc,phases   ] GC(20) Y: Pause Mark Start (Major) 0.011ms
[2025-10-14T11:00:44.531+0300][30.637s][info][gc,phases   ] GC(20) Y: Concurrent Mark 4.639ms
[2025-10-14T11:00:44.531+0300][30.637s][info][gc,phases   ] GC(20) Y: Pause Mark End 0.010ms
[2025-10-14T11:00:44.531+0300][30.637s][info][gc,phases   ] GC(20) Y: Concurrent Mark Free 0.001ms
[2025-10-14T11:00:44.531+0300][30.637s][info][gc,phases   ] GC(20) Y: Concurrent Reset Relocation Set 0.001ms
[2025-10-14T11:00:44.532+0300][30.638s][info][gc,reloc    ] GC(20) Y: Using tenuring threshold: 1 (Computed)
[2025-10-14T11:00:44.532+0300][30.638s][info][gc,phases   ] GC(20) Y: Concurrent Select Relocation Set 1.122ms
[2025-10-14T11:00:44.532+0300][30.638s][info][gc,phases   ] GC(20) Y: Pause Relocate Start 0.010ms
[2025-10-14T11:00:44.533+0300][30.638s][info][gc,phases   ] GC(20) Y: Concurrent Relocate 0.139ms
[2025-10-14T11:00:44.533+0300][30.638s][info][gc,alloc    ] GC(20) Y:                         Mark Start        Mark End      Relocate Start    Relocate End   
[2025-10-14T11:00:44.533+0300][30.638s][info][gc,alloc    ] GC(20) Y: Allocation Stalls:          0                0                0                0         
[2025-10-14T11:00:44.533+0300][30.638s][info][gc,load     ] GC(20) Y: Load: 18.66 (187%) / 15.40 (154%) / 13.85 (138%)
[2025-10-14T11:00:44.533+0300][30.638s][info][gc,mmu      ] GC(20) Y: MMU: 2ms/91.4%, 5ms/96.6%, 10ms/98.3%, 20ms/99.1%, 50ms/99.6%, 100ms/99.8%
[2025-10-14T11:00:44.533+0300][30.638s][info][gc,marking  ] GC(20) Y: Mark: 1 stripe(s), 2 proactive flush(es), 1 terminate flush(es), 0 completion(s), 0 continuation(s) 
[2025-10-14T11:00:44.533+0300][30.638s][info][gc,nmethod  ] GC(20) Y: NMethods: 891 registered, 67 unregistered
[2025-10-14T11:00:44.533+0300][30.638s][info][gc,metaspace] GC(20) Y: Metaspace: 3M used, 3M committed, 1088M reserved
[2025-10-14T11:00:44.533+0300][30.638s][info][gc,reloc    ] GC(20) Y:                        Candidates     Selected     In-Place         Size        Empty    Relocated 
[2025-10-14T11:00:44.533+0300][30.638s][info][gc,reloc    ] GC(20) Y: Small Pages:                 1895            1            0        3790M        3382M           0M 
[2025-10-14T11:00:44.533+0300][30.638s][info][gc,reloc    ] GC(20) Y: Medium Pages:                   0            0            0           0M           0M           0M 
[2025-10-14T11:00:44.533+0300][30.638s][info][gc,reloc    ] GC(20) Y: Large Pages:                    0            0            0           0M           0M           0M 
[2025-10-14T11:00:44.533+0300][30.638s][info][gc,reloc    ] GC(20) Y: Forwarding Usage: 0M
[2025-10-14T11:00:44.533+0300][30.638s][info][gc,reloc    ] GC(20) Y: Age Table:
[2025-10-14T11:00:44.533+0300][30.638s][info][gc,reloc    ] GC(20) Y:                    Live             Garbage             Small              Medium             Large        
[2025-10-14T11:00:44.533+0300][30.638s][info][gc,reloc    ] GC(20) Y: Eden             312M (4%)         3069M (37%)       1691 / 1              0 / 0              0 / 0        
[2025-10-14T11:00:44.533+0300][30.638s][info][gc,reloc    ] GC(20) Y: Survivor 1          -               408M (5%)         204 / 0              0 / 0              0 / 0        
[2025-10-14T11:00:44.533+0300][30.638s][info][gc,heap     ] GC(20) Y: Min Capacity: 8M(0%)
[2025-10-14T11:00:44.533+0300][30.638s][info][gc,heap     ] GC(20) Y: Max Capacity: 8192M(100%)
[2025-10-14T11:00:44.533+0300][30.639s][info][gc,heap     ] GC(20) Y: Soft Max Capacity: 8192M(100%)
[2025-10-14T11:00:44.533+0300][30.639s][info][gc,heap     ] GC(20) Y: Heap Statistics:
[2025-10-14T11:00:44.533+0300][30.639s][info][gc,heap     ] GC(20) Y:                Mark Start          Mark End        Relocate Start      Relocate End           High               Low         
[2025-10-14T11:00:44.533+0300][30.639s][info][gc,heap     ] GC(20) Y:  Capacity:     7806M (95%)        7806M (95%)        7806M (95%)        7806M (95%)        7806M (95%)        7806M (95%)    
[2025-10-14T11:00:44.533+0300][30.639s][info][gc,heap     ] GC(20) Y:      Free:     4364M (53%)        4348M (53%)        7724M (94%)        7726M (94%)        7726M (94%)        4348M (53%)    
[2025-10-14T11:00:44.533+0300][30.639s][info][gc,heap     ] GC(20) Y:      Used:     3828M (47%)        3844M (47%)         468M (6%)          466M (6%)         3844M (47%)         466M (6%)     
[2025-10-14T11:00:44.533+0300][30.639s][info][gc,heap     ] GC(20) Y: Young Generation Statistics:
[2025-10-14T11:00:44.533+0300][30.639s][info][gc,heap     ] GC(20) Y:                Mark Start          Mark End        Relocate Start      Relocate End    
[2025-10-14T11:00:44.533+0300][30.639s][info][gc,heap     ] GC(20) Y:      Used:     3790M (46%)        3806M (46%)         430M (5%)          428M (5%)     
[2025-10-14T11:00:44.533+0300][30.639s][info][gc,heap     ] GC(20) Y:      Live:         -               312M (4%)          312M (4%)          312M (4%)     
[2025-10-14T11:00:44.533+0300][30.639s][info][gc,heap     ] GC(20) Y:   Garbage:         -              3477M (42%)          95M (1%)           92M (1%)     
[2025-10-14T11:00:44.533+0300][30.639s][info][gc,heap     ] GC(20) Y: Allocated:         -                16M (0%)           22M (0%)           22M (0%)     
[2025-10-14T11:00:44.533+0300][30.639s][info][gc,heap     ] GC(20) Y: Reclaimed:         -                  -              3382M (41%)        3384M (41%)    
[2025-10-14T11:00:44.533+0300][30.639s][info][gc,heap     ] GC(20) Y:  Promoted:         -                  -                 0M (0%)            0M (0%)     
[2025-10-14T11:00:44.533+0300][30.639s][info][gc,heap     ] GC(20) Y: Compacted:         -                  -                  -                 1M (0%)     
[2025-10-14T11:00:44.533+0300][30.639s][info][gc,phases   ] GC(20) Y: Young Generation 3828M(47%)->466M(6%) 0.006s
[2025-10-14T11:00:44.533+0300][30.639s][info][gc,phases   ] GC(20) O: Old Generation
[2025-10-14T11:00:44.537+0300][30.643s][info][gc,phases   ] GC(20) O: Concurrent Mark 3.915ms
[2025-10-14T11:00:44.537+0300][30.643s][info][gc,phases   ] GC(20) O: Pause Mark End 0.010ms
[2025-10-14T11:00:44.537+0300][30.643s][info][gc,phases   ] GC(20) O: Concurrent Mark Free 0.003ms
[2025-10-14T11:00:44.539+0300][30.644s][info][gc,phases   ] GC(20) O: Concurrent Process Non-Strong 1.579ms
[2025-10-14T11:00:44.539+0300][30.644s][info][gc,phases   ] GC(20) O: Concurrent Reset Relocation Set 0.001ms
[2025-10-14T11:00:44.539+0300][30.644s][info][gc,phases   ] GC(20) O: Concurrent Select Relocation Set 0.052ms
[2025-10-14T11:00:44.539+0300][30.644s][info][gc,task     ] GC(20) O: Using 2 Workers for Old Generation
[2025-10-14T11:00:44.539+0300][30.645s][info][gc,task     ] GC(20) O: Using 1 Workers for Old Generation
[2025-10-14T11:00:44.539+0300][30.645s][info][gc,phases   ] GC(20) O: Concurrent Remap Roots 0.514ms
[2025-10-14T11:00:44.539+0300][30.645s][info][gc,phases   ] GC(20) O: Pause Relocate Start 0.004ms
[2025-10-14T11:00:44.540+0300][30.646s][info][gc,phases   ] GC(20) O: Concurrent Relocate 0.689ms
[2025-10-14T11:00:44.540+0300][30.646s][info][gc,alloc    ] GC(20) O:                         Mark Start        Mark End      Relocate Start    Relocate End   
[2025-10-14T11:00:44.540+0300][30.646s][info][gc,alloc    ] GC(20) O: Allocation Stalls:          0                0                0                0         
[2025-10-14T11:00:44.540+0300][30.646s][info][gc,load     ] GC(20) O: Load: 18.66 (187%) / 15.40 (154%) / 13.85 (138%)
[2025-10-14T11:00:44.540+0300][30.646s][info][gc,mmu      ] GC(20) O: MMU: 2ms/91.4%, 5ms/96.6%, 10ms/98.3%, 20ms/99.1%, 50ms/99.6%, 100ms/99.8%
[2025-10-14T11:00:44.540+0300][30.646s][info][gc,marking  ] GC(20) O: Mark: 1 stripe(s), 2 proactive flush(es), 1 terminate flush(es), 0 completion(s), 0 continuation(s) 
[2025-10-14T11:00:44.540+0300][30.646s][info][gc,nmethod  ] GC(20) O: NMethods: 891 registered, 67 unregistered
[2025-10-14T11:00:44.540+0300][30.646s][info][gc,metaspace] GC(20) O: Metaspace: 3M used, 3M committed, 1088M reserved
[2025-10-14T11:00:44.540+0300][30.646s][info][gc,ref      ] GC(20) O:                       Encountered   Discovered     Enqueued 
[2025-10-14T11:00:44.540+0300][30.646s][info][gc,ref      ] GC(20) O: Soft References:              289            0            0 
[2025-10-14T11:00:44.540+0300][30.646s][info][gc,ref      ] GC(20) O: Weak References:              541          492            0 
[2025-10-14T11:00:44.540+0300][30.646s][info][gc,ref      ] GC(20) O: Final References:               0            0            0 
[2025-10-14T11:00:44.540+0300][30.646s][info][gc,ref      ] GC(20) O: Phantom References:            53           52            0 
[2025-10-14T11:00:44.540+0300][30.646s][info][gc,reloc    ] GC(20) O:                        Candidates     Selected     In-Place         Size        Empty    Relocated 
[2025-10-14T11:00:44.540+0300][30.646s][info][gc,reloc    ] GC(20) O: Small Pages:                    3            1            0           6M           0M           1M 
[2025-10-14T11:00:44.540+0300][30.646s][info][gc,reloc    ] GC(20) O: Medium Pages:                   1            0            0          32M           0M           0M 
[2025-10-14T11:00:44.540+0300][30.646s][info][gc,reloc    ] GC(20) O: Large Pages:                    0            0            0           0M           0M           0M 
[2025-10-14T11:00:44.540+0300][30.646s][info][gc,reloc    ] GC(20) O: Forwarding Usage: 0M
[2025-10-14T11:00:44.540+0300][30.646s][info][gc,heap     ] GC(20) O: Min Capacity: 8M(0%)
[2025-10-14T11:00:44.540+0300][30.646s][info][gc,heap     ] GC(20) O: Max Capacity: 8192M(100%)
[2025-10-14T11:00:44.540+0300][30.646s][info][gc,heap     ] GC(20) O: Soft Max Capacity: 8192M(100%)
[2025-10-14T11:00:44.540+0300][30.646s][info][gc,heap     ] GC(20) O: Heap Statistics:
[2025-10-14T11:00:44.540+0300][30.646s][info][gc,heap     ] GC(20) O:                Mark Start          Mark End        Relocate Start      Relocate End           High               Low         
[2025-10-14T11:00:44.540+0300][30.646s][info][gc,heap     ] GC(20) O:  Capacity:     7806M (95%)        7806M (95%)        7806M (95%)        7806M (95%)        7806M (95%)        7806M (95%)    
[2025-10-14T11:00:44.540+0300][30.646s][info][gc,heap     ] GC(20) O:      Free:     4364M (53%)        7710M (94%)        7702M (94%)        7698M (94%)        7726M (94%)        4348M (53%)    
[2025-10-14T11:00:44.540+0300][30.646s][info][gc,heap     ] GC(20) O:      Used:     3828M (47%)         482M (6%)          490M (6%)          494M (6%)         3844M (47%)         466M (6%)     
[2025-10-14T11:00:44.540+0300][30.646s][info][gc,heap     ] GC(20) O: Old Generation Statistics:
[2025-10-14T11:00:44.540+0300][30.646s][info][gc,heap     ] GC(20) O:                Mark Start          Mark End        Relocate Start      Relocate End    
[2025-10-14T11:00:44.540+0300][30.646s][info][gc,heap     ] GC(20) O:      Used:       38M (0%)           38M (0%)           38M (0%)           38M (0%)     
[2025-10-14T11:00:44.540+0300][30.646s][info][gc,heap     ] GC(20) O:      Live:         -                 3M (0%)            3M (0%)            3M (0%)     
[2025-10-14T11:00:44.540+0300][30.646s][info][gc,heap     ] GC(20) O:   Garbage:         -                34M (0%)           34M (0%)           31M (0%)     
[2025-10-14T11:00:44.540+0300][30.646s][info][gc,heap     ] GC(20) O: Allocated:         -                 0M (0%)            0M (0%)            2M (0%)     
[2025-10-14T11:00:44.540+0300][30.646s][info][gc,heap     ] GC(20) O: Reclaimed:         -                  -                 0M (0%)            2M (0%)     
[2025-10-14T11:00:44.540+0300][30.646s][info][gc,heap     ] GC(20) O: Compacted:         -                  -                  -                 1M (0%)     
[2025-10-14T11:00:44.540+0300][30.646s][info][gc,phases   ] GC(20) O: Old Generation 468M(6%)->494M(6%) 0.007s
[2025-10-14T11:00:44.540+0300][30.646s][info][gc          ] GC(20) Major Collection (Proactive) 3828M(47%)->494M(6%) 0.014s
[2025-10-14T11:00:45.325+0300][31.430s][info][gc          ] GC(21) Major Collection (Proactive)
[2025-10-14T11:00:45.325+0300][31.431s][info][gc,task     ] GC(21) Using 1 Workers for Young Generation
[2025-10-14T11:00:45.325+0300][31.431s][info][gc,task     ] GC(21) Using 1 Workers for Old Generation
[2025-10-14T11:00:45.325+0300][31.431s][info][gc,phases   ] GC(21) Y: Young Generation
[2025-10-14T11:00:45.325+0300][31.431s][info][gc,phases   ] GC(21) Y: Pause Mark Start (Major) 0.015ms
[2025-10-14T11:00:45.329+0300][31.435s][info][gc,phases   ] GC(21) Y: Concurrent Mark 4.123ms
[2025-10-14T11:00:45.329+0300][31.435s][info][gc,phases   ] GC(21) Y: Pause Mark End 0.013ms
[2025-10-14T11:00:45.329+0300][31.435s][info][gc,phases   ] GC(21) Y: Concurrent Mark Free 0.000ms
[2025-10-14T11:00:45.329+0300][31.435s][info][gc,phases   ] GC(21) Y: Concurrent Reset Relocation Set 0.003ms
[2025-10-14T11:00:45.331+0300][31.437s][info][gc,reloc    ] GC(21) Y: Using tenuring threshold: 1 (Computed)
[2025-10-14T11:00:45.331+0300][31.437s][info][gc,phases   ] GC(21) Y: Concurrent Select Relocation Set 2.140ms
[2025-10-14T11:00:45.331+0300][31.437s][info][gc,phases   ] GC(21) Y: Pause Relocate Start 0.005ms
[2025-10-14T11:00:45.332+0300][31.437s][info][gc,phases   ] GC(21) Y: Concurrent Relocate 0.189ms
[2025-10-14T11:00:45.332+0300][31.437s][info][gc,alloc    ] GC(21) Y:                         Mark Start        Mark End      Relocate Start    Relocate End   
[2025-10-14T11:00:45.332+0300][31.438s][info][gc,alloc    ] GC(21) Y: Allocation Stalls:          0                0                0                0         
[2025-10-14T11:00:45.332+0300][31.438s][info][gc,load     ] GC(21) Y: Load: 18.66 (187%) / 15.40 (154%) / 13.85 (138%)
[2025-10-14T11:00:45.332+0300][31.438s][info][gc,mmu      ] GC(21) Y: MMU: 2ms/91.4%, 5ms/96.6%, 10ms/98.3%, 20ms/99.1%, 50ms/99.6%, 100ms/99.8%
[2025-10-14T11:00:45.332+0300][31.438s][info][gc,marking  ] GC(21) Y: Mark: 1 stripe(s), 2 proactive flush(es), 1 terminate flush(es), 0 completion(s), 0 continuation(s) 
[2025-10-14T11:00:45.332+0300][31.438s][info][gc,nmethod  ] GC(21) Y: NMethods: 891 registered, 67 unregistered
[2025-10-14T11:00:45.332+0300][31.438s][info][gc,metaspace] GC(21) Y: Metaspace: 3M used, 3M committed, 1088M reserved
[2025-10-14T11:00:45.332+0300][31.438s][info][gc,reloc    ] GC(21) Y:                        Candidates     Selected     In-Place         Size        Empty    Relocated 
[2025-10-14T11:00:45.332+0300][31.438s][info][gc,reloc    ] GC(21) Y: Small Pages:                 1823            1            0        3646M        3236M           1M 
[2025-10-14T11:00:45.332+0300][31.438s][info][gc,reloc    ] GC(21) Y: Medium Pages:                   0            0            0           0M           0M           0M 
[2025-10-14T11:00:45.332+0300][31.438s][info][gc,reloc    ] GC(21) Y: Large Pages:                    0            0            0           0M           0M           0M 
[2025-10-14T11:00:45.332+0300][31.438s][info][gc,reloc    ] GC(21) Y: Forwarding Usage: 0M
[2025-10-14T11:00:45.332+0300][31.438s][info][gc,reloc    ] GC(21) Y: Age Table:
[2025-10-14T11:00:45.332+0300][31.438s][info][gc,reloc    ] GC(21) Y:                    Live             Garbage             Small              Medium             Large        
[2025-10-14T11:00:45.332+0300][31.438s][info][gc,reloc    ] GC(21) Y: Eden             312M (4%)         2927M (36%)       1620 / 1              0 / 0              0 / 0        
[2025-10-14T11:00:45.332+0300][31.438s][info][gc,reloc    ] GC(21) Y: Survivor 1          -               406M (5%)         203 / 0              0 / 0              0 / 0        
[2025-10-14T11:00:45.332+0300][31.438s][info][gc,heap     ] GC(21) Y: Min Capacity: 8M(0%)
[2025-10-14T11:00:45.332+0300][31.438s][info][gc,heap     ] GC(21) Y: Max Capacity: 8192M(100%)
[2025-10-14T11:00:45.332+0300][31.438s][info][gc,heap     ] GC(21) Y: Soft Max Capacity: 8192M(100%)
[2025-10-14T11:00:45.332+0300][31.438s][info][gc,heap     ] GC(21) Y: Heap Statistics:
[2025-10-14T11:00:45.332+0300][31.438s][info][gc,heap     ] GC(21) Y:                Mark Start          Mark End        Relocate Start      Relocate End           High               Low         
[2025-10-14T11:00:45.332+0300][31.438s][info][gc,heap     ] GC(21) Y:  Capacity:     7806M (95%)        7806M (95%)        7806M (95%)        7806M (95%)        7806M (95%)        7806M (95%)    
[2025-10-14T11:00:45.332+0300][31.438s][info][gc,heap     ] GC(21) Y:      Free:     4508M (55%)        4494M (55%)        7726M (94%)        7728M (94%)        7728M (94%)        4494M (55%)    
[2025-10-14T11:00:45.332+0300][31.438s][info][gc,heap     ] GC(21) Y:      Used:     3684M (45%)        3698M (45%)         466M (6%)          464M (6%)         3698M (45%)         464M (6%)     
[2025-10-14T11:00:45.332+0300][31.438s][info][gc,heap     ] GC(21) Y: Young Generation Statistics:
[2025-10-14T11:00:45.332+0300][31.438s][info][gc,heap     ] GC(21) Y:                Mark Start          Mark End        Relocate Start      Relocate End    
[2025-10-14T11:00:45.332+0300][31.438s][info][gc,heap     ] GC(21) Y:      Used:     3646M (45%)        3660M (45%)         428M (5%)          426M (5%)     
[2025-10-14T11:00:45.332+0300][31.438s][info][gc,heap     ] GC(21) Y:      Live:         -               312M (4%)          312M (4%)          312M (4%)     
[2025-10-14T11:00:45.332+0300][31.438s][info][gc,heap     ] GC(21) Y:   Garbage:         -              3333M (41%)          97M (1%)           94M (1%)     
[2025-10-14T11:00:45.332+0300][31.438s][info][gc,heap     ] GC(21) Y: Allocated:         -                14M (0%)           18M (0%)           18M (0%)     
[2025-10-14T11:00:45.332+0300][31.438s][info][gc,heap     ] GC(21) Y: Reclaimed:         -                  -              3236M (40%)        3238M (40%)    
[2025-10-14T11:00:45.332+0300][31.438s][info][gc,heap     ] GC(21) Y:  Promoted:         -                  -                 0M (0%)            0M (0%)     
[2025-10-14T11:00:45.332+0300][31.438s][info][gc,heap     ] GC(21) Y: Compacted:         -                  -                  -                 1M (0%)     
[2025-10-14T11:00:45.332+0300][31.438s][info][gc,phases   ] GC(21) Y: Young Generation 3684M(45%)->464M(6%) 0.007s
[2025-10-14T11:00:45.332+0300][31.438s][info][gc,phases   ] GC(21) O: Old Generation
[2025-10-14T11:00:45.336+0300][31.442s][info][gc,phases   ] GC(21) O: Concurrent Mark 4.107ms
[2025-10-14T11:00:45.336+0300][31.442s][info][gc,phases   ] GC(21) O: Pause Mark End 0.014ms
[2025-10-14T11:00:45.336+0300][31.442s][info][gc,phases   ] GC(21) O: Concurrent Mark Free 0.001ms
[2025-10-14T11:00:45.338+0300][31.444s][info][gc,phases   ] GC(21) O: Concurrent Process Non-Strong 1.532ms
[2025-10-14T11:00:45.338+0300][31.444s][info][gc,phases   ] GC(21) O: Concurrent Reset Relocation Set 0.000ms
[2025-10-14T11:00:45.338+0300][31.444s][info][gc,phases   ] GC(21) O: Concurrent Select Relocation Set 0.053ms
[2025-10-14T11:00:45.338+0300][31.444s][info][gc,task     ] GC(21) O: Using 2 Workers for Old Generation
[2025-10-14T11:00:45.338+0300][31.444s][info][gc,task     ] GC(21) O: Using 1 Workers for Old Generation
[2025-10-14T11:00:45.338+0300][31.444s][info][gc,phases   ] GC(21) O: Concurrent Remap Roots 0.525ms
[2025-10-14T11:00:45.339+0300][31.444s][info][gc,phases   ] GC(21) O: Pause Relocate Start 0.007ms
[2025-10-14T11:00:45.340+0300][31.445s][info][gc,phases   ] GC(21) O: Concurrent Relocate 1.019ms
[2025-10-14T11:00:45.340+0300][31.445s][info][gc,alloc    ] GC(21) O:                         Mark Start        Mark End      Relocate Start    Relocate End   
[2025-10-14T11:00:45.340+0300][31.445s][info][gc,alloc    ] GC(21) O: Allocation Stalls:          0                0                0                0         
[2025-10-14T11:00:45.340+0300][31.445s][info][gc,load     ] GC(21) O: Load: 18.66 (187%) / 15.40 (154%) / 13.85 (138%)
[2025-10-14T11:00:45.340+0300][31.445s][info][gc,mmu      ] GC(21) O: MMU: 2ms/91.4%, 5ms/96.6%, 10ms/98.3%, 20ms/99.1%, 50ms/99.6%, 100ms/99.8%
[2025-10-14T11:00:45.340+0300][31.445s][info][gc,marking  ] GC(21) O: Mark: 1 stripe(s), 2 proactive flush(es), 1 terminate flush(es), 0 completion(s), 0 continuation(s) 
[2025-10-14T11:00:45.340+0300][31.446s][info][gc,nmethod  ] GC(21) O: NMethods: 891 registered, 67 unregistered
[2025-10-14T11:00:45.340+0300][31.446s][info][gc,metaspace] GC(21) O: Metaspace: 3M used, 3M committed, 1088M reserved
[2025-10-14T11:00:45.340+0300][31.446s][info][gc,ref      ] GC(21) O:                       Encountered   Discovered     Enqueued 
[2025-10-14T11:00:45.340+0300][31.446s][info][gc,ref      ] GC(21) O: Soft References:              289            0            0 
[2025-10-14T11:00:45.340+0300][31.446s][info][gc,ref      ] GC(21) O: Weak References:              541          492            0 
[2025-10-14T11:00:45.340+0300][31.446s][info][gc,ref      ] GC(21) O: Final References:               0            0            0 
[2025-10-14T11:00:45.340+0300][31.446s][info][gc,ref      ] GC(21) O: Phantom References:            53           52            0 
[2025-10-14T11:00:45.340+0300][31.446s][info][gc,reloc    ] GC(21) O:                        Candidates     Selected     In-Place         Size        Empty    Relocated 
[2025-10-14T11:00:45.340+0300][31.446s][info][gc,reloc    ] GC(21) O: Small Pages:                    3            1            0           6M           0M           1M 
[2025-10-14T11:00:45.340+0300][31.446s][info][gc,reloc    ] GC(21) O: Medium Pages:                   1            0            0          32M           0M           0M 
[2025-10-14T11:00:45.340+0300][31.446s][info][gc,reloc    ] GC(21) O: Large Pages:                    0            0            0           0M           0M           0M 
[2025-10-14T11:00:45.340+0300][31.446s][info][gc,reloc    ] GC(21) O: Forwarding Usage: 0M
[2025-10-14T11:00:45.340+0300][31.446s][info][gc,heap     ] GC(21) O: Min Capacity: 8M(0%)
[2025-10-14T11:00:45.340+0300][31.446s][info][gc,heap     ] GC(21) O: Max Capacity: 8192M(100%)
[2025-10-14T11:00:45.340+0300][31.446s][info][gc,heap     ] GC(21) O: Soft Max Capacity: 8192M(100%)
[2025-10-14T11:00:45.340+0300][31.446s][info][gc,heap     ] GC(21) O: Heap Statistics:
[2025-10-14T11:00:45.340+0300][31.446s][info][gc,heap     ] GC(21) O:                Mark Start          Mark End        Relocate Start      Relocate End           High               Low         
[2025-10-14T11:00:45.340+0300][31.446s][info][gc,heap     ] GC(21) O:  Capacity:     7806M (95%)        7806M (95%)        7806M (95%)        7806M (95%)        7806M (95%)        7806M (95%)    
[2025-10-14T11:00:45.340+0300][31.446s][info][gc,heap     ] GC(21) O:      Free:     4508M (55%)        7714M (94%)        7710M (94%)        7708M (94%)        7728M (94%)        4494M (55%)    
[2025-10-14T11:00:45.340+0300][31.446s][info][gc,heap     ] GC(21) O:      Used:     3684M (45%)         478M (6%)          482M (6%)          484M (6%)         3698M (45%)         464M (6%)     
[2025-10-14T11:00:45.340+0300][31.446s][info][gc,heap     ] GC(21) O: Old Generation Statistics:
[2025-10-14T11:00:45.340+0300][31.446s][info][gc,heap     ] GC(21) O:                Mark Start          Mark End        Relocate Start      Relocate End    
[2025-10-14T11:00:45.340+0300][31.446s][info][gc,heap     ] GC(21) O:      Used:       38M (0%)           38M (0%)           38M (0%)           38M (0%)     
[2025-10-14T11:00:45.340+0300][31.446s][info][gc,heap     ] GC(21) O:      Live:         -                 3M (0%)            3M (0%)            3M (0%)     
[2025-10-14T11:00:45.340+0300][31.446s][info][gc,heap     ] GC(21) O:   Garbage:         -                34M (0%)           34M (0%)           31M (0%)     
[2025-10-14T11:00:45.340+0300][31.446s][info][gc,heap     ] GC(21) O: Allocated:         -                 0M (0%)            0M (0%)            2M (0%)     
[2025-10-14T11:00:45.340+0300][31.446s][info][gc,heap     ] GC(21) O: Reclaimed:         -                  -                 0M (0%)            2M (0%)     
[2025-10-14T11:00:45.340+0300][31.446s][info][gc,heap     ] GC(21) O: Compacted:         -                  -                  -                 1M (0%)     
[2025-10-14T11:00:45.340+0300][31.446s][info][gc,phases   ] GC(21) O: Old Generation 466M(6%)->484M(6%) 0.008s
[2025-10-14T11:00:45.340+0300][31.446s][info][gc          ] GC(21) Major Collection (Proactive) 3684M(45%)->486M(6%) 0.015s
[2025-10-14T11:00:46.256+0300][32.361s][info][gc          ] GC(22) Major Collection (Proactive)
[2025-10-14T11:00:46.256+0300][32.361s][info][gc,task     ] GC(22) Using 1 Workers for Young Generation
[2025-10-14T11:00:46.256+0300][32.361s][info][gc,task     ] GC(22) Using 1 Workers for Old Generation
[2025-10-14T11:00:46.256+0300][32.362s][info][gc,phases   ] GC(22) Y: Young Generation
[2025-10-14T11:00:46.256+0300][32.362s][info][gc,phases   ] GC(22) Y: Pause Mark Start (Major) 0.007ms
[2025-10-14T11:00:46.260+0300][32.366s][info][gc,phases   ] GC(22) Y: Concurrent Mark 4.168ms
[2025-10-14T11:00:46.260+0300][32.366s][info][gc,phases   ] GC(22) Y: Pause Mark End 0.010ms
[2025-10-14T11:00:46.260+0300][32.366s][info][gc,phases   ] GC(22) Y: Concurrent Mark Free 0.000ms
[2025-10-14T11:00:46.260+0300][32.366s][info][gc,phases   ] GC(22) Y: Concurrent Reset Relocation Set 0.001ms
[2025-10-14T11:00:46.261+0300][32.367s][info][gc,reloc    ] GC(22) Y: Using tenuring threshold: 1 (Computed)
[2025-10-14T11:00:46.261+0300][32.367s][info][gc,phases   ] GC(22) Y: Concurrent Select Relocation Set 1.264ms
[2025-10-14T11:00:46.262+0300][32.367s][info][gc,phases   ] GC(22) Y: Pause Relocate Start 0.005ms
[2025-10-14T11:00:46.262+0300][32.368s][info][gc,phases   ] GC(22) Y: Concurrent Relocate 0.235ms
[2025-10-14T11:00:46.262+0300][32.368s][info][gc,alloc    ] GC(22) Y:                         Mark Start        Mark End      Relocate Start    Relocate End   
[2025-10-14T11:00:46.262+0300][32.368s][info][gc,alloc    ] GC(22) Y: Allocation Stalls:          0                0                0                0         
[2025-10-14T11:00:46.262+0300][32.368s][info][gc,load     ] GC(22) Y: Load: 18.66 (187%) / 15.40 (154%) / 13.85 (138%)
[2025-10-14T11:00:46.262+0300][32.368s][info][gc,mmu      ] GC(22) Y: MMU: 2ms/91.4%, 5ms/96.6%, 10ms/98.3%, 20ms/99.1%, 50ms/99.6%, 100ms/99.8%
[2025-10-14T11:00:46.262+0300][32.368s][info][gc,marking  ] GC(22) Y: Mark: 1 stripe(s), 2 proactive flush(es), 1 terminate flush(es), 0 completion(s), 0 continuation(s) 
[2025-10-14T11:00:46.262+0300][32.368s][info][gc,nmethod  ] GC(22) Y: NMethods: 891 registered, 67 unregistered
[2025-10-14T11:00:46.262+0300][32.368s][info][gc,metaspace] GC(22) Y: Metaspace: 3M used, 3M committed, 1088M reserved
[2025-10-14T11:00:46.262+0300][32.368s][info][gc,reloc    ] GC(22) Y:                        Candidates     Selected     In-Place         Size        Empty    Relocated 
[2025-10-14T11:00:46.262+0300][32.368s][info][gc,reloc    ] GC(22) Y: Small Pages:                 2161            3            0        4322M        3910M           2M 
[2025-10-14T11:00:46.262+0300][32.368s][info][gc,reloc    ] GC(22) Y: Medium Pages:                   0            0            0           0M           0M           0M 
[2025-10-14T11:00:46.262+0300][32.368s][info][gc,reloc    ] GC(22) Y: Large Pages:                    0            0            0           0M           0M           0M 
[2025-10-14T11:00:46.262+0300][32.368s][info][gc,reloc    ] GC(22) Y: Forwarding Usage: 0M
[2025-10-14T11:00:46.262+0300][32.368s][info][gc,reloc    ] GC(22) Y: Age Table:
[2025-10-14T11:00:46.262+0300][32.368s][info][gc,reloc    ] GC(22) Y:                    Live             Garbage             Small              Medium             Large        
[2025-10-14T11:00:46.262+0300][32.368s][info][gc,reloc    ] GC(22) Y: Eden             312M (4%)         3601M (44%)       1957 / 3              0 / 0              0 / 0        
[2025-10-14T11:00:46.262+0300][32.368s][info][gc,reloc    ] GC(22) Y: Survivor 1          -               408M (5%)         204 / 0              0 / 0              0 / 0        
[2025-10-14T11:00:46.262+0300][32.368s][info][gc,heap     ] GC(22) Y: Min Capacity: 8M(0%)
[2025-10-14T11:00:46.262+0300][32.368s][info][gc,heap     ] GC(22) Y: Max Capacity: 8192M(100%)
[2025-10-14T11:00:46.262+0300][32.368s][info][gc,heap     ] GC(22) Y: Soft Max Capacity: 8192M(100%)
[2025-10-14T11:00:46.262+0300][32.368s][info][gc,heap     ] GC(22) Y: Heap Statistics:
[2025-10-14T11:00:46.262+0300][32.368s][info][gc,heap     ] GC(22) Y:                Mark Start          Mark End        Relocate Start      Relocate End           High               Low         
[2025-10-14T11:00:46.262+0300][32.368s][info][gc,heap     ] GC(22) Y:  Capacity:     7806M (95%)        7806M (95%)        7806M (95%)        7806M (95%)        7806M (95%)        7806M (95%)    
[2025-10-14T11:00:46.262+0300][32.368s][info][gc,heap     ] GC(22) Y:      Free:     3832M (47%)        3816M (47%)        7722M (94%)        7728M (94%)        7728M (94%)        3816M (47%)    
[2025-10-14T11:00:46.262+0300][32.368s][info][gc,heap     ] GC(22) Y:      Used:     4360M (53%)        4376M (53%)         470M (6%)          464M (6%)         4376M (53%)         464M (6%)     
[2025-10-14T11:00:46.262+0300][32.368s][info][gc,heap     ] GC(22) Y: Young Generation Statistics:
[2025-10-14T11:00:46.262+0300][32.368s][info][gc,heap     ] GC(22) Y:                Mark Start          Mark End        Relocate Start      Relocate End    
[2025-10-14T11:00:46.262+0300][32.368s][info][gc,heap     ] GC(22) Y:      Used:     4322M (53%)        4338M (53%)         432M (5%)          426M (5%)     
[2025-10-14T11:00:46.262+0300][32.368s][info][gc,heap     ] GC(22) Y:      Live:         -               312M (4%)          312M (4%)          312M (4%)     
[2025-10-14T11:00:46.262+0300][32.368s][info][gc,heap     ] GC(22) Y:   Garbage:         -              4009M (49%)          99M (1%)           92M (1%)     
[2025-10-14T11:00:46.262+0300][32.368s][info][gc,heap     ] GC(22) Y: Allocated:         -                16M (0%)           20M (0%)           20M (0%)     
[2025-10-14T11:00:46.262+0300][32.368s][info][gc,heap     ] GC(22) Y: Reclaimed:         -                  -              3910M (48%)        3916M (48%)    
[2025-10-14T11:00:46.262+0300][32.368s][info][gc,heap     ] GC(22) Y:  Promoted:         -                  -                 0M (0%)            0M (0%)     
[2025-10-14T11:00:46.262+0300][32.368s][info][gc,heap     ] GC(22) Y: Compacted:         -                  -                  -                 3M (0%)     
[2025-10-14T11:00:46.262+0300][32.368s][info][gc,phases   ] GC(22) Y: Young Generation 4360M(53%)->464M(6%) 0.006s
[2025-10-14T11:00:46.262+0300][32.368s][info][gc,phases   ] GC(22) O: Old Generation
[2025-10-14T11:00:46.266+0300][32.372s][info][gc,phases   ] GC(22) O: Concurrent Mark 3.683ms
[2025-10-14T11:00:46.266+0300][32.372s][info][gc,phases   ] GC(22) O: Pause Mark End 0.010ms
[2025-10-14T11:00:46.266+0300][32.372s][info][gc,phases   ] GC(22) O: Concurrent Mark Free 0.002ms
[2025-10-14T11:00:46.268+0300][32.373s][info][gc,phases   ] GC(22) O: Concurrent Process Non-Strong 1.670ms
[2025-10-14T11:00:46.268+0300][32.373s][info][gc,phases   ] GC(22) O: Concurrent Reset Relocation Set 0.001ms
[2025-10-14T11:00:46.268+0300][32.374s][info][gc,phases   ] GC(22) O: Concurrent Select Relocation Set 0.058ms
[2025-10-14T11:00:46.268+0300][32.374s][info][gc,task     ] GC(22) O: Using 2 Workers for Old Generation
[2025-10-14T11:00:46.268+0300][32.374s][info][gc,task     ] GC(22) O: Using 1 Workers for Old Generation
[2025-10-14T11:00:46.268+0300][32.374s][info][gc,phases   ] GC(22) O: Concurrent Remap Roots 0.420ms
[2025-10-14T11:00:46.268+0300][32.374s][info][gc,phases   ] GC(22) O: Pause Relocate Start 0.004ms
[2025-10-14T11:00:46.269+0300][32.375s][info][gc,phases   ] GC(22) O: Concurrent Relocate 0.790ms
[2025-10-14T11:00:46.269+0300][32.375s][info][gc,alloc    ] GC(22) O:                         Mark Start        Mark End      Relocate Start    Relocate End   
[2025-10-14T11:00:46.269+0300][32.375s][info][gc,alloc    ] GC(22) O: Allocation Stalls:          0                0                0                0         
[2025-10-14T11:00:46.269+0300][32.375s][info][gc,load     ] GC(22) O: Load: 18.66 (187%) / 15.40 (154%) / 13.85 (138%)
[2025-10-14T11:00:46.269+0300][32.375s][info][gc,mmu      ] GC(22) O: MMU: 2ms/91.4%, 5ms/96.6%, 10ms/98.3%, 20ms/99.1%, 50ms/99.6%, 100ms/99.8%
[2025-10-14T11:00:46.269+0300][32.375s][info][gc,marking  ] GC(22) O: Mark: 1 stripe(s), 2 proactive flush(es), 1 terminate flush(es), 0 completion(s), 0 continuation(s) 
[2025-10-14T11:00:46.269+0300][32.375s][info][gc,nmethod  ] GC(22) O: NMethods: 891 registered, 67 unregistered
[2025-10-14T11:00:46.269+0300][32.375s][info][gc,metaspace] GC(22) O: Metaspace: 3M used, 3M committed, 1088M reserved
[2025-10-14T11:00:46.269+0300][32.375s][info][gc,ref      ] GC(22) O:                       Encountered   Discovered     Enqueued 
[2025-10-14T11:00:46.269+0300][32.375s][info][gc,ref      ] GC(22) O: Soft References:              289            0            0 
[2025-10-14T11:00:46.269+0300][32.375s][info][gc,ref      ] GC(22) O: Weak References:              541          492            0 
[2025-10-14T11:00:46.269+0300][32.375s][info][gc,ref      ] GC(22) O: Final References:               0            0            0 
[2025-10-14T11:00:46.269+0300][32.375s][info][gc,ref      ] GC(22) O: Phantom References:            53           52            0 
[2025-10-14T11:00:46.269+0300][32.375s][info][gc,reloc    ] GC(22) O:                        Candidates     Selected     In-Place         Size        Empty    Relocated 
[2025-10-14T11:00:46.269+0300][32.375s][info][gc,reloc    ] GC(22) O: Small Pages:                    3            1            0           6M           0M           1M 
[2025-10-14T11:00:46.269+0300][32.375s][info][gc,reloc    ] GC(22) O: Medium Pages:                   1            0            0          32M           0M           0M 
[2025-10-14T11:00:46.269+0300][32.375s][info][gc,reloc    ] GC(22) O: Large Pages:                    0            0            0           0M           0M           0M 
[2025-10-14T11:00:46.269+0300][32.375s][info][gc,reloc    ] GC(22) O: Forwarding Usage: 0M
[2025-10-14T11:00:46.269+0300][32.375s][info][gc,heap     ] GC(22) O: Min Capacity: 8M(0%)
[2025-10-14T11:00:46.269+0300][32.375s][info][gc,heap     ] GC(22) O: Max Capacity: 8192M(100%)
[2025-10-14T11:00:46.269+0300][32.375s][info][gc,heap     ] GC(22) O: Soft Max Capacity: 8192M(100%)
[2025-10-14T11:00:46.269+0300][32.375s][info][gc,heap     ] GC(22) O: Heap Statistics:
[2025-10-14T11:00:46.269+0300][32.375s][info][gc,heap     ] GC(22) O:                Mark Start          Mark End        Relocate Start      Relocate End           High               Low         
[2025-10-14T11:00:46.269+0300][32.375s][info][gc,heap     ] GC(22) O:  Capacity:     7806M (95%)        7806M (95%)        7806M (95%)        7806M (95%)        7806M (95%)        7806M (95%)    
[2025-10-14T11:00:46.269+0300][32.375s][info][gc,heap     ] GC(22) O:      Free:     3832M (47%)        7710M (94%)        7702M (94%)        7700M (94%)        7728M (94%)        3816M (47%)    
[2025-10-14T11:00:46.269+0300][32.375s][info][gc,heap     ] GC(22) O:      Used:     4360M (53%)         482M (6%)          490M (6%)          492M (6%)         4376M (53%)         464M (6%)     
[2025-10-14T11:00:46.269+0300][32.375s][info][gc,heap     ] GC(22) O: Old Generation Statistics:
[2025-10-14T11:00:46.269+0300][32.375s][info][gc,heap     ] GC(22) O:                Mark Start          Mark End        Relocate Start      Relocate End    
[2025-10-14T11:00:46.269+0300][32.375s][info][gc,heap     ] GC(22) O:      Used:       38M (0%)           38M (0%)           38M (0%)           38M (0%)     
[2025-10-14T11:00:46.269+0300][32.375s][info][gc,heap     ] GC(22) O:      Live:         -                 3M (0%)            3M (0%)            3M (0%)     
[2025-10-14T11:00:46.269+0300][32.375s][info][gc,heap     ] GC(22) O:   Garbage:         -                34M (0%)           34M (0%)           31M (0%)     
[2025-10-14T11:00:46.269+0300][32.375s][info][gc,heap     ] GC(22) O: Allocated:         -                 0M (0%)            0M (0%)            2M (0%)     
[2025-10-14T11:00:46.269+0300][32.375s][info][gc,heap     ] GC(22) O: Reclaimed:         -                  -                 0M (0%)            2M (0%)     
[2025-10-14T11:00:46.269+0300][32.375s][info][gc,heap     ] GC(22) O: Compacted:         -                  -                  -                 1M (0%)     
[2025-10-14T11:00:46.269+0300][32.375s][info][gc,phases   ] GC(22) O: Old Generation 466M(6%)->492M(6%) 0.007s
[2025-10-14T11:00:46.269+0300][32.375s][info][gc          ] GC(22) Major Collection (Proactive) 4358M(53%)->494M(6%) 0.014s
[2025-10-14T11:00:47.109+0300][33.214s][info][gc          ] GC(23) Major Collection (Proactive)
[2025-10-14T11:00:47.109+0300][33.214s][info][gc,task     ] GC(23) Using 1 Workers for Young Generation
[2025-10-14T11:00:47.109+0300][33.215s][info][gc,task     ] GC(23) Using 1 Workers for Old Generation
[2025-10-14T11:00:47.109+0300][33.215s][info][gc,phases   ] GC(23) Y: Young Generation
[2025-10-14T11:00:47.109+0300][33.215s][info][gc,phases   ] GC(23) Y: Pause Mark Start (Major) 0.006ms
[2025-10-14T11:00:47.112+0300][33.218s][info][gc,phases   ] GC(23) Y: Concurrent Mark 3.368ms
[2025-10-14T11:00:47.112+0300][33.218s][info][gc,phases   ] GC(23) Y: Pause Mark End 0.009ms
[2025-10-14T11:00:47.112+0300][33.218s][info][gc,phases   ] GC(23) Y: Concurrent Mark Free 0.000ms
[2025-10-14T11:00:47.112+0300][33.218s][info][gc,phases   ] GC(23) Y: Concurrent Reset Relocation Set 0.001ms
[2025-10-14T11:00:47.113+0300][33.219s][info][gc,reloc    ] GC(23) Y: Using tenuring threshold: 1 (Computed)
[2025-10-14T11:00:47.113+0300][33.219s][info][gc,phases   ] GC(23) Y: Concurrent Select Relocation Set 0.790ms
[2025-10-14T11:00:47.113+0300][33.219s][info][gc,phases   ] GC(23) Y: Pause Relocate Start 0.003ms
[2025-10-14T11:00:47.113+0300][33.219s][info][gc,phases   ] GC(23) Y: Concurrent Relocate 0.120ms
[2025-10-14T11:00:47.113+0300][33.219s][info][gc,alloc    ] GC(23) Y:                         Mark Start        Mark End      Relocate Start    Relocate End   
[2025-10-14T11:00:47.113+0300][33.219s][info][gc,alloc    ] GC(23) Y: Allocation Stalls:          0                0                0                0         
[2025-10-14T11:00:47.113+0300][33.219s][info][gc,load     ] GC(23) Y: Load: 18.66 (187%) / 15.40 (154%) / 13.85 (138%)
[2025-10-14T11:00:47.113+0300][33.219s][info][gc,mmu      ] GC(23) Y: MMU: 2ms/91.4%, 5ms/96.6%, 10ms/98.3%, 20ms/99.1%, 50ms/99.6%, 100ms/99.8%
[2025-10-14T11:00:47.113+0300][33.219s][info][gc,marking  ] GC(23) Y: Mark: 1 stripe(s), 2 proactive flush(es), 1 terminate flush(es), 0 completion(s), 0 continuation(s) 
[2025-10-14T11:00:47.114+0300][33.219s][info][gc,nmethod  ] GC(23) Y: NMethods: 891 registered, 67 unregistered
[2025-10-14T11:00:47.114+0300][33.219s][info][gc,metaspace] GC(23) Y: Metaspace: 3M used, 3M committed, 1088M reserved
[2025-10-14T11:00:47.114+0300][33.219s][info][gc,reloc    ] GC(23) Y:                        Candidates     Selected     In-Place         Size        Empty    Relocated 
[2025-10-14T11:00:47.114+0300][33.219s][info][gc,reloc    ] GC(23) Y: Small Pages:                 2055            1            0        4110M        3700M           1M 
[2025-10-14T11:00:47.114+0300][33.219s][info][gc,reloc    ] GC(23) Y: Medium Pages:                   0            0            0           0M           0M           0M 
[2025-10-14T11:00:47.114+0300][33.219s][info][gc,reloc    ] GC(23) Y: Large Pages:                    0            0            0           0M           0M           0M 
[2025-10-14T11:00:47.114+0300][33.219s][info][gc,reloc    ] GC(23) Y: Forwarding Usage: 0M
[2025-10-14T11:00:47.114+0300][33.219s][info][gc,reloc    ] GC(23) Y: Age Table:
[2025-10-14T11:00:47.114+0300][33.219s][info][gc,reloc    ] GC(23) Y:                    Live             Garbage             Small              Medium             Large        
[2025-10-14T11:00:47.114+0300][33.219s][info][gc,reloc    ] GC(23) Y: Eden             312M (4%)         3391M (41%)       1852 / 1              0 / 0              0 / 0        
[2025-10-14T11:00:47.114+0300][33.219s][info][gc,reloc    ] GC(23) Y: Survivor 1          -               406M (5%)         203 / 0              0 / 0              0 / 0        
[2025-10-14T11:00:47.114+0300][33.219s][info][gc,heap     ] GC(23) Y: Min Capacity: 8M(0%)
[2025-10-14T11:00:47.114+0300][33.219s][info][gc,heap     ] GC(23) Y: Max Capacity: 8192M(100%)
[2025-10-14T11:00:47.114+0300][33.219s][info][gc,heap     ] GC(23) Y: Soft Max Capacity: 8192M(100%)
[2025-10-14T11:00:47.114+0300][33.219s][info][gc,heap     ] GC(23) Y: Heap Statistics:
[2025-10-14T11:00:47.114+0300][33.219s][info][gc,heap     ] GC(23) Y:                Mark Start          Mark End        Relocate Start      Relocate End           High               Low         
[2025-10-14T11:00:47.114+0300][33.219s][info][gc,heap     ] GC(23) Y:  Capacity:     7806M (95%)        7806M (95%)        7806M (95%)        7806M (95%)        7806M (95%)        7806M (95%)    
[2025-10-14T11:00:47.114+0300][33.219s][info][gc,heap     ] GC(23) Y:      Free:     4044M (49%)        4030M (49%)        7726M (94%)        7728M (94%)        7728M (94%)        4030M (49%)    
[2025-10-14T11:00:47.114+0300][33.219s][info][gc,heap     ] GC(23) Y:      Used:     4148M (51%)        4162M (51%)         466M (6%)          464M (6%)         4162M (51%)         464M (6%)     
[2025-10-14T11:00:47.114+0300][33.219s][info][gc,heap     ] GC(23) Y: Young Generation Statistics:
[2025-10-14T11:00:47.114+0300][33.219s][info][gc,heap     ] GC(23) Y:                Mark Start          Mark End        Relocate Start      Relocate End    
[2025-10-14T11:00:47.114+0300][33.219s][info][gc,heap     ] GC(23) Y:      Used:     4110M (50%)        4124M (50%)         428M (5%)          426M (5%)     
[2025-10-14T11:00:47.114+0300][33.219s][info][gc,heap     ] GC(23) Y:      Live:         -               312M (4%)          312M (4%)          312M (4%)     
[2025-10-14T11:00:47.114+0300][33.219s][info][gc,heap     ] GC(23) Y:   Garbage:         -              3797M (46%)          97M (1%)           94M (1%)     
[2025-10-14T11:00:47.114+0300][33.219s][info][gc,heap     ] GC(23) Y: Allocated:         -                14M (0%)           18M (0%)           18M (0%)     
[2025-10-14T11:00:47.114+0300][33.219s][info][gc,heap     ] GC(23) Y: Reclaimed:         -                  -              3700M (45%)        3702M (45%)    
[2025-10-14T11:00:47.114+0300][33.219s][info][gc,heap     ] GC(23) Y:  Promoted:         -                  -                 0M (0%)            0M (0%)     
[2025-10-14T11:00:47.114+0300][33.219s][info][gc,heap     ] GC(23) Y: Compacted:         -                  -                  -                 1M (0%)     
[2025-10-14T11:00:47.114+0300][33.219s][info][gc,phases   ] GC(23) Y: Young Generation 4148M(51%)->464M(6%) 0.005s
[2025-10-14T11:00:47.114+0300][33.219s][info][gc,phases   ] GC(23) O: Old Generation
[2025-10-14T11:00:47.117+0300][33.223s][info][gc,phases   ] GC(23) O: Concurrent Mark 3.643ms
[2025-10-14T11:00:47.117+0300][33.223s][info][gc,phases   ] GC(23) O: Pause Mark End 0.008ms
[2025-10-14T11:00:47.118+0300][33.223s][info][gc,phases   ] GC(23) O: Concurrent Mark Free 0.003ms
[2025-10-14T11:00:47.119+0300][33.225s][info][gc,phases   ] GC(23) O: Concurrent Process Non-Strong 1.561ms
[2025-10-14T11:00:47.119+0300][33.225s][info][gc,phases   ] GC(23) O: Concurrent Reset Relocation Set 0.001ms
[2025-10-14T11:00:47.119+0300][33.225s][info][gc,phases   ] GC(23) O: Concurrent Select Relocation Set 0.051ms
[2025-10-14T11:00:47.119+0300][33.225s][info][gc,task     ] GC(23) O: Using 2 Workers for Old Generation
[2025-10-14T11:00:47.120+0300][33.225s][info][gc,task     ] GC(23) O: Using 1 Workers for Old Generation
[2025-10-14T11:00:47.120+0300][33.225s][info][gc,phases   ] GC(23) O: Concurrent Remap Roots 0.426ms
[2025-10-14T11:00:47.120+0300][33.225s][info][gc,phases   ] GC(23) O: Pause Relocate Start 0.003ms
[2025-10-14T11:00:47.121+0300][33.226s][info][gc,phases   ] GC(23) O: Concurrent Relocate 0.958ms
[2025-10-14T11:00:47.121+0300][33.226s][info][gc,alloc    ] GC(23) O:                         Mark Start        Mark End      Relocate Start    Relocate End   
[2025-10-14T11:00:47.121+0300][33.226s][info][gc,alloc    ] GC(23) O: Allocation Stalls:          0                0                0                0         
[2025-10-14T11:00:47.121+0300][33.226s][info][gc,load     ] GC(23) O: Load: 18.66 (187%) / 15.40 (154%) / 13.85 (138%)
[2025-10-14T11:00:47.121+0300][33.226s][info][gc,mmu      ] GC(23) O: MMU: 2ms/91.4%, 5ms/96.6%, 10ms/98.3%, 20ms/99.1%, 50ms/99.6%, 100ms/99.8%
[2025-10-14T11:00:47.121+0300][33.226s][info][gc,marking  ] GC(23) O: Mark: 1 stripe(s), 2 proactive flush(es), 1 terminate flush(es), 0 completion(s), 0 continuation(s) 
[2025-10-14T11:00:47.121+0300][33.226s][info][gc,nmethod  ] GC(23) O: NMethods: 891 registered, 67 unregistered
[2025-10-14T11:00:47.121+0300][33.226s][info][gc,metaspace] GC(23) O: Metaspace: 3M used, 3M committed, 1088M reserved
[2025-10-14T11:00:47.121+0300][33.227s][info][gc,ref      ] GC(23) O:                       Encountered   Discovered     Enqueued 
[2025-10-14T11:00:47.121+0300][33.227s][info][gc,ref      ] GC(23) O: Soft References:              289            0            0 
[2025-10-14T11:00:47.121+0300][33.227s][info][gc,ref      ] GC(23) O: Weak References:              541          492            0 
[2025-10-14T11:00:47.121+0300][33.227s][info][gc,ref      ] GC(23) O: Final References:               0            0            0 
[2025-10-14T11:00:47.121+0300][33.227s][info][gc,ref      ] GC(23) O: Phantom References:            53           52            0 
[2025-10-14T11:00:47.121+0300][33.227s][info][gc,reloc    ] GC(23) O:                        Candidates     Selected     In-Place         Size        Empty    Relocated 
[2025-10-14T11:00:47.121+0300][33.227s][info][gc,reloc    ] GC(23) O: Small Pages:                    3            1            0           6M           0M           1M 
[2025-10-14T11:00:47.121+0300][33.227s][info][gc,reloc    ] GC(23) O: Medium Pages:                   1            0            0          32M           0M           0M 
[2025-10-14T11:00:47.121+0300][33.227s][info][gc,reloc    ] GC(23) O: Large Pages:                    0            0            0           0M           0M           0M 
[2025-10-14T11:00:47.121+0300][33.227s][info][gc,reloc    ] GC(23) O: Forwarding Usage: 0M
[2025-10-14T11:00:47.121+0300][33.227s][info][gc,heap     ] GC(23) O: Min Capacity: 8M(0%)
[2025-10-14T11:00:47.121+0300][33.227s][info][gc,heap     ] GC(23) O: Max Capacity: 8192M(100%)
[2025-10-14T11:00:47.121+0300][33.227s][info][gc,heap     ] GC(23) O: Soft Max Capacity: 8192M(100%)
[2025-10-14T11:00:47.121+0300][33.227s][info][gc,heap     ] GC(23) O: Heap Statistics:
[2025-10-14T11:00:47.121+0300][33.227s][info][gc,heap     ] GC(23) O:                Mark Start          Mark End        Relocate Start      Relocate End           High               Low         
[2025-10-14T11:00:47.121+0300][33.227s][info][gc,heap     ] GC(23) O:  Capacity:     7806M (95%)        7806M (95%)        7806M (95%)        7806M (95%)        7806M (95%)        7806M (95%)    
[2025-10-14T11:00:47.121+0300][33.227s][info][gc,heap     ] GC(23) O:      Free:     4044M (49%)        7710M (94%)        7704M (94%)        7700M (94%)        7728M (94%)        4030M (49%)    
[2025-10-14T11:00:47.121+0300][33.227s][info][gc,heap     ] GC(23) O:      Used:     4148M (51%)         482M (6%)          488M (6%)          492M (6%)         4162M (51%)         464M (6%)     
[2025-10-14T11:00:47.121+0300][33.227s][info][gc,heap     ] GC(23) O: Old Generation Statistics:
[2025-10-14T11:00:47.121+0300][33.227s][info][gc,heap     ] GC(23) O:                Mark Start          Mark End        Relocate Start      Relocate End    
[2025-10-14T11:00:47.121+0300][33.227s][info][gc,heap     ] GC(23) O:      Used:       38M (0%)           38M (0%)           38M (0%)           38M (0%)     
[2025-10-14T11:00:47.121+0300][33.227s][info][gc,heap     ] GC(23) O:      Live:         -                 3M (0%)            3M (0%)            3M (0%)     
[2025-10-14T11:00:47.121+0300][33.227s][info][gc,heap     ] GC(23) O:   Garbage:         -                34M (0%)           34M (0%)           31M (0%)     
[2025-10-14T11:00:47.121+0300][33.227s][info][gc,heap     ] GC(23) O: Allocated:         -                 0M (0%)            0M (0%)            2M (0%)     
[2025-10-14T11:00:47.121+0300][33.227s][info][gc,heap     ] GC(23) O: Reclaimed:         -                  -                 0M (0%)            2M (0%)     
[2025-10-14T11:00:47.121+0300][33.227s][info][gc,heap     ] GC(23) O: Compacted:         -                  -                  -                 1M (0%)     
[2025-10-14T11:00:47.121+0300][33.227s][info][gc,phases   ] GC(23) O: Old Generation 466M(6%)->492M(6%) 0.007s
[2025-10-14T11:00:47.121+0300][33.227s][info][gc          ] GC(23) Major Collection (Proactive) 4148M(51%)->494M(6%) 0.012s
[2025-10-14T11:00:47.908+0300][34.014s][info][gc          ] GC(24) Major Collection (Proactive)
[2025-10-14T11:00:47.908+0300][34.014s][info][gc,task     ] GC(24) Using 1 Workers for Young Generation
[2025-10-14T11:00:47.908+0300][34.014s][info][gc,task     ] GC(24) Using 1 Workers for Old Generation
[2025-10-14T11:00:47.908+0300][34.014s][info][gc,phases   ] GC(24) Y: Young Generation
[2025-10-14T11:00:47.909+0300][34.014s][info][gc,phases   ] GC(24) Y: Pause Mark Start (Major) 0.007ms
[2025-10-14T11:00:47.912+0300][34.018s][info][gc,phases   ] GC(24) Y: Concurrent Mark 3.580ms
[2025-10-14T11:00:47.912+0300][34.018s][info][gc,phases   ] GC(24) Y: Pause Mark End 0.012ms
[2025-10-14T11:00:47.912+0300][34.018s][info][gc,phases   ] GC(24) Y: Concurrent Mark Free 0.001ms
[2025-10-14T11:00:47.912+0300][34.018s][info][gc,phases   ] GC(24) Y: Concurrent Reset Relocation Set 0.001ms
[2025-10-14T11:00:47.913+0300][34.019s][info][gc,reloc    ] GC(24) Y: Using tenuring threshold: 1 (Computed)
[2025-10-14T11:00:47.913+0300][34.019s][info][gc,phases   ] GC(24) Y: Concurrent Select Relocation Set 0.686ms
[2025-10-14T11:00:47.913+0300][34.019s][info][gc,phases   ] GC(24) Y: Pause Relocate Start 0.005ms
[2025-10-14T11:00:47.913+0300][34.019s][info][gc,phases   ] GC(24) Y: Concurrent Relocate 0.093ms
[2025-10-14T11:00:47.913+0300][34.019s][info][gc,alloc    ] GC(24) Y:                         Mark Start        Mark End      Relocate Start    Relocate End   
[2025-10-14T11:00:47.913+0300][34.019s][info][gc,alloc    ] GC(24) Y: Allocation Stalls:          0                0                0                0         
[2025-10-14T11:00:47.913+0300][34.019s][info][gc,load     ] GC(24) Y: Load: 17.49 (175%) / 15.21 (152%) / 13.79 (138%)
[2025-10-14T11:00:47.913+0300][34.019s][info][gc,mmu      ] GC(24) Y: MMU: 2ms/91.4%, 5ms/96.6%, 10ms/98.3%, 20ms/99.1%, 50ms/99.6%, 100ms/99.8%
[2025-10-14T11:00:47.913+0300][34.019s][info][gc,marking  ] GC(24) Y: Mark: 1 stripe(s), 2 proactive flush(es), 1 terminate flush(es), 0 completion(s), 0 continuation(s) 
[2025-10-14T11:00:47.913+0300][34.019s][info][gc,nmethod  ] GC(24) Y: NMethods: 891 registered, 67 unregistered
[2025-10-14T11:00:47.913+0300][34.019s][info][gc,metaspace] GC(24) Y: Metaspace: 3M used, 3M committed, 1088M reserved
[2025-10-14T11:00:47.913+0300][34.019s][info][gc,reloc    ] GC(24) Y:                        Candidates     Selected     In-Place         Size        Empty    Relocated 
[2025-10-14T11:00:47.913+0300][34.019s][info][gc,reloc    ] GC(24) Y: Small Pages:                 1767            2            0        3534M        3122M           1M 
[2025-10-14T11:00:47.913+0300][34.019s][info][gc,reloc    ] GC(24) Y: Medium Pages:                   0            0            0           0M           0M           0M 
[2025-10-14T11:00:47.913+0300][34.019s][info][gc,reloc    ] GC(24) Y: Large Pages:                    0            0            0           0M           0M           0M 
[2025-10-14T11:00:47.913+0300][34.019s][info][gc,reloc    ] GC(24) Y: Forwarding Usage: 0M
[2025-10-14T11:00:47.913+0300][34.019s][info][gc,reloc    ] GC(24) Y: Age Table:
[2025-10-14T11:00:47.913+0300][34.019s][info][gc,reloc    ] GC(24) Y:                    Live             Garbage             Small              Medium             Large        
[2025-10-14T11:00:47.913+0300][34.019s][info][gc,reloc    ] GC(24) Y: Eden             312M (4%)         2813M (34%)       1563 / 2              0 / 0              0 / 0        
[2025-10-14T11:00:47.913+0300][34.019s][info][gc,reloc    ] GC(24) Y: Survivor 1          -               408M (5%)         204 / 0              0 / 0              0 / 0        
[2025-10-14T11:00:47.913+0300][34.019s][info][gc,heap     ] GC(24) Y: Min Capacity: 8M(0%)
[2025-10-14T11:00:47.913+0300][34.019s][info][gc,heap     ] GC(24) Y: Max Capacity: 8192M(100%)
[2025-10-14T11:00:47.914+0300][34.019s][info][gc,heap     ] GC(24) Y: Soft Max Capacity: 8192M(100%)
[2025-10-14T11:00:47.914+0300][34.019s][info][gc,heap     ] GC(24) Y: Heap Statistics:
[2025-10-14T11:00:47.914+0300][34.019s][info][gc,heap     ] GC(24) Y:                Mark Start          Mark End        Relocate Start      Relocate End           High               Low         
[2025-10-14T11:00:47.914+0300][34.019s][info][gc,heap     ] GC(24) Y:  Capacity:     7806M (95%)        7806M (95%)        7806M (95%)        7806M (95%)        7806M (95%)        7806M (95%)    
[2025-10-14T11:00:47.914+0300][34.019s][info][gc,heap     ] GC(24) Y:      Free:     4620M (56%)        4608M (56%)        7728M (94%)        7732M (94%)        7732M (94%)        4608M (56%)    
[2025-10-14T11:00:47.914+0300][34.019s][info][gc,heap     ] GC(24) Y:      Used:     3572M (44%)        3584M (44%)         464M (6%)          460M (6%)         3584M (44%)         460M (6%)     
[2025-10-14T11:00:47.914+0300][34.019s][info][gc,heap     ] GC(24) Y: Young Generation Statistics:
[2025-10-14T11:00:47.914+0300][34.019s][info][gc,heap     ] GC(24) Y:                Mark Start          Mark End        Relocate Start      Relocate End    
[2025-10-14T11:00:47.914+0300][34.019s][info][gc,heap     ] GC(24) Y:      Used:     3534M (43%)        3546M (43%)         426M (5%)          422M (5%)     
[2025-10-14T11:00:47.914+0300][34.019s][info][gc,heap     ] GC(24) Y:      Live:         -               312M (4%)          312M (4%)          312M (4%)     
[2025-10-14T11:00:47.914+0300][34.019s][info][gc,heap     ] GC(24) Y:   Garbage:         -              3221M (39%)          99M (1%)           94M (1%)     
[2025-10-14T11:00:47.914+0300][34.019s][info][gc,heap     ] GC(24) Y: Allocated:         -                12M (0%)           14M (0%)           14M (0%)     
[2025-10-14T11:00:47.914+0300][34.019s][info][gc,heap     ] GC(24) Y: Reclaimed:         -                  -              3122M (38%)        3126M (38%)    
[2025-10-14T11:00:47.914+0300][34.019s][info][gc,heap     ] GC(24) Y:  Promoted:         -                  -                 0M (0%)            0M (0%)     
[2025-10-14T11:00:47.914+0300][34.019s][info][gc,heap     ] GC(24) Y: Compacted:         -                  -                  -                 1M (0%)     
[2025-10-14T11:00:47.914+0300][34.019s][info][gc,phases   ] GC(24) Y: Young Generation 3572M(44%)->460M(6%) 0.005s
[2025-10-14T11:00:47.914+0300][34.019s][info][gc,phases   ] GC(24) O: Old Generation
[2025-10-14T11:00:47.918+0300][34.023s][info][gc,phases   ] GC(24) O: Concurrent Mark 3.964ms
[2025-10-14T11:00:47.918+0300][34.023s][info][gc,phases   ] GC(24) O: Pause Mark End 0.010ms
[2025-10-14T11:00:47.918+0300][34.023s][info][gc,phases   ] GC(24) O: Concurrent Mark Free 0.001ms
[2025-10-14T11:00:47.919+0300][34.025s][info][gc,phases   ] GC(24) O: Concurrent Process Non-Strong 1.492ms
[2025-10-14T11:00:47.919+0300][34.025s][info][gc,phases   ] GC(24) O: Concurrent Reset Relocation Set 0.001ms
[2025-10-14T11:00:47.919+0300][34.025s][info][gc,phases   ] GC(24) O: Concurrent Select Relocation Set 0.057ms
[2025-10-14T11:00:47.919+0300][34.025s][info][gc,task     ] GC(24) O: Using 2 Workers for Old Generation
[2025-10-14T11:00:47.920+0300][34.026s][info][gc,task     ] GC(24) O: Using 1 Workers for Old Generation
[2025-10-14T11:00:47.920+0300][34.026s][info][gc,phases   ] GC(24) O: Concurrent Remap Roots 0.462ms
[2025-10-14T11:00:47.920+0300][34.026s][info][gc,phases   ] GC(24) O: Pause Relocate Start 0.006ms
[2025-10-14T11:00:47.921+0300][34.026s][info][gc,phases   ] GC(24) O: Concurrent Relocate 0.766ms
[2025-10-14T11:00:47.921+0300][34.026s][info][gc,alloc    ] GC(24) O:                         Mark Start        Mark End      Relocate Start    Relocate End   
[2025-10-14T11:00:47.921+0300][34.026s][info][gc,alloc    ] GC(24) O: Allocation Stalls:          0                0                0                0         
[2025-10-14T11:00:47.921+0300][34.026s][info][gc,load     ] GC(24) O: Load: 17.49 (175%) / 15.21 (152%) / 13.79 (138%)
[2025-10-14T11:00:47.921+0300][34.026s][info][gc,mmu      ] GC(24) O: MMU: 2ms/91.4%, 5ms/96.6%, 10ms/98.3%, 20ms/99.1%, 50ms/99.6%, 100ms/99.8%
[2025-10-14T11:00:47.921+0300][34.027s][info][gc,marking  ] GC(24) O: Mark: 1 stripe(s), 2 proactive flush(es), 1 terminate flush(es), 0 completion(s), 0 continuation(s) 
[2025-10-14T11:00:47.921+0300][34.027s][info][gc,nmethod  ] GC(24) O: NMethods: 891 registered, 67 unregistered
[2025-10-14T11:00:47.921+0300][34.027s][info][gc,metaspace] GC(24) O: Metaspace: 3M used, 3M committed, 1088M reserved
[2025-10-14T11:00:47.921+0300][34.027s][info][gc,ref      ] GC(24) O:                       Encountered   Discovered     Enqueued 
[2025-10-14T11:00:47.921+0300][34.027s][info][gc,ref      ] GC(24) O: Soft References:              289            0            0 
[2025-10-14T11:00:47.921+0300][34.027s][info][gc,ref      ] GC(24) O: Weak References:              541          492            0 
[2025-10-14T11:00:47.921+0300][34.027s][info][gc,ref      ] GC(24) O: Final References:               0            0            0 
[2025-10-14T11:00:47.921+0300][34.027s][info][gc,ref      ] GC(24) O: Phantom References:            53           51            0 
[2025-10-14T11:00:47.921+0300][34.027s][info][gc,reloc    ] GC(24) O:                        Candidates     Selected     In-Place         Size        Empty    Relocated 
[2025-10-14T11:00:47.921+0300][34.027s][info][gc,reloc    ] GC(24) O: Small Pages:                    3            1            0           6M           0M           1M 
[2025-10-14T11:00:47.921+0300][34.027s][info][gc,reloc    ] GC(24) O: Medium Pages:                   1            0            0          32M           0M           0M 
[2025-10-14T11:00:47.921+0300][34.027s][info][gc,reloc    ] GC(24) O: Large Pages:                    0            0            0           0M           0M           0M 
[2025-10-14T11:00:47.921+0300][34.027s][info][gc,reloc    ] GC(24) O: Forwarding Usage: 0M
[2025-10-14T11:00:47.921+0300][34.027s][info][gc,heap     ] GC(24) O: Min Capacity: 8M(0%)
[2025-10-14T11:00:47.921+0300][34.027s][info][gc,heap     ] GC(24) O: Max Capacity: 8192M(100%)
[2025-10-14T11:00:47.921+0300][34.027s][info][gc,heap     ] GC(24) O: Soft Max Capacity: 8192M(100%)
[2025-10-14T11:00:47.921+0300][34.027s][info][gc,heap     ] GC(24) O: Heap Statistics:
[2025-10-14T11:00:47.921+0300][34.027s][info][gc,heap     ] GC(24) O:                Mark Start          Mark End        Relocate Start      Relocate End           High               Low         
[2025-10-14T11:00:47.921+0300][34.027s][info][gc,heap     ] GC(24) O:  Capacity:     7806M (95%)        7806M (95%)        7806M (95%)        7806M (95%)        7806M (95%)        7806M (95%)    
[2025-10-14T11:00:47.921+0300][34.027s][info][gc,heap     ] GC(24) O:      Free:     4620M (56%)        7716M (94%)        7708M (94%)        7706M (94%)        7732M (94%)        4608M (56%)    
[2025-10-14T11:00:47.921+0300][34.027s][info][gc,heap     ] GC(24) O:      Used:     3572M (44%)         476M (6%)          484M (6%)          486M (6%)         3584M (44%)         460M (6%)     
[2025-10-14T11:00:47.921+0300][34.027s][info][gc,heap     ] GC(24) O: Old Generation Statistics:
[2025-10-14T11:00:47.921+0300][34.027s][info][gc,heap     ] GC(24) O:                Mark Start          Mark End        Relocate Start      Relocate End    
[2025-10-14T11:00:47.921+0300][34.027s][info][gc,heap     ] GC(24) O:      Used:       38M (0%)           38M (0%)           38M (0%)           38M (0%)     
[2025-10-14T11:00:47.921+0300][34.027s][info][gc,heap     ] GC(24) O:      Live:         -                 3M (0%)            3M (0%)            3M (0%)     
[2025-10-14T11:00:47.921+0300][34.027s][info][gc,heap     ] GC(24) O:   Garbage:         -                34M (0%)           34M (0%)           31M (0%)     
[2025-10-14T11:00:47.921+0300][34.027s][info][gc,heap     ] GC(24) O: Allocated:         -                 0M (0%)            0M (0%)            2M (0%)     
[2025-10-14T11:00:47.921+0300][34.027s][info][gc,heap     ] GC(24) O: Reclaimed:         -                  -                 0M (0%)            2M (0%)     
[2025-10-14T11:00:47.921+0300][34.027s][info][gc,heap     ] GC(24) O: Compacted:         -                  -                  -                 1M (0%)     
[2025-10-14T11:00:47.921+0300][34.027s][info][gc,phases   ] GC(24) O: Old Generation 462M(6%)->486M(6%) 0.007s
[2025-10-14T11:00:47.921+0300][34.027s][info][gc          ] GC(24) Major Collection (Proactive) 3570M(44%)->486M(6%) 0.013s
[2025-10-14T11:00:48.630+0300][34.736s][info][gc          ] GC(25) Major Collection (Proactive)
[2025-10-14T11:00:48.631+0300][34.736s][info][gc,task     ] GC(25) Using 1 Workers for Young Generation
[2025-10-14T11:00:48.631+0300][34.736s][info][gc,task     ] GC(25) Using 1 Workers for Old Generation
[2025-10-14T11:00:48.631+0300][34.736s][info][gc,phases   ] GC(25) Y: Young Generation
[2025-10-14T11:00:48.631+0300][34.736s][info][gc,phases   ] GC(25) Y: Pause Mark Start (Major) 0.035ms
[2025-10-14T11:00:48.635+0300][34.741s][info][gc,phases   ] GC(25) Y: Concurrent Mark 4.032ms
[2025-10-14T11:00:48.635+0300][34.741s][info][gc,phases   ] GC(25) Y: Pause Mark End 0.011ms
[2025-10-14T11:00:48.636+0300][34.741s][info][gc,phases   ] GC(25) Y: Concurrent Mark Free 0.002ms
[2025-10-14T11:00:48.636+0300][34.741s][info][gc,phases   ] GC(25) Y: Concurrent Reset Relocation Set 0.001ms
[2025-10-14T11:00:48.639+0300][34.744s][info][gc,reloc    ] GC(25) Y: Using tenuring threshold: 1 (Computed)
[2025-10-14T11:00:48.639+0300][34.745s][info][gc,phases   ] GC(25) Y: Concurrent Select Relocation Set 3.630ms
[2025-10-14T11:00:48.639+0300][34.745s][info][gc,phases   ] GC(25) Y: Pause Relocate Start 0.009ms
[2025-10-14T11:00:48.640+0300][34.745s][info][gc,phases   ] GC(25) Y: Concurrent Relocate 0.235ms
[2025-10-14T11:00:48.640+0300][34.745s][info][gc,alloc    ] GC(25) Y:                         Mark Start        Mark End      Relocate Start    Relocate End   
[2025-10-14T11:00:48.640+0300][34.745s][info][gc,alloc    ] GC(25) Y: Allocation Stalls:          0                0                0                0         
[2025-10-14T11:00:48.640+0300][34.745s][info][gc,load     ] GC(25) Y: Load: 17.49 (175%) / 15.21 (152%) / 13.79 (138%)
[2025-10-14T11:00:48.640+0300][34.745s][info][gc,mmu      ] GC(25) Y: MMU: 2ms/91.4%, 5ms/96.6%, 10ms/98.3%, 20ms/99.1%, 50ms/99.6%, 100ms/99.8%
[2025-10-14T11:00:48.640+0300][34.746s][info][gc,marking  ] GC(25) Y: Mark: 1 stripe(s), 2 proactive flush(es), 1 terminate flush(es), 0 completion(s), 0 continuation(s) 
[2025-10-14T11:00:48.640+0300][34.746s][info][gc,nmethod  ] GC(25) Y: NMethods: 891 registered, 67 unregistered
[2025-10-14T11:00:48.640+0300][34.746s][info][gc,metaspace] GC(25) Y: Metaspace: 3M used, 3M committed, 1088M reserved
[2025-10-14T11:00:48.640+0300][34.746s][info][gc,reloc    ] GC(25) Y:                        Candidates     Selected     In-Place         Size        Empty    Relocated 
[2025-10-14T11:00:48.640+0300][34.746s][info][gc,reloc    ] GC(25) Y: Small Pages:                 1305            2            0        2610M        2198M           1M 
[2025-10-14T11:00:48.640+0300][34.746s][info][gc,reloc    ] GC(25) Y: Medium Pages:                   0            0            0           0M           0M           0M 
[2025-10-14T11:00:48.640+0300][34.746s][info][gc,reloc    ] GC(25) Y: Large Pages:                    0            0            0           0M           0M           0M 
[2025-10-14T11:00:48.640+0300][34.746s][info][gc,reloc    ] GC(25) Y: Forwarding Usage: 0M
[2025-10-14T11:00:48.640+0300][34.746s][info][gc,reloc    ] GC(25) Y: Age Table:
[2025-10-14T11:00:48.640+0300][34.746s][info][gc,reloc    ] GC(25) Y:                    Live             Garbage             Small              Medium             Large        
[2025-10-14T11:00:48.640+0300][34.746s][info][gc,reloc    ] GC(25) Y: Eden             312M (4%)         1889M (23%)       1101 / 2              0 / 0              0 / 0        
[2025-10-14T11:00:48.640+0300][34.746s][info][gc,reloc    ] GC(25) Y: Survivor 1          -               408M (5%)         204 / 0              0 / 0              0 / 0        
[2025-10-14T11:00:48.640+0300][34.746s][info][gc,heap     ] GC(25) Y: Min Capacity: 8M(0%)
[2025-10-14T11:00:48.640+0300][34.746s][info][gc,heap     ] GC(25) Y: Max Capacity: 8192M(100%)
[2025-10-14T11:00:48.640+0300][34.746s][info][gc,heap     ] GC(25) Y: Soft Max Capacity: 8192M(100%)
[2025-10-14T11:00:48.640+0300][34.746s][info][gc,heap     ] GC(25) Y: Heap Statistics:
[2025-10-14T11:00:48.640+0300][34.746s][info][gc,heap     ] GC(25) Y:                Mark Start          Mark End        Relocate Start      Relocate End           High               Low         
[2025-10-14T11:00:48.640+0300][34.746s][info][gc,heap     ] GC(25) Y:  Capacity:     7806M (95%)        7806M (95%)        7806M (95%)        7806M (95%)        7806M (95%)        7806M (95%)    
[2025-10-14T11:00:48.640+0300][34.746s][info][gc,heap     ] GC(25) Y:      Free:     5544M (68%)        5532M (68%)        7728M (94%)        7730M (94%)        7730M (94%)        5532M (68%)    
[2025-10-14T11:00:48.640+0300][34.746s][info][gc,heap     ] GC(25) Y:      Used:     2648M (32%)        2660M (32%)         464M (6%)          462M (6%)         2660M (32%)         462M (6%)     
[2025-10-14T11:00:48.640+0300][34.746s][info][gc,heap     ] GC(25) Y: Young Generation Statistics:
[2025-10-14T11:00:48.640+0300][34.746s][info][gc,heap     ] GC(25) Y:                Mark Start          Mark End        Relocate Start      Relocate End    
[2025-10-14T11:00:48.640+0300][34.746s][info][gc,heap     ] GC(25) Y:      Used:     2610M (32%)        2622M (32%)         426M (5%)          424M (5%)     
[2025-10-14T11:00:48.640+0300][34.746s][info][gc,heap     ] GC(25) Y:      Live:         -               312M (4%)          312M (4%)          312M (4%)     
[2025-10-14T11:00:48.640+0300][34.746s][info][gc,heap     ] GC(25) Y:   Garbage:         -              2297M (28%)          99M (1%)           94M (1%)     
[2025-10-14T11:00:48.640+0300][34.746s][info][gc,heap     ] GC(25) Y: Allocated:         -                12M (0%)           14M (0%)           16M (0%)     
[2025-10-14T11:00:48.640+0300][34.746s][info][gc,heap     ] GC(25) Y: Reclaimed:         -                  -              2198M (27%)        2202M (27%)    
[2025-10-14T11:00:48.640+0300][34.746s][info][gc,heap     ] GC(25) Y:  Promoted:         -                  -                 0M (0%)            0M (0%)     
[2025-10-14T11:00:48.640+0300][34.746s][info][gc,heap     ] GC(25) Y: Compacted:         -                  -                  -                 1M (0%)     
[2025-10-14T11:00:48.640+0300][34.746s][info][gc,phases   ] GC(25) Y: Young Generation 2648M(32%)->462M(6%) 0.009s
[2025-10-14T11:00:48.640+0300][34.746s][info][gc,phases   ] GC(25) O: Old Generation
[2025-10-14T11:00:48.644+0300][34.750s][info][gc,phases   ] GC(25) O: Concurrent Mark 4.196ms
[2025-10-14T11:00:48.644+0300][34.750s][info][gc,phases   ] GC(25) O: Pause Mark End 0.013ms
[2025-10-14T11:00:48.644+0300][34.750s][info][gc,phases   ] GC(25) O: Concurrent Mark Free 0.001ms
[2025-10-14T11:00:48.646+0300][34.752s][info][gc,phases   ] GC(25) O: Concurrent Process Non-Strong 1.978ms
[2025-10-14T11:00:48.647+0300][34.752s][info][gc,phases   ] GC(25) O: Concurrent Reset Relocation Set 0.001ms
[2025-10-14T11:00:48.647+0300][34.752s][info][gc,phases   ] GC(25) O: Concurrent Select Relocation Set 0.054ms
[2025-10-14T11:00:48.647+0300][34.752s][info][gc,task     ] GC(25) O: Using 2 Workers for Old Generation
[2025-10-14T11:00:48.647+0300][34.753s][info][gc,task     ] GC(25) O: Using 1 Workers for Old Generation
[2025-10-14T11:00:48.647+0300][34.753s][info][gc,phases   ] GC(25) O: Concurrent Remap Roots 0.532ms
[2025-10-14T11:00:48.647+0300][34.753s][info][gc,phases   ] GC(25) O: Pause Relocate Start 0.008ms
[2025-10-14T11:00:48.648+0300][34.754s][info][gc,phases   ] GC(25) O: Concurrent Relocate 0.764ms
[2025-10-14T11:00:48.648+0300][34.754s][info][gc,alloc    ] GC(25) O:                         Mark Start        Mark End      Relocate Start    Relocate End   
[2025-10-14T11:00:48.648+0300][34.754s][info][gc,alloc    ] GC(25) O: Allocation Stalls:          0                0                0                0         
[2025-10-14T11:00:48.648+0300][34.754s][info][gc,load     ] GC(25) O: Load: 17.49 (175%) / 15.21 (152%) / 13.79 (138%)
[2025-10-14T11:00:48.648+0300][34.754s][info][gc,mmu      ] GC(25) O: MMU: 2ms/91.4%, 5ms/96.6%, 10ms/98.3%, 20ms/99.1%, 50ms/99.6%, 100ms/99.8%
[2025-10-14T11:00:48.648+0300][34.754s][info][gc,marking  ] GC(25) O: Mark: 1 stripe(s), 2 proactive flush(es), 1 terminate flush(es), 0 completion(s), 0 continuation(s) 
[2025-10-14T11:00:48.648+0300][34.754s][info][gc,nmethod  ] GC(25) O: NMethods: 891 registered, 67 unregistered
[2025-10-14T11:00:48.648+0300][34.754s][info][gc,metaspace] GC(25) O: Metaspace: 3M used, 3M committed, 1088M reserved
[2025-10-14T11:00:48.648+0300][34.754s][info][gc,ref      ] GC(25) O:                       Encountered   Discovered     Enqueued 
[2025-10-14T11:00:48.648+0300][34.754s][info][gc,ref      ] GC(25) O: Soft References:              289            0            0 
[2025-10-14T11:00:48.648+0300][34.754s][info][gc,ref      ] GC(25) O: Weak References:              541          492            0 
[2025-10-14T11:00:48.648+0300][34.754s][info][gc,ref      ] GC(25) O: Final References:               0            0            0 
[2025-10-14T11:00:48.648+0300][34.754s][info][gc,ref      ] GC(25) O: Phantom References:            53           52            0 
[2025-10-14T11:00:48.648+0300][34.754s][info][gc,reloc    ] GC(25) O:                        Candidates     Selected     In-Place         Size        Empty    Relocated 
[2025-10-14T11:00:48.648+0300][34.754s][info][gc,reloc    ] GC(25) O: Small Pages:                    3            1            0           6M           0M           1M 
[2025-10-14T11:00:48.648+0300][34.754s][info][gc,reloc    ] GC(25) O: Medium Pages:                   1            0            0          32M           0M           0M 
[2025-10-14T11:00:48.648+0300][34.754s][info][gc,reloc    ] GC(25) O: Large Pages:                    0            0            0           0M           0M           0M 
[2025-10-14T11:00:48.648+0300][34.754s][info][gc,reloc    ] GC(25) O: Forwarding Usage: 0M
[2025-10-14T11:00:48.648+0300][34.754s][info][gc,heap     ] GC(25) O: Min Capacity: 8M(0%)
[2025-10-14T11:00:48.648+0300][34.754s][info][gc,heap     ] GC(25) O: Max Capacity: 8192M(100%)
[2025-10-14T11:00:48.648+0300][34.754s][info][gc,heap     ] GC(25) O: Soft Max Capacity: 8192M(100%)
[2025-10-14T11:00:48.648+0300][34.754s][info][gc,heap     ] GC(25) O: Heap Statistics:
[2025-10-14T11:00:48.648+0300][34.754s][info][gc,heap     ] GC(25) O:                Mark Start          Mark End        Relocate Start      Relocate End           High               Low         
[2025-10-14T11:00:48.648+0300][34.754s][info][gc,heap     ] GC(25) O:  Capacity:     7806M (95%)        7806M (95%)        7806M (95%)        7806M (95%)        7806M (95%)        7806M (95%)    
[2025-10-14T11:00:48.648+0300][34.754s][info][gc,heap     ] GC(25) O:      Free:     5544M (68%)        7716M (94%)        7710M (94%)        7708M (94%)        7730M (94%)        5532M (68%)    
[2025-10-14T11:00:48.648+0300][34.754s][info][gc,heap     ] GC(25) O:      Used:     2648M (32%)         476M (6%)          482M (6%)          484M (6%)         2660M (32%)         462M (6%)     
[2025-10-14T11:00:48.648+0300][34.754s][info][gc,heap     ] GC(25) O: Old Generation Statistics:
[2025-10-14T11:00:48.648+0300][34.754s][info][gc,heap     ] GC(25) O:                Mark Start          Mark End        Relocate Start      Relocate End    
[2025-10-14T11:00:48.648+0300][34.754s][info][gc,heap     ] GC(25) O:      Used:       38M (0%)           38M (0%)           38M (0%)           38M (0%)     
[2025-10-14T11:00:48.649+0300][34.754s][info][gc,heap     ] GC(25) O:      Live:         -                 3M (0%)            3M (0%)            3M (0%)     
[2025-10-14T11:00:48.649+0300][34.754s][info][gc,heap     ] GC(25) O:   Garbage:         -                34M (0%)           34M (0%)           31M (0%)     
[2025-10-14T11:00:48.649+0300][34.754s][info][gc,heap     ] GC(25) O: Allocated:         -                 0M (0%)            0M (0%)            2M (0%)     
[2025-10-14T11:00:48.649+0300][34.754s][info][gc,heap     ] GC(25) O: Reclaimed:         -                  -                 0M (0%)            2M (0%)     
[2025-10-14T11:00:48.649+0300][34.754s][info][gc,heap     ] GC(25) O: Compacted:         -                  -                  -                 1M (0%)     
[2025-10-14T11:00:48.649+0300][34.754s][info][gc,phases   ] GC(25) O: Old Generation 462M(6%)->484M(6%) 0.008s
[2025-10-14T11:00:48.649+0300][34.754s][info][gc          ] GC(25) Major Collection (Proactive) 2648M(32%)->486M(6%) 0.018s
[2025-10-14T11:00:49.833+0300][35.939s][info][gc          ] GC(26) Major Collection (Proactive)
[2025-10-14T11:00:49.833+0300][35.939s][info][gc,task     ] GC(26) Using 1 Workers for Young Generation
[2025-10-14T11:00:49.834+0300][35.939s][info][gc,task     ] GC(26) Using 1 Workers for Old Generation
[2025-10-14T11:00:49.834+0300][35.939s][info][gc,phases   ] GC(26) Y: Young Generation
[2025-10-14T11:00:49.834+0300][35.939s][info][gc,phases   ] GC(26) Y: Pause Mark Start (Major) 0.010ms
[2025-10-14T11:00:49.838+0300][35.943s][info][gc,phases   ] GC(26) Y: Concurrent Mark 4.025ms
[2025-10-14T11:00:49.838+0300][35.944s][info][gc,phases   ] GC(26) Y: Pause Mark End 0.008ms
[2025-10-14T11:00:49.838+0300][35.944s][info][gc,phases   ] GC(26) Y: Concurrent Mark Free 0.000ms
[2025-10-14T11:00:49.838+0300][35.944s][info][gc,phases   ] GC(26) Y: Concurrent Reset Relocation Set 0.001ms
[2025-10-14T11:00:49.839+0300][35.945s][info][gc,reloc    ] GC(26) Y: Using tenuring threshold: 1 (Computed)
[2025-10-14T11:00:49.839+0300][35.945s][info][gc,phases   ] GC(26) Y: Concurrent Select Relocation Set 1.001ms
[2025-10-14T11:00:49.839+0300][35.945s][info][gc,phases   ] GC(26) Y: Pause Relocate Start 0.007ms
[2025-10-14T11:00:49.839+0300][35.945s][info][gc,phases   ] GC(26) Y: Concurrent Relocate 0.186ms
[2025-10-14T11:00:49.840+0300][35.945s][info][gc,alloc    ] GC(26) Y:                         Mark Start        Mark End      Relocate Start    Relocate End   
[2025-10-14T11:00:49.840+0300][35.945s][info][gc,alloc    ] GC(26) Y: Allocation Stalls:          0                0                0                0         
[2025-10-14T11:00:49.840+0300][35.945s][info][gc,load     ] GC(26) Y: Load: 17.49 (175%) / 15.21 (152%) / 13.79 (138%)
[2025-10-14T11:00:49.840+0300][35.945s][info][gc,mmu      ] GC(26) Y: MMU: 2ms/91.4%, 5ms/96.6%, 10ms/98.3%, 20ms/99.1%, 50ms/99.6%, 100ms/99.8%
[2025-10-14T11:00:49.840+0300][35.945s][info][gc,marking  ] GC(26) Y: Mark: 1 stripe(s), 2 proactive flush(es), 1 terminate flush(es), 0 completion(s), 0 continuation(s) 
[2025-10-14T11:00:49.840+0300][35.945s][info][gc,nmethod  ] GC(26) Y: NMethods: 891 registered, 67 unregistered
[2025-10-14T11:00:49.840+0300][35.945s][info][gc,metaspace] GC(26) Y: Metaspace: 3M used, 3M committed, 1088M reserved
[2025-10-14T11:00:49.840+0300][35.945s][info][gc,reloc    ] GC(26) Y:                        Candidates     Selected     In-Place         Size        Empty    Relocated 
[2025-10-14T11:00:49.840+0300][35.945s][info][gc,reloc    ] GC(26) Y: Small Pages:                 1933            2            0        3866M        3458M           2M 
[2025-10-14T11:00:49.840+0300][35.945s][info][gc,reloc    ] GC(26) Y: Medium Pages:                   0            0            0           0M           0M           0M 
[2025-10-14T11:00:49.840+0300][35.945s][info][gc,reloc    ] GC(26) Y: Large Pages:                    0            0            0           0M           0M           0M 
[2025-10-14T11:00:49.840+0300][35.945s][info][gc,reloc    ] GC(26) Y: Forwarding Usage: 0M
[2025-10-14T11:00:49.840+0300][35.945s][info][gc,reloc    ] GC(26) Y: Age Table:
[2025-10-14T11:00:49.840+0300][35.945s][info][gc,reloc    ] GC(26) Y:                    Live             Garbage             Small              Medium             Large        
[2025-10-14T11:00:49.840+0300][35.945s][info][gc,reloc    ] GC(26) Y: Eden             312M (4%)         3145M (38%)       1729 / 2              0 / 0              0 / 0        
[2025-10-14T11:00:49.840+0300][35.945s][info][gc,reloc    ] GC(26) Y: Survivor 1          -               408M (5%)         204 / 0              0 / 0              0 / 0        
[2025-10-14T11:00:49.840+0300][35.945s][info][gc,heap     ] GC(26) Y: Min Capacity: 8M(0%)
[2025-10-14T11:00:49.840+0300][35.945s][info][gc,heap     ] GC(26) Y: Max Capacity: 8192M(100%)
[2025-10-14T11:00:49.840+0300][35.945s][info][gc,heap     ] GC(26) Y: Soft Max Capacity: 8192M(100%)
[2025-10-14T11:00:49.840+0300][35.945s][info][gc,heap     ] GC(26) Y: Heap Statistics:
[2025-10-14T11:00:49.840+0300][35.945s][info][gc,heap     ] GC(26) Y:                Mark Start          Mark End        Relocate Start      Relocate End           High               Low         
[2025-10-14T11:00:49.840+0300][35.945s][info][gc,heap     ] GC(26) Y:  Capacity:     7806M (95%)        7806M (95%)        7806M (95%)        7806M (95%)        7806M (95%)        7806M (95%)    
[2025-10-14T11:00:49.840+0300][35.945s][info][gc,heap     ] GC(26) Y:      Free:     4288M (52%)        4284M (52%)        7738M (94%)        7742M (95%)        7742M (95%)        4284M (52%)    
[2025-10-14T11:00:49.840+0300][35.945s][info][gc,heap     ] GC(26) Y:      Used:     3904M (48%)        3908M (48%)         454M (6%)          450M (5%)         3908M (48%)         450M (5%)     
[2025-10-14T11:00:49.840+0300][35.945s][info][gc,heap     ] GC(26) Y: Young Generation Statistics:
[2025-10-14T11:00:49.840+0300][35.945s][info][gc,heap     ] GC(26) Y:                Mark Start          Mark End        Relocate Start      Relocate End    
[2025-10-14T11:00:49.840+0300][35.945s][info][gc,heap     ] GC(26) Y:      Used:     3866M (47%)        3870M (47%)         416M (5%)          412M (5%)     
[2025-10-14T11:00:49.840+0300][35.946s][info][gc,heap     ] GC(26) Y:      Live:         -               312M (4%)          312M (4%)          312M (4%)     
[2025-10-14T11:00:49.840+0300][35.946s][info][gc,heap     ] GC(26) Y:   Garbage:         -              3553M (43%)          95M (1%)           90M (1%)     
[2025-10-14T11:00:49.840+0300][35.946s][info][gc,heap     ] GC(26) Y: Allocated:         -                 4M (0%)            8M (0%)            8M (0%)     
[2025-10-14T11:00:49.840+0300][35.946s][info][gc,heap     ] GC(26) Y: Reclaimed:         -                  -              3458M (42%)        3462M (42%)    
[2025-10-14T11:00:49.840+0300][35.946s][info][gc,heap     ] GC(26) Y:  Promoted:         -                  -                 0M (0%)            0M (0%)     
[2025-10-14T11:00:49.840+0300][35.946s][info][gc,heap     ] GC(26) Y: Compacted:         -                  -                  -                 3M (0%)     
[2025-10-14T11:00:49.840+0300][35.946s][info][gc,phases   ] GC(26) Y: Young Generation 3904M(48%)->450M(5%) 0.006s
[2025-10-14T11:00:49.840+0300][35.946s][info][gc,phases   ] GC(26) O: Old Generation
[2025-10-14T11:00:49.844+0300][35.950s][info][gc,phases   ] GC(26) O: Concurrent Mark 4.226ms
[2025-10-14T11:00:49.844+0300][35.950s][info][gc,phases   ] GC(26) O: Pause Mark End 0.006ms
[2025-10-14T11:00:49.844+0300][35.950s][info][gc,phases   ] GC(26) O: Concurrent Mark Free 0.001ms
[2025-10-14T11:00:49.846+0300][35.952s][info][gc,phases   ] GC(26) O: Concurrent Process Non-Strong 1.642ms
[2025-10-14T11:00:49.846+0300][35.952s][info][gc,phases   ] GC(26) O: Concurrent Reset Relocation Set 0.001ms
[2025-10-14T11:00:49.846+0300][35.952s][info][gc,phases   ] GC(26) O: Concurrent Select Relocation Set 0.092ms
[2025-10-14T11:00:49.846+0300][35.952s][info][gc,task     ] GC(26) O: Using 2 Workers for Old Generation
[2025-10-14T11:00:49.847+0300][35.953s][info][gc,task     ] GC(26) O: Using 1 Workers for Old Generation
[2025-10-14T11:00:49.847+0300][35.953s][info][gc,phases   ] GC(26) O: Concurrent Remap Roots 0.582ms
[2025-10-14T11:00:49.847+0300][35.953s][info][gc,phases   ] GC(26) O: Pause Relocate Start 0.004ms
[2025-10-14T11:00:49.848+0300][35.954s][info][gc,phases   ] GC(26) O: Concurrent Relocate 0.997ms
[2025-10-14T11:00:49.848+0300][35.954s][info][gc,alloc    ] GC(26) O:                         Mark Start        Mark End      Relocate Start    Relocate End   
[2025-10-14T11:00:49.848+0300][35.954s][info][gc,alloc    ] GC(26) O: Allocation Stalls:          0                0                0                0         
[2025-10-14T11:00:49.848+0300][35.954s][info][gc,load     ] GC(26) O: Load: 17.49 (175%) / 15.21 (152%) / 13.79 (138%)
[2025-10-14T11:00:49.848+0300][35.954s][info][gc,mmu      ] GC(26) O: MMU: 2ms/91.4%, 5ms/96.6%, 10ms/98.3%, 20ms/99.1%, 50ms/99.6%, 100ms/99.8%
[2025-10-14T11:00:49.848+0300][35.954s][info][gc,marking  ] GC(26) O: Mark: 1 stripe(s), 2 proactive flush(es), 1 terminate flush(es), 0 completion(s), 0 continuation(s) 
[2025-10-14T11:00:49.848+0300][35.954s][info][gc,nmethod  ] GC(26) O: NMethods: 891 registered, 67 unregistered
[2025-10-14T11:00:49.848+0300][35.954s][info][gc,metaspace] GC(26) O: Metaspace: 3M used, 3M committed, 1088M reserved
[2025-10-14T11:00:49.848+0300][35.954s][info][gc,ref      ] GC(26) O:                       Encountered   Discovered     Enqueued 
[2025-10-14T11:00:49.848+0300][35.954s][info][gc,ref      ] GC(26) O: Soft References:              289            0            0 
[2025-10-14T11:00:49.848+0300][35.954s][info][gc,ref      ] GC(26) O: Weak References:              541          492            0 
[2025-10-14T11:00:49.848+0300][35.954s][info][gc,ref      ] GC(26) O: Final References:               0            0            0 
[2025-10-14T11:00:49.848+0300][35.954s][info][gc,ref      ] GC(26) O: Phantom References:            53           50            0 
[2025-10-14T11:00:49.848+0300][35.954s][info][gc,reloc    ] GC(26) O:                        Candidates     Selected     In-Place         Size        Empty    Relocated 
[2025-10-14T11:00:49.848+0300][35.954s][info][gc,reloc    ] GC(26) O: Small Pages:                    3            1            0           6M           0M           1M 
[2025-10-14T11:00:49.848+0300][35.954s][info][gc,reloc    ] GC(26) O: Medium Pages:                   1            0            0          32M           0M           0M 
[2025-10-14T11:00:49.848+0300][35.954s][info][gc,reloc    ] GC(26) O: Large Pages:                    0            0            0           0M           0M           0M 
[2025-10-14T11:00:49.848+0300][35.954s][info][gc,reloc    ] GC(26) O: Forwarding Usage: 0M
[2025-10-14T11:00:49.848+0300][35.954s][info][gc,heap     ] GC(26) O: Min Capacity: 8M(0%)
[2025-10-14T11:00:49.848+0300][35.954s][info][gc,heap     ] GC(26) O: Max Capacity: 8192M(100%)
[2025-10-14T11:00:49.848+0300][35.954s][info][gc,heap     ] GC(26) O: Soft Max Capacity: 8192M(100%)
[2025-10-14T11:00:49.848+0300][35.954s][info][gc,heap     ] GC(26) O: Heap Statistics:
[2025-10-14T11:00:49.848+0300][35.954s][info][gc,heap     ] GC(26) O:                Mark Start          Mark End        Relocate Start      Relocate End           High               Low         
[2025-10-14T11:00:49.848+0300][35.954s][info][gc,heap     ] GC(26) O:  Capacity:     7806M (95%)        7806M (95%)        7806M (95%)        7806M (95%)        7806M (95%)        7806M (95%)    
[2025-10-14T11:00:49.848+0300][35.954s][info][gc,heap     ] GC(26) O:      Free:     4288M (52%)        7730M (94%)        7724M (94%)        7722M (94%)        7742M (95%)        4284M (52%)    
[2025-10-14T11:00:49.848+0300][35.954s][info][gc,heap     ] GC(26) O:      Used:     3904M (48%)         462M (6%)          468M (6%)          470M (6%)         3908M (48%)         450M (5%)     
[2025-10-14T11:00:49.848+0300][35.954s][info][gc,heap     ] GC(26) O: Old Generation Statistics:
[2025-10-14T11:00:49.848+0300][35.954s][info][gc,heap     ] GC(26) O:                Mark Start          Mark End        Relocate Start      Relocate End    
[2025-10-14T11:00:49.848+0300][35.954s][info][gc,heap     ] GC(26) O:      Used:       38M (0%)           38M (0%)           38M (0%)           38M (0%)     
[2025-10-14T11:00:49.848+0300][35.954s][info][gc,heap     ] GC(26) O:      Live:         -                 3M (0%)            3M (0%)            3M (0%)     
[2025-10-14T11:00:49.848+0300][35.954s][info][gc,heap     ] GC(26) O:   Garbage:         -                34M (0%)           34M (0%)           31M (0%)     
[2025-10-14T11:00:49.848+0300][35.954s][info][gc,heap     ] GC(26) O: Allocated:         -                 0M (0%)            0M (0%)            2M (0%)     
[2025-10-14T11:00:49.848+0300][35.954s][info][gc,heap     ] GC(26) O: Reclaimed:         -                  -                 0M (0%)            2M (0%)     
[2025-10-14T11:00:49.848+0300][35.954s][info][gc,heap     ] GC(26) O: Compacted:         -                  -                  -                 1M (0%)     
[2025-10-14T11:00:49.848+0300][35.954s][info][gc,phases   ] GC(26) O: Old Generation 452M(6%)->470M(6%) 0.008s
[2025-10-14T11:00:49.848+0300][35.954s][info][gc          ] GC(26) Major Collection (Proactive) 3904M(48%)->472M(6%) 0.015s
[2025-10-14T11:00:50.861+0300][36.967s][info][gc          ] GC(27) Major Collection (Proactive)
[2025-10-14T11:00:50.861+0300][36.967s][info][gc,task     ] GC(27) Using 1 Workers for Young Generation
[2025-10-14T11:00:50.861+0300][36.967s][info][gc,task     ] GC(27) Using 1 Workers for Old Generation
[2025-10-14T11:00:50.861+0300][36.967s][info][gc,phases   ] GC(27) Y: Young Generation
[2025-10-14T11:00:50.862+0300][36.968s][info][gc,phases   ] GC(27) Y: Pause Mark Start (Major) 0.014ms
[2025-10-14T11:00:50.875+0300][36.980s][info][gc,phases   ] GC(27) Y: Concurrent Mark 12.292ms
[2025-10-14T11:00:50.875+0300][36.981s][info][gc,phases   ] GC(27) Y: Pause Mark End 0.017ms
[2025-10-14T11:00:50.875+0300][36.981s][info][gc,phases   ] GC(27) Y: Concurrent Mark Free 0.002ms
[2025-10-14T11:00:50.875+0300][36.981s][info][gc,phases   ] GC(27) Y: Concurrent Reset Relocation Set 0.002ms
[2025-10-14T11:00:50.877+0300][36.983s][info][gc,reloc    ] GC(27) Y: Using tenuring threshold: 1 (Computed)
[2025-10-14T11:00:50.877+0300][36.983s][info][gc,phases   ] GC(27) Y: Concurrent Select Relocation Set 2.279ms
[2025-10-14T11:00:50.877+0300][36.983s][info][gc,phases   ] GC(27) Y: Pause Relocate Start 0.005ms
[2025-10-14T11:00:50.878+0300][36.983s][info][gc,phases   ] GC(27) Y: Concurrent Relocate 0.401ms
[2025-10-14T11:00:50.878+0300][36.983s][info][gc,alloc    ] GC(27) Y:                         Mark Start        Mark End      Relocate Start    Relocate End   
[2025-10-14T11:00:50.878+0300][36.983s][info][gc,alloc    ] GC(27) Y: Allocation Stalls:          0                0                0                0         
[2025-10-14T11:00:50.878+0300][36.984s][info][gc,load     ] GC(27) Y: Load: 17.49 (175%) / 15.21 (152%) / 13.79 (138%)
[2025-10-14T11:00:50.878+0300][36.984s][info][gc,mmu      ] GC(27) Y: MMU: 2ms/91.4%, 5ms/96.6%, 10ms/98.3%, 20ms/99.1%, 50ms/99.6%, 100ms/99.8%
[2025-10-14T11:00:50.878+0300][36.984s][info][gc,marking  ] GC(27) Y: Mark: 1 stripe(s), 2 proactive flush(es), 1 terminate flush(es), 0 completion(s), 0 continuation(s) 
[2025-10-14T11:00:50.878+0300][36.984s][info][gc,nmethod  ] GC(27) Y: NMethods: 891 registered, 67 unregistered
[2025-10-14T11:00:50.878+0300][36.984s][info][gc,metaspace] GC(27) Y: Metaspace: 3M used, 3M committed, 1088M reserved
[2025-10-14T11:00:50.878+0300][36.984s][info][gc,reloc    ] GC(27) Y:                        Candidates     Selected     In-Place         Size        Empty    Relocated 
[2025-10-14T11:00:50.878+0300][36.984s][info][gc,reloc    ] GC(27) Y: Small Pages:                 1323            2            0        2646M        2236M           2M 
[2025-10-14T11:00:50.878+0300][36.984s][info][gc,reloc    ] GC(27) Y: Medium Pages:                   0            0            0           0M           0M           0M 
[2025-10-14T11:00:50.878+0300][36.984s][info][gc,reloc    ] GC(27) Y: Large Pages:                    0            0            0           0M           0M           0M 
[2025-10-14T11:00:50.878+0300][36.984s][info][gc,reloc    ] GC(27) Y: Forwarding Usage: 0M
[2025-10-14T11:00:50.878+0300][36.984s][info][gc,reloc    ] GC(27) Y: Age Table:
[2025-10-14T11:00:50.878+0300][36.984s][info][gc,reloc    ] GC(27) Y:                    Live             Garbage             Small              Medium             Large        
[2025-10-14T11:00:50.878+0300][36.984s][info][gc,reloc    ] GC(27) Y: Eden             312M (4%)         1929M (24%)       1121 / 2              0 / 0              0 / 0        
[2025-10-14T11:00:50.878+0300][36.984s][info][gc,reloc    ] GC(27) Y: Survivor 1          -               404M (5%)         202 / 0              0 / 0              0 / 0        
[2025-10-14T11:00:50.878+0300][36.984s][info][gc,heap     ] GC(27) Y: Min Capacity: 8M(0%)
[2025-10-14T11:00:50.878+0300][36.984s][info][gc,heap     ] GC(27) Y: Max Capacity: 8192M(100%)
[2025-10-14T11:00:50.878+0300][36.984s][info][gc,heap     ] GC(27) Y: Soft Max Capacity: 8192M(100%)
[2025-10-14T11:00:50.878+0300][36.984s][info][gc,heap     ] GC(27) Y: Heap Statistics:
[2025-10-14T11:00:50.878+0300][36.984s][info][gc,heap     ] GC(27) Y:                Mark Start          Mark End        Relocate Start      Relocate End           High               Low         
[2025-10-14T11:00:50.878+0300][36.984s][info][gc,heap     ] GC(27) Y:  Capacity:     7806M (95%)        7806M (95%)        7806M (95%)        7806M (95%)        7806M (95%)        7806M (95%)    
[2025-10-14T11:00:50.878+0300][36.984s][info][gc,heap     ] GC(27) Y:      Free:     5508M (67%)        5496M (67%)        7730M (94%)        7732M (94%)        7732M (94%)        5494M (67%)    
[2025-10-14T11:00:50.878+0300][36.984s][info][gc,heap     ] GC(27) Y:      Used:     2684M (33%)        2696M (33%)         462M (6%)          460M (6%)         2698M (33%)         460M (6%)     
[2025-10-14T11:00:50.878+0300][36.984s][info][gc,heap     ] GC(27) Y: Young Generation Statistics:
[2025-10-14T11:00:50.878+0300][36.984s][info][gc,heap     ] GC(27) Y:                Mark Start          Mark End        Relocate Start      Relocate End    
[2025-10-14T11:00:50.878+0300][36.984s][info][gc,heap     ] GC(27) Y:      Used:     2646M (32%)        2658M (32%)         424M (5%)          422M (5%)     
[2025-10-14T11:00:50.878+0300][36.984s][info][gc,heap     ] GC(27) Y:      Live:         -               312M (4%)          312M (4%)          312M (4%)     
[2025-10-14T11:00:50.878+0300][36.984s][info][gc,heap     ] GC(27) Y:   Garbage:         -              2333M (28%)          97M (1%)           93M (1%)     
[2025-10-14T11:00:50.878+0300][36.984s][info][gc,heap     ] GC(27) Y: Allocated:         -                12M (0%)           14M (0%)           16M (0%)     
[2025-10-14T11:00:50.878+0300][36.984s][info][gc,heap     ] GC(27) Y: Reclaimed:         -                  -              2236M (27%)        2240M (27%)    
[2025-10-14T11:00:50.878+0300][36.984s][info][gc,heap     ] GC(27) Y:  Promoted:         -                  -                 0M (0%)            0M (0%)     
[2025-10-14T11:00:50.878+0300][36.984s][info][gc,heap     ] GC(27) Y: Compacted:         -                  -                  -                 3M (0%)     
[2025-10-14T11:00:50.878+0300][36.984s][info][gc,phases   ] GC(27) Y: Young Generation 2682M(33%)->460M(6%) 0.017s
[2025-10-14T11:00:50.878+0300][36.984s][info][gc,phases   ] GC(27) O: Old Generation
[2025-10-14T11:00:50.883+0300][36.988s][info][gc,phases   ] GC(27) O: Concurrent Mark 4.536ms
[2025-10-14T11:00:50.883+0300][36.988s][info][gc,phases   ] GC(27) O: Pause Mark End 0.012ms
[2025-10-14T11:00:50.883+0300][36.988s][info][gc,phases   ] GC(27) O: Concurrent Mark Free 0.001ms
[2025-10-14T11:00:50.884+0300][36.990s][info][gc,phases   ] GC(27) O: Concurrent Process Non-Strong 1.573ms
[2025-10-14T11:00:50.884+0300][36.990s][info][gc,phases   ] GC(27) O: Concurrent Reset Relocation Set 0.001ms
[2025-10-14T11:00:50.884+0300][36.990s][info][gc,phases   ] GC(27) O: Concurrent Select Relocation Set 0.063ms
[2025-10-14T11:00:50.884+0300][36.990s][info][gc,task     ] GC(27) O: Using 2 Workers for Old Generation
[2025-10-14T11:00:50.885+0300][36.991s][info][gc,task     ] GC(27) O: Using 1 Workers for Old Generation
[2025-10-14T11:00:50.885+0300][36.991s][info][gc,phases   ] GC(27) O: Concurrent Remap Roots 0.560ms
[2025-10-14T11:00:50.885+0300][36.991s][info][gc,phases   ] GC(27) O: Pause Relocate Start 0.005ms
[2025-10-14T11:00:50.887+0300][36.992s][info][gc,phases   ] GC(27) O: Concurrent Relocate 1.528ms
[2025-10-14T11:00:50.887+0300][36.992s][info][gc,alloc    ] GC(27) O:                         Mark Start        Mark End      Relocate Start    Relocate End   
[2025-10-14T11:00:50.887+0300][36.992s][info][gc,alloc    ] GC(27) O: Allocation Stalls:          0                0                0                0         
[2025-10-14T11:00:50.887+0300][36.992s][info][gc,load     ] GC(27) O: Load: 17.49 (175%) / 15.21 (152%) / 13.79 (138%)
[2025-10-14T11:00:50.887+0300][36.992s][info][gc,mmu      ] GC(27) O: MMU: 2ms/91.4%, 5ms/96.6%, 10ms/98.3%, 20ms/99.1%, 50ms/99.6%, 100ms/99.8%
[2025-10-14T11:00:50.887+0300][36.992s][info][gc,marking  ] GC(27) O: Mark: 1 stripe(s), 2 proactive flush(es), 1 terminate flush(es), 0 completion(s), 0 continuation(s) 
[2025-10-14T11:00:50.887+0300][36.992s][info][gc,nmethod  ] GC(27) O: NMethods: 891 registered, 67 unregistered
[2025-10-14T11:00:50.887+0300][36.992s][info][gc,metaspace] GC(27) O: Metaspace: 3M used, 3M committed, 1088M reserved
[2025-10-14T11:00:50.887+0300][36.992s][info][gc,ref      ] GC(27) O:                       Encountered   Discovered     Enqueued 
[2025-10-14T11:00:50.887+0300][36.992s][info][gc,ref      ] GC(27) O: Soft References:              289            0            0 
[2025-10-14T11:00:50.887+0300][36.992s][info][gc,ref      ] GC(27) O: Weak References:              541          492            0 
[2025-10-14T11:00:50.887+0300][36.992s][info][gc,ref      ] GC(27) O: Final References:               0            0            0 
[2025-10-14T11:00:50.887+0300][36.992s][info][gc,ref      ] GC(27) O: Phantom References:            53           52            0 
[2025-10-14T11:00:50.887+0300][36.992s][info][gc,reloc    ] GC(27) O:                        Candidates     Selected     In-Place         Size        Empty    Relocated 
[2025-10-14T11:00:50.887+0300][36.992s][info][gc,reloc    ] GC(27) O: Small Pages:                    3            1            0           6M           0M           1M 
[2025-10-14T11:00:50.887+0300][36.992s][info][gc,reloc    ] GC(27) O: Medium Pages:                   1            0            0          32M           0M           0M 
[2025-10-14T11:00:50.887+0300][36.992s][info][gc,reloc    ] GC(27) O: Large Pages:                    0            0            0           0M           0M           0M 
[2025-10-14T11:00:50.887+0300][36.992s][info][gc,reloc    ] GC(27) O: Forwarding Usage: 0M
[2025-10-14T11:00:50.887+0300][36.992s][info][gc,heap     ] GC(27) O: Min Capacity: 8M(0%)
[2025-10-14T11:00:50.887+0300][36.993s][info][gc,heap     ] GC(27) O: Max Capacity: 8192M(100%)
[2025-10-14T11:00:50.887+0300][36.993s][info][gc,heap     ] GC(27) O: Soft Max Capacity: 8192M(100%)
[2025-10-14T11:00:50.887+0300][36.993s][info][gc,heap     ] GC(27) O: Heap Statistics:
[2025-10-14T11:00:50.887+0300][36.993s][info][gc,heap     ] GC(27) O:                Mark Start          Mark End        Relocate Start      Relocate End           High               Low         
[2025-10-14T11:00:50.887+0300][36.993s][info][gc,heap     ] GC(27) O:  Capacity:     7806M (95%)        7806M (95%)        7806M (95%)        7806M (95%)        7806M (95%)        7806M (95%)    
[2025-10-14T11:00:50.887+0300][36.993s][info][gc,heap     ] GC(27) O:      Free:     5508M (67%)        7716M (94%)        7708M (94%)        7704M (94%)        7732M (94%)        5494M (67%)    
[2025-10-14T11:00:50.887+0300][36.993s][info][gc,heap     ] GC(27) O:      Used:     2684M (33%)         476M (6%)          484M (6%)          488M (6%)         2698M (33%)         460M (6%)     
[2025-10-14T11:00:50.887+0300][36.993s][info][gc,heap     ] GC(27) O: Old Generation Statistics:
[2025-10-14T11:00:50.887+0300][36.993s][info][gc,heap     ] GC(27) O:                Mark Start          Mark End        Relocate Start      Relocate End    
[2025-10-14T11:00:50.887+0300][36.993s][info][gc,heap     ] GC(27) O:      Used:       38M (0%)           38M (0%)           38M (0%)           38M (0%)     
[2025-10-14T11:00:50.887+0300][36.993s][info][gc,heap     ] GC(27) O:      Live:         -                 3M (0%)            3M (0%)            3M (0%)     
[2025-10-14T11:00:50.887+0300][36.993s][info][gc,heap     ] GC(27) O:   Garbage:         -                34M (0%)           34M (0%)           31M (0%)     
[2025-10-14T11:00:50.887+0300][36.993s][info][gc,heap     ] GC(27) O: Allocated:         -                 0M (0%)            0M (0%)            2M (0%)     
[2025-10-14T11:00:50.887+0300][36.993s][info][gc,heap     ] GC(27) O: Reclaimed:         -                  -                 0M (0%)            2M (0%)     
[2025-10-14T11:00:50.887+0300][36.993s][info][gc,heap     ] GC(27) O: Compacted:         -                  -                  -                 1M (0%)     
[2025-10-14T11:00:50.887+0300][36.993s][info][gc,phases   ] GC(27) O: Old Generation 462M(6%)->488M(6%) 0.009s
[2025-10-14T11:00:50.887+0300][36.993s][info][gc          ] GC(27) Major Collection (Proactive) 2682M(33%)->490M(6%) 0.026s
[2025-10-14T11:00:52.844+0300][38.950s][info][gc          ] GC(28) Major Collection (Proactive)
[2025-10-14T11:00:52.844+0300][38.950s][info][gc,task     ] GC(28) Using 1 Workers for Young Generation
[2025-10-14T11:00:52.844+0300][38.950s][info][gc,task     ] GC(28) Using 1 Workers for Old Generation
[2025-10-14T11:00:52.844+0300][38.950s][info][gc,phases   ] GC(28) Y: Young Generation
[2025-10-14T11:00:52.844+0300][38.950s][info][gc,phases   ] GC(28) Y: Pause Mark Start (Major) 0.015ms
[2025-10-14T11:00:52.853+0300][38.959s][info][gc,phases   ] GC(28) Y: Concurrent Mark 9.028ms
[2025-10-14T11:00:52.853+0300][38.959s][info][gc,phases   ] GC(28) Y: Pause Mark End 0.014ms
[2025-10-14T11:00:52.853+0300][38.959s][info][gc,phases   ] GC(28) Y: Concurrent Mark Free 0.000ms
[2025-10-14T11:00:52.854+0300][38.959s][info][gc,phases   ] GC(28) Y: Concurrent Reset Relocation Set 0.010ms
[2025-10-14T11:00:52.858+0300][38.964s][info][gc,reloc    ] GC(28) Y: Using tenuring threshold: 1 (Computed)
[2025-10-14T11:00:52.858+0300][38.964s][info][gc,phases   ] GC(28) Y: Concurrent Select Relocation Set 4.343ms
[2025-10-14T11:00:52.858+0300][38.964s][info][gc,phases   ] GC(28) Y: Pause Relocate Start 0.006ms
[2025-10-14T11:00:52.859+0300][38.964s][info][gc,phases   ] GC(28) Y: Concurrent Relocate 0.534ms
[2025-10-14T11:00:52.859+0300][38.964s][info][gc,alloc    ] GC(28) Y:                         Mark Start        Mark End      Relocate Start    Relocate End   
[2025-10-14T11:00:52.859+0300][38.964s][info][gc,alloc    ] GC(28) Y: Allocation Stalls:          0                0                0                0         
[2025-10-14T11:00:52.859+0300][38.964s][info][gc,load     ] GC(28) Y: Load: 16.81 (168%) / 15.11 (151%) / 13.76 (138%)
[2025-10-14T11:00:52.859+0300][38.964s][info][gc,mmu      ] GC(28) Y: MMU: 2ms/91.4%, 5ms/96.6%, 10ms/98.3%, 20ms/99.1%, 50ms/99.6%, 100ms/99.8%
[2025-10-14T11:00:52.859+0300][38.964s][info][gc,marking  ] GC(28) Y: Mark: 1 stripe(s), 2 proactive flush(es), 1 terminate flush(es), 0 completion(s), 0 continuation(s) 
[2025-10-14T11:00:52.859+0300][38.964s][info][gc,nmethod  ] GC(28) Y: NMethods: 891 registered, 67 unregistered
[2025-10-14T11:00:52.859+0300][38.964s][info][gc,metaspace] GC(28) Y: Metaspace: 3M used, 3M committed, 1088M reserved
[2025-10-14T11:00:52.859+0300][38.964s][info][gc,reloc    ] GC(28) Y:                        Candidates     Selected     In-Place         Size        Empty    Relocated 
[2025-10-14T11:00:52.859+0300][38.964s][info][gc,reloc    ] GC(28) Y: Small Pages:                 2777            2            0        5554M        5146M           1M 
[2025-10-14T11:00:52.859+0300][38.964s][info][gc,reloc    ] GC(28) Y: Medium Pages:                   0            0            0           0M           0M           0M 
[2025-10-14T11:00:52.859+0300][38.964s][info][gc,reloc    ] GC(28) Y: Large Pages:                    0            0            0           0M           0M           0M 
[2025-10-14T11:00:52.859+0300][38.964s][info][gc,reloc    ] GC(28) Y: Forwarding Usage: 0M
[2025-10-14T11:00:52.859+0300][38.964s][info][gc,reloc    ] GC(28) Y: Age Table:
[2025-10-14T11:00:52.859+0300][38.964s][info][gc,reloc    ] GC(28) Y:                    Live             Garbage             Small              Medium             Large        
[2025-10-14T11:00:52.859+0300][38.964s][info][gc,reloc    ] GC(28) Y: Eden             312M (4%)         4833M (59%)       2573 / 2              0 / 0              0 / 0        
[2025-10-14T11:00:52.859+0300][38.964s][info][gc,reloc    ] GC(28) Y: Survivor 1          -               408M (5%)         204 / 0              0 / 0              0 / 0        
[2025-10-14T11:00:52.859+0300][38.964s][info][gc,heap     ] GC(28) Y: Min Capacity: 8M(0%)
[2025-10-14T11:00:52.859+0300][38.964s][info][gc,heap     ] GC(28) Y: Max Capacity: 8192M(100%)
[2025-10-14T11:00:52.859+0300][38.964s][info][gc,heap     ] GC(28) Y: Soft Max Capacity: 8192M(100%)
[2025-10-14T11:00:52.859+0300][38.964s][info][gc,heap     ] GC(28) Y: Heap Statistics:
[2025-10-14T11:00:52.859+0300][38.964s][info][gc,heap     ] GC(28) Y:                Mark Start          Mark End        Relocate Start      Relocate End           High               Low         
[2025-10-14T11:00:52.859+0300][38.964s][info][gc,heap     ] GC(28) Y:  Capacity:     7806M (95%)        7806M (95%)        7806M (95%)        7806M (95%)        7806M (95%)        7806M (95%)    
[2025-10-14T11:00:52.859+0300][38.964s][info][gc,heap     ] GC(28) Y:      Free:     2600M (32%)        2584M (32%)        7724M (94%)        7726M (94%)        7726M (94%)        2582M (32%)    
[2025-10-14T11:00:52.859+0300][38.964s][info][gc,heap     ] GC(28) Y:      Used:     5592M (68%)        5608M (68%)         468M (6%)          466M (6%)         5610M (68%)         466M (6%)     
[2025-10-14T11:00:52.859+0300][38.964s][info][gc,heap     ] GC(28) Y: Young Generation Statistics:
[2025-10-14T11:00:52.859+0300][38.965s][info][gc,heap     ] GC(28) Y:                Mark Start          Mark End        Relocate Start      Relocate End    
[2025-10-14T11:00:52.859+0300][38.965s][info][gc,heap     ] GC(28) Y:      Used:     5554M (68%)        5570M (68%)         430M (5%)          428M (5%)     
[2025-10-14T11:00:52.859+0300][38.965s][info][gc,heap     ] GC(28) Y:      Live:         -               312M (4%)          312M (4%)          312M (4%)     
[2025-10-14T11:00:52.859+0300][38.965s][info][gc,heap     ] GC(28) Y:   Garbage:         -              5241M (64%)          95M (1%)           90M (1%)     
[2025-10-14T11:00:52.859+0300][38.965s][info][gc,heap     ] GC(28) Y: Allocated:         -                16M (0%)           22M (0%)           24M (0%)     
[2025-10-14T11:00:52.859+0300][38.965s][info][gc,heap     ] GC(28) Y: Reclaimed:         -                  -              5146M (63%)        5150M (63%)    
[2025-10-14T11:00:52.859+0300][38.965s][info][gc,heap     ] GC(28) Y:  Promoted:         -                  -                 0M (0%)            0M (0%)     
[2025-10-14T11:00:52.859+0300][38.965s][info][gc,heap     ] GC(28) Y: Compacted:         -                  -                  -                 3M (0%)     
[2025-10-14T11:00:52.859+0300][38.965s][info][gc,phases   ] GC(28) Y: Young Generation 5592M(68%)->466M(6%) 0.014s
[2025-10-14T11:00:52.859+0300][38.965s][info][gc,phases   ] GC(28) O: Old Generation
[2025-10-14T11:00:52.867+0300][38.973s][info][gc,phases   ] GC(28) O: Concurrent Mark 7.910ms
[2025-10-14T11:00:52.867+0300][38.973s][info][gc,phases   ] GC(28) O: Pause Mark End 0.012ms
[2025-10-14T11:00:52.867+0300][38.973s][info][gc,phases   ] GC(28) O: Concurrent Mark Free 0.000ms
[2025-10-14T11:00:52.869+0300][38.974s][info][gc,phases   ] GC(28) O: Concurrent Process Non-Strong 1.828ms
[2025-10-14T11:00:52.869+0300][38.975s][info][gc,phases   ] GC(28) O: Concurrent Reset Relocation Set 0.008ms
[2025-10-14T11:00:52.869+0300][38.975s][info][gc,phases   ] GC(28) O: Concurrent Select Relocation Set 0.067ms
[2025-10-14T11:00:52.869+0300][38.975s][info][gc,task     ] GC(28) O: Using 2 Workers for Old Generation
[2025-10-14T11:00:52.869+0300][38.975s][info][gc,task     ] GC(28) O: Using 1 Workers for Old Generation
[2025-10-14T11:00:52.869+0300][38.975s][info][gc,phases   ] GC(28) O: Concurrent Remap Roots 0.620ms
[2025-10-14T11:00:52.870+0300][38.975s][info][gc,phases   ] GC(28) O: Pause Relocate Start 0.003ms
[2025-10-14T11:00:52.871+0300][38.976s][info][gc,phases   ] GC(28) O: Concurrent Relocate 1.105ms
[2025-10-14T11:00:52.871+0300][38.976s][info][gc,alloc    ] GC(28) O:                         Mark Start        Mark End      Relocate Start    Relocate End   
[2025-10-14T11:00:52.871+0300][38.976s][info][gc,alloc    ] GC(28) O: Allocation Stalls:          0                0                0                0         
[2025-10-14T11:00:52.871+0300][38.976s][info][gc,load     ] GC(28) O: Load: 16.81 (168%) / 15.11 (151%) / 13.76 (138%)
[2025-10-14T11:00:52.871+0300][38.977s][info][gc,mmu      ] GC(28) O: MMU: 2ms/91.4%, 5ms/96.6%, 10ms/98.3%, 20ms/99.1%, 50ms/99.6%, 100ms/99.8%
[2025-10-14T11:00:52.871+0300][38.977s][info][gc,marking  ] GC(28) O: Mark: 1 stripe(s), 2 proactive flush(es), 1 terminate flush(es), 0 completion(s), 0 continuation(s) 
[2025-10-14T11:00:52.871+0300][38.977s][info][gc,nmethod  ] GC(28) O: NMethods: 891 registered, 67 unregistered
[2025-10-14T11:00:52.871+0300][38.977s][info][gc,metaspace] GC(28) O: Metaspace: 3M used, 3M committed, 1088M reserved
[2025-10-14T11:00:52.871+0300][38.977s][info][gc,ref      ] GC(28) O:                       Encountered   Discovered     Enqueued 
[2025-10-14T11:00:52.871+0300][38.977s][info][gc,ref      ] GC(28) O: Soft References:              289            0            0 
[2025-10-14T11:00:52.871+0300][38.977s][info][gc,ref      ] GC(28) O: Weak References:              541          492            0 
[2025-10-14T11:00:52.871+0300][38.977s][info][gc,ref      ] GC(28) O: Final References:               0            0            0 
[2025-10-14T11:00:52.871+0300][38.977s][info][gc,ref      ] GC(28) O: Phantom References:            53           52            0 
[2025-10-14T11:00:52.871+0300][38.977s][info][gc,reloc    ] GC(28) O:                        Candidates     Selected     In-Place         Size        Empty    Relocated 
[2025-10-14T11:00:52.871+0300][38.977s][info][gc,reloc    ] GC(28) O: Small Pages:                    3            1            0           6M           0M           1M 
[2025-10-14T11:00:52.871+0300][38.977s][info][gc,reloc    ] GC(28) O: Medium Pages:                   1            0            0          32M           0M           0M 
[2025-10-14T11:00:52.871+0300][38.977s][info][gc,reloc    ] GC(28) O: Large Pages:                    0            0            0           0M           0M           0M 
[2025-10-14T11:00:52.871+0300][38.977s][info][gc,reloc    ] GC(28) O: Forwarding Usage: 0M
[2025-10-14T11:00:52.871+0300][38.977s][info][gc,heap     ] GC(28) O: Min Capacity: 8M(0%)
[2025-10-14T11:00:52.871+0300][38.977s][info][gc,heap     ] GC(28) O: Max Capacity: 8192M(100%)
[2025-10-14T11:00:52.871+0300][38.977s][info][gc,heap     ] GC(28) O: Soft Max Capacity: 8192M(100%)
[2025-10-14T11:00:52.871+0300][38.977s][info][gc,heap     ] GC(28) O: Heap Statistics:
[2025-10-14T11:00:52.871+0300][38.977s][info][gc,heap     ] GC(28) O:                Mark Start          Mark End        Relocate Start      Relocate End           High               Low         
[2025-10-14T11:00:52.871+0300][38.977s][info][gc,heap     ] GC(28) O:  Capacity:     7806M (95%)        7806M (95%)        7806M (95%)        7806M (95%)        7806M (95%)        7806M (95%)    
[2025-10-14T11:00:52.871+0300][38.977s][info][gc,heap     ] GC(28) O:      Free:     2600M (32%)        7710M (94%)        7704M (94%)        7702M (94%)        7726M (94%)        2582M (32%)    
[2025-10-14T11:00:52.871+0300][38.977s][info][gc,heap     ] GC(28) O:      Used:     5592M (68%)         482M (6%)          488M (6%)          490M (6%)         5610M (68%)         466M (6%)     
[2025-10-14T11:00:52.871+0300][38.977s][info][gc,heap     ] GC(28) O: Old Generation Statistics:
[2025-10-14T11:00:52.871+0300][38.977s][info][gc,heap     ] GC(28) O:                Mark Start          Mark End        Relocate Start      Relocate End    
[2025-10-14T11:00:52.871+0300][38.977s][info][gc,heap     ] GC(28) O:      Used:       38M (0%)           38M (0%)           38M (0%)           38M (0%)     
[2025-10-14T11:00:52.871+0300][38.977s][info][gc,heap     ] GC(28) O:      Live:         -                 3M (0%)            3M (0%)            3M (0%)     
[2025-10-14T11:00:52.871+0300][38.977s][info][gc,heap     ] GC(28) O:   Garbage:         -                34M (0%)           34M (0%)           31M (0%)     
[2025-10-14T11:00:52.871+0300][38.977s][info][gc,heap     ] GC(28) O: Allocated:         -                 0M (0%)            0M (0%)            2M (0%)     
[2025-10-14T11:00:52.871+0300][38.977s][info][gc,heap     ] GC(28) O: Reclaimed:         -                  -                 0M (0%)            2M (0%)     
[2025-10-14T11:00:52.871+0300][38.977s][info][gc,heap     ] GC(28) O: Compacted:         -                  -                  -                 1M (0%)     
[2025-10-14T11:00:52.871+0300][38.977s][info][gc,phases   ] GC(28) O: Old Generation 466M(6%)->490M(6%) 0.012s
[2025-10-14T11:00:52.871+0300][38.977s][info][gc          ] GC(28) Major Collection (Proactive) 5592M(68%)->492M(6%) 0.027s
[2025-10-14T11:00:54.893+0300][40.999s][info][gc          ] GC(29) Major Collection (Proactive)
[2025-10-14T11:00:54.893+0300][40.999s][info][gc,task     ] GC(29) Using 1 Workers for Young Generation
[2025-10-14T11:00:54.893+0300][40.999s][info][gc,task     ] GC(29) Using 1 Workers for Old Generation
[2025-10-14T11:00:54.893+0300][40.999s][info][gc,phases   ] GC(29) Y: Young Generation
[2025-10-14T11:00:54.894+0300][41.000s][info][gc,phases   ] GC(29) Y: Pause Mark Start (Major) 0.010ms
[2025-10-14T11:00:54.903+0300][41.009s][info][gc,phases   ] GC(29) Y: Concurrent Mark 9.214ms
[2025-10-14T11:00:54.903+0300][41.009s][info][gc,phases   ] GC(29) Y: Pause Mark End 0.015ms
[2025-10-14T11:00:54.903+0300][41.009s][info][gc,phases   ] GC(29) Y: Concurrent Mark Free 0.000ms
[2025-10-14T11:00:54.903+0300][41.009s][info][gc,phases   ] GC(29) Y: Concurrent Reset Relocation Set 0.001ms
[2025-10-14T11:00:54.905+0300][41.011s][info][gc,reloc    ] GC(29) Y: Using tenuring threshold: 1 (Computed)
[2025-10-14T11:00:54.905+0300][41.011s][info][gc,phases   ] GC(29) Y: Concurrent Select Relocation Set 1.635ms
[2025-10-14T11:00:54.905+0300][41.011s][info][gc,phases   ] GC(29) Y: Pause Relocate Start 0.002ms
[2025-10-14T11:00:54.905+0300][41.011s][info][gc,phases   ] GC(29) Y: Concurrent Relocate 0.186ms
[2025-10-14T11:00:54.905+0300][41.011s][info][gc,alloc    ] GC(29) Y:                         Mark Start        Mark End      Relocate Start    Relocate End   
[2025-10-14T11:00:54.905+0300][41.011s][info][gc,alloc    ] GC(29) Y: Allocation Stalls:          0                0                0                0         
[2025-10-14T11:00:54.905+0300][41.011s][info][gc,load     ] GC(29) Y: Load: 16.81 (168%) / 15.11 (151%) / 13.76 (138%)
[2025-10-14T11:00:54.905+0300][41.011s][info][gc,mmu      ] GC(29) Y: MMU: 2ms/91.4%, 5ms/96.6%, 10ms/98.3%, 20ms/99.1%, 50ms/99.6%, 100ms/99.8%
[2025-10-14T11:00:54.905+0300][41.011s][info][gc,marking  ] GC(29) Y: Mark: 1 stripe(s), 2 proactive flush(es), 1 terminate flush(es), 0 completion(s), 0 continuation(s) 
[2025-10-14T11:00:54.905+0300][41.011s][info][gc,nmethod  ] GC(29) Y: NMethods: 891 registered, 67 unregistered
[2025-10-14T11:00:54.905+0300][41.011s][info][gc,metaspace] GC(29) Y: Metaspace: 3M used, 3M committed, 1088M reserved
[2025-10-14T11:00:54.905+0300][41.011s][info][gc,reloc    ] GC(29) Y:                        Candidates     Selected     In-Place         Size        Empty    Relocated 
[2025-10-14T11:00:54.905+0300][41.011s][info][gc,reloc    ] GC(29) Y: Small Pages:                 2954            2            0        5908M        5498M           2M 
[2025-10-14T11:00:54.905+0300][41.011s][info][gc,reloc    ] GC(29) Y: Medium Pages:                   0            0            0           0M           0M           0M 
[2025-10-14T11:00:54.905+0300][41.011s][info][gc,reloc    ] GC(29) Y: Large Pages:                    0            0            0           0M           0M           0M 
[2025-10-14T11:00:54.905+0300][41.011s][info][gc,reloc    ] GC(29) Y: Forwarding Usage: 0M
[2025-10-14T11:00:54.905+0300][41.011s][info][gc,reloc    ] GC(29) Y: Age Table:
[2025-10-14T11:00:54.905+0300][41.011s][info][gc,reloc    ] GC(29) Y:                    Live             Garbage             Small              Medium             Large        
[2025-10-14T11:00:54.906+0300][41.011s][info][gc,reloc    ] GC(29) Y: Eden             312M (4%)         5191M (63%)       2752 / 2              0 / 0              0 / 0        
[2025-10-14T11:00:54.906+0300][41.011s][info][gc,reloc    ] GC(29) Y: Survivor 1          -               404M (5%)         202 / 0              0 / 0              0 / 0        
[2025-10-14T11:00:54.906+0300][41.011s][info][gc,heap     ] GC(29) Y: Min Capacity: 8M(0%)
[2025-10-14T11:00:54.906+0300][41.011s][info][gc,heap     ] GC(29) Y: Max Capacity: 8192M(100%)
[2025-10-14T11:00:54.906+0300][41.011s][info][gc,heap     ] GC(29) Y: Soft Max Capacity: 8192M(100%)
[2025-10-14T11:00:54.906+0300][41.011s][info][gc,heap     ] GC(29) Y: Heap Statistics:
[2025-10-14T11:00:54.906+0300][41.011s][info][gc,heap     ] GC(29) Y:                Mark Start          Mark End        Relocate Start      Relocate End           High               Low         
[2025-10-14T11:00:54.906+0300][41.011s][info][gc,heap     ] GC(29) Y:  Capacity:     7806M (95%)        7806M (95%)        7806M (95%)        7806M (95%)        7806M (95%)        7806M (95%)    
[2025-10-14T11:00:54.906+0300][41.011s][info][gc,heap     ] GC(29) Y:      Free:     2246M (27%)        2238M (27%)        7732M (94%)        7736M (94%)        7736M (94%)        2238M (27%)    
[2025-10-14T11:00:54.906+0300][41.011s][info][gc,heap     ] GC(29) Y:      Used:     5946M (73%)        5954M (73%)         460M (6%)          456M (6%)         5954M (73%)         456M (6%)     
[2025-10-14T11:00:54.906+0300][41.011s][info][gc,heap     ] GC(29) Y: Young Generation Statistics:
[2025-10-14T11:00:54.906+0300][41.011s][info][gc,heap     ] GC(29) Y:                Mark Start          Mark End        Relocate Start      Relocate End    
[2025-10-14T11:00:54.906+0300][41.011s][info][gc,heap     ] GC(29) Y:      Used:     5908M (72%)        5916M (72%)         422M (5%)          418M (5%)     
[2025-10-14T11:00:54.906+0300][41.011s][info][gc,heap     ] GC(29) Y:      Live:         -               312M (4%)          312M (4%)          312M (4%)     
[2025-10-14T11:00:54.906+0300][41.011s][info][gc,heap     ] GC(29) Y:   Garbage:         -              5595M (68%)          97M (1%)           92M (1%)     
[2025-10-14T11:00:54.906+0300][41.011s][info][gc,heap     ] GC(29) Y: Allocated:         -                 8M (0%)           12M (0%)           12M (0%)     
[2025-10-14T11:00:54.906+0300][41.011s][info][gc,heap     ] GC(29) Y: Reclaimed:         -                  -              5498M (67%)        5502M (67%)    
[2025-10-14T11:00:54.906+0300][41.011s][info][gc,heap     ] GC(29) Y:  Promoted:         -                  -                 0M (0%)            0M (0%)     
[2025-10-14T11:00:54.906+0300][41.011s][info][gc,heap     ] GC(29) Y: Compacted:         -                  -                  -                 3M (0%)     
[2025-10-14T11:00:54.906+0300][41.011s][info][gc,phases   ] GC(29) Y: Young Generation 5946M(73%)->456M(6%) 0.012s
[2025-10-14T11:00:54.906+0300][41.011s][info][gc,phases   ] GC(29) O: Old Generation
[2025-10-14T11:00:54.910+0300][41.015s][info][gc,phases   ] GC(29) O: Concurrent Mark 3.993ms
[2025-10-14T11:00:54.910+0300][41.015s][info][gc,phases   ] GC(29) O: Pause Mark End 0.008ms
[2025-10-14T11:00:54.910+0300][41.016s][info][gc,phases   ] GC(29) O: Concurrent Mark Free 0.001ms
[2025-10-14T11:00:54.911+0300][41.017s][info][gc,phases   ] GC(29) O: Concurrent Process Non-Strong 1.500ms
[2025-10-14T11:00:54.911+0300][41.017s][info][gc,phases   ] GC(29) O: Concurrent Reset Relocation Set 0.001ms
[2025-10-14T11:00:54.911+0300][41.017s][info][gc,phases   ] GC(29) O: Concurrent Select Relocation Set 0.053ms
[2025-10-14T11:00:54.911+0300][41.017s][info][gc,task     ] GC(29) O: Using 2 Workers for Old Generation
[2025-10-14T11:00:54.912+0300][41.018s][info][gc,task     ] GC(29) O: Using 1 Workers for Old Generation
[2025-10-14T11:00:54.912+0300][41.018s][info][gc,phases   ] GC(29) O: Concurrent Remap Roots 0.616ms
[2025-10-14T11:00:54.912+0300][41.018s][info][gc,phases   ] GC(29) O: Pause Relocate Start 0.006ms
[2025-10-14T11:00:54.913+0300][41.019s][info][gc,phases   ] GC(29) O: Concurrent Relocate 1.155ms
[2025-10-14T11:00:54.913+0300][41.019s][info][gc,alloc    ] GC(29) O:                         Mark Start        Mark End      Relocate Start    Relocate End   
[2025-10-14T11:00:54.913+0300][41.019s][info][gc,alloc    ] GC(29) O: Allocation Stalls:          0                0                0                0         
[2025-10-14T11:00:54.913+0300][41.019s][info][gc,load     ] GC(29) O: Load: 16.81 (168%) / 15.11 (151%) / 13.76 (138%)
[2025-10-14T11:00:54.913+0300][41.019s][info][gc,mmu      ] GC(29) O: MMU: 2ms/91.4%, 5ms/96.6%, 10ms/98.3%, 20ms/99.1%, 50ms/99.6%, 100ms/99.8%
[2025-10-14T11:00:54.913+0300][41.019s][info][gc,marking  ] GC(29) O: Mark: 1 stripe(s), 2 proactive flush(es), 1 terminate flush(es), 0 completion(s), 0 continuation(s) 
[2025-10-14T11:00:54.913+0300][41.019s][info][gc,nmethod  ] GC(29) O: NMethods: 891 registered, 67 unregistered
[2025-10-14T11:00:54.913+0300][41.019s][info][gc,metaspace] GC(29) O: Metaspace: 3M used, 3M committed, 1088M reserved
[2025-10-14T11:00:54.913+0300][41.019s][info][gc,ref      ] GC(29) O:                       Encountered   Discovered     Enqueued 
[2025-10-14T11:00:54.913+0300][41.019s][info][gc,ref      ] GC(29) O: Soft References:              289            0            0 
[2025-10-14T11:00:54.913+0300][41.019s][info][gc,ref      ] GC(29) O: Weak References:              541          492            0 
[2025-10-14T11:00:54.913+0300][41.019s][info][gc,ref      ] GC(29) O: Final References:               0            0            0 
[2025-10-14T11:00:54.913+0300][41.019s][info][gc,ref      ] GC(29) O: Phantom References:            53           52            0 
[2025-10-14T11:00:54.914+0300][41.019s][info][gc,reloc    ] GC(29) O:                        Candidates     Selected     In-Place         Size        Empty    Relocated 
[2025-10-14T11:00:54.914+0300][41.019s][info][gc,reloc    ] GC(29) O: Small Pages:                    3            1            0           6M           0M           1M 
[2025-10-14T11:00:54.914+0300][41.019s][info][gc,reloc    ] GC(29) O: Medium Pages:                   1            0            0          32M           0M           0M 
[2025-10-14T11:00:54.914+0300][41.019s][info][gc,reloc    ] GC(29) O: Large Pages:                    0            0            0           0M           0M           0M 
[2025-10-14T11:00:54.914+0300][41.019s][info][gc,reloc    ] GC(29) O: Forwarding Usage: 0M
[2025-10-14T11:00:54.914+0300][41.019s][info][gc,heap     ] GC(29) O: Min Capacity: 8M(0%)
[2025-10-14T11:00:54.914+0300][41.019s][info][gc,heap     ] GC(29) O: Max Capacity: 8192M(100%)
[2025-10-14T11:00:54.914+0300][41.019s][info][gc,heap     ] GC(29) O: Soft Max Capacity: 8192M(100%)
[2025-10-14T11:00:54.914+0300][41.019s][info][gc,heap     ] GC(29) O: Heap Statistics:
[2025-10-14T11:00:54.914+0300][41.019s][info][gc,heap     ] GC(29) O:                Mark Start          Mark End        Relocate Start      Relocate End           High               Low         
[2025-10-14T11:00:54.914+0300][41.019s][info][gc,heap     ] GC(29) O:  Capacity:     7806M (95%)        7806M (95%)        7806M (95%)        7806M (95%)        7806M (95%)        7806M (95%)    
[2025-10-14T11:00:54.914+0300][41.020s][info][gc,heap     ] GC(29) O:      Free:     2246M (27%)        7726M (94%)        7718M (94%)        7716M (94%)        7736M (94%)        2238M (27%)    
[2025-10-14T11:00:54.914+0300][41.020s][info][gc,heap     ] GC(29) O:      Used:     5946M (73%)         466M (6%)          474M (6%)          476M (6%)         5954M (73%)         456M (6%)     
[2025-10-14T11:00:54.914+0300][41.020s][info][gc,heap     ] GC(29) O: Old Generation Statistics:
[2025-10-14T11:00:54.914+0300][41.020s][info][gc,heap     ] GC(29) O:                Mark Start          Mark End        Relocate Start      Relocate End    
[2025-10-14T11:00:54.914+0300][41.020s][info][gc,heap     ] GC(29) O:      Used:       38M (0%)           38M (0%)           38M (0%)           38M (0%)     
[2025-10-14T11:00:54.914+0300][41.020s][info][gc,heap     ] GC(29) O:      Live:         -                 3M (0%)            3M (0%)            3M (0%)     
[2025-10-14T11:00:54.914+0300][41.020s][info][gc,heap     ] GC(29) O:   Garbage:         -                34M (0%)           34M (0%)           31M (0%)     
[2025-10-14T11:00:54.914+0300][41.020s][info][gc,heap     ] GC(29) O: Allocated:         -                 0M (0%)            0M (0%)            2M (0%)     
[2025-10-14T11:00:54.914+0300][41.020s][info][gc,heap     ] GC(29) O: Reclaimed:         -                  -                 0M (0%)            2M (0%)     
[2025-10-14T11:00:54.914+0300][41.020s][info][gc,heap     ] GC(29) O: Compacted:         -                  -                  -                 1M (0%)     
[2025-10-14T11:00:54.914+0300][41.020s][info][gc,phases   ] GC(29) O: Old Generation 458M(6%)->476M(6%) 0.008s
[2025-10-14T11:00:54.914+0300][41.020s][info][gc          ] GC(29) Major Collection (Proactive) 5946M(73%)->478M(6%) 0.021s
[2025-10-14T11:00:56.640+0300][42.745s][info][gc          ] GC(30) Major Collection (Proactive)
[2025-10-14T11:00:56.640+0300][42.746s][info][gc,task     ] GC(30) Using 1 Workers for Young Generation
[2025-10-14T11:00:56.640+0300][42.746s][info][gc,task     ] GC(30) Using 1 Workers for Old Generation
[2025-10-14T11:00:56.640+0300][42.746s][info][gc,phases   ] GC(30) Y: Young Generation
[2025-10-14T11:00:56.640+0300][42.746s][info][gc,phases   ] GC(30) Y: Pause Mark Start (Major) 0.008ms
[2025-10-14T11:00:56.656+0300][42.762s][info][gc,phases   ] GC(30) Y: Concurrent Mark 16.184ms
[2025-10-14T11:00:56.657+0300][42.762s][info][gc,phases   ] GC(30) Y: Pause Mark End 0.020ms
[2025-10-14T11:00:56.657+0300][42.762s][info][gc,phases   ] GC(30) Y: Concurrent Mark Free 0.001ms
[2025-10-14T11:00:56.657+0300][42.762s][info][gc,phases   ] GC(30) Y: Concurrent Reset Relocation Set 0.001ms
[2025-10-14T11:00:56.659+0300][42.764s][info][gc,reloc    ] GC(30) Y: Using tenuring threshold: 1 (Computed)
[2025-10-14T11:00:56.659+0300][42.765s][info][gc,phases   ] GC(30) Y: Concurrent Select Relocation Set 2.197ms
[2025-10-14T11:00:56.659+0300][42.765s][info][gc,phases   ] GC(30) Y: Pause Relocate Start 0.009ms
[2025-10-14T11:00:56.659+0300][42.765s][info][gc,phases   ] GC(30) Y: Concurrent Relocate 0.172ms
[2025-10-14T11:00:56.659+0300][42.765s][info][gc,alloc    ] GC(30) Y:                         Mark Start        Mark End      Relocate Start    Relocate End   
[2025-10-14T11:00:56.659+0300][42.765s][info][gc,alloc    ] GC(30) Y: Allocation Stalls:          0                0                0                0         
[2025-10-14T11:00:56.659+0300][42.765s][info][gc,load     ] GC(30) Y: Load: 16.81 (168%) / 15.11 (151%) / 13.76 (138%)
[2025-10-14T11:00:56.659+0300][42.765s][info][gc,mmu      ] GC(30) Y: MMU: 2ms/91.4%, 5ms/96.6%, 10ms/98.3%, 20ms/99.1%, 50ms/99.6%, 100ms/99.8%
[2025-10-14T11:00:56.659+0300][42.765s][info][gc,marking  ] GC(30) Y: Mark: 1 stripe(s), 2 proactive flush(es), 1 terminate flush(es), 0 completion(s), 0 continuation(s) 
[2025-10-14T11:00:56.659+0300][42.765s][info][gc,nmethod  ] GC(30) Y: NMethods: 891 registered, 67 unregistered
[2025-10-14T11:00:56.659+0300][42.765s][info][gc,metaspace] GC(30) Y: Metaspace: 3M used, 3M committed, 1088M reserved
[2025-10-14T11:00:56.659+0300][42.765s][info][gc,reloc    ] GC(30) Y:                        Candidates     Selected     In-Place         Size        Empty    Relocated 
[2025-10-14T11:00:56.659+0300][42.765s][info][gc,reloc    ] GC(30) Y: Small Pages:                 3088            2            0        6176M        5766M           2M 
[2025-10-14T11:00:56.659+0300][42.765s][info][gc,reloc    ] GC(30) Y: Medium Pages:                   0            0            0           0M           0M           0M 
[2025-10-14T11:00:56.659+0300][42.765s][info][gc,reloc    ] GC(30) Y: Large Pages:                    0            0            0           0M           0M           0M 
[2025-10-14T11:00:56.659+0300][42.765s][info][gc,reloc    ] GC(30) Y: Forwarding Usage: 0M
[2025-10-14T11:00:56.659+0300][42.765s][info][gc,reloc    ] GC(30) Y: Age Table:
[2025-10-14T11:00:56.659+0300][42.765s][info][gc,reloc    ] GC(30) Y:                    Live             Garbage             Small              Medium             Large        
[2025-10-14T11:00:56.659+0300][42.765s][info][gc,reloc    ] GC(30) Y: Eden             312M (4%)         5457M (67%)       2885 / 2              0 / 0              0 / 0        
[2025-10-14T11:00:56.659+0300][42.765s][info][gc,reloc    ] GC(30) Y: Survivor 1          -               406M (5%)         203 / 0              0 / 0              0 / 0        
[2025-10-14T11:00:56.659+0300][42.765s][info][gc,heap     ] GC(30) Y: Min Capacity: 8M(0%)
[2025-10-14T11:00:56.659+0300][42.765s][info][gc,heap     ] GC(30) Y: Max Capacity: 8192M(100%)
[2025-10-14T11:00:56.659+0300][42.765s][info][gc,heap     ] GC(30) Y: Soft Max Capacity: 8192M(100%)
[2025-10-14T11:00:56.659+0300][42.765s][info][gc,heap     ] GC(30) Y: Heap Statistics:
[2025-10-14T11:00:56.659+0300][42.765s][info][gc,heap     ] GC(30) Y:                Mark Start          Mark End        Relocate Start      Relocate End           High               Low         
[2025-10-14T11:00:56.659+0300][42.765s][info][gc,heap     ] GC(30) Y:  Capacity:     7806M (95%)        7806M (95%)        7806M (95%)        7806M (95%)        7806M (95%)        7806M (95%)    
[2025-10-14T11:00:56.659+0300][42.765s][info][gc,heap     ] GC(30) Y:      Free:     1978M (24%)        1972M (24%)        7730M (94%)        7734M (94%)        7734M (94%)        1972M (24%)    
[2025-10-14T11:00:56.659+0300][42.765s][info][gc,heap     ] GC(30) Y:      Used:     6214M (76%)        6220M (76%)         462M (6%)          458M (6%)         6220M (76%)         458M (6%)     
[2025-10-14T11:00:56.659+0300][42.765s][info][gc,heap     ] GC(30) Y: Young Generation Statistics:
[2025-10-14T11:00:56.659+0300][42.765s][info][gc,heap     ] GC(30) Y:                Mark Start          Mark End        Relocate Start      Relocate End    
[2025-10-14T11:00:56.659+0300][42.765s][info][gc,heap     ] GC(30) Y:      Used:     6176M (75%)        6182M (75%)         424M (5%)          420M (5%)     
[2025-10-14T11:00:56.659+0300][42.765s][info][gc,heap     ] GC(30) Y:      Live:         -               312M (4%)          312M (4%)          312M (4%)     
[2025-10-14T11:00:56.659+0300][42.765s][info][gc,heap     ] GC(30) Y:   Garbage:         -              5863M (72%)          97M (1%)           92M (1%)     
[2025-10-14T11:00:56.659+0300][42.765s][info][gc,heap     ] GC(30) Y: Allocated:         -                 6M (0%)           14M (0%)           14M (0%)     
[2025-10-14T11:00:56.659+0300][42.765s][info][gc,heap     ] GC(30) Y: Reclaimed:         -                  -              5766M (70%)        5770M (70%)    
[2025-10-14T11:00:56.659+0300][42.765s][info][gc,heap     ] GC(30) Y:  Promoted:         -                  -                 0M (0%)            0M (0%)     
[2025-10-14T11:00:56.659+0300][42.765s][info][gc,heap     ] GC(30) Y: Compacted:         -                  -                  -                 3M (0%)     
[2025-10-14T11:00:56.660+0300][42.765s][info][gc,phases   ] GC(30) Y: Young Generation 6214M(76%)->458M(6%) 0.019s
[2025-10-14T11:00:56.660+0300][42.765s][info][gc,phases   ] GC(30) O: Old Generation
[2025-10-14T11:00:56.664+0300][42.769s][info][gc,phases   ] GC(30) O: Concurrent Mark 3.979ms
[2025-10-14T11:00:56.664+0300][42.769s][info][gc,phases   ] GC(30) O: Pause Mark End 0.010ms
[2025-10-14T11:00:56.664+0300][42.769s][info][gc,phases   ] GC(30) O: Concurrent Mark Free 0.001ms
[2025-10-14T11:00:56.665+0300][42.771s][info][gc,phases   ] GC(30) O: Concurrent Process Non-Strong 1.514ms
[2025-10-14T11:00:56.665+0300][42.771s][info][gc,phases   ] GC(30) O: Concurrent Reset Relocation Set 0.001ms
[2025-10-14T11:00:56.665+0300][42.771s][info][gc,phases   ] GC(30) O: Concurrent Select Relocation Set 0.060ms
[2025-10-14T11:00:56.665+0300][42.771s][info][gc,task     ] GC(30) O: Using 2 Workers for Old Generation
[2025-10-14T11:00:56.666+0300][42.772s][info][gc,task     ] GC(30) O: Using 1 Workers for Old Generation
[2025-10-14T11:00:56.666+0300][42.772s][info][gc,phases   ] GC(30) O: Concurrent Remap Roots 0.553ms
[2025-10-14T11:00:56.666+0300][42.772s][info][gc,phases   ] GC(30) O: Pause Relocate Start 0.004ms
[2025-10-14T11:00:56.667+0300][42.772s][info][gc,phases   ] GC(30) O: Concurrent Relocate 0.772ms
[2025-10-14T11:00:56.667+0300][42.773s][info][gc,alloc    ] GC(30) O:                         Mark Start        Mark End      Relocate Start    Relocate End   
[2025-10-14T11:00:56.667+0300][42.773s][info][gc,alloc    ] GC(30) O: Allocation Stalls:          0                0                0                0         
[2025-10-14T11:00:56.667+0300][42.773s][info][gc,load     ] GC(30) O: Load: 16.81 (168%) / 15.11 (151%) / 13.76 (138%)
[2025-10-14T11:00:56.667+0300][42.773s][info][gc,mmu      ] GC(30) O: MMU: 2ms/91.4%, 5ms/96.6%, 10ms/98.3%, 20ms/99.1%, 50ms/99.6%, 100ms/99.8%
[2025-10-14T11:00:56.667+0300][42.773s][info][gc,marking  ] GC(30) O: Mark: 1 stripe(s), 2 proactive flush(es), 1 terminate flush(es), 0 completion(s), 0 continuation(s) 
[2025-10-14T11:00:56.667+0300][42.773s][info][gc,nmethod  ] GC(30) O: NMethods: 891 registered, 67 unregistered
[2025-10-14T11:00:56.667+0300][42.773s][info][gc,metaspace] GC(30) O: Metaspace: 3M used, 3M committed, 1088M reserved
[2025-10-14T11:00:56.667+0300][42.773s][info][gc,ref      ] GC(30) O:                       Encountered   Discovered     Enqueued 
[2025-10-14T11:00:56.667+0300][42.773s][info][gc,ref      ] GC(30) O: Soft References:              289            0            0 
[2025-10-14T11:00:56.667+0300][42.773s][info][gc,ref      ] GC(30) O: Weak References:              541          492            0 
[2025-10-14T11:00:56.667+0300][42.773s][info][gc,ref      ] GC(30) O: Final References:               0            0            0 
[2025-10-14T11:00:56.667+0300][42.773s][info][gc,ref      ] GC(30) O: Phantom References:            53           52            0 
[2025-10-14T11:00:56.667+0300][42.773s][info][gc,reloc    ] GC(30) O:                        Candidates     Selected     In-Place         Size        Empty    Relocated 
[2025-10-14T11:00:56.667+0300][42.773s][info][gc,reloc    ] GC(30) O: Small Pages:                    3            1            0           6M           0M           1M 
[2025-10-14T11:00:56.667+0300][42.773s][info][gc,reloc    ] GC(30) O: Medium Pages:                   1            0            0          32M           0M           0M 
[2025-10-14T11:00:56.667+0300][42.773s][info][gc,reloc    ] GC(30) O: Large Pages:                    0            0            0           0M           0M           0M 
[2025-10-14T11:00:56.667+0300][42.773s][info][gc,reloc    ] GC(30) O: Forwarding Usage: 0M
[2025-10-14T11:00:56.667+0300][42.773s][info][gc,heap     ] GC(30) O: Min Capacity: 8M(0%)
[2025-10-14T11:00:56.667+0300][42.773s][info][gc,heap     ] GC(30) O: Max Capacity: 8192M(100%)
[2025-10-14T11:00:56.667+0300][42.773s][info][gc,heap     ] GC(30) O: Soft Max Capacity: 8192M(100%)
[2025-10-14T11:00:56.667+0300][42.773s][info][gc,heap     ] GC(30) O: Heap Statistics:
[2025-10-14T11:00:56.667+0300][42.773s][info][gc,heap     ] GC(30) O:                Mark Start          Mark End        Relocate Start      Relocate End           High               Low         
[2025-10-14T11:00:56.667+0300][42.773s][info][gc,heap     ] GC(30) O:  Capacity:     7806M (95%)        7806M (95%)        7806M (95%)        7806M (95%)        7806M (95%)        7806M (95%)    
[2025-10-14T11:00:56.667+0300][42.773s][info][gc,heap     ] GC(30) O:      Free:     1978M (24%)        7720M (94%)        7712M (94%)        7708M (94%)        7734M (94%)        1972M (24%)    
[2025-10-14T11:00:56.667+0300][42.773s][info][gc,heap     ] GC(30) O:      Used:     6214M (76%)         472M (6%)          480M (6%)          484M (6%)         6220M (76%)         458M (6%)     
[2025-10-14T11:00:56.667+0300][42.773s][info][gc,heap     ] GC(30) O: Old Generation Statistics:
[2025-10-14T11:00:56.667+0300][42.773s][info][gc,heap     ] GC(30) O:                Mark Start          Mark End        Relocate Start      Relocate End    
[2025-10-14T11:00:56.667+0300][42.773s][info][gc,heap     ] GC(30) O:      Used:       38M (0%)           38M (0%)           38M (0%)           38M (0%)     
[2025-10-14T11:00:56.667+0300][42.773s][info][gc,heap     ] GC(30) O:      Live:         -                 3M (0%)            3M (0%)            3M (0%)     
[2025-10-14T11:00:56.667+0300][42.773s][info][gc,heap     ] GC(30) O:   Garbage:         -                34M (0%)           34M (0%)           31M (0%)     
[2025-10-14T11:00:56.667+0300][42.773s][info][gc,heap     ] GC(30) O: Allocated:         -                 0M (0%)            0M (0%)            2M (0%)     
[2025-10-14T11:00:56.667+0300][42.773s][info][gc,heap     ] GC(30) O: Reclaimed:         -                  -                 0M (0%)            2M (0%)     
[2025-10-14T11:00:56.667+0300][42.773s][info][gc,heap     ] GC(30) O: Compacted:         -                  -                  -                 1M (0%)     
[2025-10-14T11:00:56.667+0300][42.773s][info][gc,phases   ] GC(30) O: Old Generation 458M(6%)->484M(6%) 0.007s
[2025-10-14T11:00:56.667+0300][42.773s][info][gc          ] GC(30) Major Collection (Proactive) 6214M(76%)->484M(6%) 0.027s
[2025-10-14T11:00:58.735+0300][44.841s][info][gc          ] GC(31) Major Collection (Proactive)
[2025-10-14T11:00:58.735+0300][44.841s][info][gc,task     ] GC(31) Using 1 Workers for Young Generation
[2025-10-14T11:00:58.735+0300][44.841s][info][gc,task     ] GC(31) Using 1 Workers for Old Generation
[2025-10-14T11:00:58.735+0300][44.841s][info][gc,phases   ] GC(31) Y: Young Generation
[2025-10-14T11:00:58.736+0300][44.841s][info][gc,phases   ] GC(31) Y: Pause Mark Start (Major) 0.030ms
[2025-10-14T11:00:58.742+0300][44.848s][info][gc,phases   ] GC(31) Y: Concurrent Mark 6.174ms
[2025-10-14T11:00:58.742+0300][44.848s][info][gc,phases   ] GC(31) Y: Pause Mark End 0.012ms
[2025-10-14T11:00:58.742+0300][44.848s][info][gc,phases   ] GC(31) Y: Concurrent Mark Free 0.001ms
[2025-10-14T11:00:58.742+0300][44.848s][info][gc,phases   ] GC(31) Y: Concurrent Reset Relocation Set 0.012ms
[2025-10-14T11:00:58.750+0300][44.856s][info][gc,reloc    ] GC(31) Y: Using tenuring threshold: 1 (Computed)
[2025-10-14T11:00:58.750+0300][44.856s][info][gc,phases   ] GC(31) Y: Concurrent Select Relocation Set 7.828ms
[2025-10-14T11:00:58.750+0300][44.856s][info][gc,phases   ] GC(31) Y: Pause Relocate Start 0.007ms
[2025-10-14T11:00:58.750+0300][44.856s][info][gc,phases   ] GC(31) Y: Concurrent Relocate 0.151ms
[2025-10-14T11:00:58.750+0300][44.856s][info][gc,alloc    ] GC(31) Y:                         Mark Start        Mark End      Relocate Start    Relocate End   
[2025-10-14T11:00:58.750+0300][44.856s][info][gc,alloc    ] GC(31) Y: Allocation Stalls:          0                0                0                0         
[2025-10-14T11:00:58.750+0300][44.856s][info][gc,load     ] GC(31) Y: Load: 15.94 (159%) / 14.96 (150%) / 13.72 (137%)
[2025-10-14T11:00:58.750+0300][44.856s][info][gc,mmu      ] GC(31) Y: MMU: 2ms/91.4%, 5ms/96.6%, 10ms/98.3%, 20ms/99.1%, 50ms/99.6%, 100ms/99.8%
[2025-10-14T11:00:58.750+0300][44.856s][info][gc,marking  ] GC(31) Y: Mark: 1 stripe(s), 2 proactive flush(es), 1 terminate flush(es), 0 completion(s), 0 continuation(s) 
[2025-10-14T11:00:58.750+0300][44.856s][info][gc,nmethod  ] GC(31) Y: NMethods: 891 registered, 67 unregistered
[2025-10-14T11:00:58.750+0300][44.856s][info][gc,metaspace] GC(31) Y: Metaspace: 3M used, 3M committed, 1088M reserved
[2025-10-14T11:00:58.750+0300][44.856s][info][gc,reloc    ] GC(31) Y:                        Candidates     Selected     In-Place         Size        Empty    Relocated 
[2025-10-14T11:00:58.750+0300][44.856s][info][gc,reloc    ] GC(31) Y: Small Pages:                 3385            2            0        6770M        6360M           1M 
[2025-10-14T11:00:58.750+0300][44.856s][info][gc,reloc    ] GC(31) Y: Medium Pages:                   0            0            0           0M           0M           0M 
[2025-10-14T11:00:58.750+0300][44.856s][info][gc,reloc    ] GC(31) Y: Large Pages:                    0            0            0           0M           0M           0M 
[2025-10-14T11:00:58.750+0300][44.856s][info][gc,reloc    ] GC(31) Y: Forwarding Usage: 0M
[2025-10-14T11:00:58.750+0300][44.856s][info][gc,reloc    ] GC(31) Y: Age Table:
[2025-10-14T11:00:58.750+0300][44.856s][info][gc,reloc    ] GC(31) Y:                    Live             Garbage             Small              Medium             Large        
[2025-10-14T11:00:58.750+0300][44.856s][info][gc,reloc    ] GC(31) Y: Eden             312M (4%)         6051M (74%)       3182 / 2              0 / 0              0 / 0        
[2025-10-14T11:00:58.750+0300][44.856s][info][gc,reloc    ] GC(31) Y: Survivor 1          -               406M (5%)         203 / 0              0 / 0              0 / 0        
[2025-10-14T11:00:58.750+0300][44.856s][info][gc,heap     ] GC(31) Y: Min Capacity: 8M(0%)
[2025-10-14T11:00:58.750+0300][44.856s][info][gc,heap     ] GC(31) Y: Max Capacity: 8192M(100%)
[2025-10-14T11:00:58.750+0300][44.856s][info][gc,heap     ] GC(31) Y: Soft Max Capacity: 8192M(100%)
[2025-10-14T11:00:58.750+0300][44.856s][info][gc,heap     ] GC(31) Y: Heap Statistics:
[2025-10-14T11:00:58.750+0300][44.856s][info][gc,heap     ] GC(31) Y:                Mark Start          Mark End        Relocate Start      Relocate End           High               Low         
[2025-10-14T11:00:58.750+0300][44.856s][info][gc,heap     ] GC(31) Y:  Capacity:     7806M (95%)        7806M (95%)        7806M (95%)        7806M (95%)        7806M (95%)        7806M (95%)    
[2025-10-14T11:00:58.750+0300][44.856s][info][gc,heap     ] GC(31) Y:      Free:     1384M (17%)        1374M (17%)        7722M (94%)        7726M (94%)        7726M (94%)        1372M (17%)    
[2025-10-14T11:00:58.750+0300][44.856s][info][gc,heap     ] GC(31) Y:      Used:     6808M (83%)        6818M (83%)         470M (6%)          466M (6%)         6820M (83%)         466M (6%)     
[2025-10-14T11:00:58.750+0300][44.856s][info][gc,heap     ] GC(31) Y: Young Generation Statistics:
[2025-10-14T11:00:58.750+0300][44.856s][info][gc,heap     ] GC(31) Y:                Mark Start          Mark End        Relocate Start      Relocate End    
[2025-10-14T11:00:58.751+0300][44.856s][info][gc,heap     ] GC(31) Y:      Used:     6770M (83%)        6780M (83%)         432M (5%)          428M (5%)     
[2025-10-14T11:00:58.751+0300][44.856s][info][gc,heap     ] GC(31) Y:      Live:         -               312M (4%)          312M (4%)          312M (4%)     
[2025-10-14T11:00:58.751+0300][44.856s][info][gc,heap     ] GC(31) Y:   Garbage:         -              6457M (79%)          97M (1%)           92M (1%)     
[2025-10-14T11:00:58.751+0300][44.856s][info][gc,heap     ] GC(31) Y: Allocated:         -                10M (0%)           22M (0%)           22M (0%)     
[2025-10-14T11:00:58.751+0300][44.856s][info][gc,heap     ] GC(31) Y: Reclaimed:         -                  -              6360M (78%)        6364M (78%)    
[2025-10-14T11:00:58.751+0300][44.856s][info][gc,heap     ] GC(31) Y:  Promoted:         -                  -                 0M (0%)            0M (0%)     
[2025-10-14T11:00:58.751+0300][44.856s][info][gc,heap     ] GC(31) Y: Compacted:         -                  -                  -                 1M (0%)     
[2025-10-14T11:00:58.751+0300][44.856s][info][gc,phases   ] GC(31) Y: Young Generation 6808M(83%)->466M(6%) 0.015s
[2025-10-14T11:00:58.751+0300][44.856s][info][gc,phases   ] GC(31) O: Old Generation
[2025-10-14T11:00:58.756+0300][44.862s][info][gc,phases   ] GC(31) O: Concurrent Mark 5.231ms
[2025-10-14T11:00:58.756+0300][44.862s][info][gc,phases   ] GC(31) O: Pause Mark End 0.017ms
[2025-10-14T11:00:58.756+0300][44.862s][info][gc,phases   ] GC(31) O: Concurrent Mark Free 0.001ms
[2025-10-14T11:00:58.760+0300][44.865s][info][gc,phases   ] GC(31) O: Concurrent Process Non-Strong 3.589ms
[2025-10-14T11:00:58.760+0300][44.865s][info][gc,phases   ] GC(31) O: Concurrent Reset Relocation Set 0.004ms
[2025-10-14T11:00:58.760+0300][44.866s][info][gc,phases   ] GC(31) O: Concurrent Select Relocation Set 0.076ms
[2025-10-14T11:00:58.760+0300][44.866s][info][gc,task     ] GC(31) O: Using 2 Workers for Old Generation
[2025-10-14T11:00:58.760+0300][44.866s][info][gc,task     ] GC(31) O: Using 1 Workers for Old Generation
[2025-10-14T11:00:58.760+0300][44.866s][info][gc,phases   ] GC(31) O: Concurrent Remap Roots 0.561ms
[2025-10-14T11:00:58.760+0300][44.866s][info][gc,phases   ] GC(31) O: Pause Relocate Start 0.008ms
[2025-10-14T11:00:58.761+0300][44.867s][info][gc,phases   ] GC(31) O: Concurrent Relocate 0.768ms
[2025-10-14T11:00:58.761+0300][44.867s][info][gc,alloc    ] GC(31) O:                         Mark Start        Mark End      Relocate Start    Relocate End   
[2025-10-14T11:00:58.761+0300][44.867s][info][gc,alloc    ] GC(31) O: Allocation Stalls:          0                0                0                0         
[2025-10-14T11:00:58.761+0300][44.867s][info][gc,load     ] GC(31) O: Load: 15.94 (159%) / 14.96 (150%) / 13.72 (137%)
[2025-10-14T11:00:58.761+0300][44.867s][info][gc,mmu      ] GC(31) O: MMU: 2ms/91.4%, 5ms/96.6%, 10ms/98.3%, 20ms/99.1%, 50ms/99.6%, 100ms/99.8%
[2025-10-14T11:00:58.761+0300][44.867s][info][gc,marking  ] GC(31) O: Mark: 1 stripe(s), 2 proactive flush(es), 1 terminate flush(es), 0 completion(s), 0 continuation(s) 
[2025-10-14T11:00:58.761+0300][44.867s][info][gc,nmethod  ] GC(31) O: NMethods: 891 registered, 67 unregistered
[2025-10-14T11:00:58.761+0300][44.867s][info][gc,metaspace] GC(31) O: Metaspace: 3M used, 3M committed, 1088M reserved
[2025-10-14T11:00:58.761+0300][44.867s][info][gc,ref      ] GC(31) O:                       Encountered   Discovered     Enqueued 
[2025-10-14T11:00:58.761+0300][44.867s][info][gc,ref      ] GC(31) O: Soft References:              289            0            0 
[2025-10-14T11:00:58.761+0300][44.867s][info][gc,ref      ] GC(31) O: Weak References:              541          492            0 
[2025-10-14T11:00:58.761+0300][44.867s][info][gc,ref      ] GC(31) O: Final References:               0            0            0 
[2025-10-14T11:00:58.761+0300][44.867s][info][gc,ref      ] GC(31) O: Phantom References:            53           50            0 
[2025-10-14T11:00:58.761+0300][44.867s][info][gc,reloc    ] GC(31) O:                        Candidates     Selected     In-Place         Size        Empty    Relocated 
[2025-10-14T11:00:58.761+0300][44.867s][info][gc,reloc    ] GC(31) O: Small Pages:                    3            1            0           6M           0M           1M 
[2025-10-14T11:00:58.761+0300][44.867s][info][gc,reloc    ] GC(31) O: Medium Pages:                   1            0            0          32M           0M           0M 
[2025-10-14T11:00:58.761+0300][44.867s][info][gc,reloc    ] GC(31) O: Large Pages:                    0            0            0           0M           0M           0M 
[2025-10-14T11:00:58.761+0300][44.867s][info][gc,reloc    ] GC(31) O: Forwarding Usage: 0M
[2025-10-14T11:00:58.761+0300][44.867s][info][gc,heap     ] GC(31) O: Min Capacity: 8M(0%)
[2025-10-14T11:00:58.761+0300][44.867s][info][gc,heap     ] GC(31) O: Max Capacity: 8192M(100%)
[2025-10-14T11:00:58.761+0300][44.867s][info][gc,heap     ] GC(31) O: Soft Max Capacity: 8192M(100%)
[2025-10-14T11:00:58.761+0300][44.867s][info][gc,heap     ] GC(31) O: Heap Statistics:
[2025-10-14T11:00:58.761+0300][44.867s][info][gc,heap     ] GC(31) O:                Mark Start          Mark End        Relocate Start      Relocate End           High               Low         
[2025-10-14T11:00:58.761+0300][44.867s][info][gc,heap     ] GC(31) O:  Capacity:     7806M (95%)        7806M (95%)        7806M (95%)        7806M (95%)        7806M (95%)        7806M (95%)    
[2025-10-14T11:00:58.761+0300][44.867s][info][gc,heap     ] GC(31) O:      Free:     1384M (17%)        7712M (94%)        7708M (94%)        7708M (94%)        7726M (94%)        1372M (17%)    
[2025-10-14T11:00:58.761+0300][44.867s][info][gc,heap     ] GC(31) O:      Used:     6808M (83%)         480M (6%)          484M (6%)          484M (6%)         6820M (83%)         466M (6%)     
[2025-10-14T11:00:58.761+0300][44.867s][info][gc,heap     ] GC(31) O: Old Generation Statistics:
[2025-10-14T11:00:58.761+0300][44.867s][info][gc,heap     ] GC(31) O:                Mark Start          Mark End        Relocate Start      Relocate End    
[2025-10-14T11:00:58.761+0300][44.867s][info][gc,heap     ] GC(31) O:      Used:       38M (0%)           38M (0%)           38M (0%)           38M (0%)     
[2025-10-14T11:00:58.762+0300][44.867s][info][gc,heap     ] GC(31) O:      Live:         -                 3M (0%)            3M (0%)            3M (0%)     
[2025-10-14T11:00:58.762+0300][44.867s][info][gc,heap     ] GC(31) O:   Garbage:         -                34M (0%)           34M (0%)           31M (0%)     
[2025-10-14T11:00:58.762+0300][44.867s][info][gc,heap     ] GC(31) O: Allocated:         -                 0M (0%)            0M (0%)            2M (0%)     
[2025-10-14T11:00:58.762+0300][44.867s][info][gc,heap     ] GC(31) O: Reclaimed:         -                  -                 0M (0%)            2M (0%)     
[2025-10-14T11:00:58.762+0300][44.867s][info][gc,heap     ] GC(31) O: Compacted:         -                  -                  -                 1M (0%)     
[2025-10-14T11:00:58.762+0300][44.867s][info][gc,phases   ] GC(31) O: Old Generation 466M(6%)->484M(6%) 0.011s
[2025-10-14T11:00:58.762+0300][44.867s][info][gc          ] GC(31) Major Collection (Proactive) 6808M(83%)->486M(6%) 0.027s
[2025-10-14T11:01:01.364+0300][47.470s][info][gc          ] GC(32) Major Collection (Proactive)
[2025-10-14T11:01:01.364+0300][47.470s][info][gc,task     ] GC(32) Using 1 Workers for Young Generation
[2025-10-14T11:01:01.364+0300][47.470s][info][gc,task     ] GC(32) Using 1 Workers for Old Generation
[2025-10-14T11:01:01.364+0300][47.470s][info][gc,phases   ] GC(32) Y: Young Generation
[2025-10-14T11:01:01.364+0300][47.470s][info][gc,phases   ] GC(32) Y: Pause Mark Start (Major) 0.020ms
[2025-10-14T11:01:01.372+0300][47.478s][info][gc,phases   ] GC(32) Y: Concurrent Mark 7.832ms
[2025-10-14T11:01:01.372+0300][47.478s][info][gc,phases   ] GC(32) Y: Pause Mark End 0.013ms
[2025-10-14T11:01:01.372+0300][47.478s][info][gc,phases   ] GC(32) Y: Concurrent Mark Free 0.001ms
[2025-10-14T11:01:01.372+0300][47.478s][info][gc,phases   ] GC(32) Y: Concurrent Reset Relocation Set 0.012ms
[2025-10-14T11:01:01.381+0300][47.487s][info][gc,reloc    ] GC(32) Y: Using tenuring threshold: 1 (Computed)
[2025-10-14T11:01:01.381+0300][47.487s][info][gc,phases   ] GC(32) Y: Concurrent Select Relocation Set 8.864ms
[2025-10-14T11:01:01.381+0300][47.487s][info][gc,phases   ] GC(32) Y: Pause Relocate Start 0.008ms
[2025-10-14T11:01:01.382+0300][47.488s][info][gc,phases   ] GC(32) Y: Concurrent Relocate 0.486ms
[2025-10-14T11:01:01.382+0300][47.488s][info][gc,alloc    ] GC(32) Y:                         Mark Start        Mark End      Relocate Start    Relocate End   
[2025-10-14T11:01:01.382+0300][47.488s][info][gc,alloc    ] GC(32) Y: Allocation Stalls:          0                0                0                0         
[2025-10-14T11:01:01.382+0300][47.488s][info][gc,load     ] GC(32) Y: Load: 15.94 (159%) / 14.96 (150%) / 13.72 (137%)
[2025-10-14T11:01:01.382+0300][47.488s][info][gc,mmu      ] GC(32) Y: MMU: 2ms/91.4%, 5ms/96.6%, 10ms/98.3%, 20ms/99.1%, 50ms/99.6%, 100ms/99.8%
[2025-10-14T11:01:01.382+0300][47.488s][info][gc,marking  ] GC(32) Y: Mark: 1 stripe(s), 2 proactive flush(es), 1 terminate flush(es), 0 completion(s), 0 continuation(s) 
[2025-10-14T11:01:01.382+0300][47.488s][info][gc,nmethod  ] GC(32) Y: NMethods: 891 registered, 67 unregistered
[2025-10-14T11:01:01.382+0300][47.488s][info][gc,metaspace] GC(32) Y: Metaspace: 3M used, 3M committed, 1088M reserved
[2025-10-14T11:01:01.382+0300][47.488s][info][gc,reloc    ] GC(32) Y:                        Candidates     Selected     In-Place         Size        Empty    Relocated 
[2025-10-14T11:01:01.382+0300][47.488s][info][gc,reloc    ] GC(32) Y: Small Pages:                 3161            2            0        6322M        5912M           1M 
[2025-10-14T11:01:01.382+0300][47.488s][info][gc,reloc    ] GC(32) Y: Medium Pages:                   0            0            0           0M           0M           0M 
[2025-10-14T11:01:01.382+0300][47.488s][info][gc,reloc    ] GC(32) Y: Large Pages:                    0            0            0           0M           0M           0M 
[2025-10-14T11:01:01.382+0300][47.488s][info][gc,reloc    ] GC(32) Y: Forwarding Usage: 0M
[2025-10-14T11:01:01.382+0300][47.488s][info][gc,reloc    ] GC(32) Y: Age Table:
[2025-10-14T11:01:01.382+0300][47.488s][info][gc,reloc    ] GC(32) Y:                    Live             Garbage             Small              Medium             Large        
[2025-10-14T11:01:01.382+0300][47.488s][info][gc,reloc    ] GC(32) Y: Eden             312M (4%)         5603M (68%)       2958 / 2              0 / 0              0 / 0        
[2025-10-14T11:01:01.382+0300][47.488s][info][gc,reloc    ] GC(32) Y: Survivor 1          -               406M (5%)         203 / 0              0 / 0              0 / 0        
[2025-10-14T11:01:01.382+0300][47.488s][info][gc,heap     ] GC(32) Y: Min Capacity: 8M(0%)
[2025-10-14T11:01:01.382+0300][47.488s][info][gc,heap     ] GC(32) Y: Max Capacity: 8192M(100%)
[2025-10-14T11:01:01.382+0300][47.488s][info][gc,heap     ] GC(32) Y: Soft Max Capacity: 8192M(100%)
[2025-10-14T11:01:01.382+0300][47.488s][info][gc,heap     ] GC(32) Y: Heap Statistics:
[2025-10-14T11:01:01.382+0300][47.488s][info][gc,heap     ] GC(32) Y:                Mark Start          Mark End        Relocate Start      Relocate End           High               Low         
[2025-10-14T11:01:01.382+0300][47.488s][info][gc,heap     ] GC(32) Y:  Capacity:     7806M (95%)        7806M (95%)        7806M (95%)        7806M (95%)        7806M (95%)        7806M (95%)    
[2025-10-14T11:01:01.382+0300][47.488s][info][gc,heap     ] GC(32) Y:      Free:     1832M (22%)        1822M (22%)        7726M (94%)        7728M (94%)        7728M (94%)        1822M (22%)    
[2025-10-14T11:01:01.382+0300][47.488s][info][gc,heap     ] GC(32) Y:      Used:     6360M (78%)        6370M (78%)         466M (6%)          464M (6%)         6370M (78%)         464M (6%)     
[2025-10-14T11:01:01.382+0300][47.488s][info][gc,heap     ] GC(32) Y: Young Generation Statistics:
[2025-10-14T11:01:01.382+0300][47.488s][info][gc,heap     ] GC(32) Y:                Mark Start          Mark End        Relocate Start      Relocate End    
[2025-10-14T11:01:01.382+0300][47.488s][info][gc,heap     ] GC(32) Y:      Used:     6322M (77%)        6332M (77%)         428M (5%)          426M (5%)     
[2025-10-14T11:01:01.382+0300][47.488s][info][gc,heap     ] GC(32) Y:      Live:         -               312M (4%)          312M (4%)          312M (4%)     
[2025-10-14T11:01:01.382+0300][47.488s][info][gc,heap     ] GC(32) Y:   Garbage:         -              6009M (73%)          97M (1%)           92M (1%)     
[2025-10-14T11:01:01.382+0300][47.488s][info][gc,heap     ] GC(32) Y: Allocated:         -                10M (0%)           18M (0%)           20M (0%)     
[2025-10-14T11:01:01.382+0300][47.488s][info][gc,heap     ] GC(32) Y: Reclaimed:         -                  -              5912M (72%)        5916M (72%)    
[2025-10-14T11:01:01.382+0300][47.488s][info][gc,heap     ] GC(32) Y:  Promoted:         -                  -                 0M (0%)            0M (0%)     
[2025-10-14T11:01:01.382+0300][47.488s][info][gc,heap     ] GC(32) Y: Compacted:         -                  -                  -                 3M (0%)     
[2025-10-14T11:01:01.382+0300][47.488s][info][gc,phases   ] GC(32) Y: Young Generation 6360M(78%)->464M(6%) 0.018s
[2025-10-14T11:01:01.382+0300][47.488s][info][gc,phases   ] GC(32) O: Old Generation
[2025-10-14T11:01:01.388+0300][47.493s][info][gc,phases   ] GC(32) O: Concurrent Mark 5.157ms
[2025-10-14T11:01:01.388+0300][47.493s][info][gc,phases   ] GC(32) O: Pause Mark End 0.009ms
[2025-10-14T11:01:01.388+0300][47.493s][info][gc,phases   ] GC(32) O: Concurrent Mark Free 0.001ms
[2025-10-14T11:01:01.389+0300][47.495s][info][gc,phases   ] GC(32) O: Concurrent Process Non-Strong 1.584ms
[2025-10-14T11:01:01.389+0300][47.495s][info][gc,phases   ] GC(32) O: Concurrent Reset Relocation Set 0.009ms
[2025-10-14T11:01:01.389+0300][47.495s][info][gc,phases   ] GC(32) O: Concurrent Select Relocation Set 0.081ms
[2025-10-14T11:01:01.389+0300][47.495s][info][gc,task     ] GC(32) O: Using 2 Workers for Old Generation
[2025-10-14T11:01:01.390+0300][47.496s][info][gc,task     ] GC(32) O: Using 1 Workers for Old Generation
[2025-10-14T11:01:01.390+0300][47.496s][info][gc,phases   ] GC(32) O: Concurrent Remap Roots 0.585ms
[2025-10-14T11:01:01.390+0300][47.496s][info][gc,phases   ] GC(32) O: Pause Relocate Start 0.004ms
[2025-10-14T11:01:01.391+0300][47.497s][info][gc,phases   ] GC(32) O: Concurrent Relocate 0.789ms
[2025-10-14T11:01:01.391+0300][47.497s][info][gc,alloc    ] GC(32) O:                         Mark Start        Mark End      Relocate Start    Relocate End   
[2025-10-14T11:01:01.391+0300][47.497s][info][gc,alloc    ] GC(32) O: Allocation Stalls:          0                0                0                0         
[2025-10-14T11:01:01.391+0300][47.497s][info][gc,load     ] GC(32) O: Load: 15.94 (159%) / 14.96 (150%) / 13.72 (137%)
[2025-10-14T11:01:01.391+0300][47.497s][info][gc,mmu      ] GC(32) O: MMU: 2ms/91.4%, 5ms/96.6%, 10ms/98.3%, 20ms/99.1%, 50ms/99.6%, 100ms/99.8%
[2025-10-14T11:01:01.391+0300][47.497s][info][gc,marking  ] GC(32) O: Mark: 1 stripe(s), 2 proactive flush(es), 1 terminate flush(es), 0 completion(s), 0 continuation(s) 
[2025-10-14T11:01:01.391+0300][47.497s][info][gc,nmethod  ] GC(32) O: NMethods: 891 registered, 67 unregistered
[2025-10-14T11:01:01.391+0300][47.497s][info][gc,metaspace] GC(32) O: Metaspace: 3M used, 3M committed, 1088M reserved
[2025-10-14T11:01:01.391+0300][47.497s][info][gc,ref      ] GC(32) O:                       Encountered   Discovered     Enqueued 
[2025-10-14T11:01:01.391+0300][47.497s][info][gc,ref      ] GC(32) O: Soft References:              289            0            0 
[2025-10-14T11:01:01.391+0300][47.497s][info][gc,ref      ] GC(32) O: Weak References:              541          492            0 
[2025-10-14T11:01:01.391+0300][47.497s][info][gc,ref      ] GC(32) O: Final References:               0            0            0 
[2025-10-14T11:01:01.391+0300][47.497s][info][gc,ref      ] GC(32) O: Phantom References:            53           52            0 
[2025-10-14T11:01:01.391+0300][47.497s][info][gc,reloc    ] GC(32) O:                        Candidates     Selected     In-Place         Size        Empty    Relocated 
[2025-10-14T11:01:01.391+0300][47.497s][info][gc,reloc    ] GC(32) O: Small Pages:                    3            1            0           6M           0M           1M 
[2025-10-14T11:01:01.391+0300][47.497s][info][gc,reloc    ] GC(32) O: Medium Pages:                   1            0            0          32M           0M           0M 
[2025-10-14T11:01:01.391+0300][47.497s][info][gc,reloc    ] GC(32) O: Large Pages:                    0            0            0           0M           0M           0M 
[2025-10-14T11:01:01.391+0300][47.497s][info][gc,reloc    ] GC(32) O: Forwarding Usage: 0M
[2025-10-14T11:01:01.391+0300][47.497s][info][gc,heap     ] GC(32) O: Min Capacity: 8M(0%)
[2025-10-14T11:01:01.391+0300][47.497s][info][gc,heap     ] GC(32) O: Max Capacity: 8192M(100%)
[2025-10-14T11:01:01.391+0300][47.497s][info][gc,heap     ] GC(32) O: Soft Max Capacity: 8192M(100%)
[2025-10-14T11:01:01.391+0300][47.497s][info][gc,heap     ] GC(32) O: Heap Statistics:
[2025-10-14T11:01:01.391+0300][47.497s][info][gc,heap     ] GC(32) O:                Mark Start          Mark End        Relocate Start      Relocate End           High               Low         
[2025-10-14T11:01:01.391+0300][47.497s][info][gc,heap     ] GC(32) O:  Capacity:     7806M (95%)        7806M (95%)        7806M (95%)        7806M (95%)        7806M (95%)        7806M (95%)    
[2025-10-14T11:01:01.391+0300][47.497s][info][gc,heap     ] GC(32) O:      Free:     1832M (22%)        7712M (94%)        7706M (94%)        7704M (94%)        7728M (94%)        1822M (22%)    
[2025-10-14T11:01:01.391+0300][47.497s][info][gc,heap     ] GC(32) O:      Used:     6360M (78%)         480M (6%)          486M (6%)          488M (6%)         6370M (78%)         464M (6%)     
[2025-10-14T11:01:01.391+0300][47.497s][info][gc,heap     ] GC(32) O: Old Generation Statistics:
[2025-10-14T11:01:01.391+0300][47.497s][info][gc,heap     ] GC(32) O:                Mark Start          Mark End        Relocate Start      Relocate End    
[2025-10-14T11:01:01.391+0300][47.497s][info][gc,heap     ] GC(32) O:      Used:       38M (0%)           38M (0%)           38M (0%)           38M (0%)     
[2025-10-14T11:01:01.391+0300][47.497s][info][gc,heap     ] GC(32) O:      Live:         -                 3M (0%)            3M (0%)            3M (0%)     
[2025-10-14T11:01:01.391+0300][47.497s][info][gc,heap     ] GC(32) O:   Garbage:         -                34M (0%)           34M (0%)           31M (0%)     
[2025-10-14T11:01:01.391+0300][47.497s][info][gc,heap     ] GC(32) O: Allocated:         -                 0M (0%)            0M (0%)            2M (0%)     
[2025-10-14T11:01:01.391+0300][47.497s][info][gc,heap     ] GC(32) O: Reclaimed:         -                  -                 0M (0%)            2M (0%)     
[2025-10-14T11:01:01.391+0300][47.497s][info][gc,heap     ] GC(32) O: Compacted:         -                  -                  -                 1M (0%)     
[2025-10-14T11:01:01.391+0300][47.497s][info][gc,phases   ] GC(32) O: Old Generation 466M(6%)->488M(6%) 0.009s
[2025-10-14T11:01:01.391+0300][47.497s][info][gc          ] GC(32) Major Collection (Proactive) 6360M(78%)->488M(6%) 0.027s
[2025-10-14T11:01:03.527+0300][49.632s][info][gc          ] GC(33) Major Collection (Proactive)
[2025-10-14T11:01:03.527+0300][49.633s][info][gc,task     ] GC(33) Using 1 Workers for Young Generation
[2025-10-14T11:01:03.527+0300][49.633s][info][gc,task     ] GC(33) Using 1 Workers for Old Generation
[2025-10-14T11:01:03.527+0300][49.633s][info][gc,phases   ] GC(33) Y: Young Generation
[2025-10-14T11:01:03.527+0300][49.633s][info][gc,phases   ] GC(33) Y: Pause Mark Start (Major) 0.006ms
[2025-10-14T11:01:03.532+0300][49.637s][info][gc,phases   ] GC(33) Y: Concurrent Mark 4.122ms
[2025-10-14T11:01:03.532+0300][49.638s][info][gc,phases   ] GC(33) Y: Pause Mark End 0.015ms
[2025-10-14T11:01:03.532+0300][49.638s][info][gc,phases   ] GC(33) Y: Concurrent Mark Free 0.000ms
[2025-10-14T11:01:03.532+0300][49.638s][info][gc,phases   ] GC(33) Y: Concurrent Reset Relocation Set 0.001ms
[2025-10-14T11:01:03.536+0300][49.641s][info][gc,reloc    ] GC(33) Y: Using tenuring threshold: 1 (Computed)
[2025-10-14T11:01:03.536+0300][49.642s][info][gc,phases   ] GC(33) Y: Concurrent Select Relocation Set 3.940ms
[2025-10-14T11:01:03.536+0300][49.642s][info][gc,phases   ] GC(33) Y: Pause Relocate Start 0.005ms
[2025-10-14T11:01:03.536+0300][49.642s][info][gc,phases   ] GC(33) Y: Concurrent Relocate 0.438ms
[2025-10-14T11:01:03.536+0300][49.642s][info][gc,alloc    ] GC(33) Y:                         Mark Start        Mark End      Relocate Start    Relocate End   
[2025-10-14T11:01:03.536+0300][49.642s][info][gc,alloc    ] GC(33) Y: Allocation Stalls:          0                0                0                0         
[2025-10-14T11:01:03.536+0300][49.642s][info][gc,load     ] GC(33) Y: Load: 18.35 (184%) / 15.47 (155%) / 13.90 (139%)
[2025-10-14T11:01:03.536+0300][49.642s][info][gc,mmu      ] GC(33) Y: MMU: 2ms/91.4%, 5ms/96.6%, 10ms/98.3%, 20ms/99.1%, 50ms/99.6%, 100ms/99.8%
[2025-10-14T11:01:03.536+0300][49.642s][info][gc,marking  ] GC(33) Y: Mark: 1 stripe(s), 2 proactive flush(es), 1 terminate flush(es), 0 completion(s), 0 continuation(s) 
[2025-10-14T11:01:03.536+0300][49.642s][info][gc,nmethod  ] GC(33) Y: NMethods: 891 registered, 67 unregistered
[2025-10-14T11:01:03.537+0300][49.642s][info][gc,metaspace] GC(33) Y: Metaspace: 3M used, 3M committed, 1088M reserved
[2025-10-14T11:01:03.537+0300][49.642s][info][gc,reloc    ] GC(33) Y:                        Candidates     Selected     In-Place         Size        Empty    Relocated 
[2025-10-14T11:01:03.537+0300][49.642s][info][gc,reloc    ] GC(33) Y: Small Pages:                 2808            2            0        5616M        5208M           1M 
[2025-10-14T11:01:03.537+0300][49.642s][info][gc,reloc    ] GC(33) Y: Medium Pages:                   0            0            0           0M           0M           0M 
[2025-10-14T11:01:03.537+0300][49.642s][info][gc,reloc    ] GC(33) Y: Large Pages:                    0            0            0           0M           0M           0M 
[2025-10-14T11:01:03.537+0300][49.642s][info][gc,reloc    ] GC(33) Y: Forwarding Usage: 0M
[2025-10-14T11:01:03.537+0300][49.642s][info][gc,reloc    ] GC(33) Y: Age Table:
[2025-10-14T11:01:03.537+0300][49.642s][info][gc,reloc    ] GC(33) Y:                    Live             Garbage             Small              Medium             Large        
[2025-10-14T11:01:03.537+0300][49.642s][info][gc,reloc    ] GC(33) Y: Eden             312M (4%)         4895M (60%)       2604 / 2              0 / 0              0 / 0        
[2025-10-14T11:01:03.537+0300][49.642s][info][gc,reloc    ] GC(33) Y: Survivor 1          -               408M (5%)         204 / 0              0 / 0              0 / 0        
[2025-10-14T11:01:03.537+0300][49.642s][info][gc,heap     ] GC(33) Y: Min Capacity: 8M(0%)
[2025-10-14T11:01:03.537+0300][49.642s][info][gc,heap     ] GC(33) Y: Max Capacity: 8192M(100%)
[2025-10-14T11:01:03.537+0300][49.642s][info][gc,heap     ] GC(33) Y: Soft Max Capacity: 8192M(100%)
[2025-10-14T11:01:03.537+0300][49.642s][info][gc,heap     ] GC(33) Y: Heap Statistics:
[2025-10-14T11:01:03.537+0300][49.642s][info][gc,heap     ] GC(33) Y:                Mark Start          Mark End        Relocate Start      Relocate End           High               Low         
[2025-10-14T11:01:03.537+0300][49.642s][info][gc,heap     ] GC(33) Y:  Capacity:     7806M (95%)        7806M (95%)        7806M (95%)        7806M (95%)        7806M (95%)        7806M (95%)    
[2025-10-14T11:01:03.537+0300][49.642s][info][gc,heap     ] GC(33) Y:      Free:     2538M (31%)        2532M (31%)        7728M (94%)        7730M (94%)        7730M (94%)        2532M (31%)    
[2025-10-14T11:01:03.537+0300][49.642s][info][gc,heap     ] GC(33) Y:      Used:     5654M (69%)        5660M (69%)         464M (6%)          462M (6%)         5660M (69%)         462M (6%)     
[2025-10-14T11:01:03.537+0300][49.642s][info][gc,heap     ] GC(33) Y: Young Generation Statistics:
[2025-10-14T11:01:03.537+0300][49.642s][info][gc,heap     ] GC(33) Y:                Mark Start          Mark End        Relocate Start      Relocate End    
[2025-10-14T11:01:03.537+0300][49.642s][info][gc,heap     ] GC(33) Y:      Used:     5616M (69%)        5622M (69%)         426M (5%)          424M (5%)     
[2025-10-14T11:01:03.537+0300][49.642s][info][gc,heap     ] GC(33) Y:      Live:         -               312M (4%)          312M (4%)          312M (4%)     
[2025-10-14T11:01:03.537+0300][49.642s][info][gc,heap     ] GC(33) Y:   Garbage:         -              5303M (65%)          95M (1%)           90M (1%)     
[2025-10-14T11:01:03.537+0300][49.642s][info][gc,heap     ] GC(33) Y: Allocated:         -                 6M (0%)           18M (0%)           21M (0%)     
[2025-10-14T11:01:03.537+0300][49.642s][info][gc,heap     ] GC(33) Y: Reclaimed:         -                  -              5208M (64%)        5213M (64%)    
[2025-10-14T11:01:03.537+0300][49.642s][info][gc,heap     ] GC(33) Y:  Promoted:         -                  -                 0M (0%)            0M (0%)     
[2025-10-14T11:01:03.537+0300][49.642s][info][gc,heap     ] GC(33) Y: Compacted:         -                  -                  -                 4M (0%)     
[2025-10-14T11:01:03.537+0300][49.642s][info][gc,phases   ] GC(33) Y: Young Generation 5654M(69%)->462M(6%) 0.009s
[2025-10-14T11:01:03.537+0300][49.642s][info][gc,phases   ] GC(33) O: Old Generation
[2025-10-14T11:01:03.541+0300][49.647s][info][gc,phases   ] GC(33) O: Concurrent Mark 4.036ms
[2025-10-14T11:01:03.541+0300][49.647s][info][gc,phases   ] GC(33) O: Pause Mark End 0.010ms
[2025-10-14T11:01:03.541+0300][49.647s][info][gc,phases   ] GC(33) O: Concurrent Mark Free 0.001ms
[2025-10-14T11:01:03.542+0300][49.648s][info][gc,phases   ] GC(33) O: Concurrent Process Non-Strong 1.463ms
[2025-10-14T11:01:03.542+0300][49.648s][info][gc,phases   ] GC(33) O: Concurrent Reset Relocation Set 0.001ms
[2025-10-14T11:01:03.543+0300][49.649s][info][gc,phases   ] GC(33) O: Concurrent Select Relocation Set 0.385ms
[2025-10-14T11:01:03.543+0300][49.649s][info][gc,task     ] GC(33) O: Using 2 Workers for Old Generation
[2025-10-14T11:01:03.544+0300][49.650s][info][gc,task     ] GC(33) O: Using 1 Workers for Old Generation
[2025-10-14T11:01:03.544+0300][49.650s][info][gc,phases   ] GC(33) O: Concurrent Remap Roots 1.063ms
[2025-10-14T11:01:03.545+0300][49.651s][info][gc,phases   ] GC(33) O: Pause Relocate Start 0.017ms
[2025-10-14T11:01:03.547+0300][49.653s][info][gc,phases   ] GC(33) O: Concurrent Relocate 1.762ms
[2025-10-14T11:01:03.547+0300][49.653s][info][gc,alloc    ] GC(33) O:                         Mark Start        Mark End      Relocate Start    Relocate End   
[2025-10-14T11:01:03.548+0300][49.653s][info][gc,alloc    ] GC(33) O: Allocation Stalls:          0                0                0                0         
[2025-10-14T11:01:03.548+0300][49.653s][info][gc,load     ] GC(33) O: Load: 18.35 (184%) / 15.47 (155%) / 13.90 (139%)
[2025-10-14T11:01:03.548+0300][49.653s][info][gc,mmu      ] GC(33) O: MMU: 2ms/91.4%, 5ms/96.6%, 10ms/98.3%, 20ms/99.1%, 50ms/99.6%, 100ms/99.8%
[2025-10-14T11:01:03.548+0300][49.654s][info][gc,marking  ] GC(33) O: Mark: 1 stripe(s), 2 proactive flush(es), 1 terminate flush(es), 0 completion(s), 0 continuation(s) 
[2025-10-14T11:01:03.548+0300][49.654s][info][gc,nmethod  ] GC(33) O: NMethods: 891 registered, 67 unregistered
[2025-10-14T11:01:03.548+0300][49.654s][info][gc,metaspace] GC(33) O: Metaspace: 3M used, 3M committed, 1088M reserved
[2025-10-14T11:01:03.548+0300][49.654s][info][gc,ref      ] GC(33) O:                       Encountered   Discovered     Enqueued 
[2025-10-14T11:01:03.548+0300][49.654s][info][gc,ref      ] GC(33) O: Soft References:              289            0            0 
[2025-10-14T11:01:03.548+0300][49.654s][info][gc,ref      ] GC(33) O: Weak References:              541          492            0 
[2025-10-14T11:01:03.548+0300][49.654s][info][gc,ref      ] GC(33) O: Final References:               0            0            0 
[2025-10-14T11:01:03.548+0300][49.654s][info][gc,ref      ] GC(33) O: Phantom References:            53           52            0 
[2025-10-14T11:01:03.548+0300][49.654s][info][gc,reloc    ] GC(33) O:                        Candidates     Selected     In-Place         Size        Empty    Relocated 
[2025-10-14T11:01:03.548+0300][49.654s][info][gc,reloc    ] GC(33) O: Small Pages:                    3            1            0           6M           0M           1M 
[2025-10-14T11:01:03.548+0300][49.654s][info][gc,reloc    ] GC(33) O: Medium Pages:                   1            0            0          32M           0M           0M 
[2025-10-14T11:01:03.548+0300][49.654s][info][gc,reloc    ] GC(33) O: Large Pages:                    0            0            0           0M           0M           0M 
[2025-10-14T11:01:03.548+0300][49.654s][info][gc,reloc    ] GC(33) O: Forwarding Usage: 0M
[2025-10-14T11:01:03.548+0300][49.654s][info][gc,heap     ] GC(33) O: Min Capacity: 8M(0%)
[2025-10-14T11:01:03.548+0300][49.654s][info][gc,heap     ] GC(33) O: Max Capacity: 8192M(100%)
[2025-10-14T11:01:03.548+0300][49.654s][info][gc,heap     ] GC(33) O: Soft Max Capacity: 8192M(100%)
[2025-10-14T11:01:03.548+0300][49.654s][info][gc,heap     ] GC(33) O: Heap Statistics:
[2025-10-14T11:01:03.548+0300][49.654s][info][gc,heap     ] GC(33) O:                Mark Start          Mark End        Relocate Start      Relocate End           High               Low         
[2025-10-14T11:01:03.548+0300][49.654s][info][gc,heap     ] GC(33) O:  Capacity:     7806M (95%)        7806M (95%)        7806M (95%)        7806M (95%)        7806M (95%)        7806M (95%)    
[2025-10-14T11:01:03.548+0300][49.654s][info][gc,heap     ] GC(33) O:      Free:     2538M (31%)        7712M (94%)        7700M (94%)        7698M (94%)        7730M (94%)        2532M (31%)    
[2025-10-14T11:01:03.548+0300][49.654s][info][gc,heap     ] GC(33) O:      Used:     5654M (69%)         480M (6%)          492M (6%)          494M (6%)         5660M (69%)         462M (6%)     
[2025-10-14T11:01:03.548+0300][49.654s][info][gc,heap     ] GC(33) O: Old Generation Statistics:
[2025-10-14T11:01:03.548+0300][49.654s][info][gc,heap     ] GC(33) O:                Mark Start          Mark End        Relocate Start      Relocate End    
[2025-10-14T11:01:03.548+0300][49.654s][info][gc,heap     ] GC(33) O:      Used:       38M (0%)           38M (0%)           38M (0%)           38M (0%)     
[2025-10-14T11:01:03.548+0300][49.654s][info][gc,heap     ] GC(33) O:      Live:         -                 3M (0%)            3M (0%)            3M (0%)     
[2025-10-14T11:01:03.548+0300][49.654s][info][gc,heap     ] GC(33) O:   Garbage:         -                34M (0%)           34M (0%)           31M (0%)     
[2025-10-14T11:01:03.548+0300][49.654s][info][gc,heap     ] GC(33) O: Allocated:         -                 0M (0%)            0M (0%)            2M (0%)     
[2025-10-14T11:01:03.548+0300][49.654s][info][gc,heap     ] GC(33) O: Reclaimed:         -                  -                 0M (0%)            2M (0%)     
[2025-10-14T11:01:03.548+0300][49.654s][info][gc,heap     ] GC(33) O: Compacted:         -                  -                  -                 1M (0%)     
[2025-10-14T11:01:03.548+0300][49.654s][info][gc,phases   ] GC(33) O: Old Generation 464M(6%)->494M(6%) 0.011s
[2025-10-14T11:01:03.548+0300][49.654s][info][gc          ] GC(33) Major Collection (Proactive) 5654M(69%)->496M(6%) 0.022s
[2025-10-14T11:01:05.552+0300][51.658s][info][gc          ] GC(34) Major Collection (Proactive)
[2025-10-14T11:01:05.552+0300][51.658s][info][gc,task     ] GC(34) Using 1 Workers for Young Generation
[2025-10-14T11:01:05.552+0300][51.658s][info][gc,task     ] GC(34) Using 1 Workers for Old Generation
[2025-10-14T11:01:05.553+0300][51.658s][info][gc,phases   ] GC(34) Y: Young Generation
[2025-10-14T11:01:05.553+0300][51.659s][info][gc,phases   ] GC(34) Y: Pause Mark Start (Major) 0.022ms
[2025-10-14T11:01:05.565+0300][51.671s][info][gc,phases   ] GC(34) Y: Concurrent Mark 11.958ms
[2025-10-14T11:01:05.565+0300][51.671s][info][gc,phases   ] GC(34) Y: Pause Mark End 0.012ms
[2025-10-14T11:01:05.565+0300][51.671s][info][gc,phases   ] GC(34) Y: Concurrent Mark Free 0.002ms
[2025-10-14T11:01:05.565+0300][51.671s][info][gc,phases   ] GC(34) Y: Concurrent Reset Relocation Set 0.012ms
[2025-10-14T11:01:05.568+0300][51.673s][info][gc,reloc    ] GC(34) Y: Using tenuring threshold: 1 (Computed)
[2025-10-14T11:01:05.568+0300][51.674s][info][gc,phases   ] GC(34) Y: Concurrent Select Relocation Set 2.777ms
[2025-10-14T11:01:05.568+0300][51.674s][info][gc,phases   ] GC(34) Y: Pause Relocate Start 0.003ms
[2025-10-14T11:01:05.568+0300][51.674s][info][gc,phases   ] GC(34) Y: Concurrent Relocate 0.414ms
[2025-10-14T11:01:05.568+0300][51.674s][info][gc,alloc    ] GC(34) Y:                         Mark Start        Mark End      Relocate Start    Relocate End   
[2025-10-14T11:01:05.568+0300][51.674s][info][gc,alloc    ] GC(34) Y: Allocation Stalls:          0                0                0                0         
[2025-10-14T11:01:05.568+0300][51.674s][info][gc,load     ] GC(34) Y: Load: 18.35 (184%) / 15.47 (155%) / 13.90 (139%)
[2025-10-14T11:01:05.568+0300][51.674s][info][gc,mmu      ] GC(34) Y: MMU: 2ms/91.4%, 5ms/96.6%, 10ms/98.3%, 20ms/99.1%, 50ms/99.6%, 100ms/99.8%
[2025-10-14T11:01:05.568+0300][51.674s][info][gc,marking  ] GC(34) Y: Mark: 1 stripe(s), 2 proactive flush(es), 1 terminate flush(es), 0 completion(s), 0 continuation(s) 
[2025-10-14T11:01:05.568+0300][51.674s][info][gc,nmethod  ] GC(34) Y: NMethods: 891 registered, 67 unregistered
[2025-10-14T11:01:05.568+0300][51.674s][info][gc,metaspace] GC(34) Y: Metaspace: 3M used, 3M committed, 1088M reserved
[2025-10-14T11:01:05.568+0300][51.674s][info][gc,reloc    ] GC(34) Y:                        Candidates     Selected     In-Place         Size        Empty    Relocated 
[2025-10-14T11:01:05.569+0300][51.674s][info][gc,reloc    ] GC(34) Y: Small Pages:                 2041            3            0        4082M        3670M           2M 
[2025-10-14T11:01:05.569+0300][51.674s][info][gc,reloc    ] GC(34) Y: Medium Pages:                   0            0            0           0M           0M           0M 
[2025-10-14T11:01:05.569+0300][51.674s][info][gc,reloc    ] GC(34) Y: Large Pages:                    0            0            0           0M           0M           0M 
[2025-10-14T11:01:05.569+0300][51.674s][info][gc,reloc    ] GC(34) Y: Forwarding Usage: 0M
[2025-10-14T11:01:05.569+0300][51.674s][info][gc,reloc    ] GC(34) Y: Age Table:
[2025-10-14T11:01:05.569+0300][51.674s][info][gc,reloc    ] GC(34) Y:                    Live             Garbage             Small              Medium             Large        
[2025-10-14T11:01:05.569+0300][51.674s][info][gc,reloc    ] GC(34) Y: Eden             312M (4%)         3363M (41%)       1838 / 3              0 / 0              0 / 0        
[2025-10-14T11:01:05.569+0300][51.674s][info][gc,reloc    ] GC(34) Y: Survivor 1          -               406M (5%)         203 / 0              0 / 0              0 / 0        
[2025-10-14T11:01:05.569+0300][51.674s][info][gc,heap     ] GC(34) Y: Min Capacity: 8M(0%)
[2025-10-14T11:01:05.569+0300][51.674s][info][gc,heap     ] GC(34) Y: Max Capacity: 8192M(100%)
[2025-10-14T11:01:05.569+0300][51.674s][info][gc,heap     ] GC(34) Y: Soft Max Capacity: 8192M(100%)
[2025-10-14T11:01:05.569+0300][51.674s][info][gc,heap     ] GC(34) Y: Heap Statistics:
[2025-10-14T11:01:05.569+0300][51.674s][info][gc,heap     ] GC(34) Y:                Mark Start          Mark End        Relocate Start      Relocate End           High               Low         
[2025-10-14T11:01:05.569+0300][51.674s][info][gc,heap     ] GC(34) Y:  Capacity:     7806M (95%)        7806M (95%)        7806M (95%)        7806M (95%)        7806M (95%)        7806M (95%)    
[2025-10-14T11:01:05.569+0300][51.674s][info][gc,heap     ] GC(34) Y:      Free:     4072M (50%)        4060M (50%)        7726M (94%)        7730M (94%)        7730M (94%)        4060M (50%)    
[2025-10-14T11:01:05.569+0300][51.674s][info][gc,heap     ] GC(34) Y:      Used:     4120M (50%)        4132M (50%)         466M (6%)          462M (6%)         4132M (50%)         462M (6%)     
[2025-10-14T11:01:05.569+0300][51.674s][info][gc,heap     ] GC(34) Y: Young Generation Statistics:
[2025-10-14T11:01:05.569+0300][51.674s][info][gc,heap     ] GC(34) Y:                Mark Start          Mark End        Relocate Start      Relocate End    
[2025-10-14T11:01:05.569+0300][51.674s][info][gc,heap     ] GC(34) Y:      Used:     4082M (50%)        4094M (50%)         428M (5%)          424M (5%)     
[2025-10-14T11:01:05.569+0300][51.674s][info][gc,heap     ] GC(34) Y:      Live:         -               312M (4%)          312M (4%)          312M (4%)     
[2025-10-14T11:01:05.569+0300][51.674s][info][gc,heap     ] GC(34) Y:   Garbage:         -              3769M (46%)          99M (1%)           92M (1%)     
[2025-10-14T11:01:05.569+0300][51.674s][info][gc,heap     ] GC(34) Y: Allocated:         -                12M (0%)           16M (0%)           19M (0%)     
[2025-10-14T11:01:05.569+0300][51.674s][info][gc,heap     ] GC(34) Y: Reclaimed:         -                  -              3670M (45%)        3677M (45%)    
[2025-10-14T11:01:05.569+0300][51.674s][info][gc,heap     ] GC(34) Y:  Promoted:         -                  -                 0M (0%)            0M (0%)     
[2025-10-14T11:01:05.569+0300][51.674s][info][gc,heap     ] GC(34) Y: Compacted:         -                  -                  -                 4M (0%)     
[2025-10-14T11:01:05.569+0300][51.674s][info][gc,phases   ] GC(34) Y: Young Generation 4120M(50%)->462M(6%) 0.016s
[2025-10-14T11:01:05.569+0300][51.674s][info][gc,phases   ] GC(34) O: Old Generation
[2025-10-14T11:01:05.573+0300][51.679s][info][gc,phases   ] GC(34) O: Concurrent Mark 4.433ms
[2025-10-14T11:01:05.573+0300][51.679s][info][gc,phases   ] GC(34) O: Pause Mark End 0.010ms
[2025-10-14T11:01:05.573+0300][51.679s][info][gc,phases   ] GC(34) O: Concurrent Mark Free 0.000ms
[2025-10-14T11:01:05.575+0300][51.681s][info][gc,phases   ] GC(34) O: Concurrent Process Non-Strong 1.664ms
[2025-10-14T11:01:05.575+0300][51.681s][info][gc,phases   ] GC(34) O: Concurrent Reset Relocation Set 0.008ms
[2025-10-14T11:01:05.575+0300][51.681s][info][gc,phases   ] GC(34) O: Concurrent Select Relocation Set 0.059ms
[2025-10-14T11:01:05.575+0300][51.681s][info][gc,task     ] GC(34) O: Using 2 Workers for Old Generation
[2025-10-14T11:01:05.576+0300][51.681s][info][gc,task     ] GC(34) O: Using 1 Workers for Old Generation
[2025-10-14T11:01:05.576+0300][51.681s][info][gc,phases   ] GC(34) O: Concurrent Remap Roots 0.599ms
[2025-10-14T11:01:05.576+0300][51.681s][info][gc,phases   ] GC(34) O: Pause Relocate Start 0.004ms
[2025-10-14T11:01:05.577+0300][51.682s][info][gc,phases   ] GC(34) O: Concurrent Relocate 0.830ms
[2025-10-14T11:01:05.577+0300][51.682s][info][gc,alloc    ] GC(34) O:                         Mark Start        Mark End      Relocate Start    Relocate End   
[2025-10-14T11:01:05.577+0300][51.682s][info][gc,alloc    ] GC(34) O: Allocation Stalls:          0                0                0                0         
[2025-10-14T11:01:05.577+0300][51.682s][info][gc,load     ] GC(34) O: Load: 18.35 (184%) / 15.47 (155%) / 13.90 (139%)
[2025-10-14T11:01:05.577+0300][51.682s][info][gc,mmu      ] GC(34) O: MMU: 2ms/91.4%, 5ms/96.6%, 10ms/98.3%, 20ms/99.1%, 50ms/99.6%, 100ms/99.8%
[2025-10-14T11:01:05.577+0300][51.682s][info][gc,marking  ] GC(34) O: Mark: 1 stripe(s), 2 proactive flush(es), 1 terminate flush(es), 0 completion(s), 0 continuation(s) 
[2025-10-14T11:01:05.577+0300][51.682s][info][gc,nmethod  ] GC(34) O: NMethods: 891 registered, 67 unregistered
[2025-10-14T11:01:05.577+0300][51.682s][info][gc,metaspace] GC(34) O: Metaspace: 3M used, 3M committed, 1088M reserved
[2025-10-14T11:01:05.577+0300][51.682s][info][gc,ref      ] GC(34) O:                       Encountered   Discovered     Enqueued 
[2025-10-14T11:01:05.577+0300][51.682s][info][gc,ref      ] GC(34) O: Soft References:              289            0            0 
[2025-10-14T11:01:05.577+0300][51.682s][info][gc,ref      ] GC(34) O: Weak References:              541          492            0 
[2025-10-14T11:01:05.577+0300][51.682s][info][gc,ref      ] GC(34) O: Final References:               0            0            0 
[2025-10-14T11:01:05.577+0300][51.682s][info][gc,ref      ] GC(34) O: Phantom References:            53           52            0 
[2025-10-14T11:01:05.577+0300][51.682s][info][gc,reloc    ] GC(34) O:                        Candidates     Selected     In-Place         Size        Empty    Relocated 
[2025-10-14T11:01:05.577+0300][51.682s][info][gc,reloc    ] GC(34) O: Small Pages:                    3            1            0           6M           0M           1M 
[2025-10-14T11:01:05.577+0300][51.682s][info][gc,reloc    ] GC(34) O: Medium Pages:                   1            0            0          32M           0M           0M 
[2025-10-14T11:01:05.577+0300][51.682s][info][gc,reloc    ] GC(34) O: Large Pages:                    0            0            0           0M           0M           0M 
[2025-10-14T11:01:05.577+0300][51.682s][info][gc,reloc    ] GC(34) O: Forwarding Usage: 0M
[2025-10-14T11:01:05.577+0300][51.682s][info][gc,heap     ] GC(34) O: Min Capacity: 8M(0%)
[2025-10-14T11:01:05.577+0300][51.682s][info][gc,heap     ] GC(34) O: Max Capacity: 8192M(100%)
[2025-10-14T11:01:05.577+0300][51.682s][info][gc,heap     ] GC(34) O: Soft Max Capacity: 8192M(100%)
[2025-10-14T11:01:05.577+0300][51.683s][info][gc,heap     ] GC(34) O: Heap Statistics:
[2025-10-14T11:01:05.577+0300][51.683s][info][gc,heap     ] GC(34) O:                Mark Start          Mark End        Relocate Start      Relocate End           High               Low         
[2025-10-14T11:01:05.577+0300][51.683s][info][gc,heap     ] GC(34) O:  Capacity:     7806M (95%)        7806M (95%)        7806M (95%)        7806M (95%)        7806M (95%)        7806M (95%)    
[2025-10-14T11:01:05.577+0300][51.683s][info][gc,heap     ] GC(34) O:      Free:     4072M (50%)        7718M (94%)        7712M (94%)        7710M (94%)        7730M (94%)        4060M (50%)    
[2025-10-14T11:01:05.577+0300][51.683s][info][gc,heap     ] GC(34) O:      Used:     4120M (50%)         474M (6%)          480M (6%)          482M (6%)         4132M (50%)         462M (6%)     
[2025-10-14T11:01:05.577+0300][51.683s][info][gc,heap     ] GC(34) O: Old Generation Statistics:
[2025-10-14T11:01:05.577+0300][51.683s][info][gc,heap     ] GC(34) O:                Mark Start          Mark End        Relocate Start      Relocate End    
[2025-10-14T11:01:05.577+0300][51.683s][info][gc,heap     ] GC(34) O:      Used:       38M (0%)           38M (0%)           38M (0%)           38M (0%)     
[2025-10-14T11:01:05.577+0300][51.683s][info][gc,heap     ] GC(34) O:      Live:         -                 3M (0%)            3M (0%)            3M (0%)     
[2025-10-14T11:01:05.577+0300][51.683s][info][gc,heap     ] GC(34) O:   Garbage:         -                34M (0%)           34M (0%)           31M (0%)     
[2025-10-14T11:01:05.577+0300][51.683s][info][gc,heap     ] GC(34) O: Allocated:         -                 0M (0%)            0M (0%)            2M (0%)     
[2025-10-14T11:01:05.577+0300][51.683s][info][gc,heap     ] GC(34) O: Reclaimed:         -                  -                 0M (0%)            2M (0%)     
[2025-10-14T11:01:05.577+0300][51.683s][info][gc,heap     ] GC(34) O: Compacted:         -                  -                  -                 1M (0%)     
[2025-10-14T11:01:05.577+0300][51.683s][info][gc,phases   ] GC(34) O: Old Generation 464M(6%)->482M(6%) 0.008s
[2025-10-14T11:01:05.577+0300][51.683s][info][gc          ] GC(34) Major Collection (Proactive) 4120M(50%)->482M(6%) 0.025s
[2025-10-14T11:01:07.735+0300][53.841s][info][gc          ] GC(35) Major Collection (Proactive)
[2025-10-14T11:01:07.735+0300][53.841s][info][gc,task     ] GC(35) Using 1 Workers for Young Generation
[2025-10-14T11:01:07.735+0300][53.841s][info][gc,task     ] GC(35) Using 1 Workers for Old Generation
[2025-10-14T11:01:07.735+0300][53.841s][info][gc,phases   ] GC(35) Y: Young Generation
[2025-10-14T11:01:07.735+0300][53.841s][info][gc,phases   ] GC(35) Y: Pause Mark Start (Major) 0.007ms
[2025-10-14T11:01:07.745+0300][53.851s][info][gc,phases   ] GC(35) Y: Concurrent Mark 9.722ms
[2025-10-14T11:01:07.745+0300][53.851s][info][gc,phases   ] GC(35) Y: Pause Mark End 0.010ms
[2025-10-14T11:01:07.745+0300][53.851s][info][gc,phases   ] GC(35) Y: Concurrent Mark Free 0.001ms
[2025-10-14T11:01:07.745+0300][53.851s][info][gc,phases   ] GC(35) Y: Concurrent Reset Relocation Set 0.001ms
[2025-10-14T11:01:07.747+0300][53.853s][info][gc,reloc    ] GC(35) Y: Using tenuring threshold: 1 (Computed)
[2025-10-14T11:01:07.747+0300][53.853s][info][gc,phases   ] GC(35) Y: Concurrent Select Relocation Set 1.730ms
[2025-10-14T11:01:07.747+0300][53.853s][info][gc,phases   ] GC(35) Y: Pause Relocate Start 0.005ms
[2025-10-14T11:01:07.747+0300][53.853s][info][gc,phases   ] GC(35) Y: Concurrent Relocate 0.112ms
[2025-10-14T11:01:07.747+0300][53.853s][info][gc,alloc    ] GC(35) Y:                         Mark Start        Mark End      Relocate Start    Relocate End   
[2025-10-14T11:01:07.747+0300][53.853s][info][gc,alloc    ] GC(35) Y: Allocation Stalls:          0                0                0                0         
[2025-10-14T11:01:07.747+0300][53.853s][info][gc,load     ] GC(35) Y: Load: 19.20 (192%) / 15.69 (157%) / 13.99 (140%)
[2025-10-14T11:01:07.747+0300][53.853s][info][gc,mmu      ] GC(35) Y: MMU: 2ms/91.4%, 5ms/96.6%, 10ms/98.3%, 20ms/99.1%, 50ms/99.6%, 100ms/99.8%
[2025-10-14T11:01:07.747+0300][53.853s][info][gc,marking  ] GC(35) Y: Mark: 1 stripe(s), 2 proactive flush(es), 1 terminate flush(es), 0 completion(s), 0 continuation(s) 
[2025-10-14T11:01:07.747+0300][53.853s][info][gc,nmethod  ] GC(35) Y: NMethods: 891 registered, 67 unregistered
[2025-10-14T11:01:07.747+0300][53.853s][info][gc,metaspace] GC(35) Y: Metaspace: 3M used, 3M committed, 1088M reserved
[2025-10-14T11:01:07.747+0300][53.853s][info][gc,reloc    ] GC(35) Y:                        Candidates     Selected     In-Place         Size        Empty    Relocated 
[2025-10-14T11:01:07.747+0300][53.853s][info][gc,reloc    ] GC(35) Y: Small Pages:                 3251            1            0        6502M        6094M           1M 
[2025-10-14T11:01:07.747+0300][53.853s][info][gc,reloc    ] GC(35) Y: Medium Pages:                   0            0            0           0M           0M           0M 
[2025-10-14T11:01:07.747+0300][53.853s][info][gc,reloc    ] GC(35) Y: Large Pages:                    0            0            0           0M           0M           0M 
[2025-10-14T11:01:07.747+0300][53.853s][info][gc,reloc    ] GC(35) Y: Forwarding Usage: 0M
[2025-10-14T11:01:07.748+0300][53.853s][info][gc,reloc    ] GC(35) Y: Age Table:
[2025-10-14T11:01:07.748+0300][53.853s][info][gc,reloc    ] GC(35) Y:                    Live             Garbage             Small              Medium             Large        
[2025-10-14T11:01:07.748+0300][53.853s][info][gc,reloc    ] GC(35) Y: Eden             312M (4%)         5781M (71%)       3047 / 1              0 / 0              0 / 0        
[2025-10-14T11:01:07.748+0300][53.853s][info][gc,reloc    ] GC(35) Y: Survivor 1          -               408M (5%)         204 / 0              0 / 0              0 / 0        
[2025-10-14T11:01:07.748+0300][53.853s][info][gc,heap     ] GC(35) Y: Min Capacity: 8M(0%)
[2025-10-14T11:01:07.748+0300][53.853s][info][gc,heap     ] GC(35) Y: Max Capacity: 8192M(100%)
[2025-10-14T11:01:07.748+0300][53.853s][info][gc,heap     ] GC(35) Y: Soft Max Capacity: 8192M(100%)
[2025-10-14T11:01:07.748+0300][53.853s][info][gc,heap     ] GC(35) Y: Heap Statistics:
[2025-10-14T11:01:07.748+0300][53.853s][info][gc,heap     ] GC(35) Y:                Mark Start          Mark End        Relocate Start      Relocate End           High               Low         
[2025-10-14T11:01:07.748+0300][53.853s][info][gc,heap     ] GC(35) Y:  Capacity:     7806M (95%)        7806M (95%)        7806M (95%)        7806M (95%)        7806M (95%)        7806M (95%)    
[2025-10-14T11:01:07.748+0300][53.853s][info][gc,heap     ] GC(35) Y:      Free:     1652M (20%)        1644M (20%)        7732M (94%)        7734M (94%)        7734M (94%)        1642M (20%)    
[2025-10-14T11:01:07.748+0300][53.853s][info][gc,heap     ] GC(35) Y:      Used:     6540M (80%)        6548M (80%)         460M (6%)          458M (6%)         6550M (80%)         458M (6%)     
[2025-10-14T11:01:07.748+0300][53.853s][info][gc,heap     ] GC(35) Y: Young Generation Statistics:
[2025-10-14T11:01:07.748+0300][53.853s][info][gc,heap     ] GC(35) Y:                Mark Start          Mark End        Relocate Start      Relocate End    
[2025-10-14T11:01:07.748+0300][53.853s][info][gc,heap     ] GC(35) Y:      Used:     6502M (79%)        6510M (79%)         422M (5%)          420M (5%)     
[2025-10-14T11:01:07.748+0300][53.853s][info][gc,heap     ] GC(35) Y:      Live:         -               312M (4%)          312M (4%)          312M (4%)     
[2025-10-14T11:01:07.748+0300][53.853s][info][gc,heap     ] GC(35) Y:   Garbage:         -              6189M (76%)          95M (1%)           92M (1%)     
[2025-10-14T11:01:07.748+0300][53.853s][info][gc,heap     ] GC(35) Y: Allocated:         -                 8M (0%)           14M (0%)           14M (0%)     
[2025-10-14T11:01:07.748+0300][53.853s][info][gc,heap     ] GC(35) Y: Reclaimed:         -                  -              6094M (74%)        6096M (74%)    
[2025-10-14T11:01:07.748+0300][53.853s][info][gc,heap     ] GC(35) Y:  Promoted:         -                  -                 0M (0%)            0M (0%)     
[2025-10-14T11:01:07.748+0300][53.853s][info][gc,heap     ] GC(35) Y: Compacted:         -                  -                  -                 1M (0%)     
[2025-10-14T11:01:07.748+0300][53.853s][info][gc,phases   ] GC(35) Y: Young Generation 6540M(80%)->458M(6%) 0.012s
[2025-10-14T11:01:07.748+0300][53.853s][info][gc,phases   ] GC(35) O: Old Generation
[2025-10-14T11:01:07.752+0300][53.857s][info][gc,phases   ] GC(35) O: Concurrent Mark 3.951ms
[2025-10-14T11:01:07.752+0300][53.858s][info][gc,phases   ] GC(35) O: Pause Mark End 0.015ms
[2025-10-14T11:01:07.752+0300][53.858s][info][gc,phases   ] GC(35) O: Concurrent Mark Free 0.001ms
[2025-10-14T11:01:07.754+0300][53.859s][info][gc,phases   ] GC(35) O: Concurrent Process Non-Strong 1.620ms
[2025-10-14T11:01:07.754+0300][53.859s][info][gc,phases   ] GC(35) O: Concurrent Reset Relocation Set 0.001ms
[2025-10-14T11:01:07.754+0300][53.859s][info][gc,phases   ] GC(35) O: Concurrent Select Relocation Set 0.053ms
[2025-10-14T11:01:07.754+0300][53.859s][info][gc,task     ] GC(35) O: Using 2 Workers for Old Generation
[2025-10-14T11:01:07.754+0300][53.860s][info][gc,task     ] GC(35) O: Using 1 Workers for Old Generation
[2025-10-14T11:01:07.754+0300][53.860s][info][gc,phases   ] GC(35) O: Concurrent Remap Roots 0.604ms
[2025-10-14T11:01:07.754+0300][53.860s][info][gc,phases   ] GC(35) O: Pause Relocate Start 0.005ms
[2025-10-14T11:01:07.755+0300][53.861s][info][gc,phases   ] GC(35) O: Concurrent Relocate 0.725ms
[2025-10-14T11:01:07.755+0300][53.861s][info][gc,alloc    ] GC(35) O:                         Mark Start        Mark End      Relocate Start    Relocate End   
[2025-10-14T11:01:07.755+0300][53.861s][info][gc,alloc    ] GC(35) O: Allocation Stalls:          0                0                0                0         
[2025-10-14T11:01:07.755+0300][53.861s][info][gc,load     ] GC(35) O: Load: 19.20 (192%) / 15.69 (157%) / 13.99 (140%)
[2025-10-14T11:01:07.755+0300][53.861s][info][gc,mmu      ] GC(35) O: MMU: 2ms/91.4%, 5ms/96.6%, 10ms/98.3%, 20ms/99.1%, 50ms/99.6%, 100ms/99.8%
[2025-10-14T11:01:07.755+0300][53.861s][info][gc,marking  ] GC(35) O: Mark: 1 stripe(s), 2 proactive flush(es), 1 terminate flush(es), 0 completion(s), 0 continuation(s) 
[2025-10-14T11:01:07.755+0300][53.861s][info][gc,nmethod  ] GC(35) O: NMethods: 891 registered, 67 unregistered
[2025-10-14T11:01:07.755+0300][53.861s][info][gc,metaspace] GC(35) O: Metaspace: 3M used, 3M committed, 1088M reserved
[2025-10-14T11:01:07.755+0300][53.861s][info][gc,ref      ] GC(35) O:                       Encountered   Discovered     Enqueued 
[2025-10-14T11:01:07.755+0300][53.861s][info][gc,ref      ] GC(35) O: Soft References:              289            0            0 
[2025-10-14T11:01:07.755+0300][53.861s][info][gc,ref      ] GC(35) O: Weak References:              541          492            0 
[2025-10-14T11:01:07.755+0300][53.861s][info][gc,ref      ] GC(35) O: Final References:               0            0            0 
[2025-10-14T11:01:07.755+0300][53.861s][info][gc,ref      ] GC(35) O: Phantom References:            53           52            0 
[2025-10-14T11:01:07.755+0300][53.861s][info][gc,reloc    ] GC(35) O:                        Candidates     Selected     In-Place         Size        Empty    Relocated 
[2025-10-14T11:01:07.755+0300][53.861s][info][gc,reloc    ] GC(35) O: Small Pages:                    3            1            0           6M           0M           1M 
[2025-10-14T11:01:07.755+0300][53.861s][info][gc,reloc    ] GC(35) O: Medium Pages:                   1            0            0          32M           0M           0M 
[2025-10-14T11:01:07.755+0300][53.861s][info][gc,reloc    ] GC(35) O: Large Pages:                    0            0            0           0M           0M           0M 
[2025-10-14T11:01:07.755+0300][53.861s][info][gc,reloc    ] GC(35) O: Forwarding Usage: 0M
[2025-10-14T11:01:07.755+0300][53.861s][info][gc,heap     ] GC(35) O: Min Capacity: 8M(0%)
[2025-10-14T11:01:07.755+0300][53.861s][info][gc,heap     ] GC(35) O: Max Capacity: 8192M(100%)
[2025-10-14T11:01:07.755+0300][53.861s][info][gc,heap     ] GC(35) O: Soft Max Capacity: 8192M(100%)
[2025-10-14T11:01:07.755+0300][53.861s][info][gc,heap     ] GC(35) O: Heap Statistics:
[2025-10-14T11:01:07.755+0300][53.861s][info][gc,heap     ] GC(35) O:                Mark Start          Mark End        Relocate Start      Relocate End           High               Low         
[2025-10-14T11:01:07.755+0300][53.861s][info][gc,heap     ] GC(35) O:  Capacity:     7806M (95%)        7806M (95%)        7806M (95%)        7806M (95%)        7806M (95%)        7806M (95%)    
[2025-10-14T11:01:07.755+0300][53.861s][info][gc,heap     ] GC(35) O:      Free:     1652M (20%)        7718M (94%)        7710M (94%)        7708M (94%)        7734M (94%)        1642M (20%)    
[2025-10-14T11:01:07.755+0300][53.861s][info][gc,heap     ] GC(35) O:      Used:     6540M (80%)         474M (6%)          482M (6%)          484M (6%)         6550M (80%)         458M (6%)     
[2025-10-14T11:01:07.755+0300][53.861s][info][gc,heap     ] GC(35) O: Old Generation Statistics:
[2025-10-14T11:01:07.755+0300][53.861s][info][gc,heap     ] GC(35) O:                Mark Start          Mark End        Relocate Start      Relocate End    
[2025-10-14T11:01:07.755+0300][53.861s][info][gc,heap     ] GC(35) O:      Used:       38M (0%)           38M (0%)           38M (0%)           38M (0%)     
[2025-10-14T11:01:07.755+0300][53.861s][info][gc,heap     ] GC(35) O:      Live:         -                 3M (0%)            3M (0%)            3M (0%)     
[2025-10-14T11:01:07.755+0300][53.861s][info][gc,heap     ] GC(35) O:   Garbage:         -                34M (0%)           34M (0%)           31M (0%)     
[2025-10-14T11:01:07.755+0300][53.861s][info][gc,heap     ] GC(35) O: Allocated:         -                 0M (0%)            0M (0%)            2M (0%)     
[2025-10-14T11:01:07.755+0300][53.861s][info][gc,heap     ] GC(35) O: Reclaimed:         -                  -                 0M (0%)            2M (0%)     
[2025-10-14T11:01:07.755+0300][53.861s][info][gc,heap     ] GC(35) O: Compacted:         -                  -                  -                 1M (0%)     
[2025-10-14T11:01:07.755+0300][53.861s][info][gc,phases   ] GC(35) O: Old Generation 460M(6%)->484M(6%) 0.007s
[2025-10-14T11:01:07.755+0300][53.861s][info][gc          ] GC(35) Major Collection (Proactive) 6540M(80%)->484M(6%) 0.020s
[2025-10-14T11:01:09.425+0300][55.530s][info][gc          ] GC(36) Major Collection (Proactive)
[2025-10-14T11:01:09.425+0300][55.530s][info][gc,task     ] GC(36) Using 1 Workers for Young Generation
[2025-10-14T11:01:09.425+0300][55.531s][info][gc,task     ] GC(36) Using 1 Workers for Old Generation
[2025-10-14T11:01:09.425+0300][55.531s][info][gc,phases   ] GC(36) Y: Young Generation
[2025-10-14T11:01:09.426+0300][55.531s][info][gc,phases   ] GC(36) Y: Pause Mark Start (Major) 0.027ms
[2025-10-14T11:01:09.433+0300][55.538s][info][gc,phases   ] GC(36) Y: Concurrent Mark 6.960ms
[2025-10-14T11:01:09.433+0300][55.538s][info][gc,phases   ] GC(36) Y: Pause Mark End 0.012ms
[2025-10-14T11:01:09.433+0300][55.538s][info][gc,phases   ] GC(36) Y: Concurrent Mark Free 0.001ms
[2025-10-14T11:01:09.433+0300][55.539s][info][gc,phases   ] GC(36) Y: Concurrent Reset Relocation Set 0.012ms
[2025-10-14T11:01:09.438+0300][55.544s][info][gc,reloc    ] GC(36) Y: Using tenuring threshold: 1 (Computed)
[2025-10-14T11:01:09.439+0300][55.544s][info][gc,phases   ] GC(36) Y: Concurrent Select Relocation Set 5.678ms
[2025-10-14T11:01:09.439+0300][55.544s][info][gc,phases   ] GC(36) Y: Pause Relocate Start 0.032ms
[2025-10-14T11:01:09.439+0300][55.545s][info][gc,phases   ] GC(36) Y: Concurrent Relocate 0.246ms
[2025-10-14T11:01:09.439+0300][55.545s][info][gc,alloc    ] GC(36) Y:                         Mark Start        Mark End      Relocate Start    Relocate End   
[2025-10-14T11:01:09.439+0300][55.545s][info][gc,alloc    ] GC(36) Y: Allocation Stalls:          0                0                0                0         
[2025-10-14T11:01:09.439+0300][55.545s][info][gc,load     ] GC(36) Y: Load: 19.20 (192%) / 15.69 (157%) / 13.99 (140%)
[2025-10-14T11:01:09.439+0300][55.545s][info][gc,mmu      ] GC(36) Y: MMU: 2ms/91.4%, 5ms/96.6%, 10ms/98.3%, 20ms/99.1%, 50ms/99.6%, 100ms/99.8%
[2025-10-14T11:01:09.439+0300][55.545s][info][gc,marking  ] GC(36) Y: Mark: 1 stripe(s), 2 proactive flush(es), 1 terminate flush(es), 0 completion(s), 0 continuation(s) 
[2025-10-14T11:01:09.439+0300][55.545s][info][gc,nmethod  ] GC(36) Y: NMethods: 891 registered, 67 unregistered
[2025-10-14T11:01:09.439+0300][55.545s][info][gc,metaspace] GC(36) Y: Metaspace: 3M used, 3M committed, 1088M reserved
[2025-10-14T11:01:09.439+0300][55.545s][info][gc,reloc    ] GC(36) Y:                        Candidates     Selected     In-Place         Size        Empty    Relocated 
[2025-10-14T11:01:09.439+0300][55.545s][info][gc,reloc    ] GC(36) Y: Small Pages:                 1770            1            0        3540M        3132M           1M 
[2025-10-14T11:01:09.439+0300][55.545s][info][gc,reloc    ] GC(36) Y: Medium Pages:                   0            0            0           0M           0M           0M 
[2025-10-14T11:01:09.439+0300][55.545s][info][gc,reloc    ] GC(36) Y: Large Pages:                    0            0            0           0M           0M           0M 
[2025-10-14T11:01:09.439+0300][55.545s][info][gc,reloc    ] GC(36) Y: Forwarding Usage: 0M
[2025-10-14T11:01:09.439+0300][55.545s][info][gc,reloc    ] GC(36) Y: Age Table:
[2025-10-14T11:01:09.439+0300][55.545s][info][gc,reloc    ] GC(36) Y:                    Live             Garbage             Small              Medium             Large        
[2025-10-14T11:01:09.439+0300][55.545s][info][gc,reloc    ] GC(36) Y: Eden             312M (4%)         2821M (34%)       1567 / 1              0 / 0              0 / 0        
[2025-10-14T11:01:09.439+0300][55.545s][info][gc,reloc    ] GC(36) Y: Survivor 1          -               406M (5%)         203 / 0              0 / 0              0 / 0        
[2025-10-14T11:01:09.439+0300][55.545s][info][gc,heap     ] GC(36) Y: Min Capacity: 8M(0%)
[2025-10-14T11:01:09.439+0300][55.545s][info][gc,heap     ] GC(36) Y: Max Capacity: 8192M(100%)
[2025-10-14T11:01:09.439+0300][55.545s][info][gc,heap     ] GC(36) Y: Soft Max Capacity: 8192M(100%)
[2025-10-14T11:01:09.439+0300][55.545s][info][gc,heap     ] GC(36) Y: Heap Statistics:
[2025-10-14T11:01:09.439+0300][55.545s][info][gc,heap     ] GC(36) Y:                Mark Start          Mark End        Relocate Start      Relocate End           High               Low         
[2025-10-14T11:01:09.439+0300][55.545s][info][gc,heap     ] GC(36) Y:  Capacity:     7806M (95%)        7806M (95%)        7806M (95%)        7806M (95%)        7806M (95%)        7806M (95%)    
[2025-10-14T11:01:09.439+0300][55.545s][info][gc,heap     ] GC(36) Y:      Free:     4614M (56%)        4604M (56%)        7726M (94%)        7726M (94%)        7728M (94%)        4604M (56%)    
[2025-10-14T11:01:09.439+0300][55.545s][info][gc,heap     ] GC(36) Y:      Used:     3578M (44%)        3588M (44%)         466M (6%)          466M (6%)         3588M (44%)         464M (6%)     
[2025-10-14T11:01:09.439+0300][55.545s][info][gc,heap     ] GC(36) Y: Young Generation Statistics:
[2025-10-14T11:01:09.439+0300][55.545s][info][gc,heap     ] GC(36) Y:                Mark Start          Mark End        Relocate Start      Relocate End    
[2025-10-14T11:01:09.439+0300][55.545s][info][gc,heap     ] GC(36) Y:      Used:     3540M (43%)        3550M (43%)         428M (5%)          428M (5%)     
[2025-10-14T11:01:09.439+0300][55.545s][info][gc,heap     ] GC(36) Y:      Live:         -               312M (4%)          312M (4%)          312M (4%)     
[2025-10-14T11:01:09.439+0300][55.545s][info][gc,heap     ] GC(36) Y:   Garbage:         -              3227M (39%)          95M (1%)           93M (1%)     
[2025-10-14T11:01:09.439+0300][55.545s][info][gc,heap     ] GC(36) Y: Allocated:         -                10M (0%)           20M (0%)           22M (0%)     
[2025-10-14T11:01:09.439+0300][55.545s][info][gc,heap     ] GC(36) Y: Reclaimed:         -                  -              3132M (38%)        3134M (38%)    
[2025-10-14T11:01:09.439+0300][55.545s][info][gc,heap     ] GC(36) Y:  Promoted:         -                  -                 0M (0%)            0M (0%)     
[2025-10-14T11:01:09.439+0300][55.545s][info][gc,heap     ] GC(36) Y: Compacted:         -                  -                  -                 1M (0%)     
[2025-10-14T11:01:09.439+0300][55.545s][info][gc,phases   ] GC(36) Y: Young Generation 3578M(44%)->466M(6%) 0.014s
[2025-10-14T11:01:09.439+0300][55.545s][info][gc,phases   ] GC(36) O: Old Generation
[2025-10-14T11:01:09.444+0300][55.549s][info][gc,phases   ] GC(36) O: Concurrent Mark 4.253ms
[2025-10-14T11:01:09.447+0300][55.553s][info][gc,phases   ] GC(36) O: Pause Mark End 0.014ms
[2025-10-14T11:01:09.448+0300][55.553s][info][gc,phases   ] GC(36) O: Concurrent Mark Free 0.001ms
[2025-10-14T11:01:09.449+0300][55.555s][info][gc,phases   ] GC(36) O: Concurrent Process Non-Strong 1.743ms
[2025-10-14T11:01:09.449+0300][55.555s][info][gc,phases   ] GC(36) O: Concurrent Reset Relocation Set 0.010ms
[2025-10-14T11:01:09.449+0300][55.555s][info][gc,phases   ] GC(36) O: Concurrent Select Relocation Set 0.075ms
[2025-10-14T11:01:09.450+0300][55.555s][info][gc,task     ] GC(36) O: Using 2 Workers for Old Generation
[2025-10-14T11:01:09.450+0300][55.556s][info][gc,task     ] GC(36) O: Using 1 Workers for Old Generation
[2025-10-14T11:01:09.450+0300][55.556s][info][gc,phases   ] GC(36) O: Concurrent Remap Roots 0.617ms
[2025-10-14T11:01:09.450+0300][55.556s][info][gc,phases   ] GC(36) O: Pause Relocate Start 0.009ms
[2025-10-14T11:01:09.451+0300][55.557s][info][gc,phases   ] GC(36) O: Concurrent Relocate 1.001ms
[2025-10-14T11:01:09.451+0300][55.557s][info][gc,alloc    ] GC(36) O:                         Mark Start        Mark End      Relocate Start    Relocate End   
[2025-10-14T11:01:09.451+0300][55.557s][info][gc,alloc    ] GC(36) O: Allocation Stalls:          0                0                0                0         
[2025-10-14T11:01:09.451+0300][55.557s][info][gc,load     ] GC(36) O: Load: 19.20 (192%) / 15.69 (157%) / 13.99 (140%)
[2025-10-14T11:01:09.451+0300][55.557s][info][gc,mmu      ] GC(36) O: MMU: 2ms/91.4%, 5ms/96.6%, 10ms/98.3%, 20ms/99.1%, 50ms/99.6%, 100ms/99.8%
[2025-10-14T11:01:09.451+0300][55.557s][info][gc,marking  ] GC(36) O: Mark: 1 stripe(s), 2 proactive flush(es), 1 terminate flush(es), 0 completion(s), 0 continuation(s) 
[2025-10-14T11:01:09.451+0300][55.557s][info][gc,nmethod  ] GC(36) O: NMethods: 891 registered, 67 unregistered
[2025-10-14T11:01:09.451+0300][55.557s][info][gc,metaspace] GC(36) O: Metaspace: 3M used, 3M committed, 1088M reserved
[2025-10-14T11:01:09.451+0300][55.557s][info][gc,ref      ] GC(36) O:                       Encountered   Discovered     Enqueued 
[2025-10-14T11:01:09.452+0300][55.557s][info][gc,ref      ] GC(36) O: Soft References:              289            0            0 
[2025-10-14T11:01:09.452+0300][55.557s][info][gc,ref      ] GC(36) O: Weak References:              541          492            0 
[2025-10-14T11:01:09.452+0300][55.557s][info][gc,ref      ] GC(36) O: Final References:               0            0            0 
[2025-10-14T11:01:09.452+0300][55.557s][info][gc,ref      ] GC(36) O: Phantom References:            53           52            0 
[2025-10-14T11:01:09.452+0300][55.557s][info][gc,reloc    ] GC(36) O:                        Candidates     Selected     In-Place         Size        Empty    Relocated 
[2025-10-14T11:01:09.452+0300][55.557s][info][gc,reloc    ] GC(36) O: Small Pages:                    3            1            0           6M           0M           1M 
[2025-10-14T11:01:09.452+0300][55.557s][info][gc,reloc    ] GC(36) O: Medium Pages:                   1            0            0          32M           0M           0M 
[2025-10-14T11:01:09.452+0300][55.557s][info][gc,reloc    ] GC(36) O: Large Pages:                    0            0            0           0M           0M           0M 
[2025-10-14T11:01:09.452+0300][55.557s][info][gc,reloc    ] GC(36) O: Forwarding Usage: 0M
[2025-10-14T11:01:09.452+0300][55.557s][info][gc,heap     ] GC(36) O: Min Capacity: 8M(0%)
[2025-10-14T11:01:09.452+0300][55.557s][info][gc,heap     ] GC(36) O: Max Capacity: 8192M(100%)
[2025-10-14T11:01:09.452+0300][55.557s][info][gc,heap     ] GC(36) O: Soft Max Capacity: 8192M(100%)
[2025-10-14T11:01:09.452+0300][55.557s][info][gc,heap     ] GC(36) O: Heap Statistics:
[2025-10-14T11:01:09.452+0300][55.557s][info][gc,heap     ] GC(36) O:                Mark Start          Mark End        Relocate Start      Relocate End           High               Low         
[2025-10-14T11:01:09.452+0300][55.557s][info][gc,heap     ] GC(36) O:  Capacity:     7806M (95%)        7806M (95%)        7806M (95%)        7806M (95%)        7806M (95%)        7806M (95%)    
[2025-10-14T11:01:09.452+0300][55.557s][info][gc,heap     ] GC(36) O:      Free:     4614M (56%)        7706M (94%)        7700M (94%)        7698M (94%)        7728M (94%)        4604M (56%)    
[2025-10-14T11:01:09.452+0300][55.557s][info][gc,heap     ] GC(36) O:      Used:     3578M (44%)         486M (6%)          492M (6%)          494M (6%)         3588M (44%)         464M (6%)     
[2025-10-14T11:01:09.452+0300][55.557s][info][gc,heap     ] GC(36) O: Old Generation Statistics:
[2025-10-14T11:01:09.452+0300][55.557s][info][gc,heap     ] GC(36) O:                Mark Start          Mark End        Relocate Start      Relocate End    
[2025-10-14T11:01:09.452+0300][55.558s][info][gc,heap     ] GC(36) O:      Used:       38M (0%)           38M (0%)           38M (0%)           38M (0%)     
[2025-10-14T11:01:09.452+0300][55.558s][info][gc,heap     ] GC(36) O:      Live:         -                 3M (0%)            3M (0%)            3M (0%)     
[2025-10-14T11:01:09.452+0300][55.558s][info][gc,heap     ] GC(36) O:   Garbage:         -                34M (0%)           34M (0%)           31M (0%)     
[2025-10-14T11:01:09.452+0300][55.558s][info][gc,heap     ] GC(36) O: Allocated:         -                 0M (0%)            0M (0%)            2M (0%)     
[2025-10-14T11:01:09.452+0300][55.558s][info][gc,heap     ] GC(36) O: Reclaimed:         -                  -                 0M (0%)            2M (0%)     
[2025-10-14T11:01:09.452+0300][55.558s][info][gc,heap     ] GC(36) O: Compacted:         -                  -                  -                 1M (0%)     
[2025-10-14T11:01:09.452+0300][55.558s][info][gc,phases   ] GC(36) O: Old Generation 466M(6%)->494M(6%) 0.012s
[2025-10-14T11:01:09.452+0300][55.558s][info][gc          ] GC(36) Major Collection (Proactive) 3578M(44%)->496M(6%) 0.027s
[2025-10-14T11:01:11.545+0300][57.651s][info][gc          ] GC(37) Major Collection (Proactive)
[2025-10-14T11:01:11.546+0300][57.651s][info][gc,task     ] GC(37) Using 1 Workers for Young Generation
[2025-10-14T11:01:11.546+0300][57.651s][info][gc,task     ] GC(37) Using 1 Workers for Old Generation
[2025-10-14T11:01:11.546+0300][57.651s][info][gc,phases   ] GC(37) Y: Young Generation
[2025-10-14T11:01:11.546+0300][57.651s][info][gc,phases   ] GC(37) Y: Pause Mark Start (Major) 0.007ms
[2025-10-14T11:01:11.552+0300][57.658s][info][gc,phases   ] GC(37) Y: Concurrent Mark 6.398ms
[2025-10-14T11:01:11.552+0300][57.658s][info][gc,phases   ] GC(37) Y: Pause Mark End 0.010ms
[2025-10-14T11:01:11.552+0300][57.658s][info][gc,phases   ] GC(37) Y: Concurrent Mark Free 0.000ms
[2025-10-14T11:01:11.552+0300][57.658s][info][gc,phases   ] GC(37) Y: Concurrent Reset Relocation Set 0.001ms
[2025-10-14T11:01:11.554+0300][57.660s][info][gc,reloc    ] GC(37) Y: Using tenuring threshold: 1 (Computed)
[2025-10-14T11:01:11.554+0300][57.660s][info][gc,phases   ] GC(37) Y: Concurrent Select Relocation Set 1.586ms
[2025-10-14T11:01:11.554+0300][57.660s][info][gc,phases   ] GC(37) Y: Pause Relocate Start 0.003ms
[2025-10-14T11:01:11.554+0300][57.660s][info][gc,phases   ] GC(37) Y: Concurrent Relocate 0.313ms
[2025-10-14T11:01:11.554+0300][57.660s][info][gc,alloc    ] GC(37) Y:                         Mark Start        Mark End      Relocate Start    Relocate End   
[2025-10-14T11:01:11.554+0300][57.660s][info][gc,alloc    ] GC(37) Y: Allocation Stalls:          0                0                0                0         
[2025-10-14T11:01:11.554+0300][57.660s][info][gc,load     ] GC(37) Y: Load: 19.20 (192%) / 15.69 (157%) / 13.99 (140%)
[2025-10-14T11:01:11.554+0300][57.660s][info][gc,mmu      ] GC(37) Y: MMU: 2ms/91.4%, 5ms/96.6%, 10ms/98.3%, 20ms/99.1%, 50ms/99.6%, 100ms/99.8%
[2025-10-14T11:01:11.554+0300][57.660s][info][gc,marking  ] GC(37) Y: Mark: 1 stripe(s), 2 proactive flush(es), 1 terminate flush(es), 0 completion(s), 0 continuation(s) 
[2025-10-14T11:01:11.554+0300][57.660s][info][gc,nmethod  ] GC(37) Y: NMethods: 891 registered, 67 unregistered
[2025-10-14T11:01:11.554+0300][57.660s][info][gc,metaspace] GC(37) Y: Metaspace: 3M used, 3M committed, 1088M reserved
[2025-10-14T11:01:11.554+0300][57.660s][info][gc,reloc    ] GC(37) Y:                        Candidates     Selected     In-Place         Size        Empty    Relocated 
[2025-10-14T11:01:11.554+0300][57.660s][info][gc,reloc    ] GC(37) Y: Small Pages:                 2678            3            0        5356M        4944M           1M 
[2025-10-14T11:01:11.554+0300][57.660s][info][gc,reloc    ] GC(37) Y: Medium Pages:                   0            0            0           0M           0M           0M 
[2025-10-14T11:01:11.554+0300][57.660s][info][gc,reloc    ] GC(37) Y: Large Pages:                    0            0            0           0M           0M           0M 
[2025-10-14T11:01:11.554+0300][57.660s][info][gc,reloc    ] GC(37) Y: Forwarding Usage: 0M
[2025-10-14T11:01:11.554+0300][57.660s][info][gc,reloc    ] GC(37) Y: Age Table:
[2025-10-14T11:01:11.554+0300][57.660s][info][gc,reloc    ] GC(37) Y:                    Live             Garbage             Small              Medium             Large        
[2025-10-14T11:01:11.555+0300][57.660s][info][gc,reloc    ] GC(37) Y: Eden             312M (4%)         4635M (57%)       2474 / 3              0 / 0              0 / 0        
[2025-10-14T11:01:11.555+0300][57.660s][info][gc,reloc    ] GC(37) Y: Survivor 1          -               408M (5%)         204 / 0              0 / 0              0 / 0        
[2025-10-14T11:01:11.555+0300][57.660s][info][gc,heap     ] GC(37) Y: Min Capacity: 8M(0%)
[2025-10-14T11:01:11.555+0300][57.660s][info][gc,heap     ] GC(37) Y: Max Capacity: 8192M(100%)
[2025-10-14T11:01:11.555+0300][57.660s][info][gc,heap     ] GC(37) Y: Soft Max Capacity: 8192M(100%)
[2025-10-14T11:01:11.555+0300][57.660s][info][gc,heap     ] GC(37) Y: Heap Statistics:
[2025-10-14T11:01:11.555+0300][57.660s][info][gc,heap     ] GC(37) Y:                Mark Start          Mark End        Relocate Start      Relocate End           High               Low         
[2025-10-14T11:01:11.555+0300][57.660s][info][gc,heap     ] GC(37) Y:  Capacity:     7806M (95%)        7806M (95%)        7806M (95%)        7806M (95%)        7806M (95%)        7806M (95%)    
[2025-10-14T11:01:11.555+0300][57.660s][info][gc,heap     ] GC(37) Y:      Free:     2798M (34%)        2790M (34%)        7730M (94%)        7732M (94%)        7732M (94%)        2790M (34%)    
[2025-10-14T11:01:11.555+0300][57.660s][info][gc,heap     ] GC(37) Y:      Used:     5394M (66%)        5402M (66%)         462M (6%)          460M (6%)         5402M (66%)         460M (6%)     
[2025-10-14T11:01:11.555+0300][57.660s][info][gc,heap     ] GC(37) Y: Young Generation Statistics:
[2025-10-14T11:01:11.555+0300][57.660s][info][gc,heap     ] GC(37) Y:                Mark Start          Mark End        Relocate Start      Relocate End    
[2025-10-14T11:01:11.555+0300][57.660s][info][gc,heap     ] GC(37) Y:      Used:     5356M (65%)        5364M (65%)         424M (5%)          422M (5%)     
[2025-10-14T11:01:11.555+0300][57.660s][info][gc,heap     ] GC(37) Y:      Live:         -               312M (4%)          312M (4%)          312M (4%)     
[2025-10-14T11:01:11.555+0300][57.660s][info][gc,heap     ] GC(37) Y:   Garbage:         -              5043M (62%)          99M (1%)           92M (1%)     
[2025-10-14T11:01:11.555+0300][57.660s][info][gc,heap     ] GC(37) Y: Allocated:         -                 8M (0%)           12M (0%)           16M (0%)     
[2025-10-14T11:01:11.555+0300][57.660s][info][gc,heap     ] GC(37) Y: Reclaimed:         -                  -              4944M (60%)        4950M (60%)    
[2025-10-14T11:01:11.555+0300][57.660s][info][gc,heap     ] GC(37) Y:  Promoted:         -                  -                 0M (0%)            0M (0%)     
[2025-10-14T11:01:11.555+0300][57.660s][info][gc,heap     ] GC(37) Y: Compacted:         -                  -                  -                 3M (0%)     
[2025-10-14T11:01:11.555+0300][57.660s][info][gc,phases   ] GC(37) Y: Young Generation 5394M(66%)->460M(6%) 0.009s
[2025-10-14T11:01:11.555+0300][57.660s][info][gc,phases   ] GC(37) O: Old Generation
[2025-10-14T11:01:11.559+0300][57.664s][info][gc,phases   ] GC(37) O: Concurrent Mark 3.960ms
[2025-10-14T11:01:11.559+0300][57.664s][info][gc,phases   ] GC(37) O: Pause Mark End 0.010ms
[2025-10-14T11:01:11.559+0300][57.665s][info][gc,phases   ] GC(37) O: Concurrent Mark Free 0.001ms
[2025-10-14T11:01:11.560+0300][57.666s][info][gc,phases   ] GC(37) O: Concurrent Process Non-Strong 1.581ms
[2025-10-14T11:01:11.560+0300][57.666s][info][gc,phases   ] GC(37) O: Concurrent Reset Relocation Set 0.000ms
[2025-10-14T11:01:11.561+0300][57.666s][info][gc,phases   ] GC(37) O: Concurrent Select Relocation Set 0.076ms
[2025-10-14T11:01:11.561+0300][57.666s][info][gc,task     ] GC(37) O: Using 2 Workers for Old Generation
[2025-10-14T11:01:11.561+0300][57.667s][info][gc,task     ] GC(37) O: Using 1 Workers for Old Generation
[2025-10-14T11:01:11.561+0300][57.667s][info][gc,phases   ] GC(37) O: Concurrent Remap Roots 0.597ms
[2025-10-14T11:01:11.561+0300][57.667s][info][gc,phases   ] GC(37) O: Pause Relocate Start 0.005ms
[2025-10-14T11:01:11.562+0300][57.668s][info][gc,phases   ] GC(37) O: Concurrent Relocate 0.718ms
[2025-10-14T11:01:11.562+0300][57.668s][info][gc,alloc    ] GC(37) O:                         Mark Start        Mark End      Relocate Start    Relocate End   
[2025-10-14T11:01:11.562+0300][57.668s][info][gc,alloc    ] GC(37) O: Allocation Stalls:          0                0                0                0         
[2025-10-14T11:01:11.562+0300][57.668s][info][gc,load     ] GC(37) O: Load: 19.20 (192%) / 15.69 (157%) / 13.99 (140%)
[2025-10-14T11:01:11.562+0300][57.668s][info][gc,mmu      ] GC(37) O: MMU: 2ms/91.4%, 5ms/96.6%, 10ms/98.3%, 20ms/99.1%, 50ms/99.6%, 100ms/99.8%
[2025-10-14T11:01:11.562+0300][57.668s][info][gc,marking  ] GC(37) O: Mark: 1 stripe(s), 2 proactive flush(es), 1 terminate flush(es), 0 completion(s), 0 continuation(s) 
[2025-10-14T11:01:11.562+0300][57.668s][info][gc,nmethod  ] GC(37) O: NMethods: 891 registered, 67 unregistered
[2025-10-14T11:01:11.562+0300][57.668s][info][gc,metaspace] GC(37) O: Metaspace: 3M used, 3M committed, 1088M reserved
[2025-10-14T11:01:11.562+0300][57.668s][info][gc,ref      ] GC(37) O:                       Encountered   Discovered     Enqueued 
[2025-10-14T11:01:11.562+0300][57.668s][info][gc,ref      ] GC(37) O: Soft References:              289            0            0 
[2025-10-14T11:01:11.562+0300][57.668s][info][gc,ref      ] GC(37) O: Weak References:              541          492            0 
[2025-10-14T11:01:11.562+0300][57.668s][info][gc,ref      ] GC(37) O: Final References:               0            0            0 
[2025-10-14T11:01:11.562+0300][57.668s][info][gc,ref      ] GC(37) O: Phantom References:            53           52            0 
[2025-10-14T11:01:11.562+0300][57.668s][info][gc,reloc    ] GC(37) O:                        Candidates     Selected     In-Place         Size        Empty    Relocated 
[2025-10-14T11:01:11.562+0300][57.668s][info][gc,reloc    ] GC(37) O: Small Pages:                    3            1            0           6M           0M           1M 
[2025-10-14T11:01:11.562+0300][57.668s][info][gc,reloc    ] GC(37) O: Medium Pages:                   1            0            0          32M           0M           0M 
[2025-10-14T11:01:11.562+0300][57.668s][info][gc,reloc    ] GC(37) O: Large Pages:                    0            0            0           0M           0M           0M 
[2025-10-14T11:01:11.562+0300][57.668s][info][gc,reloc    ] GC(37) O: Forwarding Usage: 0M
[2025-10-14T11:01:11.562+0300][57.668s][info][gc,heap     ] GC(37) O: Min Capacity: 8M(0%)
[2025-10-14T11:01:11.562+0300][57.668s][info][gc,heap     ] GC(37) O: Max Capacity: 8192M(100%)
[2025-10-14T11:01:11.562+0300][57.668s][info][gc,heap     ] GC(37) O: Soft Max Capacity: 8192M(100%)
[2025-10-14T11:01:11.562+0300][57.668s][info][gc,heap     ] GC(37) O: Heap Statistics:
[2025-10-14T11:01:11.562+0300][57.668s][info][gc,heap     ] GC(37) O:                Mark Start          Mark End        Relocate Start      Relocate End           High               Low         
[2025-10-14T11:01:11.562+0300][57.668s][info][gc,heap     ] GC(37) O:  Capacity:     7806M (95%)        7806M (95%)        7806M (95%)        7806M (95%)        7806M (95%)        7806M (95%)    
[2025-10-14T11:01:11.562+0300][57.668s][info][gc,heap     ] GC(37) O:      Free:     2798M (34%)        7718M (94%)        7710M (94%)        7708M (94%)        7732M (94%)        2790M (34%)    
[2025-10-14T11:01:11.562+0300][57.668s][info][gc,heap     ] GC(37) O:      Used:     5394M (66%)         474M (6%)          482M (6%)          484M (6%)         5402M (66%)         460M (6%)     
[2025-10-14T11:01:11.562+0300][57.668s][info][gc,heap     ] GC(37) O: Old Generation Statistics:
[2025-10-14T11:01:11.562+0300][57.668s][info][gc,heap     ] GC(37) O:                Mark Start          Mark End        Relocate Start      Relocate End    
[2025-10-14T11:01:11.562+0300][57.668s][info][gc,heap     ] GC(37) O:      Used:       38M (0%)           38M (0%)           38M (0%)           38M (0%)     
[2025-10-14T11:01:11.562+0300][57.668s][info][gc,heap     ] GC(37) O:      Live:         -                 3M (0%)            3M (0%)            3M (0%)     
[2025-10-14T11:01:11.562+0300][57.668s][info][gc,heap     ] GC(37) O:   Garbage:         -                34M (0%)           34M (0%)           31M (0%)     
[2025-10-14T11:01:11.562+0300][57.668s][info][gc,heap     ] GC(37) O: Allocated:         -                 0M (0%)            0M (0%)            2M (0%)     
[2025-10-14T11:01:11.562+0300][57.668s][info][gc,heap     ] GC(37) O: Reclaimed:         -                  -                 0M (0%)            2M (0%)     
[2025-10-14T11:01:11.562+0300][57.668s][info][gc,heap     ] GC(37) O: Compacted:         -                  -                  -                 1M (0%)     
[2025-10-14T11:01:11.562+0300][57.668s][info][gc,phases   ] GC(37) O: Old Generation 460M(6%)->484M(6%) 0.007s
[2025-10-14T11:01:11.562+0300][57.668s][info][gc          ] GC(37) Major Collection (Proactive) 5392M(66%)->484M(6%) 0.017s
[2025-10-14T11:01:13.292+0300][59.397s][info][gc          ] GC(38) Major Collection (Proactive)
[2025-10-14T11:01:13.292+0300][59.398s][info][gc,task     ] GC(38) Using 1 Workers for Young Generation
[2025-10-14T11:01:13.292+0300][59.398s][info][gc,task     ] GC(38) Using 1 Workers for Old Generation
[2025-10-14T11:01:13.292+0300][59.398s][info][gc,phases   ] GC(38) Y: Young Generation
[2025-10-14T11:01:13.293+0300][59.399s][info][gc,phases   ] GC(38) Y: Pause Mark Start (Major) 0.046ms
[2025-10-14T11:01:13.305+0300][59.411s][info][gc,phases   ] GC(38) Y: Concurrent Mark 11.603ms
[2025-10-14T11:01:13.305+0300][59.411s][info][gc,phases   ] GC(38) Y: Pause Mark End 0.015ms
[2025-10-14T11:01:13.305+0300][59.411s][info][gc,phases   ] GC(38) Y: Concurrent Mark Free 0.001ms
[2025-10-14T11:01:13.305+0300][59.411s][info][gc,phases   ] GC(38) Y: Concurrent Reset Relocation Set 0.014ms
[2025-10-14T11:01:13.308+0300][59.414s][info][gc,reloc    ] GC(38) Y: Using tenuring threshold: 1 (Computed)
[2025-10-14T11:01:13.308+0300][59.414s][info][gc,phases   ] GC(38) Y: Concurrent Select Relocation Set 3.172ms
[2025-10-14T11:01:13.308+0300][59.414s][info][gc,phases   ] GC(38) Y: Pause Relocate Start 0.003ms
[2025-10-14T11:01:13.309+0300][59.414s][info][gc,phases   ] GC(38) Y: Concurrent Relocate 0.196ms
[2025-10-14T11:01:13.309+0300][59.414s][info][gc,alloc    ] GC(38) Y:                         Mark Start        Mark End      Relocate Start    Relocate End   
[2025-10-14T11:01:13.309+0300][59.414s][info][gc,alloc    ] GC(38) Y: Allocation Stalls:          0                0                0                0         
[2025-10-14T11:01:13.309+0300][59.414s][info][gc,load     ] GC(38) Y: Load: 18.31 (183%) / 15.57 (156%) / 13.96 (140%)
[2025-10-14T11:01:13.309+0300][59.414s][info][gc,mmu      ] GC(38) Y: MMU: 2ms/91.4%, 5ms/96.6%, 10ms/98.3%, 20ms/99.1%, 50ms/99.6%, 100ms/99.8%
[2025-10-14T11:01:13.309+0300][59.414s][info][gc,marking  ] GC(38) Y: Mark: 1 stripe(s), 2 proactive flush(es), 1 terminate flush(es), 0 completion(s), 0 continuation(s) 
[2025-10-14T11:01:13.309+0300][59.414s][info][gc,nmethod  ] GC(38) Y: NMethods: 891 registered, 67 unregistered
[2025-10-14T11:01:13.309+0300][59.414s][info][gc,metaspace] GC(38) Y: Metaspace: 3M used, 3M committed, 1088M reserved
[2025-10-14T11:01:13.309+0300][59.414s][info][gc,reloc    ] GC(38) Y:                        Candidates     Selected     In-Place         Size        Empty    Relocated 
[2025-10-14T11:01:13.309+0300][59.414s][info][gc,reloc    ] GC(38) Y: Small Pages:                 1737            1            0        3474M        3064M           0M 
[2025-10-14T11:01:13.309+0300][59.414s][info][gc,reloc    ] GC(38) Y: Medium Pages:                   0            0            0           0M           0M           0M 
[2025-10-14T11:01:13.309+0300][59.414s][info][gc,reloc    ] GC(38) Y: Large Pages:                    0            0            0           0M           0M           0M 
[2025-10-14T11:01:13.309+0300][59.414s][info][gc,reloc    ] GC(38) Y: Forwarding Usage: 0M
[2025-10-14T11:01:13.309+0300][59.414s][info][gc,reloc    ] GC(38) Y: Age Table:
[2025-10-14T11:01:13.309+0300][59.414s][info][gc,reloc    ] GC(38) Y:                    Live             Garbage             Small              Medium             Large        
[2025-10-14T11:01:13.309+0300][59.414s][info][gc,reloc    ] GC(38) Y: Eden             312M (4%)         2753M (34%)       1533 / 1              0 / 0              0 / 0        
[2025-10-14T11:01:13.309+0300][59.414s][info][gc,reloc    ] GC(38) Y: Survivor 1          -               408M (5%)         204 / 0              0 / 0              0 / 0        
[2025-10-14T11:01:13.309+0300][59.414s][info][gc,heap     ] GC(38) Y: Min Capacity: 8M(0%)
[2025-10-14T11:01:13.309+0300][59.414s][info][gc,heap     ] GC(38) Y: Max Capacity: 8192M(100%)
[2025-10-14T11:01:13.309+0300][59.415s][info][gc,heap     ] GC(38) Y: Soft Max Capacity: 8192M(100%)
[2025-10-14T11:01:13.309+0300][59.415s][info][gc,heap     ] GC(38) Y: Heap Statistics:
[2025-10-14T11:01:13.309+0300][59.415s][info][gc,heap     ] GC(38) Y:                Mark Start          Mark End        Relocate Start      Relocate End           High               Low         
[2025-10-14T11:01:13.309+0300][59.415s][info][gc,heap     ] GC(38) Y:  Capacity:     7806M (95%)        7806M (95%)        7806M (95%)        7806M (95%)        7806M (95%)        7806M (95%)    
[2025-10-14T11:01:13.309+0300][59.415s][info][gc,heap     ] GC(38) Y:      Free:     4680M (57%)        4664M (57%)        7722M (94%)        7720M (94%)        7722M (94%)        4664M (57%)    
[2025-10-14T11:01:13.309+0300][59.415s][info][gc,heap     ] GC(38) Y:      Used:     3512M (43%)        3528M (43%)         470M (6%)          472M (6%)         3528M (43%)         470M (6%)     
[2025-10-14T11:01:13.309+0300][59.415s][info][gc,heap     ] GC(38) Y: Young Generation Statistics:
[2025-10-14T11:01:13.309+0300][59.415s][info][gc,heap     ] GC(38) Y:                Mark Start          Mark End        Relocate Start      Relocate End    
[2025-10-14T11:01:13.309+0300][59.415s][info][gc,heap     ] GC(38) Y:      Used:     3474M (42%)        3490M (43%)         432M (5%)          434M (5%)     
[2025-10-14T11:01:13.309+0300][59.415s][info][gc,heap     ] GC(38) Y:      Live:         -               312M (4%)          312M (4%)          312M (4%)     
[2025-10-14T11:01:13.309+0300][59.415s][info][gc,heap     ] GC(38) Y:   Garbage:         -              3161M (39%)          97M (1%)           94M (1%)     
[2025-10-14T11:01:13.309+0300][59.415s][info][gc,heap     ] GC(38) Y: Allocated:         -                16M (0%)           22M (0%)           26M (0%)     
[2025-10-14T11:01:13.309+0300][59.415s][info][gc,heap     ] GC(38) Y: Reclaimed:         -                  -              3064M (37%)        3066M (37%)    
[2025-10-14T11:01:13.309+0300][59.415s][info][gc,heap     ] GC(38) Y:  Promoted:         -                  -                 0M (0%)            0M (0%)     
[2025-10-14T11:01:13.309+0300][59.415s][info][gc,heap     ] GC(38) Y: Compacted:         -                  -                  -                 1M (0%)     
[2025-10-14T11:01:13.309+0300][59.415s][info][gc,phases   ] GC(38) Y: Young Generation 3512M(43%)->472M(6%) 0.016s
[2025-10-14T11:01:13.309+0300][59.415s][info][gc,phases   ] GC(38) O: Old Generation
[2025-10-14T11:01:13.317+0300][59.423s][info][gc,phases   ] GC(38) O: Concurrent Mark 7.807ms
[2025-10-14T11:01:13.317+0300][59.423s][info][gc,phases   ] GC(38) O: Pause Mark End 0.014ms
[2025-10-14T11:01:13.317+0300][59.423s][info][gc,phases   ] GC(38) O: Concurrent Mark Free 0.001ms
[2025-10-14T11:01:13.319+0300][59.425s][info][gc,phases   ] GC(38) O: Concurrent Process Non-Strong 2.385ms
[2025-10-14T11:01:13.319+0300][59.425s][info][gc,phases   ] GC(38) O: Concurrent Reset Relocation Set 0.009ms
[2025-10-14T11:01:13.320+0300][59.425s][info][gc,phases   ] GC(38) O: Concurrent Select Relocation Set 0.155ms
[2025-10-14T11:01:13.320+0300][59.425s][info][gc,task     ] GC(38) O: Using 2 Workers for Old Generation
[2025-10-14T11:01:13.321+0300][59.427s][info][gc,task     ] GC(38) O: Using 1 Workers for Old Generation
[2025-10-14T11:01:13.321+0300][59.427s][info][gc,phases   ] GC(38) O: Concurrent Remap Roots 1.577ms
[2025-10-14T11:01:13.321+0300][59.427s][info][gc,phases   ] GC(38) O: Pause Relocate Start 0.006ms
[2025-10-14T11:01:13.322+0300][59.428s][info][gc,phases   ] GC(38) O: Concurrent Relocate 0.953ms
[2025-10-14T11:01:13.322+0300][59.428s][info][gc,alloc    ] GC(38) O:                         Mark Start        Mark End      Relocate Start    Relocate End   
[2025-10-14T11:01:13.322+0300][59.428s][info][gc,alloc    ] GC(38) O: Allocation Stalls:          0                0                0                0         
[2025-10-14T11:01:13.322+0300][59.428s][info][gc,load     ] GC(38) O: Load: 18.31 (183%) / 15.57 (156%) / 13.96 (140%)
[2025-10-14T11:01:13.322+0300][59.428s][info][gc,mmu      ] GC(38) O: MMU: 2ms/91.4%, 5ms/96.6%, 10ms/98.3%, 20ms/99.1%, 50ms/99.6%, 100ms/99.8%
[2025-10-14T11:01:13.322+0300][59.428s][info][gc,marking  ] GC(38) O: Mark: 1 stripe(s), 2 proactive flush(es), 1 terminate flush(es), 0 completion(s), 0 continuation(s) 
[2025-10-14T11:01:13.322+0300][59.428s][info][gc,nmethod  ] GC(38) O: NMethods: 891 registered, 67 unregistered
[2025-10-14T11:01:13.322+0300][59.428s][info][gc,metaspace] GC(38) O: Metaspace: 3M used, 3M committed, 1088M reserved
[2025-10-14T11:01:13.322+0300][59.428s][info][gc,ref      ] GC(38) O:                       Encountered   Discovered     Enqueued 
[2025-10-14T11:01:13.322+0300][59.428s][info][gc,ref      ] GC(38) O: Soft References:              289            0            0 
[2025-10-14T11:01:13.322+0300][59.428s][info][gc,ref      ] GC(38) O: Weak References:              541          492            0 
[2025-10-14T11:01:13.322+0300][59.428s][info][gc,ref      ] GC(38) O: Final References:               0            0            0 
[2025-10-14T11:01:13.322+0300][59.428s][info][gc,ref      ] GC(38) O: Phantom References:            53           51            0 
[2025-10-14T11:01:13.322+0300][59.428s][info][gc,reloc    ] GC(38) O:                        Candidates     Selected     In-Place         Size        Empty    Relocated 
[2025-10-14T11:01:13.322+0300][59.428s][info][gc,reloc    ] GC(38) O: Small Pages:                    3            1            0           6M           0M           1M 
[2025-10-14T11:01:13.322+0300][59.428s][info][gc,reloc    ] GC(38) O: Medium Pages:                   1            0            0          32M           0M           0M 
[2025-10-14T11:01:13.322+0300][59.428s][info][gc,reloc    ] GC(38) O: Large Pages:                    0            0            0           0M           0M           0M 
[2025-10-14T11:01:13.322+0300][59.428s][info][gc,reloc    ] GC(38) O: Forwarding Usage: 0M
[2025-10-14T11:01:13.322+0300][59.428s][info][gc,heap     ] GC(38) O: Min Capacity: 8M(0%)
[2025-10-14T11:01:13.322+0300][59.428s][info][gc,heap     ] GC(38) O: Max Capacity: 8192M(100%)
[2025-10-14T11:01:13.322+0300][59.428s][info][gc,heap     ] GC(38) O: Soft Max Capacity: 8192M(100%)
[2025-10-14T11:01:13.322+0300][59.428s][info][gc,heap     ] GC(38) O: Heap Statistics:
[2025-10-14T11:01:13.322+0300][59.428s][info][gc,heap     ] GC(38) O:                Mark Start          Mark End        Relocate Start      Relocate End           High               Low         
[2025-10-14T11:01:13.322+0300][59.428s][info][gc,heap     ] GC(38) O:  Capacity:     7806M (95%)        7806M (95%)        7806M (95%)        7806M (95%)        7806M (95%)        7806M (95%)    
[2025-10-14T11:01:13.322+0300][59.428s][info][gc,heap     ] GC(38) O:      Free:     4680M (57%)        7708M (94%)        7702M (94%)        7700M (94%)        7722M (94%)        4664M (57%)    
[2025-10-14T11:01:13.322+0300][59.428s][info][gc,heap     ] GC(38) O:      Used:     3512M (43%)         484M (6%)          490M (6%)          492M (6%)         3528M (43%)         470M (6%)     
[2025-10-14T11:01:13.322+0300][59.428s][info][gc,heap     ] GC(38) O: Old Generation Statistics:
[2025-10-14T11:01:13.322+0300][59.428s][info][gc,heap     ] GC(38) O:                Mark Start          Mark End        Relocate Start      Relocate End    
[2025-10-14T11:01:13.322+0300][59.428s][info][gc,heap     ] GC(38) O:      Used:       38M (0%)           38M (0%)           38M (0%)           38M (0%)     
[2025-10-14T11:01:13.322+0300][59.428s][info][gc,heap     ] GC(38) O:      Live:         -                 3M (0%)            3M (0%)            3M (0%)     
[2025-10-14T11:01:13.322+0300][59.428s][info][gc,heap     ] GC(38) O:   Garbage:         -                34M (0%)           34M (0%)           31M (0%)     
[2025-10-14T11:01:13.322+0300][59.428s][info][gc,heap     ] GC(38) O: Allocated:         -                 0M (0%)            0M (0%)            2M (0%)     
[2025-10-14T11:01:13.322+0300][59.428s][info][gc,heap     ] GC(38) O: Reclaimed:         -                  -                 0M (0%)            2M (0%)     
[2025-10-14T11:01:13.322+0300][59.428s][info][gc,heap     ] GC(38) O: Compacted:         -                  -                  -                 1M (0%)     
[2025-10-14T11:01:13.322+0300][59.428s][info][gc,phases   ] GC(38) O: Old Generation 472M(6%)->492M(6%) 0.013s
[2025-10-14T11:01:13.322+0300][59.428s][info][gc          ] GC(38) Major Collection (Proactive) 3512M(43%)->494M(6%) 0.031s
[2025-10-14T11:01:15.868+0300][61.974s][info][gc          ] GC(39) Major Collection (Proactive)
[2025-10-14T11:01:15.868+0300][61.974s][info][gc,task     ] GC(39) Using 1 Workers for Young Generation
[2025-10-14T11:01:15.868+0300][61.974s][info][gc,task     ] GC(39) Using 1 Workers for Old Generation
[2025-10-14T11:01:15.868+0300][61.974s][info][gc,phases   ] GC(39) Y: Young Generation
[2025-10-14T11:01:15.868+0300][61.974s][info][gc,phases   ] GC(39) Y: Pause Mark Start (Major) 0.032ms
[2025-10-14T11:01:15.874+0300][61.979s][info][gc,phases   ] GC(39) Y: Concurrent Mark 5.267ms
[2025-10-14T11:01:15.874+0300][61.979s][info][gc,phases   ] GC(39) Y: Pause Mark End 0.011ms
[2025-10-14T11:01:15.874+0300][61.979s][info][gc,phases   ] GC(39) Y: Concurrent Mark Free 0.001ms
[2025-10-14T11:01:15.874+0300][61.979s][info][gc,phases   ] GC(39) Y: Concurrent Reset Relocation Set 0.000ms
[2025-10-14T11:01:15.876+0300][61.982s][info][gc,reloc    ] GC(39) Y: Using tenuring threshold: 1 (Computed)
[2025-10-14T11:01:15.876+0300][61.982s][info][gc,phases   ] GC(39) Y: Concurrent Select Relocation Set 2.560ms
[2025-10-14T11:01:15.876+0300][61.982s][info][gc,phases   ] GC(39) Y: Pause Relocate Start 0.007ms
[2025-10-14T11:01:15.877+0300][61.983s][info][gc,phases   ] GC(39) Y: Concurrent Relocate 0.359ms
[2025-10-14T11:01:15.877+0300][61.983s][info][gc,alloc    ] GC(39) Y:                         Mark Start        Mark End      Relocate Start    Relocate End   
[2025-10-14T11:01:15.877+0300][61.983s][info][gc,alloc    ] GC(39) Y: Allocation Stalls:          0                0                0                0         
[2025-10-14T11:01:15.877+0300][61.983s][info][gc,load     ] GC(39) Y: Load: 18.31 (183%) / 15.57 (156%) / 13.96 (140%)
[2025-10-14T11:01:15.877+0300][61.983s][info][gc,mmu      ] GC(39) Y: MMU: 2ms/91.4%, 5ms/96.6%, 10ms/98.3%, 20ms/99.1%, 50ms/99.6%, 100ms/99.8%
[2025-10-14T11:01:15.877+0300][61.983s][info][gc,marking  ] GC(39) Y: Mark: 1 stripe(s), 2 proactive flush(es), 1 terminate flush(es), 0 completion(s), 0 continuation(s) 
[2025-10-14T11:01:15.877+0300][61.983s][info][gc,nmethod  ] GC(39) Y: NMethods: 891 registered, 67 unregistered
[2025-10-14T11:01:15.877+0300][61.983s][info][gc,metaspace] GC(39) Y: Metaspace: 3M used, 3M committed, 1088M reserved
[2025-10-14T11:01:15.877+0300][61.983s][info][gc,reloc    ] GC(39) Y:                        Candidates     Selected     In-Place         Size        Empty    Relocated 
[2025-10-14T11:01:15.877+0300][61.983s][info][gc,reloc    ] GC(39) Y: Small Pages:                 2806            2            0        5612M        5202M           1M 
[2025-10-14T11:01:15.877+0300][61.983s][info][gc,reloc    ] GC(39) Y: Medium Pages:                   0            0            0           0M           0M           0M 
[2025-10-14T11:01:15.877+0300][61.983s][info][gc,reloc    ] GC(39) Y: Large Pages:                    0            0            0           0M           0M           0M 
[2025-10-14T11:01:15.877+0300][61.983s][info][gc,reloc    ] GC(39) Y: Forwarding Usage: 0M
[2025-10-14T11:01:15.877+0300][61.983s][info][gc,reloc    ] GC(39) Y: Age Table:
[2025-10-14T11:01:15.877+0300][61.983s][info][gc,reloc    ] GC(39) Y:                    Live             Garbage             Small              Medium             Large        
[2025-10-14T11:01:15.877+0300][61.983s][info][gc,reloc    ] GC(39) Y: Eden             312M (4%)         4889M (60%)       2601 / 2              0 / 0              0 / 0        
[2025-10-14T11:01:15.877+0300][61.983s][info][gc,reloc    ] GC(39) Y: Survivor 1          -               410M (5%)         205 / 0              0 / 0              0 / 0        
[2025-10-14T11:01:15.877+0300][61.983s][info][gc,heap     ] GC(39) Y: Min Capacity: 8M(0%)
[2025-10-14T11:01:15.877+0300][61.983s][info][gc,heap     ] GC(39) Y: Max Capacity: 8192M(100%)
[2025-10-14T11:01:15.877+0300][61.983s][info][gc,heap     ] GC(39) Y: Soft Max Capacity: 8192M(100%)
[2025-10-14T11:01:15.877+0300][61.983s][info][gc,heap     ] GC(39) Y: Heap Statistics:
[2025-10-14T11:01:15.877+0300][61.983s][info][gc,heap     ] GC(39) Y:                Mark Start          Mark End        Relocate Start      Relocate End           High               Low         
[2025-10-14T11:01:15.877+0300][61.983s][info][gc,heap     ] GC(39) Y:  Capacity:     7806M (95%)        7806M (95%)        7806M (95%)        7806M (95%)        7806M (95%)        7806M (95%)    
[2025-10-14T11:01:15.877+0300][61.983s][info][gc,heap     ] GC(39) Y:      Free:     2542M (31%)        2534M (31%)        7732M (94%)        7736M (94%)        7736M (94%)        2534M (31%)    
[2025-10-14T11:01:15.877+0300][61.983s][info][gc,heap     ] GC(39) Y:      Used:     5650M (69%)        5658M (69%)         460M (6%)          456M (6%)         5658M (69%)         456M (6%)     
[2025-10-14T11:01:15.877+0300][61.983s][info][gc,heap     ] GC(39) Y: Young Generation Statistics:
[2025-10-14T11:01:15.877+0300][61.983s][info][gc,heap     ] GC(39) Y:                Mark Start          Mark End        Relocate Start      Relocate End    
[2025-10-14T11:01:15.877+0300][61.983s][info][gc,heap     ] GC(39) Y:      Used:     5612M (69%)        5620M (69%)         422M (5%)          418M (5%)     
[2025-10-14T11:01:15.877+0300][61.983s][info][gc,heap     ] GC(39) Y:      Live:         -               312M (4%)          312M (4%)          312M (4%)     
[2025-10-14T11:01:15.877+0300][61.983s][info][gc,heap     ] GC(39) Y:   Garbage:         -              5299M (65%)          97M (1%)           92M (1%)     
[2025-10-14T11:01:15.877+0300][61.983s][info][gc,heap     ] GC(39) Y: Allocated:         -                 8M (0%)           12M (0%)           12M (0%)     
[2025-10-14T11:01:15.877+0300][61.983s][info][gc,heap     ] GC(39) Y: Reclaimed:         -                  -              5202M (64%)        5206M (64%)    
[2025-10-14T11:01:15.877+0300][61.983s][info][gc,heap     ] GC(39) Y:  Promoted:         -                  -                 0M (0%)            0M (0%)     
[2025-10-14T11:01:15.877+0300][61.983s][info][gc,heap     ] GC(39) Y: Compacted:         -                  -                  -                 3M (0%)     
[2025-10-14T11:01:15.877+0300][61.983s][info][gc,phases   ] GC(39) Y: Young Generation 5650M(69%)->456M(6%) 0.009s
[2025-10-14T11:01:15.877+0300][61.983s][info][gc,phases   ] GC(39) O: Old Generation
[2025-10-14T11:01:15.882+0300][61.987s][info][gc,phases   ] GC(39) O: Concurrent Mark 4.368ms
[2025-10-14T11:01:15.882+0300][61.987s][info][gc,phases   ] GC(39) O: Pause Mark End 0.011ms
[2025-10-14T11:01:15.882+0300][61.987s][info][gc,phases   ] GC(39) O: Concurrent Mark Free 0.001ms
[2025-10-14T11:01:15.883+0300][61.989s][info][gc,phases   ] GC(39) O: Concurrent Process Non-Strong 1.410ms
[2025-10-14T11:01:15.883+0300][61.989s][info][gc,phases   ] GC(39) O: Concurrent Reset Relocation Set 0.001ms
[2025-10-14T11:01:15.883+0300][61.989s][info][gc,phases   ] GC(39) O: Concurrent Select Relocation Set 0.063ms
[2025-10-14T11:01:15.883+0300][61.989s][info][gc,task     ] GC(39) O: Using 2 Workers for Old Generation
[2025-10-14T11:01:15.884+0300][61.990s][info][gc,task     ] GC(39) O: Using 1 Workers for Old Generation
[2025-10-14T11:01:15.884+0300][61.990s][info][gc,phases   ] GC(39) O: Concurrent Remap Roots 0.598ms
[2025-10-14T11:01:15.884+0300][61.990s][info][gc,phases   ] GC(39) O: Pause Relocate Start 0.007ms
[2025-10-14T11:01:15.885+0300][61.990s][info][gc,phases   ] GC(39) O: Concurrent Relocate 0.782ms
[2025-10-14T11:01:15.885+0300][61.990s][info][gc,alloc    ] GC(39) O:                         Mark Start        Mark End      Relocate Start    Relocate End   
[2025-10-14T11:01:15.885+0300][61.990s][info][gc,alloc    ] GC(39) O: Allocation Stalls:          0                0                0                0         
[2025-10-14T11:01:15.885+0300][61.990s][info][gc,load     ] GC(39) O: Load: 18.31 (183%) / 15.57 (156%) / 13.96 (140%)
[2025-10-14T11:01:15.885+0300][61.990s][info][gc,mmu      ] GC(39) O: MMU: 2ms/91.4%, 5ms/96.6%, 10ms/98.3%, 20ms/99.1%, 50ms/99.6%, 100ms/99.8%
[2025-10-14T11:01:15.885+0300][61.991s][info][gc,marking  ] GC(39) O: Mark: 1 stripe(s), 2 proactive flush(es), 1 terminate flush(es), 0 completion(s), 0 continuation(s) 
[2025-10-14T11:01:15.885+0300][61.991s][info][gc,nmethod  ] GC(39) O: NMethods: 891 registered, 67 unregistered
[2025-10-14T11:01:15.885+0300][61.991s][info][gc,metaspace] GC(39) O: Metaspace: 3M used, 3M committed, 1088M reserved
[2025-10-14T11:01:15.885+0300][61.991s][info][gc,ref      ] GC(39) O:                       Encountered   Discovered     Enqueued 
[2025-10-14T11:01:15.885+0300][61.991s][info][gc,ref      ] GC(39) O: Soft References:              289            0            0 
[2025-10-14T11:01:15.885+0300][61.991s][info][gc,ref      ] GC(39) O: Weak References:              541          492            0 
[2025-10-14T11:01:15.885+0300][61.991s][info][gc,ref      ] GC(39) O: Final References:               0            0            0 
[2025-10-14T11:01:15.885+0300][61.991s][info][gc,ref      ] GC(39) O: Phantom References:            53           52            0 
[2025-10-14T11:01:15.885+0300][61.991s][info][gc,reloc    ] GC(39) O:                        Candidates     Selected     In-Place         Size        Empty    Relocated 
[2025-10-14T11:01:15.885+0300][61.991s][info][gc,reloc    ] GC(39) O: Small Pages:                    3            1            0           6M           0M           1M 
[2025-10-14T11:01:15.885+0300][61.991s][info][gc,reloc    ] GC(39) O: Medium Pages:                   1            0            0          32M           0M           0M 
[2025-10-14T11:01:15.885+0300][61.991s][info][gc,reloc    ] GC(39) O: Large Pages:                    0            0            0           0M           0M           0M 
[2025-10-14T11:01:15.885+0300][61.991s][info][gc,reloc    ] GC(39) O: Forwarding Usage: 0M
[2025-10-14T11:01:15.885+0300][61.991s][info][gc,heap     ] GC(39) O: Min Capacity: 8M(0%)
[2025-10-14T11:01:15.885+0300][61.991s][info][gc,heap     ] GC(39) O: Max Capacity: 8192M(100%)
[2025-10-14T11:01:15.885+0300][61.991s][info][gc,heap     ] GC(39) O: Soft Max Capacity: 8192M(100%)
[2025-10-14T11:01:15.885+0300][61.991s][info][gc,heap     ] GC(39) O: Heap Statistics:
[2025-10-14T11:01:15.885+0300][61.991s][info][gc,heap     ] GC(39) O:                Mark Start          Mark End        Relocate Start      Relocate End           High               Low         
[2025-10-14T11:01:15.885+0300][61.991s][info][gc,heap     ] GC(39) O:  Capacity:     7806M (95%)        7806M (95%)        7806M (95%)        7806M (95%)        7806M (95%)        7806M (95%)    
[2025-10-14T11:01:15.885+0300][61.991s][info][gc,heap     ] GC(39) O:      Free:     2542M (31%)        7724M (94%)        7716M (94%)        7714M (94%)        7736M (94%)        2534M (31%)    
[2025-10-14T11:01:15.885+0300][61.991s][info][gc,heap     ] GC(39) O:      Used:     5650M (69%)         468M (6%)          476M (6%)          478M (6%)         5658M (69%)         456M (6%)     
[2025-10-14T11:01:15.885+0300][61.991s][info][gc,heap     ] GC(39) O: Old Generation Statistics:
[2025-10-14T11:01:15.885+0300][61.991s][info][gc,heap     ] GC(39) O:                Mark Start          Mark End        Relocate Start      Relocate End    
[2025-10-14T11:01:15.885+0300][61.991s][info][gc,heap     ] GC(39) O:      Used:       38M (0%)           38M (0%)           38M (0%)           38M (0%)     
[2025-10-14T11:01:15.885+0300][61.991s][info][gc,heap     ] GC(39) O:      Live:         -                 3M (0%)            3M (0%)            3M (0%)     
[2025-10-14T11:01:15.885+0300][61.991s][info][gc,heap     ] GC(39) O:   Garbage:         -                34M (0%)           34M (0%)           31M (0%)     
[2025-10-14T11:01:15.885+0300][61.991s][info][gc,heap     ] GC(39) O: Allocated:         -                 0M (0%)            0M (0%)            2M (0%)     
[2025-10-14T11:01:15.885+0300][61.991s][info][gc,heap     ] GC(39) O: Reclaimed:         -                  -                 0M (0%)            2M (0%)     
[2025-10-14T11:01:15.885+0300][61.991s][info][gc,heap     ] GC(39) O: Compacted:         -                  -                  -                 1M (0%)     
[2025-10-14T11:01:15.885+0300][61.991s][info][gc,phases   ] GC(39) O: Old Generation 458M(6%)->478M(6%) 0.008s
[2025-10-14T11:01:15.885+0300][61.991s][info][gc          ] GC(39) Major Collection (Proactive) 5650M(69%)->478M(6%) 0.017s
[2025-10-14T11:01:17.926+0300][64.032s][info][gc          ] GC(40) Major Collection (Proactive)
[2025-10-14T11:01:17.927+0300][64.032s][info][gc,task     ] GC(40) Using 1 Workers for Young Generation
[2025-10-14T11:01:17.927+0300][64.032s][info][gc,task     ] GC(40) Using 1 Workers for Old Generation
[2025-10-14T11:01:17.927+0300][64.032s][info][gc,phases   ] GC(40) Y: Young Generation
[2025-10-14T11:01:17.927+0300][64.033s][info][gc,phases   ] GC(40) Y: Pause Mark Start (Major) 0.027ms
[2025-10-14T11:01:17.941+0300][64.047s][info][gc,phases   ] GC(40) Y: Concurrent Mark 13.814ms
[2025-10-14T11:01:17.941+0300][64.047s][info][gc,phases   ] GC(40) Y: Pause Mark End 0.015ms
[2025-10-14T11:01:17.941+0300][64.047s][info][gc,phases   ] GC(40) Y: Concurrent Mark Free 0.001ms
[2025-10-14T11:01:17.941+0300][64.047s][info][gc,phases   ] GC(40) Y: Concurrent Reset Relocation Set 0.016ms
[2025-10-14T11:01:17.948+0300][64.054s][info][gc,reloc    ] GC(40) Y: Using tenuring threshold: 1 (Computed)
[2025-10-14T11:01:17.949+0300][64.054s][info][gc,phases   ] GC(40) Y: Concurrent Select Relocation Set 7.388ms
[2025-10-14T11:01:17.949+0300][64.054s][info][gc,phases   ] GC(40) Y: Pause Relocate Start 0.009ms
[2025-10-14T11:01:17.949+0300][64.055s][info][gc,phases   ] GC(40) Y: Concurrent Relocate 0.770ms
[2025-10-14T11:01:17.950+0300][64.055s][info][gc,alloc    ] GC(40) Y:                         Mark Start        Mark End      Relocate Start    Relocate End   
[2025-10-14T11:01:17.950+0300][64.055s][info][gc,alloc    ] GC(40) Y: Allocation Stalls:          0                0                0                0         
[2025-10-14T11:01:17.950+0300][64.055s][info][gc,load     ] GC(40) Y: Load: 19.00 (190%) / 15.76 (158%) / 14.03 (140%)
[2025-10-14T11:01:17.950+0300][64.055s][info][gc,mmu      ] GC(40) Y: MMU: 2ms/91.4%, 5ms/96.6%, 10ms/98.3%, 20ms/99.1%, 50ms/99.6%, 100ms/99.8%
[2025-10-14T11:01:17.950+0300][64.055s][info][gc,marking  ] GC(40) Y: Mark: 1 stripe(s), 2 proactive flush(es), 1 terminate flush(es), 0 completion(s), 0 continuation(s) 
[2025-10-14T11:01:17.950+0300][64.055s][info][gc,nmethod  ] GC(40) Y: NMethods: 891 registered, 67 unregistered
[2025-10-14T11:01:17.950+0300][64.055s][info][gc,metaspace] GC(40) Y: Metaspace: 3M used, 3M committed, 1088M reserved
[2025-10-14T11:01:17.950+0300][64.055s][info][gc,reloc    ] GC(40) Y:                        Candidates     Selected     In-Place         Size        Empty    Relocated 
[2025-10-14T11:01:17.950+0300][64.055s][info][gc,reloc    ] GC(40) Y: Small Pages:                 1456            3            0        2912M        2500M           1M 
[2025-10-14T11:01:17.950+0300][64.055s][info][gc,reloc    ] GC(40) Y: Medium Pages:                   0            0            0           0M           0M           0M 
[2025-10-14T11:01:17.950+0300][64.055s][info][gc,reloc    ] GC(40) Y: Large Pages:                    0            0            0           0M           0M           0M 
[2025-10-14T11:01:17.950+0300][64.055s][info][gc,reloc    ] GC(40) Y: Forwarding Usage: 0M
[2025-10-14T11:01:17.950+0300][64.055s][info][gc,reloc    ] GC(40) Y: Age Table:
[2025-10-14T11:01:17.950+0300][64.055s][info][gc,reloc    ] GC(40) Y:                    Live             Garbage             Small              Medium             Large        
[2025-10-14T11:01:17.950+0300][64.055s][info][gc,reloc    ] GC(40) Y: Eden             312M (4%)         2193M (27%)       1253 / 3              0 / 0              0 / 0        
[2025-10-14T11:01:17.950+0300][64.055s][info][gc,reloc    ] GC(40) Y: Survivor 1          -               406M (5%)         203 / 0              0 / 0              0 / 0        
[2025-10-14T11:01:17.950+0300][64.055s][info][gc,heap     ] GC(40) Y: Min Capacity: 8M(0%)
[2025-10-14T11:01:17.950+0300][64.055s][info][gc,heap     ] GC(40) Y: Max Capacity: 8192M(100%)
[2025-10-14T11:01:17.950+0300][64.055s][info][gc,heap     ] GC(40) Y: Soft Max Capacity: 8192M(100%)
[2025-10-14T11:01:17.950+0300][64.055s][info][gc,heap     ] GC(40) Y: Heap Statistics:
[2025-10-14T11:01:17.950+0300][64.055s][info][gc,heap     ] GC(40) Y:                Mark Start          Mark End        Relocate Start      Relocate End           High               Low         
[2025-10-14T11:01:17.950+0300][64.055s][info][gc,heap     ] GC(40) Y:  Capacity:     7806M (95%)        7806M (95%)        7806M (95%)        7806M (95%)        7806M (95%)        7806M (95%)    
[2025-10-14T11:01:17.950+0300][64.056s][info][gc,heap     ] GC(40) Y:      Free:     5242M (64%)        5228M (64%)        7720M (94%)        7724M (94%)        7724M (94%)        5228M (64%)    
[2025-10-14T11:01:17.950+0300][64.056s][info][gc,heap     ] GC(40) Y:      Used:     2950M (36%)        2964M (36%)         472M (6%)          468M (6%)         2964M (36%)         468M (6%)     
[2025-10-14T11:01:17.950+0300][64.056s][info][gc,heap     ] GC(40) Y: Young Generation Statistics:
[2025-10-14T11:01:17.950+0300][64.056s][info][gc,heap     ] GC(40) Y:                Mark Start          Mark End        Relocate Start      Relocate End    
[2025-10-14T11:01:17.950+0300][64.056s][info][gc,heap     ] GC(40) Y:      Used:     2912M (36%)        2926M (36%)         434M (5%)          430M (5%)     
[2025-10-14T11:01:17.950+0300][64.056s][info][gc,heap     ] GC(40) Y:      Live:         -               312M (4%)          312M (4%)          312M (4%)     
[2025-10-14T11:01:17.950+0300][64.056s][info][gc,heap     ] GC(40) Y:   Garbage:         -              2599M (32%)          99M (1%)           92M (1%)     
[2025-10-14T11:01:17.950+0300][64.056s][info][gc,heap     ] GC(40) Y: Allocated:         -                14M (0%)           22M (0%)           24M (0%)     
[2025-10-14T11:01:17.950+0300][64.056s][info][gc,heap     ] GC(40) Y: Reclaimed:         -                  -              2500M (31%)        2506M (31%)    
[2025-10-14T11:01:17.950+0300][64.056s][info][gc,heap     ] GC(40) Y:  Promoted:         -                  -                 0M (0%)            0M (0%)     
[2025-10-14T11:01:17.950+0300][64.056s][info][gc,heap     ] GC(40) Y: Compacted:         -                  -                  -                 3M (0%)     
[2025-10-14T11:01:17.950+0300][64.056s][info][gc,phases   ] GC(40) Y: Young Generation 2950M(36%)->468M(6%) 0.023s
[2025-10-14T11:01:17.950+0300][64.056s][info][gc,phases   ] GC(40) O: Old Generation
[2025-10-14T11:01:17.957+0300][64.063s][info][gc,phases   ] GC(40) O: Concurrent Mark 6.911ms
[2025-10-14T11:01:17.957+0300][64.063s][info][gc,phases   ] GC(40) O: Pause Mark End 0.015ms
[2025-10-14T11:01:17.957+0300][64.063s][info][gc,phases   ] GC(40) O: Concurrent Mark Free 0.001ms
[2025-10-14T11:01:17.959+0300][64.065s][info][gc,phases   ] GC(40) O: Concurrent Process Non-Strong 2.292ms
[2025-10-14T11:01:17.960+0300][64.065s][info][gc,phases   ] GC(40) O: Concurrent Reset Relocation Set 0.009ms
[2025-10-14T11:01:17.960+0300][64.065s][info][gc,phases   ] GC(40) O: Concurrent Select Relocation Set 0.150ms
[2025-10-14T11:01:17.960+0300][64.065s][info][gc,task     ] GC(40) O: Using 2 Workers for Old Generation
[2025-10-14T11:01:17.960+0300][64.066s][info][gc,task     ] GC(40) O: Using 1 Workers for Old Generation
[2025-10-14T11:01:17.960+0300][64.066s][info][gc,phases   ] GC(40) O: Concurrent Remap Roots 0.587ms
[2025-10-14T11:01:17.960+0300][64.066s][info][gc,phases   ] GC(40) O: Pause Relocate Start 0.008ms
[2025-10-14T11:01:17.962+0300][64.067s][info][gc,phases   ] GC(40) O: Concurrent Relocate 1.331ms
[2025-10-14T11:01:17.962+0300][64.068s][info][gc,alloc    ] GC(40) O:                         Mark Start        Mark End      Relocate Start    Relocate End   
[2025-10-14T11:01:17.962+0300][64.068s][info][gc,alloc    ] GC(40) O: Allocation Stalls:          0                0                0                0         
[2025-10-14T11:01:17.962+0300][64.068s][info][gc,load     ] GC(40) O: Load: 19.00 (190%) / 15.76 (158%) / 14.03 (140%)
[2025-10-14T11:01:17.962+0300][64.068s][info][gc,mmu      ] GC(40) O: MMU: 2ms/91.4%, 5ms/96.6%, 10ms/98.3%, 20ms/99.1%, 50ms/99.6%, 100ms/99.8%
[2025-10-14T11:01:17.962+0300][64.068s][info][gc,marking  ] GC(40) O: Mark: 1 stripe(s), 2 proactive flush(es), 1 terminate flush(es), 0 completion(s), 0 continuation(s) 
[2025-10-14T11:01:17.962+0300][64.068s][info][gc,nmethod  ] GC(40) O: NMethods: 891 registered, 67 unregistered
[2025-10-14T11:01:17.962+0300][64.068s][info][gc,metaspace] GC(40) O: Metaspace: 3M used, 3M committed, 1088M reserved
[2025-10-14T11:01:17.962+0300][64.068s][info][gc,ref      ] GC(40) O:                       Encountered   Discovered     Enqueued 
[2025-10-14T11:01:17.962+0300][64.068s][info][gc,ref      ] GC(40) O: Soft References:              289            0            0 
[2025-10-14T11:01:17.962+0300][64.068s][info][gc,ref      ] GC(40) O: Weak References:              541          492            0 
[2025-10-14T11:01:17.962+0300][64.068s][info][gc,ref      ] GC(40) O: Final References:               0            0            0 
[2025-10-14T11:01:17.962+0300][64.068s][info][gc,ref      ] GC(40) O: Phantom References:            53           52            0 
[2025-10-14T11:01:17.962+0300][64.068s][info][gc,reloc    ] GC(40) O:                        Candidates     Selected     In-Place         Size        Empty    Relocated 
[2025-10-14T11:01:17.962+0300][64.068s][info][gc,reloc    ] GC(40) O: Small Pages:                    3            1            0           6M           0M           1M 
[2025-10-14T11:01:17.962+0300][64.068s][info][gc,reloc    ] GC(40) O: Medium Pages:                   1            0            0          32M           0M           0M 
[2025-10-14T11:01:17.962+0300][64.068s][info][gc,reloc    ] GC(40) O: Large Pages:                    0            0            0           0M           0M           0M 
[2025-10-14T11:01:17.962+0300][64.068s][info][gc,reloc    ] GC(40) O: Forwarding Usage: 0M
[2025-10-14T11:01:17.962+0300][64.068s][info][gc,heap     ] GC(40) O: Min Capacity: 8M(0%)
[2025-10-14T11:01:17.962+0300][64.068s][info][gc,heap     ] GC(40) O: Max Capacity: 8192M(100%)
[2025-10-14T11:01:17.962+0300][64.068s][info][gc,heap     ] GC(40) O: Soft Max Capacity: 8192M(100%)
[2025-10-14T11:01:17.962+0300][64.068s][info][gc,heap     ] GC(40) O: Heap Statistics:
[2025-10-14T11:01:17.962+0300][64.068s][info][gc,heap     ] GC(40) O:                Mark Start          Mark End        Relocate Start      Relocate End           High               Low         
[2025-10-14T11:01:17.962+0300][64.068s][info][gc,heap     ] GC(40) O:  Capacity:     7806M (95%)        7806M (95%)        7806M (95%)        7806M (95%)        7806M (95%)        7806M (95%)    
[2025-10-14T11:01:17.962+0300][64.068s][info][gc,heap     ] GC(40) O:      Free:     5242M (64%)        7712M (94%)        7704M (94%)        7702M (94%)        7724M (94%)        5228M (64%)    
[2025-10-14T11:01:17.962+0300][64.068s][info][gc,heap     ] GC(40) O:      Used:     2950M (36%)         480M (6%)          488M (6%)          490M (6%)         2964M (36%)         468M (6%)     
[2025-10-14T11:01:17.962+0300][64.068s][info][gc,heap     ] GC(40) O: Old Generation Statistics:
[2025-10-14T11:01:17.962+0300][64.068s][info][gc,heap     ] GC(40) O:                Mark Start          Mark End        Relocate Start      Relocate End    
[2025-10-14T11:01:17.962+0300][64.068s][info][gc,heap     ] GC(40) O:      Used:       38M (0%)           38M (0%)           38M (0%)           38M (0%)     
[2025-10-14T11:01:17.962+0300][64.068s][info][gc,heap     ] GC(40) O:      Live:         -                 3M (0%)            3M (0%)            3M (0%)     
[2025-10-14T11:01:17.962+0300][64.068s][info][gc,heap     ] GC(40) O:   Garbage:         -                34M (0%)           34M (0%)           31M (0%)     
[2025-10-14T11:01:17.962+0300][64.068s][info][gc,heap     ] GC(40) O: Allocated:         -                 0M (0%)            0M (0%)            2M (0%)     
[2025-10-14T11:01:17.962+0300][64.068s][info][gc,heap     ] GC(40) O: Reclaimed:         -                  -                 0M (0%)            2M (0%)     
[2025-10-14T11:01:17.962+0300][64.068s][info][gc,heap     ] GC(40) O: Compacted:         -                  -                  -                 1M (0%)     
[2025-10-14T11:01:17.962+0300][64.068s][info][gc,phases   ] GC(40) O: Old Generation 468M(6%)->490M(6%) 0.012s
[2025-10-14T11:01:17.963+0300][64.068s][info][gc          ] GC(40) Major Collection (Proactive) 2950M(36%)->490M(6%) 0.036s
[2025-10-14T11:01:20.780+0300][66.885s][info][gc          ] GC(41) Major Collection (Proactive)
[2025-10-14T11:01:20.780+0300][66.885s][info][gc,task     ] GC(41) Using 1 Workers for Young Generation
[2025-10-14T11:01:20.780+0300][66.885s][info][gc,task     ] GC(41) Using 1 Workers for Old Generation
[2025-10-14T11:01:20.780+0300][66.885s][info][gc,phases   ] GC(41) Y: Young Generation
[2025-10-14T11:01:20.780+0300][66.886s][info][gc,phases   ] GC(41) Y: Pause Mark Start (Major) 0.008ms
[2025-10-14T11:01:20.796+0300][66.902s][info][gc,phases   ] GC(41) Y: Concurrent Mark 16.318ms
[2025-10-14T11:01:20.796+0300][66.902s][info][gc,phases   ] GC(41) Y: Pause Mark End 0.013ms
[2025-10-14T11:01:20.796+0300][66.902s][info][gc,phases   ] GC(41) Y: Concurrent Mark Free 0.002ms
[2025-10-14T11:01:20.796+0300][66.902s][info][gc,phases   ] GC(41) Y: Concurrent Reset Relocation Set 0.001ms
[2025-10-14T11:01:20.802+0300][66.907s][info][gc,reloc    ] GC(41) Y: Using tenuring threshold: 1 (Computed)
[2025-10-14T11:01:20.802+0300][66.908s][info][gc,phases   ] GC(41) Y: Concurrent Select Relocation Set 5.460ms
[2025-10-14T11:01:20.802+0300][66.908s][info][gc,phases   ] GC(41) Y: Pause Relocate Start 0.018ms
[2025-10-14T11:01:20.803+0300][66.908s][info][gc,phases   ] GC(41) Y: Concurrent Relocate 0.651ms
[2025-10-14T11:01:20.803+0300][66.908s][info][gc,alloc    ] GC(41) Y:                         Mark Start        Mark End      Relocate Start    Relocate End   
[2025-10-14T11:01:20.803+0300][66.908s][info][gc,alloc    ] GC(41) Y: Allocation Stalls:          0                0                0                0         
[2025-10-14T11:01:20.803+0300][66.909s][info][gc,load     ] GC(41) Y: Load: 19.00 (190%) / 15.76 (158%) / 14.03 (140%)
[2025-10-14T11:01:20.803+0300][66.909s][info][gc,mmu      ] GC(41) Y: MMU: 2ms/91.4%, 5ms/96.6%, 10ms/98.3%, 20ms/99.1%, 50ms/99.6%, 100ms/99.8%
[2025-10-14T11:01:20.803+0300][66.909s][info][gc,marking  ] GC(41) Y: Mark: 1 stripe(s), 2 proactive flush(es), 1 terminate flush(es), 0 completion(s), 0 continuation(s) 
[2025-10-14T11:01:20.803+0300][66.909s][info][gc,nmethod  ] GC(41) Y: NMethods: 891 registered, 67 unregistered
[2025-10-14T11:01:20.803+0300][66.909s][info][gc,metaspace] GC(41) Y: Metaspace: 3M used, 3M committed, 1088M reserved
[2025-10-14T11:01:20.803+0300][66.909s][info][gc,reloc    ] GC(41) Y:                        Candidates     Selected     In-Place         Size        Empty    Relocated 
[2025-10-14T11:01:20.803+0300][66.909s][info][gc,reloc    ] GC(41) Y: Small Pages:                 2564            2            0        5128M        4722M           1M 
[2025-10-14T11:01:20.803+0300][66.909s][info][gc,reloc    ] GC(41) Y: Medium Pages:                   0            0            0           0M           0M           0M 
[2025-10-14T11:01:20.803+0300][66.909s][info][gc,reloc    ] GC(41) Y: Large Pages:                    0            0            0           0M           0M           0M 
[2025-10-14T11:01:20.803+0300][66.909s][info][gc,reloc    ] GC(41) Y: Forwarding Usage: 0M
[2025-10-14T11:01:20.803+0300][66.909s][info][gc,reloc    ] GC(41) Y: Age Table:
[2025-10-14T11:01:20.803+0300][66.909s][info][gc,reloc    ] GC(41) Y:                    Live             Garbage             Small              Medium             Large        
[2025-10-14T11:01:20.803+0300][66.909s][info][gc,reloc    ] GC(41) Y: Eden             312M (4%)         4407M (54%)       2360 / 2              0 / 0              0 / 0        
[2025-10-14T11:01:20.803+0300][66.909s][info][gc,reloc    ] GC(41) Y: Survivor 1          -               408M (5%)         204 / 0              0 / 0              0 / 0        
[2025-10-14T11:01:20.803+0300][66.909s][info][gc,heap     ] GC(41) Y: Min Capacity: 8M(0%)
[2025-10-14T11:01:20.803+0300][66.909s][info][gc,heap     ] GC(41) Y: Max Capacity: 8192M(100%)
[2025-10-14T11:01:20.803+0300][66.909s][info][gc,heap     ] GC(41) Y: Soft Max Capacity: 8192M(100%)
[2025-10-14T11:01:20.803+0300][66.909s][info][gc,heap     ] GC(41) Y: Heap Statistics:
[2025-10-14T11:01:20.803+0300][66.909s][info][gc,heap     ] GC(41) Y:                Mark Start          Mark End        Relocate Start      Relocate End           High               Low         
[2025-10-14T11:01:20.803+0300][66.909s][info][gc,heap     ] GC(41) Y:  Capacity:     7806M (95%)        7806M (95%)        7806M (95%)        7806M (95%)        7806M (95%)        7806M (95%)    
[2025-10-14T11:01:20.803+0300][66.909s][info][gc,heap     ] GC(41) Y:      Free:     3026M (37%)        3016M (37%)        7734M (94%)        7736M (94%)        7736M (94%)        3016M (37%)    
[2025-10-14T11:01:20.803+0300][66.909s][info][gc,heap     ] GC(41) Y:      Used:     5166M (63%)        5176M (63%)         458M (6%)          456M (6%)         5176M (63%)         456M (6%)     
[2025-10-14T11:01:20.803+0300][66.909s][info][gc,heap     ] GC(41) Y: Young Generation Statistics:
[2025-10-14T11:01:20.803+0300][66.909s][info][gc,heap     ] GC(41) Y:                Mark Start          Mark End        Relocate Start      Relocate End    
[2025-10-14T11:01:20.803+0300][66.909s][info][gc,heap     ] GC(41) Y:      Used:     5128M (63%)        5138M (63%)         420M (5%)          418M (5%)     
[2025-10-14T11:01:20.803+0300][66.909s][info][gc,heap     ] GC(41) Y:      Live:         -               312M (4%)          312M (4%)          312M (4%)     
[2025-10-14T11:01:20.803+0300][66.909s][info][gc,heap     ] GC(41) Y:   Garbage:         -              4815M (59%)          93M (1%)           89M (1%)     
[2025-10-14T11:01:20.803+0300][66.909s][info][gc,heap     ] GC(41) Y: Allocated:         -                10M (0%)           14M (0%)           16M (0%)     
[2025-10-14T11:01:20.803+0300][66.909s][info][gc,heap     ] GC(41) Y: Reclaimed:         -                  -              4722M (58%)        4726M (58%)    
[2025-10-14T11:01:20.803+0300][66.909s][info][gc,heap     ] GC(41) Y:  Promoted:         -                  -                 0M (0%)            0M (0%)     
[2025-10-14T11:01:20.803+0300][66.909s][info][gc,heap     ] GC(41) Y: Compacted:         -                  -                  -                 5M (0%)     
[2025-10-14T11:01:20.803+0300][66.909s][info][gc,phases   ] GC(41) Y: Young Generation 5166M(63%)->456M(6%) 0.023s
[2025-10-14T11:01:20.803+0300][66.909s][info][gc,phases   ] GC(41) O: Old Generation
[2025-10-14T11:01:20.807+0300][66.913s][info][gc,phases   ] GC(41) O: Concurrent Mark 4.025ms
[2025-10-14T11:01:20.807+0300][66.913s][info][gc,phases   ] GC(41) O: Pause Mark End 0.010ms
[2025-10-14T11:01:20.807+0300][66.913s][info][gc,phases   ] GC(41) O: Concurrent Mark Free 0.001ms
[2025-10-14T11:01:20.809+0300][66.915s][info][gc,phases   ] GC(41) O: Concurrent Process Non-Strong 1.472ms
[2025-10-14T11:01:20.809+0300][66.915s][info][gc,phases   ] GC(41) O: Concurrent Reset Relocation Set 0.001ms
[2025-10-14T11:01:20.809+0300][66.915s][info][gc,phases   ] GC(41) O: Concurrent Select Relocation Set 0.051ms
[2025-10-14T11:01:20.809+0300][66.915s][info][gc,task     ] GC(41) O: Using 2 Workers for Old Generation
[2025-10-14T11:01:20.809+0300][66.915s][info][gc,task     ] GC(41) O: Using 1 Workers for Old Generation
[2025-10-14T11:01:20.809+0300][66.915s][info][gc,phases   ] GC(41) O: Concurrent Remap Roots 0.581ms
[2025-10-14T11:01:20.810+0300][66.915s][info][gc,phases   ] GC(41) O: Pause Relocate Start 0.005ms
[2025-10-14T11:01:20.810+0300][66.916s][info][gc,phases   ] GC(41) O: Concurrent Relocate 0.713ms
[2025-10-14T11:01:20.810+0300][66.916s][info][gc,alloc    ] GC(41) O:                         Mark Start        Mark End      Relocate Start    Relocate End   
[2025-10-14T11:01:20.810+0300][66.916s][info][gc,alloc    ] GC(41) O: Allocation Stalls:          0                0                0                0         
[2025-10-14T11:01:20.810+0300][66.916s][info][gc,load     ] GC(41) O: Load: 19.00 (190%) / 15.76 (158%) / 14.03 (140%)
[2025-10-14T11:01:20.810+0300][66.916s][info][gc,mmu      ] GC(41) O: MMU: 2ms/91.4%, 5ms/96.6%, 10ms/98.3%, 20ms/99.1%, 50ms/99.6%, 100ms/99.8%
[2025-10-14T11:01:20.810+0300][66.916s][info][gc,marking  ] GC(41) O: Mark: 1 stripe(s), 2 proactive flush(es), 1 terminate flush(es), 0 completion(s), 0 continuation(s) 
[2025-10-14T11:01:20.810+0300][66.916s][info][gc,nmethod  ] GC(41) O: NMethods: 891 registered, 67 unregistered
[2025-10-14T11:01:20.810+0300][66.916s][info][gc,metaspace] GC(41) O: Metaspace: 3M used, 3M committed, 1088M reserved
[2025-10-14T11:01:20.810+0300][66.916s][info][gc,ref      ] GC(41) O:                       Encountered   Discovered     Enqueued 
[2025-10-14T11:01:20.810+0300][66.916s][info][gc,ref      ] GC(41) O: Soft References:              289            0            0 
[2025-10-14T11:01:20.810+0300][66.916s][info][gc,ref      ] GC(41) O: Weak References:              541          492            0 
[2025-10-14T11:01:20.811+0300][66.916s][info][gc,ref      ] GC(41) O: Final References:               0            0            0 
[2025-10-14T11:01:20.811+0300][66.916s][info][gc,ref      ] GC(41) O: Phantom References:            53           52            0 
[2025-10-14T11:01:20.811+0300][66.916s][info][gc,reloc    ] GC(41) O:                        Candidates     Selected     In-Place         Size        Empty    Relocated 
[2025-10-14T11:01:20.811+0300][66.916s][info][gc,reloc    ] GC(41) O: Small Pages:                    3            1            0           6M           0M           1M 
[2025-10-14T11:01:20.811+0300][66.916s][info][gc,reloc    ] GC(41) O: Medium Pages:                   1            0            0          32M           0M           0M 
[2025-10-14T11:01:20.811+0300][66.916s][info][gc,reloc    ] GC(41) O: Large Pages:                    0            0            0           0M           0M           0M 
[2025-10-14T11:01:20.811+0300][66.917s][info][gc,reloc    ] GC(41) O: Forwarding Usage: 0M
[2025-10-14T11:01:20.811+0300][66.917s][info][gc,heap     ] GC(41) O: Min Capacity: 8M(0%)
[2025-10-14T11:01:20.811+0300][66.917s][info][gc,heap     ] GC(41) O: Max Capacity: 8192M(100%)
[2025-10-14T11:01:20.811+0300][66.917s][info][gc,heap     ] GC(41) O: Soft Max Capacity: 8192M(100%)
[2025-10-14T11:01:20.811+0300][66.917s][info][gc,heap     ] GC(41) O: Heap Statistics:
[2025-10-14T11:01:20.811+0300][66.917s][info][gc,heap     ] GC(41) O:                Mark Start          Mark End        Relocate Start      Relocate End           High               Low         
[2025-10-14T11:01:20.811+0300][66.917s][info][gc,heap     ] GC(41) O:  Capacity:     7806M (95%)        7806M (95%)        7806M (95%)        7806M (95%)        7806M (95%)        7806M (95%)    
[2025-10-14T11:01:20.811+0300][66.917s][info][gc,heap     ] GC(41) O:      Free:     3026M (37%)        7724M (94%)        7716M (94%)        7716M (94%)        7736M (94%)        3016M (37%)    
[2025-10-14T11:01:20.811+0300][66.917s][info][gc,heap     ] GC(41) O:      Used:     5166M (63%)         468M (6%)          476M (6%)          476M (6%)         5176M (63%)         456M (6%)     
[2025-10-14T11:01:20.811+0300][66.917s][info][gc,heap     ] GC(41) O: Old Generation Statistics:
[2025-10-14T11:01:20.812+0300][66.917s][info][gc,heap     ] GC(41) O:                Mark Start          Mark End        Relocate Start      Relocate End    
[2025-10-14T11:01:20.812+0300][66.917s][info][gc,heap     ] GC(41) O:      Used:       38M (0%)           38M (0%)           38M (0%)           38M (0%)     
[2025-10-14T11:01:20.812+0300][66.917s][info][gc,heap     ] GC(41) O:      Live:         -                 3M (0%)            3M (0%)            3M (0%)     
[2025-10-14T11:01:20.812+0300][66.918s][info][gc,heap     ] GC(41) O:   Garbage:         -                34M (0%)           34M (0%)           31M (0%)     
[2025-10-14T11:01:20.813+0300][66.918s][info][gc,heap     ] GC(41) O: Allocated:         -                 0M (0%)            0M (0%)            2M (0%)     
[2025-10-14T11:01:20.813+0300][66.918s][info][gc,heap     ] GC(41) O: Reclaimed:         -                  -                 0M (0%)            2M (0%)     
[2025-10-14T11:01:20.813+0300][66.918s][info][gc,heap     ] GC(41) O: Compacted:         -                  -                  -                 1M (0%)     
[2025-10-14T11:01:20.813+0300][66.919s][info][gc,phases   ] GC(41) O: Old Generation 458M(6%)->476M(6%) 0.007s
[2025-10-14T11:01:20.813+0300][66.919s][info][gc          ] GC(41) Major Collection (Proactive) 5166M(63%)->480M(6%) 0.033s
[2025-10-14T11:01:23.347+0300][69.453s][info][gc          ] GC(42) Major Collection (Proactive)
[2025-10-14T11:01:23.348+0300][69.453s][info][gc,task     ] GC(42) Using 1 Workers for Young Generation
[2025-10-14T11:01:23.348+0300][69.453s][info][gc,task     ] GC(42) Using 1 Workers for Old Generation
[2025-10-14T11:01:23.348+0300][69.453s][info][gc,phases   ] GC(42) Y: Young Generation
[2025-10-14T11:01:23.350+0300][69.455s][info][gc,phases   ] GC(42) Y: Pause Mark Start (Major) 0.070ms
[2025-10-14T11:01:23.385+0300][69.490s][info][gc,phases   ] GC(42) Y: Concurrent Mark 34.436ms
[2025-10-14T11:01:23.385+0300][69.491s][info][gc,phases   ] GC(42) Y: Pause Mark End 0.018ms
[2025-10-14T11:01:23.385+0300][69.491s][info][gc,phases   ] GC(42) Y: Concurrent Mark Free 0.001ms
[2025-10-14T11:01:23.385+0300][69.491s][info][gc,phases   ] GC(42) Y: Concurrent Reset Relocation Set 0.025ms
[2025-10-14T11:01:23.395+0300][69.501s][info][gc,reloc    ] GC(42) Y: Using tenuring threshold: 1 (Computed)
[2025-10-14T11:01:23.395+0300][69.501s][info][gc,phases   ] GC(42) Y: Concurrent Select Relocation Set 10.214ms
[2025-10-14T11:01:23.395+0300][69.501s][info][gc,phases   ] GC(42) Y: Pause Relocate Start 0.017ms
[2025-10-14T11:01:23.396+0300][69.502s][info][gc,phases   ] GC(42) Y: Concurrent Relocate 0.596ms
[2025-10-14T11:01:23.396+0300][69.502s][info][gc,alloc    ] GC(42) Y:                         Mark Start        Mark End      Relocate Start    Relocate End   
[2025-10-14T11:01:23.396+0300][69.502s][info][gc,alloc    ] GC(42) Y: Allocation Stalls:          0                0                0                0         
[2025-10-14T11:01:23.396+0300][69.502s][info][gc,load     ] GC(42) Y: Load: 19.56 (196%) / 15.93 (159%) / 14.10 (141%)
[2025-10-14T11:01:23.396+0300][69.502s][info][gc,mmu      ] GC(42) Y: MMU: 2ms/91.4%, 5ms/96.6%, 10ms/98.3%, 20ms/99.1%, 50ms/99.6%, 100ms/99.8%
[2025-10-14T11:01:23.396+0300][69.502s][info][gc,marking  ] GC(42) Y: Mark: 1 stripe(s), 2 proactive flush(es), 1 terminate flush(es), 0 completion(s), 0 continuation(s) 
[2025-10-14T11:01:23.396+0300][69.502s][info][gc,nmethod  ] GC(42) Y: NMethods: 891 registered, 67 unregistered
[2025-10-14T11:01:23.396+0300][69.502s][info][gc,metaspace] GC(42) Y: Metaspace: 3M used, 3M committed, 1088M reserved
[2025-10-14T11:01:23.396+0300][69.502s][info][gc,reloc    ] GC(42) Y:                        Candidates     Selected     In-Place         Size        Empty    Relocated 
[2025-10-14T11:01:23.396+0300][69.502s][info][gc,reloc    ] GC(42) Y: Small Pages:                 2659            1            0        5318M        4910M           1M 
[2025-10-14T11:01:23.396+0300][69.502s][info][gc,reloc    ] GC(42) Y: Medium Pages:                   0            0            0           0M           0M           0M 
[2025-10-14T11:01:23.396+0300][69.502s][info][gc,reloc    ] GC(42) Y: Large Pages:                    0            0            0           0M           0M           0M 
[2025-10-14T11:01:23.396+0300][69.502s][info][gc,reloc    ] GC(42) Y: Forwarding Usage: 0M
[2025-10-14T11:01:23.396+0300][69.502s][info][gc,reloc    ] GC(42) Y: Age Table:
[2025-10-14T11:01:23.396+0300][69.502s][info][gc,reloc    ] GC(42) Y:                    Live             Garbage             Small              Medium             Large        
[2025-10-14T11:01:23.396+0300][69.502s][info][gc,reloc    ] GC(42) Y: Eden             312M (4%)         4601M (56%)       2457 / 1              0 / 0              0 / 0        
[2025-10-14T11:01:23.396+0300][69.502s][info][gc,reloc    ] GC(42) Y: Survivor 1          -               404M (5%)         202 / 0              0 / 0              0 / 0        
[2025-10-14T11:01:23.396+0300][69.502s][info][gc,heap     ] GC(42) Y: Min Capacity: 8M(0%)
[2025-10-14T11:01:23.396+0300][69.502s][info][gc,heap     ] GC(42) Y: Max Capacity: 8192M(100%)
[2025-10-14T11:01:23.396+0300][69.502s][info][gc,heap     ] GC(42) Y: Soft Max Capacity: 8192M(100%)
[2025-10-14T11:01:23.396+0300][69.502s][info][gc,heap     ] GC(42) Y: Heap Statistics:
[2025-10-14T11:01:23.396+0300][69.502s][info][gc,heap     ] GC(42) Y:                Mark Start          Mark End        Relocate Start      Relocate End           High               Low         
[2025-10-14T11:01:23.396+0300][69.502s][info][gc,heap     ] GC(42) Y:  Capacity:     7806M (95%)        7806M (95%)        7806M (95%)        7806M (95%)        7806M (95%)        7806M (95%)    
[2025-10-14T11:01:23.396+0300][69.502s][info][gc,heap     ] GC(42) Y:      Free:     2836M (35%)        2818M (34%)        7718M (94%)        7718M (94%)        7718M (94%)        2816M (34%)    
[2025-10-14T11:01:23.396+0300][69.502s][info][gc,heap     ] GC(42) Y:      Used:     5356M (65%)        5374M (66%)         474M (6%)          474M (6%)         5376M (66%)         474M (6%)     
[2025-10-14T11:01:23.396+0300][69.502s][info][gc,heap     ] GC(42) Y: Young Generation Statistics:
[2025-10-14T11:01:23.396+0300][69.502s][info][gc,heap     ] GC(42) Y:                Mark Start          Mark End        Relocate Start      Relocate End    
[2025-10-14T11:01:23.396+0300][69.502s][info][gc,heap     ] GC(42) Y:      Used:     5318M (65%)        5336M (65%)         436M (5%)          436M (5%)     
[2025-10-14T11:01:23.396+0300][69.502s][info][gc,heap     ] GC(42) Y:      Live:         -               312M (4%)          312M (4%)          312M (4%)     
[2025-10-14T11:01:23.396+0300][69.502s][info][gc,heap     ] GC(42) Y:   Garbage:         -              5005M (61%)          95M (1%)           92M (1%)     
[2025-10-14T11:01:23.396+0300][69.502s][info][gc,heap     ] GC(42) Y: Allocated:         -                18M (0%)           28M (0%)           30M (0%)     
[2025-10-14T11:01:23.396+0300][69.502s][info][gc,heap     ] GC(42) Y: Reclaimed:         -                  -              4910M (60%)        4912M (60%)    
[2025-10-14T11:01:23.396+0300][69.502s][info][gc,heap     ] GC(42) Y:  Promoted:         -                  -                 0M (0%)            0M (0%)     
[2025-10-14T11:01:23.396+0300][69.502s][info][gc,heap     ] GC(42) Y: Compacted:         -                  -                  -                 1M (0%)     
[2025-10-14T11:01:23.396+0300][69.502s][info][gc,phases   ] GC(42) Y: Young Generation 5356M(65%)->474M(6%) 0.048s
[2025-10-14T11:01:23.396+0300][69.502s][info][gc,phases   ] GC(42) O: Old Generation
[2025-10-14T11:01:23.409+0300][69.515s][info][gc,phases   ] GC(42) O: Concurrent Mark 12.800ms
[2025-10-14T11:01:23.409+0300][69.515s][info][gc,phases   ] GC(42) O: Pause Mark End 0.024ms
[2025-10-14T11:01:23.410+0300][69.515s][info][gc,phases   ] GC(42) O: Concurrent Mark Free 0.001ms
[2025-10-14T11:01:23.415+0300][69.521s][info][gc,phases   ] GC(42) O: Concurrent Process Non-Strong 5.505ms
[2025-10-14T11:01:23.415+0300][69.521s][info][gc,phases   ] GC(42) O: Concurrent Reset Relocation Set 0.036ms
[2025-10-14T11:01:23.416+0300][69.522s][info][gc,phases   ] GC(42) O: Concurrent Select Relocation Set 0.393ms
[2025-10-14T11:01:23.416+0300][69.522s][info][gc,task     ] GC(42) O: Using 2 Workers for Old Generation
[2025-10-14T11:01:23.418+0300][69.524s][info][gc,task     ] GC(42) O: Using 1 Workers for Old Generation
[2025-10-14T11:01:23.418+0300][69.524s][info][gc,phases   ] GC(42) O: Concurrent Remap Roots 2.524ms
[2025-10-14T11:01:23.419+0300][69.524s][info][gc,phases   ] GC(42) O: Pause Relocate Start 0.012ms
[2025-10-14T11:01:23.426+0300][69.532s][info][gc,phases   ] GC(42) O: Concurrent Relocate 7.481ms
[2025-10-14T11:01:23.429+0300][69.534s][info][gc,alloc    ] GC(42) O:                         Mark Start        Mark End      Relocate Start    Relocate End   
[2025-10-14T11:01:23.429+0300][69.534s][info][gc,alloc    ] GC(42) O: Allocation Stalls:          0                0                0                0         
[2025-10-14T11:01:23.429+0300][69.534s][info][gc,load     ] GC(42) O: Load: 19.56 (196%) / 15.93 (159%) / 14.10 (141%)
[2025-10-14T11:01:23.429+0300][69.534s][info][gc,mmu      ] GC(42) O: MMU: 2ms/91.4%, 5ms/96.6%, 10ms/98.3%, 20ms/99.1%, 50ms/99.6%, 100ms/99.8%
[2025-10-14T11:01:23.429+0300][69.534s][info][gc,marking  ] GC(42) O: Mark: 1 stripe(s), 2 proactive flush(es), 1 terminate flush(es), 0 completion(s), 0 continuation(s) 
[2025-10-14T11:01:23.429+0300][69.535s][info][gc,nmethod  ] GC(42) O: NMethods: 891 registered, 67 unregistered
[2025-10-14T11:01:23.429+0300][69.535s][info][gc,metaspace] GC(42) O: Metaspace: 3M used, 3M committed, 1088M reserved
[2025-10-14T11:01:23.429+0300][69.535s][info][gc,ref      ] GC(42) O:                       Encountered   Discovered     Enqueued 
[2025-10-14T11:01:23.429+0300][69.535s][info][gc,ref      ] GC(42) O: Soft References:              289            0            0 
[2025-10-14T11:01:23.429+0300][69.535s][info][gc,ref      ] GC(42) O: Weak References:              541          492            0 
[2025-10-14T11:01:23.429+0300][69.535s][info][gc,ref      ] GC(42) O: Final References:               0            0            0 
[2025-10-14T11:01:23.429+0300][69.535s][info][gc,ref      ] GC(42) O: Phantom References:            53           52            0 
[2025-10-14T11:01:23.429+0300][69.535s][info][gc,reloc    ] GC(42) O:                        Candidates     Selected     In-Place         Size        Empty    Relocated 
[2025-10-14T11:01:23.429+0300][69.535s][info][gc,reloc    ] GC(42) O: Small Pages:                    3            1            0           6M           0M           1M 
[2025-10-14T11:01:23.429+0300][69.535s][info][gc,reloc    ] GC(42) O: Medium Pages:                   1            0            0          32M           0M           0M 
[2025-10-14T11:01:23.429+0300][69.535s][info][gc,reloc    ] GC(42) O: Large Pages:                    0            0            0           0M           0M           0M 
[2025-10-14T11:01:23.429+0300][69.535s][info][gc,reloc    ] GC(42) O: Forwarding Usage: 0M
[2025-10-14T11:01:23.429+0300][69.535s][info][gc,heap     ] GC(42) O: Min Capacity: 8M(0%)
[2025-10-14T11:01:23.429+0300][69.535s][info][gc,heap     ] GC(42) O: Max Capacity: 8192M(100%)
[2025-10-14T11:01:23.429+0300][69.535s][info][gc,heap     ] GC(42) O: Soft Max Capacity: 8192M(100%)
[2025-10-14T11:01:23.429+0300][69.535s][info][gc,heap     ] GC(42) O: Heap Statistics:
[2025-10-14T11:01:23.429+0300][69.535s][info][gc,heap     ] GC(42) O:                Mark Start          Mark End        Relocate Start      Relocate End           High               Low         
[2025-10-14T11:01:23.429+0300][69.535s][info][gc,heap     ] GC(42) O:  Capacity:     7806M (95%)        7806M (95%)        7806M (95%)        7806M (95%)        7806M (95%)        7806M (95%)    
[2025-10-14T11:01:23.429+0300][69.535s][info][gc,heap     ] GC(42) O:      Free:     2836M (35%)        7704M (94%)        7696M (94%)        7692M (94%)        7718M (94%)        2816M (34%)    
[2025-10-14T11:01:23.429+0300][69.535s][info][gc,heap     ] GC(42) O:      Used:     5356M (65%)         488M (6%)          496M (6%)          500M (6%)         5376M (66%)         474M (6%)     
[2025-10-14T11:01:23.429+0300][69.535s][info][gc,heap     ] GC(42) O: Old Generation Statistics:
[2025-10-14T11:01:23.429+0300][69.535s][info][gc,heap     ] GC(42) O:                Mark Start          Mark End        Relocate Start      Relocate End    
[2025-10-14T11:01:23.429+0300][69.535s][info][gc,heap     ] GC(42) O:      Used:       38M (0%)           38M (0%)           38M (0%)           38M (0%)     
[2025-10-14T11:01:23.429+0300][69.535s][info][gc,heap     ] GC(42) O:      Live:         -                 3M (0%)            3M (0%)            3M (0%)     
[2025-10-14T11:01:23.429+0300][69.535s][info][gc,heap     ] GC(42) O:   Garbage:         -                34M (0%)           34M (0%)           31M (0%)     
[2025-10-14T11:01:23.429+0300][69.535s][info][gc,heap     ] GC(42) O: Allocated:         -                 0M (0%)            0M (0%)            2M (0%)     
[2025-10-14T11:01:23.429+0300][69.535s][info][gc,heap     ] GC(42) O: Reclaimed:         -                  -                 0M (0%)            2M (0%)     
[2025-10-14T11:01:23.429+0300][69.535s][info][gc,heap     ] GC(42) O: Compacted:         -                  -                  -                 1M (0%)     
[2025-10-14T11:01:23.429+0300][69.535s][info][gc,phases   ] GC(42) O: Old Generation 476M(6%)->500M(6%) 0.032s
[2025-10-14T11:01:23.429+0300][69.535s][info][gc          ] GC(42) Major Collection (Proactive) 5356M(65%)->504M(6%) 0.083s
[2025-10-14T11:01:24.185+0300][70.290s][info][gc,exit     ] Stopping ZGC
[2025-10-14T11:01:24.185+0300][70.290s][info][gc,stats    ] === Garbage Collection Statistics =======================================================================================================================
[2025-10-14T11:01:24.185+0300][70.290s][info][gc,stats    ]                                                              Last 10s              Last 10m              Last 10h                Total
[2025-10-14T11:01:24.185+0300][70.290s][info][gc,stats    ]                                                              Avg / Max             Avg / Max             Avg / Max             Avg / Max
[2025-10-14T11:01:24.185+0300][70.290s][info][gc,stats    ]        Contention: Mark Segment Reset Contention                     0 / 0                 0 / 20                0 / 20                0 / 20          ops/s
[2025-10-14T11:01:24.185+0300][70.290s][info][gc,stats    ]        Contention: Mark SeqNum Reset Contention                      0 / 0                 0 / 1                 0 / 1                 0 / 1           ops/s
[2025-10-14T11:01:24.185+0300][70.290s][info][gc,stats    ]          Critical: Allocation Stall                                  0 / 0                 0 / 0                 0 / 0                 0 / 0           ops/s
[2025-10-14T11:01:24.185+0300][70.291s][info][gc,stats    ]          Critical: Allocation Stall                              0.000 / 0.000         0.000 / 0.000         0.000 / 0.000         0.000 / 0.000       ms
[2025-10-14T11:01:24.185+0300][70.291s][info][gc,stats    ]          Critical: JNI Critical Stall                                0 / 0                 0 / 0                 0 / 0                 0 / 0           ops/s
[2025-10-14T11:01:24.185+0300][70.291s][info][gc,stats    ]          Critical: JNI Critical Stall                            0.000 / 0.000         0.000 / 0.000         0.000 / 0.000         0.000 / 0.000       ms
[2025-10-14T11:01:24.185+0300][70.291s][info][gc,stats    ]          Critical: Relocation Stall                                  0 / 0                 0 / 0                 0 / 0                 0 / 0           ops/s
[2025-10-14T11:01:24.185+0300][70.291s][info][gc,stats    ]          Critical: Relocation Stall                              0.000 / 0.000         0.000 / 0.000         0.000 / 0.000         0.000 / 0.000       ms
[2025-10-14T11:01:24.185+0300][70.291s][info][gc,stats    ]  Major Collection: Major Collection                             42.325 / 82.758       22.149 / 82.758       22.149 / 82.758       22.149 / 82.758      ms
[2025-10-14T11:01:24.185+0300][70.291s][info][gc,stats    ]            Memory: Allocation Rate                                1609 / 2360           2555 / 4286           2555 / 4286           2555 / 4286        MB/s
[2025-10-14T11:01:24.185+0300][70.291s][info][gc,stats    ]            Memory: Defragment                                        0 / 0                 0 / 0                 0 / 0                 0 / 0           ops/s
[2025-10-14T11:01:24.185+0300][70.291s][info][gc,stats    ]            Memory: Mapped Cache Harvest                              0 / 0                 0 / 0                 0 / 0                 0 / 0           MB/s
[2025-10-14T11:01:24.185+0300][70.291s][info][gc,stats    ]            Memory: Out Of Memory                                     0 / 0                 0 / 0                 0 / 0                 0 / 0           ops/s
[2025-10-14T11:01:24.185+0300][70.291s][info][gc,stats    ]            Memory: Uncommit                                          0 / 0                 0 / 0                 0 / 0                 0 / 0           MB/s
[2025-10-14T11:01:24.185+0300][70.291s][info][gc,stats    ]            Memory: Undo Object Allocation Failed                     0 / 0                 0 / 1                 0 / 1                 0 / 1           ops/s
[2025-10-14T11:01:24.185+0300][70.291s][info][gc,stats    ]            Memory: Undo Object Allocation Succeeded                  2 / 8                 1 / 12                1 / 12                1 / 12          ops/s
[2025-10-14T11:01:24.185+0300][70.291s][info][gc,stats    ]            Memory: Undo Page Allocation                              7 / 14                7 / 78                7 / 78                7 / 78          ops/s
[2025-10-14T11:01:24.185+0300][70.291s][info][gc,stats    ]  Minor Collection: Minor Collection                              0.000 / 0.000        25.008 / 25.883       25.008 / 25.883       25.008 / 25.883      ms
[2025-10-14T11:01:24.185+0300][70.291s][info][gc,stats    ]    Old Generation: Old Generation                               14.716 / 32.275        8.106 / 32.275        8.106 / 32.275        8.106 / 32.275      ms
[2025-10-14T11:01:24.185+0300][70.291s][info][gc,stats    ]         Old Pause: Pause Mark End                                0.015 / 0.024         0.011 / 0.024         0.011 / 0.024         0.011 / 0.024       ms
[2025-10-14T11:01:24.185+0300][70.291s][info][gc,stats    ]         Old Pause: Pause Relocate Start                          0.008 / 0.012         0.006 / 0.017         0.006 / 0.017         0.006 / 0.017       ms
[2025-10-14T11:01:24.185+0300][70.291s][info][gc,stats    ]         Old Phase: Concurrent Mark                               7.026 / 12.800        4.007 / 12.800        4.007 / 12.800        4.007 / 12.800      ms
[2025-10-14T11:01:24.185+0300][70.291s][info][gc,stats    ]         Old Phase: Concurrent Mark Continue                      0.000 / 0.000         0.000 / 0.000         0.000 / 0.000         0.000 / 0.000       ms
[2025-10-14T11:01:24.185+0300][70.291s][info][gc,stats    ]         Old Phase: Concurrent Mark Free                          0.001 / 0.001         0.001 / 0.003         0.001 / 0.003         0.001 / 0.003       ms
[2025-10-14T11:01:24.185+0300][70.291s][info][gc,stats    ]         Old Phase: Concurrent Process Non-Strong                 2.670 / 5.505         1.854 / 5.527         1.854 / 5.527         1.854 / 5.527       ms
[2025-10-14T11:01:24.185+0300][70.291s][info][gc,stats    ]         Old Phase: Concurrent Relocate                           2.577 / 7.481         0.935 / 7.481         0.935 / 7.481         0.935 / 7.481       ms
[2025-10-14T11:01:24.185+0300][70.291s][info][gc,stats    ]         Old Phase: Concurrent Remap Roots                        1.072 / 2.524         0.643 / 2.524         0.643 / 2.524         0.643 / 2.524       ms
[2025-10-14T11:01:24.185+0300][70.291s][info][gc,stats    ]         Old Phase: Concurrent Reset Relocation Set               0.012 / 0.036         0.003 / 0.036         0.003 / 0.036         0.003 / 0.036       ms
[2025-10-14T11:01:24.185+0300][70.291s][info][gc,stats    ]         Old Phase: Concurrent Select Relocation Set              0.164 / 0.393         0.083 / 0.393         0.083 / 0.393         0.083 / 0.393       ms
[2025-10-14T11:01:24.185+0300][70.291s][info][gc,stats    ]      Old Subphase: Concurrent Classes Purge                      0.011 / 0.029         0.010 / 0.143         0.010 / 0.143         0.010 / 0.143       ms
[2025-10-14T11:01:24.185+0300][70.291s][info][gc,stats    ]      Old Subphase: Concurrent Classes Unlink                     2.397 / 5.123         1.643 / 5.230         1.643 / 5.230         1.643 / 5.230       ms
[2025-10-14T11:01:24.185+0300][70.291s][info][gc,stats    ]      Old Subphase: Concurrent Mark Follow                        6.881 / 12.671        3.883 / 12.671        3.883 / 12.671        3.883 / 12.671      ms
[2025-10-14T11:01:24.185+0300][70.291s][info][gc,stats    ]      Old Subphase: Concurrent Mark Root Colored                  0.066 / 0.098         0.042 / 0.098         0.042 / 0.098         0.042 / 0.098       ms
[2025-10-14T11:01:24.185+0300][70.291s][info][gc,stats    ]      Old Subphase: Concurrent Mark Root Uncolored                0.060 / 0.086         0.050 / 0.091         0.050 / 0.091         0.050 / 0.091       ms
[2025-10-14T11:01:24.185+0300][70.291s][info][gc,stats    ]      Old Subphase: Concurrent Mark Roots                         0.143 / 0.204         0.123 / 0.501         0.123 / 0.501         0.123 / 0.501       ms
[2025-10-14T11:01:24.185+0300][70.291s][info][gc,stats    ]      Old Subphase: Concurrent References Enqueue                 0.000 / 0.000         0.000 / 0.005         0.000 / 0.005         0.000 / 0.005       ms
[2025-10-14T11:01:24.185+0300][70.291s][info][gc,stats    ]      Old Subphase: Concurrent References Process                 0.059 / 0.076         0.043 / 0.076         0.043 / 0.076         0.043 / 0.076       ms
[2025-10-14T11:01:24.185+0300][70.291s][info][gc,stats    ]      Old Subphase: Concurrent Remap Remembered                   0.249 / 1.599         0.064 / 1.599         0.064 / 1.599         0.064 / 1.599       ms
[2025-10-14T11:01:24.185+0300][70.291s][info][gc,stats    ]      Old Subphase: Concurrent Remap Roots Colored                0.027 / 0.036         0.043 / 0.180         0.043 / 0.180         0.043 / 0.180       ms
[2025-10-14T11:01:24.185+0300][70.291s][info][gc,stats    ]      Old Subphase: Concurrent Remap Roots Uncolored              0.463 / 0.585         0.411 / 0.585         0.411 / 0.585         0.411 / 0.585       ms
[2025-10-14T11:01:24.185+0300][70.291s][info][gc,stats    ]      Old Subphase: Concurrent Roots ClassLoaderDataGraph         0.026 / 0.093         0.031 / 0.156         0.031 / 0.156         0.031 / 0.156       ms
[2025-10-14T11:01:24.185+0300][70.291s][info][gc,stats    ]      Old Subphase: Concurrent Roots CodeCache                    0.461 / 0.583         0.409 / 0.583         0.409 / 0.583         0.409 / 0.583       ms
[2025-10-14T11:01:24.185+0300][70.291s][info][gc,stats    ]      Old Subphase: Concurrent Roots JavaThreads                  0.018 / 0.086         0.014 / 0.091         0.014 / 0.091         0.014 / 0.091       ms
[2025-10-14T11:01:24.185+0300][70.291s][info][gc,stats    ]      Old Subphase: Concurrent Roots OopStorageSet                0.002 / 0.005         0.003 / 0.012         0.003 / 0.012         0.003 / 0.012       ms
[2025-10-14T11:01:24.185+0300][70.291s][info][gc,stats    ]      Old Subphase: Concurrent Weak Roots OopStorageSet           0.036 / 0.078         0.037 / 0.161         0.037 / 0.161         0.037 / 0.161       ms
[2025-10-14T11:01:24.185+0300][70.291s][info][gc,stats    ]            System: Java Threads                                     14 / 14               14 / 14               14 / 14               14 / 14          threads
[2025-10-14T11:01:24.185+0300][70.291s][info][gc,stats    ]  Young Generation: Young Generation                             25.752 / 48.423       12.987 / 55.339       12.987 / 55.339       12.987 / 55.339      ms
[2025-10-14T11:01:24.185+0300][70.291s][info][gc,stats    ]  Young Generation: Young Generation                              0.000 / 0.000        24.065 / 25.413       24.065 / 25.413       24.065 / 25.413      ms
[2025-10-14T11:01:24.185+0300][70.291s][info][gc,stats    ]  Young Generation: Young Generation (Collect Roots)              0.000 / 0.000         0.000 / 0.000         0.000 / 0.000         0.000 / 0.000       ms
[2025-10-14T11:01:24.185+0300][70.291s][info][gc,stats    ]  Young Generation: Young Generation (Promote All)                0.000 / 0.000         0.000 / 0.000         0.000 / 0.000         0.000 / 0.000       ms
[2025-10-14T11:01:24.185+0300][70.291s][info][gc,stats    ]       Young Pause: Pause Mark End                                0.014 / 0.018         0.013 / 0.020         0.013 / 0.020         0.013 / 0.020       ms
[2025-10-14T11:01:24.185+0300][70.291s][info][gc,stats    ]       Young Pause: Pause Mark Start                              0.000 / 0.000         0.018 / 0.021         0.018 / 0.021         0.018 / 0.021       ms
[2025-10-14T11:01:24.185+0300][70.291s][info][gc,stats    ]       Young Pause: Pause Mark Start (Major)                      0.034 / 0.070         0.019 / 0.172         0.019 / 0.172         0.019 / 0.172       ms
[2025-10-14T11:01:24.185+0300][70.291s][info][gc,stats    ]       Young Pause: Pause Relocate Start                          0.013 / 0.018         0.007 / 0.032         0.007 / 0.032         0.007 / 0.032       ms
[2025-10-14T11:01:24.185+0300][70.291s][info][gc,stats    ]       Young Phase: Concurrent Mark                              17.459 / 34.436        8.950 / 35.606        8.950 / 35.606        8.950 / 35.606      ms
[2025-10-14T11:01:24.185+0300][70.291s][info][gc,stats    ]       Young Phase: Concurrent Mark Continue                      0.000 / 0.000         0.000 / 0.000         0.000 / 0.000         0.000 / 0.000       ms
[2025-10-14T11:01:24.185+0300][70.291s][info][gc,stats    ]       Young Phase: Concurrent Mark Free                          0.001 / 0.002         0.001 / 0.002         0.001 / 0.002         0.001 / 0.002       ms
[2025-10-14T11:01:24.185+0300][70.291s][info][gc,stats    ]       Young Phase: Concurrent Relocate                           0.594 / 0.770         0.480 / 4.684         0.480 / 4.684         0.480 / 4.684       ms
[2025-10-14T11:01:24.185+0300][70.291s][info][gc,stats    ]       Young Phase: Concurrent Reset Relocation Set               0.010 / 0.025         0.005 / 0.025         0.005 / 0.025         0.005 / 0.025       ms
[2025-10-14T11:01:24.185+0300][70.291s][info][gc,stats    ]       Young Phase: Concurrent Select Relocation Set              6.406 / 10.214        3.311 / 13.213        3.311 / 13.213        3.311 / 13.213      ms
[2025-10-14T11:01:24.185+0300][70.291s][info][gc,stats    ]    Young Subphase: Concurrent Mark Follow                       11.343 / 17.688        7.199 / 32.446        7.199 / 32.446        7.199 / 32.446      ms
[2025-10-14T11:01:24.185+0300][70.291s][info][gc,stats    ]    Young Subphase: Concurrent Mark Root Colored                  2.239 / 8.145         0.514 / 8.145         0.514 / 8.145         0.514 / 8.145       ms
[2025-10-14T11:01:24.185+0300][70.291s][info][gc,stats    ]    Young Subphase: Concurrent Mark Root Uncolored                3.770 / 8.350         1.097 / 8.350         1.097 / 8.350         1.097 / 8.350       ms
[2025-10-14T11:01:24.185+0300][70.291s][info][gc,stats    ]    Young Subphase: Concurrent Mark Roots                         6.114 / 16.745        1.750 / 16.745        1.750 / 16.745        1.750 / 16.745      ms
[2025-10-14T11:01:24.185+0300][70.291s][info][gc,stats    ]    Young Subphase: Concurrent Relocate Remset FP                 0.007 / 0.013         0.068 / 2.598         0.068 / 2.598         0.068 / 2.598       ms
[2025-10-14T11:01:24.185+0300][70.291s][info][gc,stats    ]    Young Subphase: Concurrent Roots ClassLoaderDataGraph         0.432 / 1.525         0.193 / 1.525         0.193 / 1.525         0.193 / 1.525       ms
[2025-10-14T11:01:24.185+0300][70.291s][info][gc,stats    ]    Young Subphase: Concurrent Roots CodeCache                    2.565 / 4.976         0.862 / 4.976         0.862 / 4.976         0.862 / 4.976       ms
[2025-10-14T11:01:24.185+0300][70.291s][info][gc,stats    ]    Young Subphase: Concurrent Roots JavaThreads                  0.603 / 3.372         0.119 / 3.372         0.119 / 3.372         0.119 / 3.372       ms
[2025-10-14T11:01:24.185+0300][70.291s][info][gc,stats    ]    Young Subphase: Concurrent Roots OopStorageSet                0.116 / 0.384         0.052 / 0.714         0.052 / 0.714         0.052 / 0.714       ms
[2025-10-14T11:01:24.185+0300][70.291s][info][gc,stats    ]    Young Subphase: Concurrent Weak Roots OopStorageSet           1.689 / 6.232         0.269 / 6.232         0.269 / 6.232         0.269 / 6.232       ms
[2025-10-14T11:01:24.185+0300][70.291s][info][gc,stats    ] =========================================================================================================================================================
[2025-10-14T11:01:24.186+0300][70.291s][info][gc,exit     ] Heap
[2025-10-14T11:01:24.186+0300][70.291s][info][gc,exit     ]  ZHeap           used 1018M, capacity 7806M, max capacity 8192M
[2025-10-14T11:01:24.186+0300][70.291s][info][gc,exit     ]   Cache          6788M (8)
[2025-10-14T11:01:24.186+0300][70.291s][info][gc,exit     ]    size classes  2M (1), 8M (1), 16M (1), 32M (1), 128M (2), 2G (2)
[2025-10-14T11:01:24.186+0300][70.291s][info][gc,exit     ]  Metaspace       used 3881K, committed 4032K, reserved 1114112K
[2025-10-14T11:01:24.186+0300][70.291s][info][gc,exit     ]   class space    used 428K, committed 512K, reserved 1048576K
